{
  "image_filename": "CLEVR_new_000616.png",
  "directions": {
    "above": [
      0.0,
      0.0,
      1.0
    ],
    "behind": [
      -0.754490315914154,
      0.6563112735748291,
      0.0
    ],
    "left": [
      -0.6563112735748291,
      -0.7544902563095093,
      0.0
    ],
    "below": [
      -0.0,
      -0.0,
      -1.0
    ],
    "right": [
      0.6563112735748291,
      0.7544902563095093,
      -0.0
    ],
    "front": [
      0.754490315914154,
      -0.6563112735748291,
      -0.0
    ]
  },
  "relationships": {
    "left": [
      [
        6
      ],
      [
        0,
        2,
        3,
        6
      ],
      [
        0,
        6
      ],
      [
        0,
        2,
        6
      ],
      [
        0,
        1,
        2,
        3,
        5,
        6
      ],
      [
        0,
        1,
        2,
        3,
        6
      ],
      []
    ],
    "front": [
      [
        1,
        2
      ],
      [
        2
      ],
      [],
      [
        0,
        1,
        2,
        4,
        6
      ],
      [
        0,
        1,
        2,
        6
      ],
      [
        0,
        1,
        2,
        3,
        4,
        6
      ],
      [
        0,
        1,
        2
      ]
    ],
    "right": [
      [
        1,
        2,
        3,
        4,
        5
      ],
      [
        4,
        5
      ],
      [
        1,
        3,
        4,
        5
      ],
      [
        1,
        4,
        5
      ],
      [],
      [
        4
      ],
      [
        0,
        1,
        2,
        3,
        4,
        5
      ]
    ],
    "behind": [
      [
        3,
        4,
        5,
        6
      ],
      [
        0,
        3,
        4,
        5,
        6
      ],
      [
        0,
        1,
        3,
        4,
        5,
        6
      ],
      [
        5
      ],
      [
        3,
        5
      ],
      [],
      [
        3,
        4,
        5
      ]
    ]
  },
  "split": "new",
  "image_index": 616,
  "objects": [
    {
      "3d_coords": [
        -0.17539595067501068,
        -2.648862600326538,
        0.3499999940395355
      ],
      "x": 74,
      "pixel_coords": [
        88,
        136,
        10.32685661315918
      ],
      "material": "metal",
      "size": "small",
      "width": 26,
      "height": 32,
      "color": "gray",
      "y": 120,
      "shape": "cylinder",
      "rotation": 338.10660835518826
    },
    {
      "3d_coords": [
        2.920525550842285,
        -1.2186776399612427,
        0.3499999940395355
      ],
      "x": 184,
      "pixel_coords": [
        197,
        164,
        9.076087951660156
      ],
      "material": "rubber",
      "size": "small",
      "width": 27,
      "height": 27,
      "color": "purple",
      "y": 151,
      "shape": "sphere",
      "rotation": 47.85275671222314
    },
    {
      "3d_coords": [
        2.448110342025757,
        -2.6739072799682617,
        0.3499999940395355
      ],
      "x": 122,
      "pixel_coords": [
        142,
        178,
        8.564234733581543
      ],
      "material": "rubber",
      "size": "small",
      "width": 39,
      "height": 44,
      "color": "brown",
      "y": 157,
      "shape": "cube",
      "rotation": 198.20885562606318
    },
    {
      "3d_coords": [
        -0.517693281173706,
        0.981325089931488,
        0.699999988079071
      ],
      "x": 149,
      "pixel_coords": [
        172,
        89,
        12.448213577270508
      ],
      "material": "metal",
      "size": "large",
      "width": 44,
      "height": 52,
      "color": "red",
      "y": 64,
      "shape": "cube",
      "rotation": 38.40109702268026
    },
    {
      "3d_coords": [
        1.8478724956512451,
        2.861205816268921,
        0.3499999940395355
      ],
      "x": 247,
      "pixel_coords": [
        258,
        105,
        12.108642578125
      ],
      "material": "rubber",
      "size": "small",
      "width": 21,
      "height": 20,
      "color": "blue",
      "y": 95,
      "shape": "sphere",
      "rotation": 47.93929025854363
    },
    {
      "3d_coords": [
        -0.20806483924388885,
        2.7490901947021484,
        0.699999988079071
      ],
      "x": 192,
      "pixel_coords": [
        212,
        79,
        13.246099472045898
      ],
      "material": "rubber",
      "size": "large",
      "width": 40,
      "height": 48,
      "color": "gray",
      "y": 56,
      "shape": "cylinder",
      "rotation": 144.69902159296018
    },
    {
      "3d_coords": [
        -1.4413971900939941,
        -2.957987070083618,
        0.3499999940395355
      ],
      "x": 47,
      "pixel_coords": [
        59,
        123,
        10.994956016540527
      ],
      "material": "metal",
      "size": "small",
      "width": 23,
      "height": 22,
      "color": "red",
      "y": 112,
      "shape": "sphere",
      "rotation": 332.53067769537734
    }
  ]
}