{
  "image_filename": "CLEVR_new_000643.png",
  "directions": {
    "above": [
      0.0,
      0.0,
      1.0
    ],
    "behind": [
      -0.754490315914154,
      0.6563112735748291,
      0.0
    ],
    "left": [
      -0.6563112735748291,
      -0.7544902563095093,
      0.0
    ],
    "below": [
      -0.0,
      -0.0,
      -1.0
    ],
    "right": [
      0.6563112735748291,
      0.7544902563095093,
      -0.0
    ],
    "front": [
      0.754490315914154,
      -0.6563112735748291,
      -0.0
    ]
  },
  "relationships": {
    "left": [
      [],
      [
        0,
        2
      ],
      [
        0
      ]
    ],
    "front": [
      [
        1
      ],
      [],
      [
        0,
        1
      ]
    ],
    "right": [
      [
        1,
        2
      ],
      [],
      [
        1
      ]
    ],
    "behind": [
      [
        2
      ],
      [
        0,
        2
      ],
      []
    ]
  },
  "split": "new",
  "image_index": 643,
  "objects": [
    {
      "3d_coords": [
        -0.7876763939857483,
        0.8954761028289795,
        0.699999988079071
      ],
      "x": 143,
      "pixel_coords": [
        165,
        84,
        11.588990211486816
      ],
      "material": "rubber",
      "size": "large",
      "width": 43,
      "height": 55,
      "color": "gray",
      "y": 57,
      "shape": "cylinder",
      "rotation": 167.06851257320415
    },
    {
      "3d_coords": [
        2.664584159851074,
        1.2243040800094604,
        0.699999988079071
      ],
      "x": 230,
      "pixel_coords": [
        258,
        119,
        9.490045547485352
      ],
      "material": "rubber",
      "size": "large",
      "width": 60,
      "height": 69,
      "color": "cyan",
      "y": 85,
      "shape": "cylinder",
      "rotation": 64.28232193438693
    },
    {
      "3d_coords": [
        -1.1708223819732666,
        2.7950663566589355,
        0.3499999940395355
      ],
      "x": 186,
      "pixel_coords": [
        196,
        77,
        13.09996223449707
      ],
      "material": "rubber",
      "size": "small",
      "width": 20,
      "height": 24,
      "color": "purple",
      "y": 65,
      "shape": "cylinder",
      "rotation": 323.00148841784517
    }
  ]
}