{
  "image_filename": "CLEVR_new_000196.png",
  "directions": {
    "above": [
      0.0,
      0.0,
      1.0
    ],
    "behind": [
      -0.754490315914154,
      0.6563112735748291,
      0.0
    ],
    "left": [
      -0.6563112735748291,
      -0.7544902563095093,
      0.0
    ],
    "below": [
      -0.0,
      -0.0,
      -1.0
    ],
    "right": [
      0.6563112735748291,
      0.7544902563095093,
      -0.0
    ],
    "front": [
      0.754490315914154,
      -0.6563112735748291,
      -0.0
    ]
  },
  "relationships": {
    "left": [
      [
        1,
        6,
        9
      ],
      [
        6,
        9
      ],
      [
        0,
        1,
        6,
        9
      ],
      [
        0,
        1,
        2,
        4,
        5,
        6,
        7,
        8,
        9
      ],
      [
        0,
        1,
        2,
        5,
        6,
        9
      ],
      [
        0,
        1,
        2,
        6,
        9
      ],
      [],
      [
        0,
        1,
        2,
        4,
        5,
        6,
        8,
        9
      ],
      [
        0,
        1,
        2,
        4,
        5,
        6,
        9
      ],
      [
        6
      ]
    ],
    "front": [
      [
        1,
        3,
        5,
        6,
        8
      ],
      [
        5,
        8
      ],
      [
        0,
        1,
        3,
        4,
        5,
        6,
        7,
        8,
        9
      ],
      [
        1,
        5,
        8
      ],
      [
        0,
        1,
        3,
        5,
        6,
        7,
        8,
        9
      ],
      [],
      [
        1,
        3,
        5,
        8
      ],
      [
        0,
        1,
        3,
        5,
        6,
        8
      ],
      [
        5
      ],
      [
        0,
        1,
        3,
        5,
        6,
        7,
        8
      ]
    ],
    "right": [
      [
        2,
        3,
        4,
        5,
        7,
        8
      ],
      [
        0,
        2,
        3,
        4,
        5,
        7,
        8
      ],
      [
        3,
        4,
        5,
        7,
        8
      ],
      [],
      [
        3,
        7,
        8
      ],
      [
        3,
        4,
        7,
        8
      ],
      [
        0,
        1,
        2,
        3,
        4,
        5,
        7,
        8,
        9
      ],
      [
        3
      ],
      [
        3,
        7
      ],
      [
        0,
        1,
        2,
        3,
        4,
        5,
        7,
        8
      ]
    ],
    "behind": [
      [
        2,
        4,
        7,
        9
      ],
      [
        0,
        2,
        3,
        4,
        6,
        7,
        9
      ],
      [],
      [
        0,
        2,
        4,
        6,
        7,
        9
      ],
      [
        2
      ],
      [
        0,
        1,
        2,
        3,
        4,
        6,
        7,
        8,
        9
      ],
      [
        0,
        2,
        4,
        7,
        9
      ],
      [
        2,
        4,
        9
      ],
      [
        0,
        1,
        2,
        3,
        4,
        6,
        7,
        9
      ],
      [
        2,
        4
      ]
    ]
  },
  "split": "new",
  "image_index": 196,
  "objects": [
    {
      "3d_coords": [
        -1.0364577770233154,
        -0.4938715100288391,
        0.699999988079071
      ],
      "x": 106,
      "pixel_coords": [
        128,
        94,
        11.247435569763184
      ],
      "material": "metal",
      "size": "large",
      "width": 44,
      "height": 44,
      "color": "gray",
      "y": 72,
      "shape": "sphere",
      "rotation": 233.39061900351243
    },
    {
      "3d_coords": [
        -0.20962883532047272,
        -2.388093948364258,
        0.3499999940395355
      ],
      "x": 76,
      "pixel_coords": [
        90,
        133,
        9.825858116149902
      ],
      "material": "rubber",
      "size": "small",
      "width": 28,
      "height": 34,
      "color": "cyan",
      "y": 117,
      "shape": "cylinder",
      "rotation": 43.791953237538536
    },
    {
      "3d_coords": [
        -2.8162026405334473,
        2.1372575759887695,
        0.699999988079071
      ],
      "x": 138,
      "pixel_coords": [
        156,
        60,
        13.886554718017578
      ],
      "material": "metal",
      "size": "large",
      "width": 36,
      "height": 45,
      "color": "yellow",
      "y": 38,
      "shape": "cylinder",
      "rotation": 20.544180022902722
    },
    {
      "3d_coords": [
        2.995513916015625,
        2.4367105960845947,
        0.3499999940395355
      ],
      "x": 276,
      "pixel_coords": [
        288,
        123,
        10.348613739013672
      ],
      "material": "metal",
      "size": "small",
      "width": 25,
      "height": 24,
      "color": "cyan",
      "y": 111,
      "shape": "sphere",
      "rotation": 246.05049025754593
    },
    {
      "3d_coords": [
        -1.0678845643997192,
        2.420997381210327,
        0.699999988079071
      ],
      "x": 173,
      "pixel_coords": [
        192,
        71,
        12.876396179199219
      ],
      "material": "metal",
      "size": "large",
      "width": 40,
      "height": 49,
      "color": "brown",
      "y": 47,
      "shape": "cylinder",
      "rotation": 169.96590686611117
    },
    {
      "3d_coords": [
        2.771821975708008,
        -2.0283195972442627,
        0.699999988079071
      ],
      "x": 126,
      "pixel_coords": [
        169,
        169,
        7.859622478485107
      ],
      "material": "rubber",
      "size": "large",
      "width": 87,
      "height": 97,
      "color": "green",
      "y": 124,
      "shape": "cube",
      "rotation": 215.2962231884425
    },
    {
      "3d_coords": [
        -1.810025930404663,
        -2.4639902114868164,
        0.699999988079071
      ],
      "x": 36,
      "pixel_coords": [
        60,
        103,
        10.676835060119629
      ],
      "material": "rubber",
      "size": "large",
      "width": 48,
      "height": 46,
      "color": "gray",
      "y": 80,
      "shape": "sphere",
      "rotation": 236.63731998621296
    },
    {
      "3d_coords": [
        0.9191091060638428,
        2.5580577850341797,
        0.699999988079071
      ],
      "x": 216,
      "pixel_coords": [
        237,
        88,
        11.62604808807373
      ],
      "material": "rubber",
      "size": "large",
      "width": 43,
      "height": 42,
      "color": "green",
      "y": 67,
      "shape": "sphere",
      "rotation": 29.18856965942496
    },
    {
      "3d_coords": [
        2.7646777629852295,
        -0.20036616921424866,
        0.699999988079071
      ],
      "x": 190,
      "pixel_coords": [
        223,
        141,
        8.872780799865723
      ],
      "material": "rubber",
      "size": "large",
      "width": 67,
      "height": 80,
      "color": "red",
      "y": 102,
      "shape": "cube",
      "rotation": 19.394450869444295
    },
    {
      "3d_coords": [
        -2.9519617557525635,
        -0.709707498550415,
        0.3499999940395355
      ],
      "x": 78,
      "pixel_coords": [
        92,
        86,
        12.581748962402344
      ],
      "material": "metal",
      "size": "small",
      "width": 28,
      "height": 27,
      "color": "yellow",
      "y": 73,
      "shape": "cube",
      "rotation": 293.8355265452645
    }
  ]
}