{
  "image_filename": "CLEVR_new_000618.png",
  "directions": {
    "above": [
      0.0,
      0.0,
      1.0
    ],
    "behind": [
      -0.754490315914154,
      0.6563112735748291,
      0.0
    ],
    "left": [
      -0.6563112735748291,
      -0.7544902563095093,
      0.0
    ],
    "below": [
      -0.0,
      -0.0,
      -1.0
    ],
    "right": [
      0.6563112735748291,
      0.7544902563095093,
      -0.0
    ],
    "front": [
      0.754490315914154,
      -0.6563112735748291,
      -0.0
    ]
  },
  "relationships": {
    "left": [
      [
        2
      ],
      [
        0,
        2,
        3
      ],
      [],
      [
        0,
        2
      ],
      [
        0,
        1,
        2,
        3
      ]
    ],
    "front": [
      [
        1
      ],
      [],
      [
        0,
        1,
        4
      ],
      [
        0,
        1,
        2,
        4
      ],
      [
        0,
        1
      ]
    ],
    "right": [
      [
        1,
        3,
        4
      ],
      [
        4
      ],
      [
        0,
        1,
        3,
        4
      ],
      [
        1,
        4
      ],
      []
    ],
    "behind": [
      [
        2,
        3,
        4
      ],
      [
        0,
        2,
        3,
        4
      ],
      [
        3
      ],
      [],
      [
        2,
        3
      ]
    ]
  },
  "split": "new",
  "image_index": 618,
  "objects": [
    {
      "3d_coords": [
        1.3265304565429688,
        -1.8305573463439941,
        0.699999988079071
      ],
      "x": 107,
      "pixel_coords": [
        143,
        139,
        9.280858039855957
      ],
      "material": "metal",
      "size": "large",
      "width": 70,
      "height": 77,
      "color": "purple",
      "y": 102,
      "shape": "cube",
      "rotation": 207.7610870338116
    },
    {
      "3d_coords": [
        2.995126485824585,
        -1.6050339937210083,
        0.699999988079071
      ],
      "x": 167,
      "pixel_coords": [
        196,
        164,
        8.357030868530273
      ],
      "material": "metal",
      "size": "large",
      "width": 59,
      "height": 59,
      "color": "yellow",
      "y": 135,
      "shape": "sphere",
      "rotation": 127.49852600423239
    },
    {
      "3d_coords": [
        -2.4336929321289062,
        -1.0453864336013794,
        0.699999988079071
      ],
      "x": 60,
      "pixel_coords": [
        90,
        87,
        12.12220287322998
      ],
      "material": "rubber",
      "size": "large",
      "width": 58,
      "height": 57,
      "color": "yellow",
      "y": 59,
      "shape": "cube",
      "rotation": 66.08402582422939
    },
    {
      "3d_coords": [
        -2.7166481018066406,
        2.417436361312866,
        0.3499999940395355
      ],
      "x": 150,
      "pixel_coords": [
        158,
        68,
        14.51124382019043
      ],
      "material": "metal",
      "size": "small",
      "width": 17,
      "height": 22,
      "color": "yellow",
      "y": 58,
      "shape": "cylinder",
      "rotation": 75.45149314913746
    },
    {
      "3d_coords": [
        2.2175960540771484,
        1.4396206140518188,
        0.699999988079071
      ],
      "x": 212,
      "pixel_coords": [
        244,
        111,
        10.637036323547363
      ],
      "material": "rubber",
      "size": "large",
      "width": 65,
      "height": 67,
      "color": "green",
      "y": 79,
      "shape": "cube",
      "rotation": 311.13398648872527
    }
  ]
}