{
  "image_filename": "CLEVR_new_000423.png",
  "directions": {
    "above": [
      0.0,
      0.0,
      1.0
    ],
    "behind": [
      -0.754490315914154,
      0.6563112735748291,
      0.0
    ],
    "left": [
      -0.6563112735748291,
      -0.7544902563095093,
      0.0
    ],
    "below": [
      -0.0,
      -0.0,
      -1.0
    ],
    "right": [
      0.6563112735748291,
      0.7544902563095093,
      -0.0
    ],
    "front": [
      0.754490315914154,
      -0.6563112735748291,
      -0.0
    ]
  },
  "relationships": {
    "left": [
      [
        2,
        3,
        4,
        5,
        7
      ],
      [
        0,
        2,
        3,
        4,
        5,
        7
      ],
      [
        4
      ],
      [
        2,
        4,
        7
      ],
      [],
      [
        2,
        3,
        4,
        7
      ],
      [
        0,
        1,
        2,
        3,
        4,
        5,
        7
      ],
      [
        2,
        4
      ]
    ],
    "front": [
      [],
      [
        0
      ],
      [
        0,
        1
      ],
      [
        0,
        1,
        2,
        4,
        6
      ],
      [
        0,
        1,
        2
      ],
      [
        0,
        1,
        2,
        3,
        4,
        6,
        7
      ],
      [
        0,
        1,
        2,
        4
      ],
      [
        0,
        1,
        2,
        3,
        4,
        6
      ]
    ],
    "right": [
      [
        1,
        6
      ],
      [
        6
      ],
      [
        0,
        1,
        3,
        5,
        6,
        7
      ],
      [
        0,
        1,
        5,
        6
      ],
      [
        0,
        1,
        2,
        3,
        5,
        6,
        7
      ],
      [
        0,
        1,
        6
      ],
      [],
      [
        0,
        1,
        3,
        5,
        6
      ]
    ],
    "behind": [
      [
        1,
        2,
        3,
        4,
        5,
        6,
        7
      ],
      [
        2,
        3,
        4,
        5,
        6,
        7
      ],
      [
        3,
        4,
        5,
        6,
        7
      ],
      [
        5,
        7
      ],
      [
        3,
        5,
        6,
        7
      ],
      [],
      [
        3,
        5,
        7
      ],
      [
        5
      ]
    ]
  },
  "split": "new",
  "image_index": 423,
  "objects": [
    {
      "3d_coords": [
        2.8703231811523438,
        -0.2563905417919159,
        0.3499999940395355
      ],
      "x": 211,
      "pixel_coords": [
        225,
        147,
        9.280050277709961
      ],
      "material": "rubber",
      "size": "small",
      "width": 27,
      "height": 26,
      "color": "green",
      "y": 134,
      "shape": "sphere",
      "rotation": 3.0333628840827886
    },
    {
      "3d_coords": [
        2.3801870346069336,
        0.9352434277534485,
        0.3499999940395355
      ],
      "x": 224,
      "pixel_coords": [
        237,
        127,
        10.319183349609375
      ],
      "material": "metal",
      "size": "small",
      "width": 26,
      "height": 32,
      "color": "yellow",
      "y": 111,
      "shape": "cylinder",
      "rotation": 180.15996649282152
    },
    {
      "3d_coords": [
        -1.1096256971359253,
        -1.9901422262191772,
        0.699999988079071
      ],
      "x": 54,
      "pixel_coords": [
        88,
        107,
        10.760635375976562
      ],
      "material": "metal",
      "size": "large",
      "width": 65,
      "height": 64,
      "color": "yellow",
      "y": 76,
      "shape": "cube",
      "rotation": 337.87686665533226
    },
    {
      "3d_coords": [
        -1.3057029247283936,
        1.2217001914978027,
        0.3499999940395355
      ],
      "x": 152,
      "pixel_coords": [
        161,
        90,
        12.961570739746094
      ],
      "material": "rubber",
      "size": "small",
      "width": 19,
      "height": 24,
      "color": "purple",
      "y": 78,
      "shape": "cylinder",
      "rotation": 153.14229155452836
    },
    {
      "3d_coords": [
        -2.9220051765441895,
        -2.979482889175415,
        0.3499999940395355
      ],
      "x": 22,
      "pixel_coords": [
        34,
        108,
        11.54058837890625
      ],
      "material": "rubber",
      "size": "small",
      "width": 23,
      "height": 21,
      "color": "yellow",
      "y": 97,
      "shape": "sphere",
      "rotation": 343.3050106180332
    },
    {
      "3d_coords": [
        -1.787435531616211,
        2.793717622756958,
        0.699999988079071
      ],
      "x": 165,
      "pixel_coords": [
        182,
        69,
        14.067349433898926
      ],
      "material": "metal",
      "size": "large",
      "width": 36,
      "height": 44,
      "color": "gray",
      "y": 48,
      "shape": "cylinder",
      "rotation": 105.34664792003947
    },
    {
      "3d_coords": [
        1.1445544958114624,
        2.7555618286132812,
        0.3499999940395355
      ],
      "x": 230,
      "pixel_coords": [
        241,
        99,
        12.233044624328613
      ],
      "material": "metal",
      "size": "small",
      "width": 22,
      "height": 26,
      "color": "green",
      "y": 86,
      "shape": "cylinder",
      "rotation": 225.2734428864283
    },
    {
      "3d_coords": [
        -2.468648910522461,
        0.8812823295593262,
        0.3499999940395355
      ],
      "x": 126,
      "pixel_coords": [
        135,
        84,
        13.538430213928223
      ],
      "material": "metal",
      "size": "small",
      "width": 18,
      "height": 18,
      "color": "red",
      "y": 75,
      "shape": "sphere",
      "rotation": 135.4363492624971
    }
  ]
}