{
  "image_filename": "CLEVR_new_000545.png",
  "directions": {
    "above": [
      0.0,
      0.0,
      1.0
    ],
    "behind": [
      -0.754490315914154,
      0.6563112735748291,
      0.0
    ],
    "left": [
      -0.6563112735748291,
      -0.7544902563095093,
      0.0
    ],
    "below": [
      -0.0,
      -0.0,
      -1.0
    ],
    "right": [
      0.6563112735748291,
      0.7544902563095093,
      -0.0
    ],
    "front": [
      0.754490315914154,
      -0.6563112735748291,
      -0.0
    ]
  },
  "relationships": {
    "left": [
      [],
      [
        0,
        2,
        3,
        4,
        5
      ],
      [
        0,
        3,
        4,
        5
      ],
      [
        0,
        5
      ],
      [
        0,
        3,
        5
      ],
      [
        0
      ],
      [
        0,
        1,
        2,
        3,
        4,
        5
      ]
    ],
    "front": [
      [
        1,
        3,
        4,
        5
      ],
      [
        3,
        4,
        5
      ],
      [
        0,
        1,
        3,
        4,
        5,
        6
      ],
      [
        4
      ],
      [],
      [
        3,
        4
      ],
      [
        0,
        1,
        3,
        4,
        5
      ]
    ],
    "right": [
      [
        1,
        2,
        3,
        4,
        5,
        6
      ],
      [
        6
      ],
      [
        1,
        6
      ],
      [
        1,
        2,
        4,
        6
      ],
      [
        1,
        2,
        6
      ],
      [
        1,
        2,
        3,
        4,
        6
      ],
      []
    ],
    "behind": [
      [
        2,
        6
      ],
      [
        0,
        2,
        6
      ],
      [],
      [
        0,
        1,
        2,
        5,
        6
      ],
      [
        0,
        1,
        2,
        3,
        5,
        6
      ],
      [
        0,
        1,
        2,
        6
      ],
      [
        2
      ]
    ]
  },
  "split": "new",
  "image_index": 545,
  "objects": [
    {
      "3d_coords": [
        -2.330329179763794,
        -2.4725852012634277,
        0.699999988079071
      ],
      "x": 24,
      "pixel_coords": [
        52,
        97,
        10.963741302490234
      ],
      "material": "rubber",
      "size": "large",
      "width": 53,
      "height": 59,
      "color": "yellow",
      "y": 68,
      "shape": "cylinder",
      "rotation": 267.67180700129006
    },
    {
      "3d_coords": [
        2.1049106121063232,
        1.1065270900726318,
        0.3499999940395355
      ],
      "x": 220,
      "pixel_coords": [
        236,
        126,
        10.106241226196289
      ],
      "material": "rubber",
      "size": "small",
      "width": 33,
      "height": 34,
      "color": "purple",
      "y": 109,
      "shape": "cube",
      "rotation": 18.420821331779
    },
    {
      "3d_coords": [
        -0.3857036828994751,
        1.6475412845611572,
        0.3499999940395355
      ],
      "x": 180,
      "pixel_coords": [
        190,
        92,
        12.077289581298828
      ],
      "material": "rubber",
      "size": "small",
      "width": 21,
      "height": 27,
      "color": "red",
      "y": 79,
      "shape": "cylinder",
      "rotation": 44.7002078121498
    },
    {
      "3d_coords": [
        0.39246800541877747,
        -2.635023355484009,
        0.3499999940395355
      ],
      "x": 77,
      "pixel_coords": [
        92,
        146,
        9.217833518981934
      ],
      "material": "metal",
      "size": "small",
      "width": 29,
      "height": 37,
      "color": "brown",
      "y": 128,
      "shape": "cylinder",
      "rotation": 298.9229892452112
    },
    {
      "3d_coords": [
        2.404203176498413,
        -2.8731460571289062,
        0.699999988079071
      ],
      "x": 82,
      "pixel_coords": [
        127,
        177,
        7.559338569641113
      ],
      "material": "metal",
      "size": "large",
      "width": 83,
      "height": 95,
      "color": "red",
      "y": 131,
      "shape": "cube",
      "rotation": 123.14544302302397
    },
    {
      "3d_coords": [
        -0.7579001784324646,
        -2.852527141571045,
        0.3499999940395355
      ],
      "x": 46,
      "pixel_coords": [
        65,
        131,
        9.873299598693848
      ],
      "material": "metal",
      "size": "small",
      "width": 36,
      "height": 35,
      "color": "gray",
      "y": 113,
      "shape": "cube",
      "rotation": 297.4921959302864
    },
    {
      "3d_coords": [
        1.6618616580963135,
        2.9654810428619385,
        0.699999988079071
      ],
      "x": 240,
      "pixel_coords": [
        264,
        92,
        11.243398666381836
      ],
      "material": "rubber",
      "size": "large",
      "width": 51,
      "height": 58,
      "color": "cyan",
      "y": 64,
      "shape": "cylinder",
      "rotation": 110.74284905319695
    }
  ]
}