{
  "image_filename": "CLEVR_new_000688.png",
  "directions": {
    "above": [
      0.0,
      0.0,
      1.0
    ],
    "behind": [
      -0.754490315914154,
      0.6563112735748291,
      0.0
    ],
    "left": [
      -0.6563112735748291,
      -0.7544902563095093,
      0.0
    ],
    "below": [
      -0.0,
      -0.0,
      -1.0
    ],
    "right": [
      0.6563112735748291,
      0.7544902563095093,
      -0.0
    ],
    "front": [
      0.754490315914154,
      -0.6563112735748291,
      -0.0
    ]
  },
  "relationships": {
    "left": [
      [
        1,
        2,
        4,
        5
      ],
      [
        4,
        5
      ],
      [
        1,
        4,
        5
      ],
      [
        0,
        1,
        2,
        4,
        5
      ],
      [
        5
      ],
      []
    ],
    "front": [
      [
        1,
        3,
        4,
        5
      ],
      [
        3,
        4
      ],
      [
        0,
        1,
        3,
        4,
        5
      ],
      [
        4
      ],
      [],
      [
        1,
        3,
        4
      ]
    ],
    "right": [
      [
        3
      ],
      [
        0,
        2,
        3
      ],
      [
        0,
        3
      ],
      [],
      [
        0,
        1,
        2,
        3
      ],
      [
        0,
        1,
        2,
        3,
        4
      ]
    ],
    "behind": [
      [
        2
      ],
      [
        0,
        2,
        5
      ],
      [],
      [
        0,
        1,
        2,
        5
      ],
      [
        0,
        1,
        2,
        3,
        5
      ],
      [
        0,
        2
      ]
    ]
  },
  "split": "new",
  "image_index": 688,
  "objects": [
    {
      "3d_coords": [
        0.7762197852134705,
        1.4303562641143799,
        0.699999988079071
      ],
      "x": 186,
      "pixel_coords": [
        208,
        95,
        11.484678268432617
      ],
      "material": "rubber",
      "size": "large",
      "width": 43,
      "height": 43,
      "color": "cyan",
      "y": 73,
      "shape": "sphere",
      "rotation": 35.26057665043398
    },
    {
      "3d_coords": [
        0.7234852313995361,
        -0.761077880859375,
        0.699999988079071
      ],
      "x": 134,
      "pixel_coords": [
        158,
        117,
        10.203660011291504
      ],
      "material": "metal",
      "size": "large",
      "width": 50,
      "height": 65,
      "color": "green",
      "y": 86,
      "shape": "cylinder",
      "rotation": 269.66215522086634
    },
    {
      "3d_coords": [
        -1.3646800518035889,
        2.602562665939331,
        0.699999988079071
      ],
      "x": 163,
      "pixel_coords": [
        184,
        68,
        13.519752502441406
      ],
      "material": "metal",
      "size": "large",
      "width": 42,
      "height": 48,
      "color": "purple",
      "y": 45,
      "shape": "cube",
      "rotation": 303.7252560677452
    },
    {
      "3d_coords": [
        2.9721271991729736,
        1.1892175674438477,
        0.3499999940395355
      ],
      "x": 246,
      "pixel_coords": [
        261,
        132,
        10.149724960327148
      ],
      "material": "metal",
      "size": "small",
      "width": 31,
      "height": 32,
      "color": "purple",
      "y": 116,
      "shape": "cube",
      "rotation": 233.21293150580357
    },
    {
      "3d_coords": [
        1.803455114364624,
        -2.877162456512451,
        0.699999988079071
      ],
      "x": 82,
      "pixel_coords": [
        125,
        165,
        8.26292610168457
      ],
      "material": "rubber",
      "size": "large",
      "width": 82,
      "height": 91,
      "color": "green",
      "y": 121,
      "shape": "cube",
      "rotation": 121.1381742673836
    },
    {
      "3d_coords": [
        -1.0014591217041016,
        -1.6572134494781494,
        0.699999988079071
      ],
      "x": 72,
      "pixel_coords": [
        98,
        107,
        10.739845275878906
      ],
      "material": "metal",
      "size": "large",
      "width": 50,
      "height": 61,
      "color": "brown",
      "y": 78,
      "shape": "cylinder",
      "rotation": 175.5197570125391
    }
  ]
}