{
  "image_filename": "CLEVR_new_000198.png",
  "directions": {
    "above": [
      0.0,
      0.0,
      1.0
    ],
    "behind": [
      -0.754490315914154,
      0.6563112735748291,
      0.0
    ],
    "left": [
      -0.6563112735748291,
      -0.7544902563095093,
      0.0
    ],
    "below": [
      -0.0,
      -0.0,
      -1.0
    ],
    "right": [
      0.6563112735748291,
      0.7544902563095093,
      -0.0
    ],
    "front": [
      0.754490315914154,
      -0.6563112735748291,
      -0.0
    ]
  },
  "relationships": {
    "left": [
      [
        3,
        5,
        8
      ],
      [
        0,
        3,
        5,
        7,
        8
      ],
      [
        0,
        1,
        3,
        4,
        5,
        6,
        7,
        8
      ],
      [],
      [
        0,
        1,
        3,
        5,
        6,
        7,
        8
      ],
      [
        3,
        8
      ],
      [
        0,
        1,
        3,
        5,
        7,
        8
      ],
      [
        0,
        3,
        5,
        8
      ],
      [
        3
      ]
    ],
    "front": [
      [
        2,
        3,
        5,
        6,
        7
      ],
      [
        0,
        2,
        3,
        4,
        5,
        6,
        7,
        8
      ],
      [
        5,
        7
      ],
      [
        2,
        5,
        6,
        7
      ],
      [
        0,
        2,
        3,
        5,
        6,
        7
      ],
      [
        7
      ],
      [
        2,
        5,
        7
      ],
      [],
      [
        0,
        2,
        3,
        4,
        5,
        6,
        7
      ]
    ],
    "right": [
      [
        1,
        2,
        4,
        6,
        7
      ],
      [
        2,
        4,
        6
      ],
      [],
      [
        0,
        1,
        2,
        4,
        5,
        6,
        7,
        8
      ],
      [
        2
      ],
      [
        0,
        1,
        2,
        4,
        6,
        7
      ],
      [
        2,
        4
      ],
      [
        1,
        2,
        4,
        6
      ],
      [
        0,
        1,
        2,
        4,
        5,
        6,
        7
      ]
    ],
    "behind": [
      [
        1,
        4,
        8
      ],
      [],
      [
        0,
        1,
        3,
        4,
        6,
        8
      ],
      [
        0,
        1,
        4,
        8
      ],
      [
        1,
        8
      ],
      [
        0,
        1,
        2,
        3,
        4,
        6,
        8
      ],
      [
        0,
        1,
        3,
        4,
        8
      ],
      [
        0,
        1,
        2,
        3,
        4,
        5,
        6,
        8
      ],
      [
        1
      ]
    ]
  },
  "split": "new",
  "image_index": 198,
  "objects": [
    {
      "3d_coords": [
        -1.217628836631775,
        -0.674623966217041,
        0.3499999940395355
      ],
      "x": 105,
      "pixel_coords": [
        119,
        105,
        11.370424270629883
      ],
      "material": "rubber",
      "size": "small",
      "width": 28,
      "height": 29,
      "color": "brown",
      "y": 91,
      "shape": "cube",
      "rotation": 90.0897626111801
    },
    {
      "3d_coords": [
        -2.3744616508483887,
        2.3539679050445557,
        0.699999988079071
      ],
      "x": 142,
      "pixel_coords": [
        161,
        66,
        13.830509185791016
      ],
      "material": "metal",
      "size": "large",
      "width": 39,
      "height": 44,
      "color": "cyan",
      "y": 44,
      "shape": "cube",
      "rotation": 71.57586385860145
    },
    {
      "3d_coords": [
        2.6382486820220947,
        1.3887661695480347,
        0.699999988079071
      ],
      "x": 234,
      "pixel_coords": [
        259,
        113,
        10.022285461425781
      ],
      "material": "metal",
      "size": "large",
      "width": 51,
      "height": 49,
      "color": "red",
      "y": 88,
      "shape": "sphere",
      "rotation": 85.59192053358078
    },
    {
      "3d_coords": [
        -2.3414461612701416,
        -2.8084495067596436,
        0.3499999940395355
      ],
      "x": 29,
      "pixel_coords": [
        41,
        114,
        10.766853332519531
      ],
      "material": "metal",
      "size": "small",
      "width": 24,
      "height": 23,
      "color": "red",
      "y": 102,
      "shape": "sphere",
      "rotation": 62.42533065909779
    },
    {
      "3d_coords": [
        0.4120895564556122,
        2.5199577808380127,
        0.699999988079071
      ],
      "x": 200,
      "pixel_coords": [
        220,
        83,
        12.149169921875
      ],
      "material": "rubber",
      "size": "large",
      "width": 41,
      "height": 41,
      "color": "yellow",
      "y": 63,
      "shape": "sphere",
      "rotation": 70.42700068261624
    },
    {
      "3d_coords": [
        0.005529457703232765,
        -2.2910025119781494,
        0.699999988079071
      ],
      "x": 70,
      "pixel_coords": [
        99,
        124,
        9.42625904083252
      ],
      "material": "metal",
      "size": "large",
      "width": 57,
      "height": 69,
      "color": "blue",
      "y": 90,
      "shape": "cylinder",
      "rotation": 286.01347343055556
    },
    {
      "3d_coords": [
        1.2563666105270386,
        0.6617586016654968,
        0.3499999940395355
      ],
      "x": 193,
      "pixel_coords": [
        204,
        116,
        10.614969253540039
      ],
      "material": "rubber",
      "size": "small",
      "width": 23,
      "height": 23,
      "color": "brown",
      "y": 105,
      "shape": "sphere",
      "rotation": 94.6045262270386
    },
    {
      "3d_coords": [
        2.6026787757873535,
        -2.6960484981536865,
        0.699999988079071
      ],
      "x": 120,
      "pixel_coords": [
        154,
        170,
        7.512101173400879
      ],
      "material": "metal",
      "size": "large",
      "width": 68,
      "height": 91,
      "color": "purple",
      "y": 127,
      "shape": "cylinder",
      "rotation": 4.511516729975584
    },
    {
      "3d_coords": [
        -2.966062068939209,
        -0.3876747786998749,
        0.3499999940395355
      ],
      "x": 84,
      "pixel_coords": [
        95,
        88,
        12.667905807495117
      ],
      "material": "rubber",
      "size": "small",
      "width": 23,
      "height": 25,
      "color": "red",
      "y": 76,
      "shape": "cube",
      "rotation": 236.69712872873353
    }
  ]
}