{
  "image_filename": "CLEVR_new_000574.png",
  "directions": {
    "above": [
      0.0,
      0.0,
      1.0
    ],
    "behind": [
      -0.754490315914154,
      0.6563112735748291,
      0.0
    ],
    "left": [
      -0.6563112735748291,
      -0.7544902563095093,
      0.0
    ],
    "below": [
      -0.0,
      -0.0,
      -1.0
    ],
    "right": [
      0.6563112735748291,
      0.7544902563095093,
      -0.0
    ],
    "front": [
      0.754490315914154,
      -0.6563112735748291,
      -0.0
    ]
  },
  "relationships": {
    "left": [
      [
        2,
        4,
        5,
        6
      ],
      [
        0,
        2,
        4,
        5,
        6
      ],
      [],
      [
        0,
        1,
        2,
        4,
        5,
        6
      ],
      [
        2
      ],
      [
        2,
        4,
        6
      ],
      [
        2,
        4
      ]
    ],
    "front": [
      [
        1,
        2,
        3,
        4,
        5
      ],
      [
        4,
        5
      ],
      [
        1,
        4,
        5
      ],
      [
        1,
        2,
        4,
        5
      ],
      [
        5
      ],
      [],
      [
        0,
        1,
        2,
        3,
        4,
        5
      ]
    ],
    "right": [
      [
        1,
        3
      ],
      [
        3
      ],
      [
        0,
        1,
        3,
        4,
        5,
        6
      ],
      [],
      [
        0,
        1,
        3,
        5,
        6
      ],
      [
        0,
        1,
        3
      ],
      [
        0,
        1,
        3,
        5
      ]
    ],
    "behind": [
      [
        6
      ],
      [
        0,
        2,
        3,
        6
      ],
      [
        0,
        3,
        6
      ],
      [
        0,
        6
      ],
      [
        0,
        1,
        2,
        3,
        6
      ],
      [
        0,
        1,
        2,
        3,
        4,
        6
      ],
      []
    ]
  },
  "split": "new",
  "image_index": 574,
  "objects": [
    {
      "3d_coords": [
        -0.9887789487838745,
        1.2535828351974487,
        0.3499999940395355
      ],
      "x": 157,
      "pixel_coords": [
        167,
        89,
        12.485595703125
      ],
      "material": "rubber",
      "size": "small",
      "width": 20,
      "height": 26,
      "color": "cyan",
      "y": 77,
      "shape": "cylinder",
      "rotation": 159.43932244884692
    },
    {
      "3d_coords": [
        1.4676235914230347,
        -0.05905046686530113,
        0.699999988079071
      ],
      "x": 168,
      "pixel_coords": [
        194,
        118,
        9.979463577270508
      ],
      "material": "metal",
      "size": "large",
      "width": 54,
      "height": 65,
      "color": "yellow",
      "y": 86,
      "shape": "cube",
      "rotation": 112.27859835641205
    },
    {
      "3d_coords": [
        -1.8832091093063354,
        -2.1968164443969727,
        0.699999988079071
      ],
      "x": 39,
      "pixel_coords": [
        67,
        103,
        10.823397636413574
      ],
      "material": "rubber",
      "size": "large",
      "width": 52,
      "height": 60,
      "color": "gray",
      "y": 73,
      "shape": "cylinder",
      "rotation": 336.7764028225943
    },
    {
      "3d_coords": [
        1.8832253217697144,
        2.794095993041992,
        0.3499999940395355
      ],
      "x": 250,
      "pixel_coords": [
        260,
        103,
        11.588659286499023
      ],
      "material": "rubber",
      "size": "small",
      "width": 22,
      "height": 21,
      "color": "green",
      "y": 92,
      "shape": "sphere",
      "rotation": 238.6495239939742
    },
    {
      "3d_coords": [
        -0.09770197421312332,
        -2.593538761138916,
        0.699999988079071
      ],
      "x": 61,
      "pixel_coords": [
        88,
        129,
        9.4598970413208
      ],
      "material": "rubber",
      "size": "large",
      "width": 53,
      "height": 52,
      "color": "red",
      "y": 103,
      "shape": "sphere",
      "rotation": 111.39851623249237
    },
    {
      "3d_coords": [
        2.780527114868164,
        -2.676170587539673,
        0.3499999940395355
      ],
      "x": 142,
      "pixel_coords": [
        158,
        193,
        7.7673163414001465
      ],
      "material": "metal",
      "size": "small",
      "width": 32,
      "height": 45,
      "color": "purple",
      "y": 171,
      "shape": "cylinder",
      "rotation": 236.82954512311363
    },
    {
      "3d_coords": [
        -2.8261032104492188,
        1.067132830619812,
        0.699999988079071
      ],
      "x": 111,
      "pixel_coords": [
        130,
        68,
        13.360797882080078
      ],
      "material": "metal",
      "size": "large",
      "width": 37,
      "height": 37,
      "color": "cyan",
      "y": 49,
      "shape": "sphere",
      "rotation": 207.45975606733006
    }
  ]
}