{
  "image_filename": "CLEVR_new_000568.png",
  "directions": {
    "above": [
      0.0,
      0.0,
      1.0
    ],
    "behind": [
      -0.754490315914154,
      0.6563112735748291,
      0.0
    ],
    "left": [
      -0.6563112735748291,
      -0.7544902563095093,
      0.0
    ],
    "below": [
      -0.0,
      -0.0,
      -1.0
    ],
    "right": [
      0.6563112735748291,
      0.7544902563095093,
      -0.0
    ],
    "front": [
      0.754490315914154,
      -0.6563112735748291,
      -0.0
    ]
  },
  "relationships": {
    "left": [
      [
        1,
        2,
        3,
        4,
        5,
        7,
        8,
        9
      ],
      [
        3
      ],
      [
        1,
        3,
        5,
        7,
        8
      ],
      [],
      [
        1,
        2,
        3,
        5,
        7,
        8
      ],
      [
        1,
        3,
        8
      ],
      [
        0,
        1,
        2,
        3,
        4,
        5,
        7,
        8,
        9
      ],
      [
        1,
        3,
        5,
        8
      ],
      [
        1,
        3
      ],
      [
        1,
        2,
        3,
        4,
        5,
        7,
        8
      ]
    ],
    "front": [
      [
        5,
        8
      ],
      [
        0,
        3,
        4,
        5,
        6,
        8
      ],
      [
        0,
        1,
        3,
        4,
        5,
        6,
        7,
        8,
        9
      ],
      [
        0,
        5,
        8
      ],
      [
        0,
        3,
        5,
        6,
        8
      ],
      [],
      [
        0,
        3,
        5,
        8
      ],
      [
        0,
        1,
        3,
        4,
        5,
        6,
        8
      ],
      [
        5
      ],
      [
        0,
        1,
        3,
        4,
        5,
        6,
        7,
        8
      ]
    ],
    "right": [
      [
        6
      ],
      [
        0,
        2,
        4,
        5,
        6,
        7,
        8,
        9
      ],
      [
        0,
        4,
        6,
        9
      ],
      [
        0,
        1,
        2,
        4,
        5,
        6,
        7,
        8,
        9
      ],
      [
        0,
        6,
        9
      ],
      [
        0,
        2,
        4,
        6,
        7,
        9
      ],
      [],
      [
        0,
        2,
        4,
        6,
        9
      ],
      [
        0,
        2,
        4,
        5,
        6,
        7,
        9
      ],
      [
        0,
        6
      ]
    ],
    "behind": [
      [
        1,
        2,
        3,
        4,
        6,
        7,
        9
      ],
      [
        2,
        7,
        9
      ],
      [],
      [
        1,
        2,
        4,
        6,
        7,
        9
      ],
      [
        1,
        2,
        7,
        9
      ],
      [
        0,
        1,
        2,
        3,
        4,
        6,
        7,
        8,
        9
      ],
      [
        1,
        2,
        4,
        7,
        9
      ],
      [
        2,
        9
      ],
      [
        0,
        1,
        2,
        3,
        4,
        6,
        7,
        9
      ],
      [
        2
      ]
    ]
  },
  "split": "new",
  "image_index": 568,
  "objects": [
    {
      "3d_coords": [
        2.7217142581939697,
        0.5577386617660522,
        0.699999988079071
      ],
      "x": 206,
      "pixel_coords": [
        241,
        128,
        9.199594497680664
      ],
      "material": "metal",
      "size": "large",
      "width": 69,
      "height": 76,
      "color": "red",
      "y": 92,
      "shape": "cube",
      "rotation": 190.5162345275504
    },
    {
      "3d_coords": [
        -2.43972110748291,
        -0.2852506935596466,
        0.699999988079071
      ],
      "x": 88,
      "pixel_coords": [
        111,
        80,
        12.345226287841797
      ],
      "material": "metal",
      "size": "large",
      "width": 46,
      "height": 52,
      "color": "red",
      "y": 54,
      "shape": "cube",
      "rotation": 51.42066607646176
    },
    {
      "3d_coords": [
        -2.2187747955322266,
        2.5677602291107178,
        0.3499999940395355
      ],
      "x": 168,
      "pixel_coords": [
        176,
        74,
        13.912302017211914
      ],
      "material": "metal",
      "size": "small",
      "width": 18,
      "height": 22,
      "color": "brown",
      "y": 62,
      "shape": "cylinder",
      "rotation": 267.6377751869307
    },
    {
      "3d_coords": [
        -1.4841346740722656,
        -2.6646387577056885,
        0.699999988079071
      ],
      "x": 33,
      "pixel_coords": [
        58,
        106,
        10.376456260681152
      ],
      "material": "rubber",
      "size": "large",
      "width": 49,
      "height": 47,
      "color": "green",
      "y": 83,
      "shape": "sphere",
      "rotation": 84.13474561290047
    },
    {
      "3d_coords": [
        0.21568563580513,
        1.0627532005310059,
        0.3499999940395355
      ],
      "x": 176,
      "pixel_coords": [
        190,
        104,
        11.388273239135742
      ],
      "material": "rubber",
      "size": "small",
      "width": 27,
      "height": 29,
      "color": "yellow",
      "y": 89,
      "shape": "cube",
      "rotation": 101.06366743992002
    },
    {
      "3d_coords": [
        2.382472276687622,
        -2.9820446968078613,
        0.699999988079071
      ],
      "x": 75,
      "pixel_coords": [
        119,
        171,
        7.501088619232178
      ],
      "material": "rubber",
      "size": "large",
      "width": 87,
      "height": 100,
      "color": "blue",
      "y": 124,
      "shape": "cube",
      "rotation": 64.32016673019923
    },
    {
      "3d_coords": [
        2.476789951324463,
        2.8337368965148926,
        0.3499999940395355
      ],
      "x": 265,
      "pixel_coords": [
        282,
        113,
        10.776689529418945
      ],
      "material": "rubber",
      "size": "small",
      "width": 34,
      "height": 31,
      "color": "purple",
      "y": 98,
      "shape": "cube",
      "rotation": 170.85996128984496
    },
    {
      "3d_coords": [
        -1.6056368350982666,
        1.3252509832382202,
        0.3499999940395355
      ],
      "x": 152,
      "pixel_coords": [
        161,
        85,
        12.804465293884277
      ],
      "material": "rubber",
      "size": "small",
      "width": 19,
      "height": 19,
      "color": "purple",
      "y": 76,
      "shape": "sphere",
      "rotation": 210.74520815041166
    },
    {
      "3d_coords": [
        0.8316949605941772,
        -2.344228744506836,
        0.699999988079071
      ],
      "x": 72,
      "pixel_coords": [
        108,
        134,
        8.933459281921387
      ],
      "material": "metal",
      "size": "large",
      "width": 67,
      "height": 73,
      "color": "red",
      "y": 98,
      "shape": "cube",
      "rotation": 168.91600391180322
    },
    {
      "3d_coords": [
        -1.2017003297805786,
        2.9399614334106445,
        0.3499999940395355
      ],
      "x": 192,
      "pixel_coords": [
        201,
        79,
        13.405136108398438
      ],
      "material": "metal",
      "size": "small",
      "width": 19,
      "height": 23,
      "color": "brown",
      "y": 67,
      "shape": "cylinder",
      "rotation": 135.62345706610242
    }
  ]
}