{
  "image_filename": "CLEVR_new_000470.png",
  "directions": {
    "above": [
      0.0,
      0.0,
      1.0
    ],
    "behind": [
      -0.754490315914154,
      0.6563112735748291,
      0.0
    ],
    "left": [
      -0.6563112735748291,
      -0.7544902563095093,
      0.0
    ],
    "below": [
      -0.0,
      -0.0,
      -1.0
    ],
    "right": [
      0.6563112735748291,
      0.7544902563095093,
      -0.0
    ],
    "front": [
      0.754490315914154,
      -0.6563112735748291,
      -0.0
    ]
  },
  "relationships": {
    "left": [
      [],
      [
        0,
        3
      ],
      [
        0,
        1,
        3,
        4,
        5
      ],
      [
        0
      ],
      [
        0,
        1,
        3,
        5
      ],
      [
        0,
        1,
        3
      ]
    ],
    "front": [
      [
        2,
        3,
        4,
        5
      ],
      [
        0,
        2,
        3,
        4,
        5
      ],
      [
        3,
        5
      ],
      [],
      [
        2,
        3,
        5
      ],
      [
        3
      ]
    ],
    "right": [
      [
        1,
        2,
        3,
        4,
        5
      ],
      [
        2,
        4,
        5
      ],
      [],
      [
        1,
        2,
        4,
        5
      ],
      [
        2
      ],
      [
        2,
        4
      ]
    ],
    "behind": [
      [
        1
      ],
      [],
      [
        0,
        1,
        4
      ],
      [
        0,
        1,
        2,
        4,
        5
      ],
      [
        0,
        1
      ],
      [
        0,
        1,
        2,
        4
      ]
    ]
  },
  "split": "new",
  "image_index": 470,
  "objects": [
    {
      "3d_coords": [
        -2.9924418926239014,
        -0.944832980632782,
        0.3499999940395355
      ],
      "x": 70,
      "pixel_coords": [
        82,
        90,
        12.436583518981934
      ],
      "material": "rubber",
      "size": "small",
      "width": 25,
      "height": 27,
      "color": "purple",
      "y": 77,
      "shape": "cube",
      "rotation": 214.81053107302594
    },
    {
      "3d_coords": [
        -1.643540620803833,
        2.3675694465637207,
        0.699999988079071
      ],
      "x": 156,
      "pixel_coords": [
        174,
        67,
        13.42082691192627
      ],
      "material": "rubber",
      "size": "large",
      "width": 37,
      "height": 37,
      "color": "cyan",
      "y": 49,
      "shape": "sphere",
      "rotation": 17.18421912198906
    },
    {
      "3d_coords": [
        2.783109664916992,
        1.4300395250320435,
        0.3499999940395355
      ],
      "x": 244,
      "pixel_coords": [
        261,
        127,
        10.281524658203125
      ],
      "material": "metal",
      "size": "small",
      "width": 35,
      "height": 35,
      "color": "brown",
      "y": 110,
      "shape": "cube",
      "rotation": 89.45736573737531
    },
    {
      "3d_coords": [
        2.910522937774658,
        -2.533569574356079,
        0.699999988079071
      ],
      "x": 136,
      "pixel_coords": [
        170,
        181,
        7.637238502502441
      ],
      "material": "metal",
      "size": "large",
      "width": 67,
      "height": 91,
      "color": "blue",
      "y": 137,
      "shape": "cylinder",
      "rotation": 245.35428621665997
    },
    {
      "3d_coords": [
        1.4800662994384766,
        1.1646907329559326,
        0.3499999940395355
      ],
      "x": 204,
      "pixel_coords": [
        220,
        114,
        10.930809020996094
      ],
      "material": "rubber",
      "size": "small",
      "width": 32,
      "height": 33,
      "color": "blue",
      "y": 98,
      "shape": "cube",
      "rotation": 127.2635909028251
    },
    {
      "3d_coords": [
        2.669001340866089,
        -0.7686334848403931,
        0.699999988079071
      ],
      "x": 183,
      "pixel_coords": [
        212,
        145,
        8.851428985595703
      ],
      "material": "rubber",
      "size": "large",
      "width": 63,
      "height": 74,
      "color": "gray",
      "y": 108,
      "shape": "cube",
      "rotation": 258.3694423435347
    }
  ]
}