{
  "image_filename": "CLEVR_new_000687.png",
  "directions": {
    "above": [
      0.0,
      0.0,
      1.0
    ],
    "behind": [
      -0.754490315914154,
      0.6563112735748291,
      0.0
    ],
    "left": [
      -0.6563112735748291,
      -0.7544902563095093,
      0.0
    ],
    "below": [
      -0.0,
      -0.0,
      -1.0
    ],
    "right": [
      0.6563112735748291,
      0.7544902563095093,
      -0.0
    ],
    "front": [
      0.754490315914154,
      -0.6563112735748291,
      -0.0
    ]
  },
  "relationships": {
    "left": [
      [
        3
      ],
      [
        0,
        2,
        3
      ],
      [
        0,
        3
      ],
      [],
      [
        0,
        1,
        2,
        3
      ]
    ],
    "front": [
      [
        1
      ],
      [],
      [
        0,
        1,
        3,
        4
      ],
      [
        0,
        1
      ],
      [
        0,
        1,
        3
      ]
    ],
    "right": [
      [
        1,
        2,
        4
      ],
      [
        4
      ],
      [
        1,
        4
      ],
      [
        0,
        1,
        2,
        4
      ],
      []
    ],
    "behind": [
      [
        2,
        3,
        4
      ],
      [
        0,
        2,
        3,
        4
      ],
      [],
      [
        2,
        4
      ],
      [
        2
      ]
    ]
  },
  "split": "new",
  "image_index": 687,
  "objects": [
    {
      "3d_coords": [
        -0.17521372437477112,
        -1.223249912261963,
        0.3499999940395355
      ],
      "x": 110,
      "pixel_coords": [
        125,
        122,
        10.253937721252441
      ],
      "material": "rubber",
      "size": "small",
      "width": 29,
      "height": 33,
      "color": "brown",
      "y": 106,
      "shape": "cube",
      "rotation": 13.286151760668101
    },
    {
      "3d_coords": [
        2.355759859085083,
        -0.839163601398468,
        0.699999988079071
      ],
      "x": 167,
      "pixel_coords": [
        197,
        145,
        8.669851303100586
      ],
      "material": "metal",
      "size": "large",
      "width": 63,
      "height": 78,
      "color": "brown",
      "y": 108,
      "shape": "cube",
      "rotation": 297.6381299007509
    },
    {
      "3d_coords": [
        -1.6787467002868652,
        1.470636248588562,
        0.699999988079071
      ],
      "x": 140,
      "pixel_coords": [
        160,
        71,
        12.539863586425781
      ],
      "material": "rubber",
      "size": "large",
      "width": 40,
      "height": 51,
      "color": "yellow",
      "y": 45,
      "shape": "cylinder",
      "rotation": 214.23642298966
    },
    {
      "3d_coords": [
        -2.0562827587127686,
        -1.6499114036560059,
        0.699999988079071
      ],
      "x": 51,
      "pixel_coords": [
        78,
        94,
        11.030250549316406
      ],
      "material": "metal",
      "size": "large",
      "width": 51,
      "height": 59,
      "color": "brown",
      "y": 64,
      "shape": "cylinder",
      "rotation": 242.3196193684194
    },
    {
      "3d_coords": [
        0.4037758708000183,
        2.050152063369751,
        0.699999988079071
      ],
      "x": 186,
      "pixel_coords": [
        215,
        85,
        11.536150932312012
      ],
      "material": "metal",
      "size": "large",
      "width": 60,
      "height": 61,
      "color": "yellow",
      "y": 56,
      "shape": "cube",
      "rotation": 100.58973744975161
    }
  ]
}