{
  "image_filename": "CLEVR_new_000186.png",
  "directions": {
    "above": [
      0.0,
      0.0,
      1.0
    ],
    "behind": [
      -0.754490315914154,
      0.6563112735748291,
      0.0
    ],
    "left": [
      -0.6563112735748291,
      -0.7544902563095093,
      0.0
    ],
    "below": [
      -0.0,
      -0.0,
      -1.0
    ],
    "right": [
      0.6563112735748291,
      0.7544902563095093,
      -0.0
    ],
    "front": [
      0.754490315914154,
      -0.6563112735748291,
      -0.0
    ]
  },
  "relationships": {
    "left": [
      [
        1
      ],
      [],
      [
        0,
        1
      ]
    ],
    "front": [
      [
        1,
        2
      ],
      [
        2
      ],
      []
    ],
    "right": [
      [
        2
      ],
      [
        0,
        2
      ],
      []
    ],
    "behind": [
      [],
      [
        0
      ],
      [
        0,
        1
      ]
    ]
  },
  "split": "new",
  "image_index": 186,
  "objects": [
    {
      "3d_coords": [
        -1.7219346761703491,
        1.547014832496643,
        0.3499999940395355
      ],
      "x": 150,
      "pixel_coords": [
        162,
        83,
        13.023179054260254
      ],
      "material": "metal",
      "size": "small",
      "width": 24,
      "height": 25,
      "color": "purple",
      "y": 71,
      "shape": "cube",
      "rotation": 239.14673518461362
    },
    {
      "3d_coords": [
        -1.4054315090179443,
        0.16609853506088257,
        0.3499999940395355
      ],
      "x": 126,
      "pixel_coords": [
        137,
        95,
        12.020408630371094
      ],
      "material": "metal",
      "size": "small",
      "width": 22,
      "height": 27,
      "color": "purple",
      "y": 82,
      "shape": "cube",
      "rotation": 96.84267678778991
    },
    {
      "3d_coords": [
        1.6781495809555054,
        0.41803857684135437,
        0.699999988079071
      ],
      "x": 177,
      "pixel_coords": [
        209,
        115,
        9.90048885345459
      ],
      "material": "rubber",
      "size": "large",
      "width": 68,
      "height": 69,
      "color": "cyan",
      "y": 81,
      "shape": "cube",
      "rotation": 109.69991363004301
    }
  ]
}