{
  "image_filename": "CLEVR_new_000406.png",
  "directions": {
    "above": [
      0.0,
      0.0,
      1.0
    ],
    "behind": [
      -0.754490315914154,
      0.6563112735748291,
      0.0
    ],
    "left": [
      -0.6563112735748291,
      -0.7544902563095093,
      0.0
    ],
    "below": [
      -0.0,
      -0.0,
      -1.0
    ],
    "right": [
      0.6563112735748291,
      0.7544902563095093,
      -0.0
    ],
    "front": [
      0.754490315914154,
      -0.6563112735748291,
      -0.0
    ]
  },
  "relationships": {
    "left": [
      [
        1,
        2,
        4
      ],
      [
        2
      ],
      [],
      [
        0,
        1,
        2,
        4,
        5
      ],
      [
        1,
        2
      ],
      [
        0,
        1,
        2,
        4
      ]
    ],
    "front": [
      [],
      [
        0
      ],
      [
        0,
        1,
        3,
        4,
        5
      ],
      [
        0,
        1
      ],
      [
        0,
        1,
        3
      ],
      [
        0,
        1,
        3,
        4
      ]
    ],
    "right": [
      [
        3,
        5
      ],
      [
        0,
        3,
        4,
        5
      ],
      [
        0,
        1,
        3,
        4,
        5
      ],
      [],
      [
        0,
        3,
        5
      ],
      [
        3
      ]
    ],
    "behind": [
      [
        1,
        2,
        3,
        4,
        5
      ],
      [
        2,
        3,
        4,
        5
      ],
      [],
      [
        2,
        4,
        5
      ],
      [
        2,
        5
      ],
      [
        2
      ]
    ]
  },
  "split": "new",
  "image_index": 406,
  "objects": [
    {
      "3d_coords": [
        2.46386456489563,
        -0.39837366342544556,
        0.699999988079071
      ],
      "x": 185,
      "pixel_coords": [
        213,
        134,
        8.872903823852539
      ],
      "material": "rubber",
      "size": "large",
      "width": 56,
      "height": 55,
      "color": "purple",
      "y": 107,
      "shape": "sphere",
      "rotation": 121.87308874019904
    },
    {
      "3d_coords": [
        0.2999274730682373,
        -1.1005220413208008,
        0.699999988079071
      ],
      "x": 113,
      "pixel_coords": [
        138,
        114,
        9.88711929321289
      ],
      "material": "metal",
      "size": "large",
      "width": 50,
      "height": 50,
      "color": "yellow",
      "y": 89,
      "shape": "sphere",
      "rotation": 130.05514147810158
    },
    {
      "3d_coords": [
        -2.8107144832611084,
        -0.35524889826774597,
        0.699999988079071
      ],
      "x": 79,
      "pixel_coords": [
        100,
        78,
        12.37809944152832
      ],
      "material": "metal",
      "size": "large",
      "width": 40,
      "height": 40,
      "color": "purple",
      "y": 58,
      "shape": "sphere",
      "rotation": 104.08836473684002
    },
    {
      "3d_coords": [
        2.5852367877960205,
        2.30168080329895,
        0.699999988079071
      ],
      "x": 243,
      "pixel_coords": [
        276,
        105,
        10.382532119750977
      ],
      "material": "metal",
      "size": "large",
      "width": 67,
      "height": 67,
      "color": "green",
      "y": 73,
      "shape": "cube",
      "rotation": 287.6294072212392
    },
    {
      "3d_coords": [
        0.5972355008125305,
        0.6896538734436035,
        0.699999988079071
      ],
      "x": 162,
      "pixel_coords": [
        190,
        100,
        10.74497127532959
      ],
      "material": "metal",
      "size": "large",
      "width": 59,
      "height": 62,
      "color": "gray",
      "y": 70,
      "shape": "cube",
      "rotation": 90.71736567774451
    },
    {
      "3d_coords": [
        0.7021002173423767,
        2.4393439292907715,
        0.699999988079071
      ],
      "x": 207,
      "pixel_coords": [
        228,
        86,
        11.705947875976562
      ],
      "material": "metal",
      "size": "large",
      "width": 43,
      "height": 42,
      "color": "green",
      "y": 65,
      "shape": "sphere",
      "rotation": 101.50259677507513
    }
  ]
}