{
  "image_filename": "CLEVR_new_000278.png",
  "directions": {
    "above": [
      0.0,
      0.0,
      1.0
    ],
    "behind": [
      -0.754490315914154,
      0.6563112735748291,
      0.0
    ],
    "left": [
      -0.6563112735748291,
      -0.7544902563095093,
      0.0
    ],
    "below": [
      -0.0,
      -0.0,
      -1.0
    ],
    "right": [
      0.6563112735748291,
      0.7544902563095093,
      -0.0
    ],
    "front": [
      0.754490315914154,
      -0.6563112735748291,
      -0.0
    ]
  },
  "relationships": {
    "left": [
      [
        8,
        9
      ],
      [
        0,
        8,
        9
      ],
      [
        0,
        1,
        3,
        6,
        7,
        8,
        9
      ],
      [
        0,
        1,
        8,
        9
      ],
      [
        0,
        1,
        2,
        3,
        5,
        6,
        7,
        8,
        9
      ],
      [
        0,
        1,
        2,
        3,
        6,
        7,
        8,
        9
      ],
      [
        0,
        1,
        3,
        8,
        9
      ],
      [
        0,
        1,
        3,
        6,
        8,
        9
      ],
      [],
      [
        8
      ]
    ],
    "front": [
      [
        7
      ],
      [
        0,
        2,
        3,
        4,
        5,
        7,
        8,
        9
      ],
      [
        0,
        5,
        7,
        9
      ],
      [
        0,
        2,
        4,
        5,
        7,
        8,
        9
      ],
      [
        0,
        2,
        5,
        7,
        9
      ],
      [
        0,
        7
      ],
      [
        0,
        1,
        2,
        3,
        4,
        5,
        7,
        8,
        9
      ],
      [],
      [
        0,
        2,
        4,
        5,
        7,
        9
      ],
      [
        0,
        5,
        7
      ]
    ],
    "right": [
      [
        1,
        2,
        3,
        4,
        5,
        6,
        7
      ],
      [
        2,
        3,
        4,
        5,
        6,
        7
      ],
      [
        4,
        5
      ],
      [
        2,
        4,
        5,
        6,
        7
      ],
      [],
      [
        4
      ],
      [
        2,
        4,
        5,
        7
      ],
      [
        2,
        4,
        5
      ],
      [
        0,
        1,
        2,
        3,
        4,
        5,
        6,
        7,
        9
      ],
      [
        0,
        1,
        2,
        3,
        4,
        5,
        6,
        7
      ]
    ],
    "behind": [
      [
        1,
        2,
        3,
        4,
        5,
        6,
        8,
        9
      ],
      [
        6
      ],
      [
        1,
        3,
        4,
        6,
        8
      ],
      [
        1,
        6
      ],
      [
        1,
        3,
        6,
        8
      ],
      [
        1,
        2,
        3,
        4,
        6,
        8,
        9
      ],
      [],
      [
        0,
        1,
        2,
        3,
        4,
        5,
        6,
        8,
        9
      ],
      [
        1,
        3,
        6
      ],
      [
        1,
        2,
        3,
        4,
        6,
        8
      ]
    ]
  },
  "split": "new",
  "image_index": 278,
  "objects": [
    {
      "3d_coords": [
        0.2856333553791046,
        -2.2872724533081055,
        0.3499999940395355
      ],
      "x": 84,
      "pixel_coords": [
        102,
        136,
        9.75321102142334
      ],
      "material": "rubber",
      "size": "small",
      "width": 35,
      "height": 37,
      "color": "brown",
      "y": 118,
      "shape": "cube",
      "rotation": 157.17368716954016
    },
    {
      "3d_coords": [
        -1.8451144695281982,
        1.06532883644104,
        0.3499999940395355
      ],
      "x": 143,
      "pixel_coords": [
        152,
        86,
        13.070941925048828
      ],
      "material": "rubber",
      "size": "small",
      "width": 19,
      "height": 19,
      "color": "brown",
      "y": 76,
      "shape": "sphere",
      "rotation": 214.20390495647857
    },
    {
      "3d_coords": [
        1.448689579963684,
        1.0898611545562744,
        0.699999988079071
      ],
      "x": 192,
      "pixel_coords": [
        218,
        107,
        10.61906623840332
      ],
      "material": "metal",
      "size": "large",
      "width": 52,
      "height": 62,
      "color": "green",
      "y": 77,
      "shape": "cube",
      "rotation": 181.34598012805625
    },
    {
      "3d_coords": [
        -0.7900562882423401,
        0.7803246378898621,
        0.3499999940395355
      ],
      "x": 154,
      "pixel_coords": [
        164,
        96,
        12.177748680114746
      ],
      "material": "rubber",
      "size": "small",
      "width": 20,
      "height": 26,
      "color": "blue",
      "y": 83,
      "shape": "cylinder",
      "rotation": 219.3021243800222
    },
    {
      "3d_coords": [
        2.163872241973877,
        2.713266372680664,
        0.3499999940395355
      ],
      "x": 256,
      "pixel_coords": [
        269,
        111,
        11.165738105773926
      ],
      "material": "metal",
      "size": "small",
      "width": 26,
      "height": 29,
      "color": "gray",
      "y": 97,
      "shape": "cylinder",
      "rotation": 72.5298169441188
    },
    {
      "3d_coords": [
        2.7422213554382324,
        1.2336610555648804,
        0.3499999940395355
      ],
      "x": 240,
      "pixel_coords": [
        253,
        132,
        9.954687118530273
      ],
      "material": "rubber",
      "size": "small",
      "width": 28,
      "height": 33,
      "color": "yellow",
      "y": 116,
      "shape": "cylinder",
      "rotation": 7.437114413696038
    },
    {
      "3d_coords": [
        -2.368373394012451,
        2.9656755924224854,
        0.699999988079071
      ],
      "x": 160,
      "pixel_coords": [
        182,
        63,
        14.311009407043457
      ],
      "material": "metal",
      "size": "large",
      "width": 42,
      "height": 45,
      "color": "blue",
      "y": 41,
      "shape": "cube",
      "rotation": 289.5740867091434
    },
    {
      "3d_coords": [
        2.49283504486084,
        -0.6889698505401611,
        0.699999988079071
      ],
      "x": 171,
      "pixel_coords": [
        199,
        139,
        8.919153213500977
      ],
      "material": "rubber",
      "size": "large",
      "width": 55,
      "height": 55,
      "color": "red",
      "y": 112,
      "shape": "sphere",
      "rotation": 64.8425840735385
    },
    {
      "3d_coords": [
        -2.8513381481170654,
        -2.28424334526062,
        0.3499999940395355
      ],
      "x": 44,
      "pixel_coords": [
        56,
        99,
        11.948612213134766
      ],
      "material": "rubber",
      "size": "small",
      "width": 24,
      "height": 27,
      "color": "gray",
      "y": 86,
      "shape": "cylinder",
      "rotation": 99.2436397924262
    },
    {
      "3d_coords": [
        -1.4648412466049194,
        -2.928859233856201,
        0.3499999940395355
      ],
      "x": 38,
      "pixel_coords": [
        54,
        120,
        10.627596855163574
      ],
      "material": "metal",
      "size": "small",
      "width": 33,
      "height": 33,
      "color": "red",
      "y": 103,
      "shape": "cube",
      "rotation": 311.02451247799445
    }
  ]
}