{
  "image_filename": "CLEVR_new_000672.png",
  "directions": {
    "above": [
      0.0,
      0.0,
      1.0
    ],
    "behind": [
      -0.754490315914154,
      0.6563112735748291,
      0.0
    ],
    "left": [
      -0.6563112735748291,
      -0.7544902563095093,
      0.0
    ],
    "below": [
      -0.0,
      -0.0,
      -1.0
    ],
    "right": [
      0.6563112735748291,
      0.7544902563095093,
      -0.0
    ],
    "front": [
      0.754490315914154,
      -0.6563112735748291,
      -0.0
    ]
  },
  "relationships": {
    "left": [
      [
        1,
        2,
        3
      ],
      [
        2
      ],
      [],
      [
        1,
        2
      ]
    ],
    "front": [
      [
        3
      ],
      [
        0,
        2,
        3
      ],
      [
        0,
        3
      ],
      []
    ],
    "right": [
      [],
      [
        0,
        3
      ],
      [
        0,
        1,
        3
      ],
      [
        0
      ]
    ],
    "behind": [
      [
        1,
        2
      ],
      [],
      [
        1
      ],
      [
        0,
        1,
        2
      ]
    ]
  },
  "split": "new",
  "image_index": 672,
  "objects": [
    {
      "3d_coords": [
        2.017491579055786,
        1.4816298484802246,
        0.3499999940395355
      ],
      "x": 223,
      "pixel_coords": [
        238,
        117,
        10.926433563232422
      ],
      "material": "metal",
      "size": "small",
      "width": 31,
      "height": 30,
      "color": "yellow",
      "y": 102,
      "shape": "cube",
      "rotation": 271.3080798457678
    },
    {
      "3d_coords": [
        -2.9761297702789307,
        0.6221475601196289,
        0.3499999940395355
      ],
      "x": 111,
      "pixel_coords": [
        122,
        84,
        13.806206703186035
      ],
      "material": "rubber",
      "size": "small",
      "width": 21,
      "height": 22,
      "color": "green",
      "y": 73,
      "shape": "cube",
      "rotation": 13.27226385787085
    },
    {
      "3d_coords": [
        -2.196357488632202,
        -1.0287007093429565,
        0.699999988079071
      ],
      "x": 73,
      "pixel_coords": [
        96,
        90,
        12.137667655944824
      ],
      "material": "rubber",
      "size": "large",
      "width": 44,
      "height": 51,
      "color": "purple",
      "y": 65,
      "shape": "cylinder",
      "rotation": 214.20321661221305
    },
    {
      "3d_coords": [
        2.9276680946350098,
        -2.0183029174804688,
        0.699999988079071
      ],
      "x": 139,
      "pixel_coords": [
        178,
        157,
        8.059311866760254
      ],
      "material": "metal",
      "size": "large",
      "width": 77,
      "height": 88,
      "color": "red",
      "y": 116,
      "shape": "cube",
      "rotation": 231.3670831592647
    }
  ]
}