{
  "image_filename": "CLEVR_new_000214.png",
  "directions": {
    "above": [
      0.0,
      0.0,
      1.0
    ],
    "behind": [
      -0.754490315914154,
      0.6563112735748291,
      0.0
    ],
    "left": [
      -0.6563112735748291,
      -0.7544902563095093,
      0.0
    ],
    "below": [
      -0.0,
      -0.0,
      -1.0
    ],
    "right": [
      0.6563112735748291,
      0.7544902563095093,
      -0.0
    ],
    "front": [
      0.754490315914154,
      -0.6563112735748291,
      -0.0
    ]
  },
  "relationships": {
    "left": [
      [
        1,
        4,
        6
      ],
      [
        4,
        6
      ],
      [
        0,
        1,
        4,
        6,
        8
      ],
      [
        0,
        1,
        2,
        4,
        6,
        7,
        8,
        9
      ],
      [],
      [
        0,
        1,
        2,
        3,
        4,
        6,
        7,
        8,
        9
      ],
      [
        4
      ],
      [
        0,
        1,
        2,
        4,
        6,
        8,
        9
      ],
      [
        0,
        1,
        4,
        6
      ],
      [
        0,
        1,
        2,
        4,
        6,
        8
      ]
    ],
    "front": [
      [],
      [
        0
      ],
      [
        0,
        1,
        4,
        5,
        7,
        9
      ],
      [
        0,
        1,
        2,
        4,
        5,
        7,
        9
      ],
      [
        0,
        1,
        5,
        9
      ],
      [
        0,
        1,
        9
      ],
      [
        0,
        1,
        2,
        3,
        4,
        5,
        7,
        9
      ],
      [
        0,
        1,
        4,
        5,
        9
      ],
      [
        0,
        1,
        2,
        3,
        4,
        5,
        6,
        7,
        9
      ],
      [
        0,
        1
      ]
    ],
    "right": [
      [
        2,
        3,
        5,
        7,
        8,
        9
      ],
      [
        0,
        2,
        3,
        5,
        7,
        8,
        9
      ],
      [
        3,
        5,
        7,
        9
      ],
      [
        5
      ],
      [
        0,
        1,
        2,
        3,
        5,
        6,
        7,
        8,
        9
      ],
      [],
      [
        0,
        1,
        2,
        3,
        5,
        7,
        8,
        9
      ],
      [
        3,
        5
      ],
      [
        2,
        3,
        5,
        7,
        9
      ],
      [
        3,
        5,
        7
      ]
    ],
    "behind": [
      [
        1,
        2,
        3,
        4,
        5,
        6,
        7,
        8,
        9
      ],
      [
        2,
        3,
        4,
        5,
        6,
        7,
        8,
        9
      ],
      [
        3,
        6,
        8
      ],
      [
        6,
        8
      ],
      [
        2,
        3,
        6,
        7,
        8
      ],
      [
        2,
        3,
        4,
        6,
        7,
        8
      ],
      [
        8
      ],
      [
        2,
        3,
        6,
        8
      ],
      [],
      [
        2,
        3,
        4,
        5,
        6,
        7,
        8
      ]
    ]
  },
  "split": "new",
  "image_index": 214,
  "objects": [
    {
      "3d_coords": [
        2.8338069915771484,
        -2.873175859451294,
        0.3499999940395355
      ],
      "x": 138,
      "pixel_coords": [
        154,
        193,
        7.612795352935791
      ],
      "material": "rubber",
      "size": "small",
      "width": 33,
      "height": 46,
      "color": "purple",
      "y": 170,
      "shape": "cylinder",
      "rotation": 244.39299474349525
    },
    {
      "3d_coords": [
        1.7087271213531494,
        -2.4813170433044434,
        0.3499999940395355
      ],
      "x": 118,
      "pixel_coords": [
        135,
        164,
        8.570530891418457
      ],
      "material": "metal",
      "size": "small",
      "width": 32,
      "height": 39,
      "color": "blue",
      "y": 145,
      "shape": "cube",
      "rotation": 176.68431149915108
    },
    {
      "3d_coords": [
        -0.2729286551475525,
        0.999101459980011,
        0.3499999940395355
      ],
      "x": 165,
      "pixel_coords": [
        176,
        99,
        11.960256576538086
      ],
      "material": "rubber",
      "size": "small",
      "width": 21,
      "height": 27,
      "color": "blue",
      "y": 86,
      "shape": "cylinder",
      "rotation": 298.5060079356733
    },
    {
      "3d_coords": [
        0.042941149324178696,
        2.6213643550872803,
        0.699999988079071
      ],
      "x": 194,
      "pixel_coords": [
        214,
        80,
        12.584527015686035
      ],
      "material": "metal",
      "size": "large",
      "width": 39,
      "height": 39,
      "color": "yellow",
      "y": 60,
      "shape": "sphere",
      "rotation": 110.97407460360301
    },
    {
      "3d_coords": [
        -1.229190468788147,
        -2.215022563934326,
        0.3499999940395355
      ],
      "x": 66,
      "pixel_coords": [
        79,
        120,
        10.609500885009766
      ],
      "material": "metal",
      "size": "small",
      "width": 26,
      "height": 31,
      "color": "blue",
      "y": 105,
      "shape": "cylinder",
      "rotation": 98.5817301991672
    },
    {
      "3d_coords": [
        2.7196714878082275,
        1.5517135858535767,
        0.699999988079071
      ],
      "x": 236,
      "pixel_coords": [
        263,
        113,
        10.2221040725708
      ],
      "material": "rubber",
      "size": "large",
      "width": 56,
      "height": 64,
      "color": "gray",
      "y": 82,
      "shape": "cylinder",
      "rotation": 153.95892068978995
    },
    {
      "3d_coords": [
        -2.7547764778137207,
        0.331161230802536,
        0.3499999940395355
      ],
      "x": 104,
      "pixel_coords": [
        116,
        84,
        13.137786865234375
      ],
      "material": "metal",
      "size": "small",
      "width": 24,
      "height": 25,
      "color": "green",
      "y": 72,
      "shape": "cube",
      "rotation": 251.05351814892313
    },
    {
      "3d_coords": [
        1.0019845962524414,
        1.0012407302856445,
        0.3499999940395355
      ],
      "x": 193,
      "pixel_coords": [
        204,
        111,
        11.147272109985352
      ],
      "material": "rubber",
      "size": "small",
      "width": 22,
      "height": 22,
      "color": "brown",
      "y": 100,
      "shape": "sphere",
      "rotation": 132.6215877637644
    },
    {
      "3d_coords": [
        -2.2746546268463135,
        2.17332124710083,
        0.699999988079071
      ],
      "x": 136,
      "pixel_coords": [
        160,
        67,
        13.791348457336426
      ],
      "material": "rubber",
      "size": "large",
      "width": 48,
      "height": 48,
      "color": "brown",
      "y": 44,
      "shape": "cube",
      "rotation": 323.7441647562695
    },
    {
      "3d_coords": [
        2.446442127227783,
        -0.8021926879882812,
        0.3499999940395355
      ],
      "x": 184,
      "pixel_coords": [
        203,
        150,
        9.124090194702148
      ],
      "material": "metal",
      "size": "small",
      "width": 37,
      "height": 40,
      "color": "gray",
      "y": 130,
      "shape": "cube",
      "rotation": 296.71691284823805
    }
  ]
}