{
  "image_filename": "CLEVR_new_000307.png",
  "directions": {
    "above": [
      0.0,
      0.0,
      1.0
    ],
    "behind": [
      -0.754490315914154,
      0.6563112735748291,
      0.0
    ],
    "left": [
      -0.6563112735748291,
      -0.7544902563095093,
      0.0
    ],
    "below": [
      -0.0,
      -0.0,
      -1.0
    ],
    "right": [
      0.6563112735748291,
      0.7544902563095093,
      -0.0
    ],
    "front": [
      0.754490315914154,
      -0.6563112735748291,
      -0.0
    ]
  },
  "relationships": {
    "left": [
      [
        1,
        2,
        3,
        4,
        5,
        6
      ],
      [
        2,
        3,
        4,
        5,
        6
      ],
      [
        5
      ],
      [
        2,
        4,
        5,
        6
      ],
      [
        2,
        5
      ],
      [],
      [
        2,
        4,
        5
      ]
    ],
    "front": [
      [
        2,
        6
      ],
      [
        0,
        2,
        4,
        6
      ],
      [],
      [
        0,
        1,
        2,
        4,
        5,
        6
      ],
      [
        0,
        2,
        6
      ],
      [
        0,
        1,
        2,
        4,
        6
      ],
      [
        2
      ]
    ],
    "right": [
      [],
      [
        0
      ],
      [
        0,
        1,
        3,
        4,
        6
      ],
      [
        0,
        1
      ],
      [
        0,
        1,
        3,
        6
      ],
      [
        0,
        1,
        2,
        3,
        4,
        6
      ],
      [
        0,
        1,
        3
      ]
    ],
    "behind": [
      [
        1,
        3,
        4,
        5
      ],
      [
        3,
        5
      ],
      [
        0,
        1,
        3,
        4,
        5,
        6
      ],
      [],
      [
        1,
        3,
        5
      ],
      [
        3
      ],
      [
        0,
        1,
        3,
        4,
        5
      ]
    ]
  },
  "split": "new",
  "image_index": 307,
  "objects": [
    {
      "3d_coords": [
        2.486783742904663,
        1.971398115158081,
        0.699999988079071
      ],
      "x": 241,
      "pixel_coords": [
        266,
        105,
        10.443620681762695
      ],
      "material": "metal",
      "size": "large",
      "width": 49,
      "height": 47,
      "color": "yellow",
      "y": 82,
      "shape": "sphere",
      "rotation": 219.5040598024198
    },
    {
      "3d_coords": [
        0.5519616007804871,
        1.9546910524368286,
        0.3499999940395355
      ],
      "x": 202,
      "pixel_coords": [
        213,
        98,
        11.821221351623535
      ],
      "material": "metal",
      "size": "small",
      "width": 23,
      "height": 27,
      "color": "red",
      "y": 84,
      "shape": "cube",
      "rotation": 222.15067060502574
    },
    {
      "3d_coords": [
        0.6446504592895508,
        -2.8958826065063477,
        0.3499999940395355
      ],
      "x": 75,
      "pixel_coords": [
        95,
        153,
        8.746094703674316
      ],
      "material": "rubber",
      "size": "small",
      "width": 40,
      "height": 41,
      "color": "blue",
      "y": 133,
      "shape": "cube",
      "rotation": 306.57130688437206
    },
    {
      "3d_coords": [
        -1.5207282304763794,
        2.7618680000305176,
        0.3499999940395355
      ],
      "x": 172,
      "pixel_coords": [
        183,
        76,
        13.637835502624512
      ],
      "material": "rubber",
      "size": "small",
      "width": 22,
      "height": 23,
      "color": "brown",
      "y": 65,
      "shape": "cube",
      "rotation": 100.00176427901037
    },
    {
      "3d_coords": [
        -0.6653800010681152,
        -0.3442228436470032,
        0.699999988079071
      ],
      "x": 115,
      "pixel_coords": [
        137,
        97,
        11.003009796142578
      ],
      "material": "rubber",
      "size": "large",
      "width": 45,
      "height": 45,
      "color": "blue",
      "y": 74,
      "shape": "sphere",
      "rotation": 152.4585487261142
    },
    {
      "3d_coords": [
        -2.942441940307617,
        -0.41590529680252075,
        0.699999988079071
      ],
      "x": 65,
      "pixel_coords": [
        93,
        79,
        12.40273380279541
      ],
      "material": "rubber",
      "size": "large",
      "width": 56,
      "height": 54,
      "color": "yellow",
      "y": 53,
      "shape": "cube",
      "rotation": 67.56054370603383
    },
    {
      "3d_coords": [
        1.3343627452850342,
        -0.5248399972915649,
        0.699999988079071
      ],
      "x": 155,
      "pixel_coords": [
        180,
        119,
        9.622291564941406
      ],
      "material": "metal",
      "size": "large",
      "width": 51,
      "height": 51,
      "color": "cyan",
      "y": 94,
      "shape": "sphere",
      "rotation": 321.57861167103874
    }
  ]
}