{
  "image_filename": "CLEVR_new_000253.png",
  "directions": {
    "above": [
      0.0,
      0.0,
      1.0
    ],
    "behind": [
      -0.754490315914154,
      0.6563112735748291,
      0.0
    ],
    "left": [
      -0.6563112735748291,
      -0.7544902563095093,
      0.0
    ],
    "below": [
      -0.0,
      -0.0,
      -1.0
    ],
    "right": [
      0.6563112735748291,
      0.7544902563095093,
      -0.0
    ],
    "front": [
      0.754490315914154,
      -0.6563112735748291,
      -0.0
    ]
  },
  "relationships": {
    "left": [
      [
        1,
        2,
        3,
        4,
        5,
        7
      ],
      [
        2,
        3,
        4,
        5,
        7
      ],
      [
        4
      ],
      [
        2,
        4
      ],
      [],
      [
        2,
        3,
        4,
        7
      ],
      [
        0,
        1,
        2,
        3,
        4,
        5,
        7
      ],
      [
        2,
        3,
        4
      ]
    ],
    "front": [
      [
        3
      ],
      [
        0,
        2,
        3,
        4,
        6,
        7
      ],
      [
        0,
        3,
        4,
        6,
        7
      ],
      [],
      [
        0,
        3,
        7
      ],
      [
        0,
        1,
        2,
        3,
        4,
        6,
        7
      ],
      [
        0,
        3,
        4,
        7
      ],
      [
        0,
        3
      ]
    ],
    "right": [
      [
        6
      ],
      [
        0,
        6
      ],
      [
        0,
        1,
        3,
        5,
        6,
        7
      ],
      [
        0,
        1,
        5,
        6,
        7
      ],
      [
        0,
        1,
        2,
        3,
        5,
        6,
        7
      ],
      [
        0,
        1,
        6
      ],
      [],
      [
        0,
        1,
        5,
        6
      ]
    ],
    "behind": [
      [
        1,
        2,
        4,
        5,
        6,
        7
      ],
      [
        5
      ],
      [
        1,
        5
      ],
      [
        0,
        1,
        2,
        4,
        5,
        6,
        7
      ],
      [
        1,
        2,
        5,
        6
      ],
      [],
      [
        1,
        2,
        5
      ],
      [
        1,
        2,
        4,
        5,
        6
      ]
    ]
  },
  "split": "new",
  "image_index": 253,
  "objects": [
    {
      "3d_coords": [
        2.771514892578125,
        0.40316441655158997,
        0.699999988079071
      ],
      "x": 209,
      "pixel_coords": [
        241,
        131,
        8.918051719665527
      ],
      "material": "metal",
      "size": "large",
      "width": 65,
      "height": 77,
      "color": "yellow",
      "y": 94,
      "shape": "cube",
      "rotation": 107.4082811411867
    },
    {
      "3d_coords": [
        -0.8212226033210754,
        2.746411085128784,
        0.3499999940395355
      ],
      "x": 194,
      "pixel_coords": [
        204,
        81,
        12.845742225646973
      ],
      "material": "rubber",
      "size": "small",
      "width": 19,
      "height": 19,
      "color": "gray",
      "y": 72,
      "shape": "sphere",
      "rotation": 163.11134234662848
    },
    {
      "3d_coords": [
        -2.6578266620635986,
        -1.0575286149978638,
        0.3499999940395355
      ],
      "x": 75,
      "pixel_coords": [
        87,
        92,
        11.970105171203613
      ],
      "material": "rubber",
      "size": "small",
      "width": 23,
      "height": 27,
      "color": "green",
      "y": 79,
      "shape": "cylinder",
      "rotation": 153.9989027574643
    },
    {
      "3d_coords": [
        2.3302910327911377,
        -2.6911611557006836,
        0.699999988079071
      ],
      "x": 96,
      "pixel_coords": [
        132,
        168,
        7.4873552322387695
      ],
      "material": "rubber",
      "size": "large",
      "width": 73,
      "height": 93,
      "color": "blue",
      "y": 124,
      "shape": "cube",
      "rotation": 180.1221541068366
    },
    {
      "3d_coords": [
        -2.5940959453582764,
        -2.743940591812134,
        0.699999988079071
      ],
      "x": 9,
      "pixel_coords": [
        38,
        96,
        10.818211555480957
      ],
      "material": "metal",
      "size": "large",
      "width": 58,
      "height": 62,
      "color": "gray",
      "y": 66,
      "shape": "cube",
      "rotation": 315.4578803368379
    },
    {
      "3d_coords": [
        -2.3064706325531006,
        2.6446354389190674,
        0.699999988079071
      ],
      "x": 157,
      "pixel_coords": [
        175,
        62,
        13.637736320495605
      ],
      "material": "metal",
      "size": "large",
      "width": 36,
      "height": 36,
      "color": "yellow",
      "y": 44,
      "shape": "sphere",
      "rotation": 36.32629109039959
    },
    {
      "3d_coords": [
        1.4548377990722656,
        2.7485227584838867,
        0.699999988079071
      ],
      "x": 227,
      "pixel_coords": [
        256,
        91,
        11.129166603088379
      ],
      "material": "metal",
      "size": "large",
      "width": 62,
      "height": 58,
      "color": "green",
      "y": 63,
      "shape": "cube",
      "rotation": 27.763512373113723
    },
    {
      "3d_coords": [
        0.631915807723999,
        -0.44419828057289124,
        0.3499999940395355
      ],
      "x": 148,
      "pixel_coords": [
        162,
        122,
        10.068449020385742
      ],
      "material": "metal",
      "size": "small",
      "width": 27,
      "height": 33,
      "color": "yellow",
      "y": 106,
      "shape": "cube",
      "rotation": 47.86101135123695
    }
  ]
}