{
  "image_filename": "CLEVR_new_000460.png",
  "directions": {
    "above": [
      0.0,
      0.0,
      1.0
    ],
    "behind": [
      -0.754490315914154,
      0.6563112735748291,
      0.0
    ],
    "left": [
      -0.6563112735748291,
      -0.7544902563095093,
      0.0
    ],
    "below": [
      -0.0,
      -0.0,
      -1.0
    ],
    "right": [
      0.6563112735748291,
      0.7544902563095093,
      -0.0
    ],
    "front": [
      0.754490315914154,
      -0.6563112735748291,
      -0.0
    ]
  },
  "relationships": {
    "left": [
      [
        4
      ],
      [
        0,
        4,
        5
      ],
      [
        0,
        1,
        4,
        5,
        6
      ],
      [
        0,
        1,
        2,
        4,
        5,
        6
      ],
      [],
      [
        0,
        4
      ],
      [
        0,
        1,
        4,
        5
      ]
    ],
    "front": [
      [],
      [
        0,
        2,
        3,
        4,
        6
      ],
      [
        0
      ],
      [
        0,
        2
      ],
      [
        0,
        2,
        3,
        6
      ],
      [
        0,
        1,
        2,
        3,
        4,
        6
      ],
      [
        0,
        2,
        3
      ]
    ],
    "right": [
      [
        1,
        2,
        3,
        5,
        6
      ],
      [
        2,
        3,
        6
      ],
      [
        3
      ],
      [],
      [
        0,
        1,
        2,
        3,
        5,
        6
      ],
      [
        1,
        2,
        3,
        6
      ],
      [
        2,
        3
      ]
    ],
    "behind": [
      [
        1,
        2,
        3,
        4,
        5,
        6
      ],
      [
        5
      ],
      [
        1,
        3,
        4,
        5,
        6
      ],
      [
        1,
        4,
        5,
        6
      ],
      [
        1,
        5
      ],
      [],
      [
        1,
        4,
        5
      ]
    ]
  },
  "split": "new",
  "image_index": 460,
  "objects": [
    {
      "3d_coords": [
        0.7922511100769043,
        -2.3386640548706055,
        0.3499999940395355
      ],
      "x": 97,
      "pixel_coords": [
        110,
        144,
        9.292623519897461
      ],
      "material": "metal",
      "size": "small",
      "width": 27,
      "height": 26,
      "color": "cyan",
      "y": 131,
      "shape": "sphere",
      "rotation": 345.73271904781524
    },
    {
      "3d_coords": [
        -1.121834635734558,
        2.5201311111450195,
        0.3499999940395355
      ],
      "x": 184,
      "pixel_coords": [
        193,
        82,
        13.325135231018066
      ],
      "material": "rubber",
      "size": "small",
      "width": 18,
      "height": 18,
      "color": "cyan",
      "y": 73,
      "shape": "sphere",
      "rotation": 347.2089372394589
    },
    {
      "3d_coords": [
        2.463099718093872,
        0.9737661480903625,
        0.3499999940395355
      ],
      "x": 227,
      "pixel_coords": [
        241,
        130,
        9.98399543762207
      ],
      "material": "rubber",
      "size": "small",
      "width": 27,
      "height": 33,
      "color": "purple",
      "y": 114,
      "shape": "cylinder",
      "rotation": 164.85755276005
    },
    {
      "3d_coords": [
        1.992207407951355,
        2.1964967250823975,
        0.3499999940395355
      ],
      "x": 238,
      "pixel_coords": [
        254,
        113,
        10.991326332092285
      ],
      "material": "rubber",
      "size": "small",
      "width": 33,
      "height": 32,
      "color": "gray",
      "y": 97,
      "shape": "cube",
      "rotation": 89.44743547189307
    },
    {
      "3d_coords": [
        -2.3460700511932373,
        -1.42362380027771,
        0.699999988079071
      ],
      "x": 60,
      "pixel_coords": [
        84,
        89,
        11.81218147277832
      ],
      "material": "rubber",
      "size": "large",
      "width": 46,
      "height": 54,
      "color": "green",
      "y": 63,
      "shape": "cylinder",
      "rotation": 87.59173862364001
    },
    {
      "3d_coords": [
        -2.5593323707580566,
        2.624674081802368,
        0.699999988079071
      ],
      "x": 153,
      "pixel_coords": [
        171,
        64,
        14.216691017150879
      ],
      "material": "metal",
      "size": "large",
      "width": 38,
      "height": 43,
      "color": "yellow",
      "y": 42,
      "shape": "cube",
      "rotation": 132.90858058158418
    },
    {
      "3d_coords": [
        0.9677363634109497,
        1.6456680297851562,
        0.3499999940395355
      ],
      "x": 207,
      "pixel_coords": [
        218,
        107,
        11.39264965057373
      ],
      "material": "metal",
      "size": "small",
      "width": 22,
      "height": 22,
      "color": "yellow",
      "y": 96,
      "shape": "sphere",
      "rotation": 230.09493047663906
    }
  ]
}