{
  "image_filename": "CLEVR_new_000469.png",
  "directions": {
    "above": [
      0.0,
      0.0,
      1.0
    ],
    "behind": [
      -0.754490315914154,
      0.6563112735748291,
      0.0
    ],
    "left": [
      -0.6563112735748291,
      -0.7544902563095093,
      0.0
    ],
    "below": [
      -0.0,
      -0.0,
      -1.0
    ],
    "right": [
      0.6563112735748291,
      0.7544902563095093,
      -0.0
    ],
    "front": [
      0.754490315914154,
      -0.6563112735748291,
      -0.0
    ]
  },
  "relationships": {
    "left": [
      [
        1,
        5,
        6
      ],
      [
        5
      ],
      [
        0,
        1,
        3,
        5,
        6
      ],
      [
        0,
        1,
        5,
        6
      ],
      [
        0,
        1,
        2,
        3,
        5,
        6
      ],
      [],
      [
        1,
        5
      ],
      [
        0,
        1,
        2,
        3,
        4,
        5,
        6
      ]
    ],
    "front": [
      [
        1,
        2,
        3,
        4,
        5,
        7
      ],
      [
        2,
        3,
        7
      ],
      [
        3
      ],
      [],
      [
        1,
        2,
        3,
        7
      ],
      [
        1,
        2,
        3,
        4,
        7
      ],
      [
        0,
        1,
        2,
        3,
        4,
        5,
        7
      ],
      [
        2,
        3
      ]
    ],
    "right": [
      [
        2,
        3,
        4,
        7
      ],
      [
        0,
        2,
        3,
        4,
        6,
        7
      ],
      [
        4,
        7
      ],
      [
        2,
        4,
        7
      ],
      [
        7
      ],
      [
        0,
        1,
        2,
        3,
        4,
        6,
        7
      ],
      [
        0,
        2,
        3,
        4,
        7
      ],
      []
    ],
    "behind": [
      [
        6
      ],
      [
        0,
        4,
        5,
        6
      ],
      [
        0,
        1,
        4,
        5,
        6,
        7
      ],
      [
        0,
        1,
        2,
        4,
        5,
        6,
        7
      ],
      [
        0,
        5,
        6
      ],
      [
        0,
        6
      ],
      [],
      [
        0,
        1,
        4,
        5,
        6
      ]
    ]
  },
  "split": "new",
  "image_index": 469,
  "objects": [
    {
      "3d_coords": [
        -1.114434003829956,
        0.3801596462726593,
        0.3499999940395355
      ],
      "x": 135,
      "pixel_coords": [
        146,
        95,
        11.928061485290527
      ],
      "material": "rubber",
      "size": "small",
      "width": 21,
      "height": 21,
      "color": "blue",
      "y": 85,
      "shape": "sphere",
      "rotation": 359.72474328226076
    },
    {
      "3d_coords": [
        -0.8598109483718872,
        -2.4393839836120605,
        0.3499999940395355
      ],
      "x": 64,
      "pixel_coords": [
        78,
        128,
        10.100541114807129
      ],
      "material": "rubber",
      "size": "small",
      "width": 27,
      "height": 33,
      "color": "green",
      "y": 112,
      "shape": "cylinder",
      "rotation": 303.5644842502852
    },
    {
      "3d_coords": [
        1.7198283672332764,
        -0.972105085849762,
        0.3499999940395355
      ],
      "x": 160,
      "pixel_coords": [
        178,
        145,
        9.349589347839355
      ],
      "material": "metal",
      "size": "small",
      "width": 35,
      "height": 39,
      "color": "blue",
      "y": 126,
      "shape": "cube",
      "rotation": 172.63924664110388
    },
    {
      "3d_coords": [
        2.2515053749084473,
        -1.9840444326400757,
        0.3499999940395355
      ],
      "x": 150,
      "pixel_coords": [
        164,
        171,
        8.417387008666992
      ],
      "material": "rubber",
      "size": "small",
      "width": 29,
      "height": 29,
      "color": "blue",
      "y": 156,
      "shape": "sphere",
      "rotation": 118.47172204967025
    },
    {
      "3d_coords": [
        1.233742594718933,
        1.0621098279953003,
        0.3499999940395355
      ],
      "x": 200,
      "pixel_coords": [
        212,
        113,
        10.857848167419434
      ],
      "material": "rubber",
      "size": "small",
      "width": 24,
      "height": 30,
      "color": "cyan",
      "y": 98,
      "shape": "cylinder",
      "rotation": 346.5328646979361
    },
    {
      "3d_coords": [
        -2.889577865600586,
        -2.800499439239502,
        0.699999988079071
      ],
      "x": 3,
      "pixel_coords": [
        32,
        98,
        10.983508110046387
      ],
      "material": "metal",
      "size": "large",
      "width": 55,
      "height": 59,
      "color": "cyan",
      "y": 69,
      "shape": "cylinder",
      "rotation": 237.37011352589508
    },
    {
      "3d_coords": [
        -2.3635847568511963,
        -0.18535956740379333,
        0.699999988079071
      ],
      "x": 81,
      "pixel_coords": [
        110,
        80,
        12.200255393981934
      ],
      "material": "rubber",
      "size": "large",
      "width": 56,
      "height": 56,
      "color": "purple",
      "y": 52,
      "shape": "cube",
      "rotation": 53.474530782964024
    },
    {
      "3d_coords": [
        2.4788737297058105,
        0.6581479907035828,
        0.699999988079071
      ],
      "x": 212,
      "pixel_coords": [
        239,
        123,
        9.660334587097168
      ],
      "material": "metal",
      "size": "large",
      "width": 57,
      "height": 69,
      "color": "brown",
      "y": 89,
      "shape": "cylinder",
      "rotation": 147.43498097527677
    }
  ]
}