{
  "image_filename": "CLEVR_new_000437.png",
  "directions": {
    "above": [
      0.0,
      0.0,
      1.0
    ],
    "behind": [
      -0.754490315914154,
      0.6563112735748291,
      0.0
    ],
    "left": [
      -0.6563112735748291,
      -0.7544902563095093,
      0.0
    ],
    "below": [
      -0.0,
      -0.0,
      -1.0
    ],
    "right": [
      0.6563112735748291,
      0.7544902563095093,
      -0.0
    ],
    "front": [
      0.754490315914154,
      -0.6563112735748291,
      -0.0
    ]
  },
  "relationships": {
    "left": [
      [
        2,
        4,
        5,
        6
      ],
      [
        0,
        2,
        4,
        5,
        6
      ],
      [],
      [
        0,
        1,
        2,
        4,
        5,
        6
      ],
      [
        2
      ],
      [
        2,
        4
      ],
      [
        2,
        4,
        5
      ],
      [
        0,
        1,
        2,
        3,
        4,
        5,
        6
      ]
    ],
    "front": [
      [
        2,
        3,
        6
      ],
      [
        0,
        2,
        3,
        6
      ],
      [
        3,
        6
      ],
      [
        6
      ],
      [
        0,
        1,
        2,
        3,
        6
      ],
      [
        0,
        1,
        2,
        3,
        4,
        6,
        7
      ],
      [],
      [
        0,
        1,
        2,
        3,
        4,
        6
      ]
    ],
    "right": [
      [
        1,
        3,
        7
      ],
      [
        3,
        7
      ],
      [
        0,
        1,
        3,
        4,
        5,
        6,
        7
      ],
      [
        7
      ],
      [
        0,
        1,
        3,
        5,
        6,
        7
      ],
      [
        0,
        1,
        3,
        6,
        7
      ],
      [
        0,
        1,
        3,
        7
      ],
      []
    ],
    "behind": [
      [
        1,
        4,
        5,
        7
      ],
      [
        4,
        5,
        7
      ],
      [
        0,
        1,
        4,
        5,
        7
      ],
      [
        0,
        1,
        2,
        4,
        5,
        7
      ],
      [
        5,
        7
      ],
      [],
      [
        0,
        1,
        2,
        3,
        4,
        5,
        7
      ],
      [
        5
      ]
    ]
  },
  "split": "new",
  "image_index": 437,
  "objects": [
    {
      "3d_coords": [
        0.6469433903694153,
        -0.28351616859436035,
        0.3499999940395355
      ],
      "x": 156,
      "pixel_coords": [
        167,
        121,
        10.770764350891113
      ],
      "material": "rubber",
      "size": "small",
      "width": 23,
      "height": 31,
      "color": "green",
      "y": 106,
      "shape": "cylinder",
      "rotation": 168.3356202953504
    },
    {
      "3d_coords": [
        0.4344766139984131,
        1.1601638793945312,
        0.699999988079071
      ],
      "x": 173,
      "pixel_coords": [
        195,
        95,
        11.574362754821777
      ],
      "material": "rubber",
      "size": "large",
      "width": 44,
      "height": 56,
      "color": "gray",
      "y": 68,
      "shape": "cylinder",
      "rotation": 8.749084291085353
    },
    {
      "3d_coords": [
        -0.7754095792770386,
        -2.6570496559143066,
        0.699999988079071
      ],
      "x": 45,
      "pixel_coords": [
        74,
        119,
        10.160246849060059
      ],
      "material": "rubber",
      "size": "large",
      "width": 57,
      "height": 67,
      "color": "brown",
      "y": 86,
      "shape": "cube",
      "rotation": 321.5725962455822
    },
    {
      "3d_coords": [
        2.9694793224334717,
        -0.0829380452632904,
        0.699999988079071
      ],
      "x": 204,
      "pixel_coords": [
        232,
        139,
        9.194844245910645
      ],
      "material": "rubber",
      "size": "large",
      "width": 59,
      "height": 73,
      "color": "cyan",
      "y": 104,
      "shape": "cylinder",
      "rotation": 301.0319514518889
    },
    {
      "3d_coords": [
        -1.7378976345062256,
        -0.6456617712974548,
        0.3499999940395355
      ],
      "x": 102,
      "pixel_coords": [
        113,
        99,
        12.123880386352539
      ],
      "material": "metal",
      "size": "small",
      "width": 22,
      "height": 27,
      "color": "red",
      "y": 86,
      "shape": "cylinder",
      "rotation": 308.4509148229229
    },
    {
      "3d_coords": [
        -2.410475969314575,
        0.9231261014938354,
        0.699999988079071
      ],
      "x": 117,
      "pixel_coords": [
        136,
        73,
        13.301257133483887
      ],
      "material": "metal",
      "size": "large",
      "width": 38,
      "height": 48,
      "color": "red",
      "y": 50,
      "shape": "cylinder",
      "rotation": 256.5109673711442
    },
    {
      "3d_coords": [
        2.10756254196167,
        -2.3911855220794678,
        0.3499999940395355
      ],
      "x": 129,
      "pixel_coords": [
        144,
        170,
        8.595329284667969
      ],
      "material": "metal",
      "size": "small",
      "width": 29,
      "height": 40,
      "color": "red",
      "y": 151,
      "shape": "cylinder",
      "rotation": 291.314884701135
    },
    {
      "3d_coords": [
        0.5996738076210022,
        2.9066081047058105,
        0.3499999940395355
      ],
      "x": 221,
      "pixel_coords": [
        231,
        92,
        12.646000862121582
      ],
      "material": "rubber",
      "size": "small",
      "width": 20,
      "height": 19,
      "color": "blue",
      "y": 82,
      "shape": "sphere",
      "rotation": 69.20822316804508
    }
  ]
}