{
  "image_filename": "CLEVR_new_000500.png",
  "directions": {
    "above": [
      0.0,
      0.0,
      1.0
    ],
    "behind": [
      -0.754490315914154,
      0.6563112735748291,
      0.0
    ],
    "left": [
      -0.6563112735748291,
      -0.7544902563095093,
      0.0
    ],
    "below": [
      -0.0,
      -0.0,
      -1.0
    ],
    "right": [
      0.6563112735748291,
      0.7544902563095093,
      -0.0
    ],
    "front": [
      0.754490315914154,
      -0.6563112735748291,
      -0.0
    ]
  },
  "relationships": {
    "left": [
      [],
      [
        0,
        2,
        4,
        5,
        6
      ],
      [
        0,
        6
      ],
      [
        0,
        1,
        2,
        4,
        5,
        6
      ],
      [
        0,
        2,
        6
      ],
      [
        0,
        2,
        4,
        6
      ],
      [
        0
      ]
    ],
    "front": [
      [
        3,
        4,
        5,
        6
      ],
      [
        0,
        2,
        3,
        4,
        5,
        6
      ],
      [
        0,
        3,
        4,
        5,
        6
      ],
      [
        4,
        6
      ],
      [],
      [
        3,
        4,
        6
      ],
      [
        4
      ]
    ],
    "right": [
      [
        1,
        2,
        3,
        4,
        5,
        6
      ],
      [
        3
      ],
      [
        1,
        3,
        4,
        5
      ],
      [],
      [
        1,
        3,
        5
      ],
      [
        1,
        3
      ],
      [
        1,
        2,
        3,
        4,
        5
      ]
    ],
    "behind": [
      [
        1,
        2
      ],
      [],
      [
        1
      ],
      [
        0,
        1,
        2,
        5
      ],
      [
        0,
        1,
        2,
        3,
        5,
        6
      ],
      [
        0,
        1,
        2
      ],
      [
        0,
        1,
        2,
        3,
        5
      ]
    ]
  },
  "split": "new",
  "image_index": 500,
  "objects": [
    {
      "3d_coords": [
        -2.733752489089966,
        -1.7977572679519653,
        0.3499999940395355
      ],
      "x": 53,
      "pixel_coords": [
        68,
        97,
        11.846026420593262
      ],
      "material": "rubber",
      "size": "small",
      "width": 30,
      "height": 29,
      "color": "red",
      "y": 83,
      "shape": "cube",
      "rotation": 89.61184472942978
    },
    {
      "3d_coords": [
        -1.6854299306869507,
        2.962794542312622,
        0.699999988079071
      ],
      "x": 175,
      "pixel_coords": [
        193,
        67,
        13.609213829040527
      ],
      "material": "rubber",
      "size": "large",
      "width": 36,
      "height": 36,
      "color": "red",
      "y": 49,
      "shape": "sphere",
      "rotation": 166.4391023321643
    },
    {
      "3d_coords": [
        -2.8194751739501953,
        -0.24669550359249115,
        0.3499999940395355
      ],
      "x": 96,
      "pixel_coords": [
        107,
        86,
        12.770042419433594
      ],
      "material": "rubber",
      "size": "small",
      "width": 21,
      "height": 25,
      "color": "cyan",
      "y": 74,
      "shape": "cylinder",
      "rotation": 14.632625223802066
    },
    {
      "3d_coords": [
        2.3677477836608887,
        1.4164793491363525,
        0.3499999940395355
      ],
      "x": 237,
      "pixel_coords": [
        250,
        124,
        10.076025009155273
      ],
      "material": "rubber",
      "size": "small",
      "width": 25,
      "height": 24,
      "color": "brown",
      "y": 112,
      "shape": "sphere",
      "rotation": 83.73955541246461
    },
    {
      "3d_coords": [
        1.9540729522705078,
        -2.753932476043701,
        0.699999988079071
      ],
      "x": 84,
      "pixel_coords": [
        119,
        157,
        7.883749485015869
      ],
      "material": "rubber",
      "size": "large",
      "width": 66,
      "height": 85,
      "color": "yellow",
      "y": 116,
      "shape": "cylinder",
      "rotation": 337.9521316603106
    },
    {
      "3d_coords": [
        0.2879909873008728,
        -0.23303773999214172,
        0.3499999940395355
      ],
      "x": 148,
      "pixel_coords": [
        160,
        115,
        10.608651161193848
      ],
      "material": "rubber",
      "size": "small",
      "width": 23,
      "height": 30,
      "color": "blue",
      "y": 100,
      "shape": "cylinder",
      "rotation": 93.00464006517923
    },
    {
      "3d_coords": [
        -0.428854763507843,
        -2.89221453666687,
        0.3499999940395355
      ],
      "x": 55,
      "pixel_coords": [
        68,
        133,
        9.627432823181152
      ],
      "material": "metal",
      "size": "small",
      "width": 26,
      "height": 25,
      "color": "red",
      "y": 120,
      "shape": "sphere",
      "rotation": 174.80092100727188
    }
  ]
}