{
  "image_filename": "CLEVR_new_000244.png",
  "directions": {
    "above": [
      0.0,
      0.0,
      1.0
    ],
    "behind": [
      -0.754490315914154,
      0.6563112735748291,
      0.0
    ],
    "left": [
      -0.6563112735748291,
      -0.7544902563095093,
      0.0
    ],
    "below": [
      -0.0,
      -0.0,
      -1.0
    ],
    "right": [
      0.6563112735748291,
      0.7544902563095093,
      -0.0
    ],
    "front": [
      0.754490315914154,
      -0.6563112735748291,
      -0.0
    ]
  },
  "relationships": {
    "left": [
      [
        1
      ],
      [],
      [
        0,
        1,
        4,
        8
      ],
      [
        0,
        1,
        2,
        4,
        5,
        8
      ],
      [
        0,
        1
      ],
      [
        0,
        1,
        2,
        4,
        8
      ],
      [
        0,
        1,
        2,
        3,
        4,
        5,
        8,
        9
      ],
      [
        0,
        1,
        2,
        3,
        4,
        5,
        6,
        8,
        9
      ],
      [
        0,
        1,
        4
      ],
      [
        0,
        1,
        2,
        3,
        4,
        5,
        8
      ]
    ],
    "front": [
      [
        2,
        3,
        6,
        8
      ],
      [
        0,
        2,
        3,
        6,
        7,
        8
      ],
      [
        8
      ],
      [
        2,
        8
      ],
      [
        0,
        1,
        2,
        3,
        6,
        7,
        8,
        9
      ],
      [
        0,
        1,
        2,
        3,
        4,
        6,
        7,
        8,
        9
      ],
      [
        2,
        3,
        8
      ],
      [
        0,
        2,
        3,
        6,
        8
      ],
      [],
      [
        0,
        1,
        2,
        3,
        6,
        7,
        8
      ]
    ],
    "right": [
      [
        2,
        3,
        4,
        5,
        6,
        7,
        8,
        9
      ],
      [
        0,
        2,
        3,
        4,
        5,
        6,
        7,
        8,
        9
      ],
      [
        3,
        5,
        6,
        7,
        9
      ],
      [
        6,
        7,
        9
      ],
      [
        2,
        3,
        5,
        6,
        7,
        8,
        9
      ],
      [
        3,
        6,
        7,
        9
      ],
      [
        7
      ],
      [],
      [
        2,
        3,
        5,
        6,
        7,
        9
      ],
      [
        6,
        7
      ]
    ],
    "behind": [
      [
        1,
        4,
        5,
        7,
        9
      ],
      [
        4,
        5,
        9
      ],
      [
        0,
        1,
        3,
        4,
        5,
        6,
        7,
        9
      ],
      [
        0,
        1,
        4,
        5,
        6,
        7,
        9
      ],
      [
        5
      ],
      [],
      [
        0,
        1,
        4,
        5,
        7,
        9
      ],
      [
        1,
        4,
        5,
        9
      ],
      [
        0,
        1,
        2,
        3,
        4,
        5,
        6,
        7,
        9
      ],
      [
        4,
        5
      ]
    ]
  },
  "split": "new",
  "image_index": 244,
  "objects": [
    {
      "3d_coords": [
        -0.7226236462593079,
        -1.5365828275680542,
        0.699999988079071
      ],
      "x": 81,
      "pixel_coords": [
        105,
        108,
        10.242256164550781
      ],
      "material": "rubber",
      "size": "large",
      "width": 48,
      "height": 48,
      "color": "red",
      "y": 84,
      "shape": "sphere",
      "rotation": 359.54622732777966
    },
    {
      "3d_coords": [
        -2.4054746627807617,
        -2.1220035552978516,
        0.3499999940395355
      ],
      "x": 43,
      "pixel_coords": [
        59,
        107,
        11.10050106048584
      ],
      "material": "rubber",
      "size": "small",
      "width": 30,
      "height": 29,
      "color": "cyan",
      "y": 93,
      "shape": "cube",
      "rotation": 307.0008789746401
    },
    {
      "3d_coords": [
        2.257030963897705,
        -1.6293916702270508,
        0.3499999940395355
      ],
      "x": 163,
      "pixel_coords": [
        178,
        159,
        8.459867477416992
      ],
      "material": "rubber",
      "size": "small",
      "width": 30,
      "height": 40,
      "color": "yellow",
      "y": 140,
      "shape": "cylinder",
      "rotation": 243.76588649553588
    },
    {
      "3d_coords": [
        2.0708577632904053,
        -0.12350375205278397,
        0.3499999940395355
      ],
      "x": 194,
      "pixel_coords": [
        210,
        135,
        9.51921558380127
      ],
      "material": "rubber",
      "size": "small",
      "width": 34,
      "height": 36,
      "color": "gray",
      "y": 117,
      "shape": "cube",
      "rotation": 1.1033368766506868
    },
    {
      "3d_coords": [
        -1.7724343538284302,
        0.7175095677375793,
        0.699999988079071
      ],
      "x": 119,
      "pixel_coords": [
        139,
        79,
        12.31562614440918
      ],
      "material": "metal",
      "size": "large",
      "width": 40,
      "height": 40,
      "color": "blue",
      "y": 59,
      "shape": "sphere",
      "rotation": 104.71192282053656
    },
    {
      "3d_coords": [
        -1.355800986289978,
        2.3254380226135254,
        0.3499999940395355
      ],
      "x": 169,
      "pixel_coords": [
        179,
        80,
        13.217584609985352
      ],
      "material": "metal",
      "size": "small",
      "width": 19,
      "height": 24,
      "color": "yellow",
      "y": 69,
      "shape": "cylinder",
      "rotation": 219.2193185751546
    },
    {
      "3d_coords": [
        2.3153114318847656,
        1.1904780864715576,
        0.3499999940395355
      ],
      "x": 232,
      "pixel_coords": [
        245,
        122,
        10.18623161315918
      ],
      "material": "metal",
      "size": "small",
      "width": 27,
      "height": 32,
      "color": "yellow",
      "y": 106,
      "shape": "cylinder",
      "rotation": 275.0107166591295
    },
    {
      "3d_coords": [
        2.404916286468506,
        2.7908172607421875,
        0.699999988079071
      ],
      "x": 254,
      "pixel_coords": [
        277,
        96,
        10.970198631286621
      ],
      "material": "metal",
      "size": "large",
      "width": 47,
      "height": 45,
      "color": "green",
      "y": 74,
      "shape": "sphere",
      "rotation": 163.74508954963486
    },
    {
      "3d_coords": [
        2.6139135360717773,
        -2.5550649166107178,
        0.3499999940395355
      ],
      "x": 145,
      "pixel_coords": [
        161,
        182,
        7.655359268188477
      ],
      "material": "rubber",
      "size": "small",
      "width": 32,
      "height": 33,
      "color": "cyan",
      "y": 166,
      "shape": "sphere",
      "rotation": 257.94942856063443
    },
    {
      "3d_coords": [
        0.26241379976272583,
        2.0180389881134033,
        0.3499999940395355
      ],
      "x": 197,
      "pixel_coords": [
        207,
        94,
        12.001983642578125
      ],
      "material": "rubber",
      "size": "small",
      "width": 22,
      "height": 27,
      "color": "brown",
      "y": 81,
      "shape": "cylinder",
      "rotation": 303.8171997803788
    }
  ]
}