{
  "image_filename": "CLEVR_new_000275.png",
  "directions": {
    "above": [
      0.0,
      0.0,
      1.0
    ],
    "behind": [
      -0.754490315914154,
      0.6563112735748291,
      0.0
    ],
    "left": [
      -0.6563112735748291,
      -0.7544902563095093,
      0.0
    ],
    "below": [
      -0.0,
      -0.0,
      -1.0
    ],
    "right": [
      0.6563112735748291,
      0.7544902563095093,
      -0.0
    ],
    "front": [
      0.754490315914154,
      -0.6563112735748291,
      -0.0
    ]
  },
  "relationships": {
    "left": [
      [
        1,
        2,
        4,
        5,
        7
      ],
      [
        5
      ],
      [
        1,
        5
      ],
      [
        0,
        1,
        2,
        4,
        5,
        6,
        7
      ],
      [
        1,
        2,
        5
      ],
      [],
      [
        0,
        1,
        2,
        4,
        5,
        7
      ],
      [
        1,
        2,
        4,
        5
      ]
    ],
    "front": [
      [
        1,
        2,
        3,
        4,
        5,
        6,
        7
      ],
      [
        2,
        5,
        6,
        7
      ],
      [],
      [
        1,
        2,
        5,
        6,
        7
      ],
      [
        1,
        2,
        3,
        5,
        6,
        7
      ],
      [
        2
      ],
      [
        2,
        5
      ],
      [
        2,
        5,
        6
      ]
    ],
    "right": [
      [
        3,
        6
      ],
      [
        0,
        2,
        3,
        4,
        6,
        7
      ],
      [
        0,
        3,
        4,
        6,
        7
      ],
      [],
      [
        0,
        3,
        6,
        7
      ],
      [
        0,
        1,
        2,
        3,
        4,
        6,
        7
      ],
      [
        3
      ],
      [
        0,
        3,
        6
      ]
    ],
    "behind": [
      [],
      [
        0,
        3,
        4
      ],
      [
        0,
        1,
        3,
        4,
        5,
        6,
        7
      ],
      [
        0,
        4
      ],
      [
        0
      ],
      [
        0,
        1,
        3,
        4,
        6,
        7
      ],
      [
        0,
        1,
        3,
        4,
        7
      ],
      [
        0,
        1,
        3,
        4
      ]
    ]
  },
  "split": "new",
  "image_index": 275,
  "objects": [
    {
      "3d_coords": [
        -1.0018242597579956,
        2.976515769958496,
        0.699999988079071
      ],
      "x": 182,
      "pixel_coords": [
        201,
        73,
        13.617276191711426
      ],
      "material": "rubber",
      "size": "large",
      "width": 38,
      "height": 46,
      "color": "blue",
      "y": 50,
      "shape": "cylinder",
      "rotation": 236.01231563905105
    },
    {
      "3d_coords": [
        -0.9386572241783142,
        -0.872710108757019,
        0.3499999940395355
      ],
      "x": 106,
      "pixel_coords": [
        121,
        109,
        11.466524124145508
      ],
      "material": "metal",
      "size": "small",
      "width": 29,
      "height": 30,
      "color": "brown",
      "y": 94,
      "shape": "cube",
      "rotation": 72.21328372709847
    },
    {
      "3d_coords": [
        1.5099127292633057,
        -2.385969400405884,
        0.699999988079071
      ],
      "x": 100,
      "pixel_coords": [
        128,
        143,
        8.770325660705566
      ],
      "material": "metal",
      "size": "large",
      "width": 56,
      "height": 56,
      "color": "cyan",
      "y": 115,
      "shape": "sphere",
      "rotation": 349.72145617475064
    },
    {
      "3d_coords": [
        1.8138303756713867,
        2.9669954776763916,
        0.699999988079071
      ],
      "x": 241,
      "pixel_coords": [
        262,
        93,
        11.71516227722168
      ],
      "material": "rubber",
      "size": "large",
      "width": 44,
      "height": 42,
      "color": "gray",
      "y": 72,
      "shape": "sphere",
      "rotation": 305.2732771148216
    },
    {
      "3d_coords": [
        -0.5293431282043457,
        0.9503323435783386,
        0.699999988079071
      ],
      "x": 150,
      "pixel_coords": [
        171,
        89,
        12.106879234313965
      ],
      "material": "metal",
      "size": "large",
      "width": 42,
      "height": 52,
      "color": "brown",
      "y": 63,
      "shape": "cylinder",
      "rotation": 35.59753655528435
    },
    {
      "3d_coords": [
        0.10618464648723602,
        -2.812095880508423,
        0.3499999940395355
      ],
      "x": 70,
      "pixel_coords": [
        86,
        140,
        9.621676445007324
      ],
      "material": "rubber",
      "size": "small",
      "width": 31,
      "height": 36,
      "color": "brown",
      "y": 122,
      "shape": "cube",
      "rotation": 291.7773066875841
    },
    {
      "3d_coords": [
        2.673159122467041,
        1.0167193412780762,
        0.3499999940395355
      ],
      "x": 235,
      "pixel_coords": [
        247,
        130,
        10.145439147949219
      ],
      "material": "metal",
      "size": "small",
      "width": 25,
      "height": 24,
      "color": "cyan",
      "y": 118,
      "shape": "sphere",
      "rotation": 134.34268499124974
    },
    {
      "3d_coords": [
        1.1539582014083862,
        0.09731967002153397,
        0.3499999940395355
      ],
      "x": 173,
      "pixel_coords": [
        187,
        122,
        10.627761840820312
      ],
      "material": "metal",
      "size": "small",
      "width": 30,
      "height": 32,
      "color": "brown",
      "y": 106,
      "shape": "cube",
      "rotation": 106.4890092873908
    }
  ]
}