{
  "image_filename": "CLEVR_new_000361.png",
  "directions": {
    "above": [
      0.0,
      0.0,
      1.0
    ],
    "behind": [
      -0.754490315914154,
      0.6563112735748291,
      0.0
    ],
    "left": [
      -0.6563112735748291,
      -0.7544902563095093,
      0.0
    ],
    "below": [
      -0.0,
      -0.0,
      -1.0
    ],
    "right": [
      0.6563112735748291,
      0.7544902563095093,
      -0.0
    ],
    "front": [
      0.754490315914154,
      -0.6563112735748291,
      -0.0
    ]
  },
  "relationships": {
    "left": [
      [
        4
      ],
      [
        0,
        2,
        3,
        4,
        5
      ],
      [
        0,
        4
      ],
      [
        0,
        2,
        4
      ],
      [],
      [
        0,
        2,
        3,
        4
      ],
      [
        0,
        1,
        2,
        3,
        4,
        5
      ]
    ],
    "front": [
      [
        5
      ],
      [
        0,
        4,
        5,
        6
      ],
      [
        0,
        1,
        3,
        4,
        5,
        6
      ],
      [
        0,
        1,
        4,
        5,
        6
      ],
      [
        0,
        5,
        6
      ],
      [],
      [
        0,
        5
      ]
    ],
    "right": [
      [
        1,
        2,
        3,
        5,
        6
      ],
      [
        6
      ],
      [
        1,
        3,
        5,
        6
      ],
      [
        1,
        5,
        6
      ],
      [
        0,
        1,
        2,
        3,
        5,
        6
      ],
      [
        1,
        6
      ],
      []
    ],
    "behind": [
      [
        1,
        2,
        3,
        4,
        6
      ],
      [
        2,
        3
      ],
      [],
      [
        2
      ],
      [
        1,
        2,
        3
      ],
      [
        0,
        1,
        2,
        3,
        4,
        6
      ],
      [
        1,
        2,
        3,
        4
      ]
    ]
  },
  "split": "new",
  "image_index": 361,
  "objects": [
    {
      "3d_coords": [
        0.43325382471084595,
        -1.4610835313796997,
        0.3499999940395355
      ],
      "x": 120,
      "pixel_coords": [
        133,
        131,
        10.414631843566895
      ],
      "material": "rubber",
      "size": "small",
      "width": 24,
      "height": 32,
      "color": "brown",
      "y": 115,
      "shape": "cylinder",
      "rotation": 226.61776677617496
    },
    {
      "3d_coords": [
        0.918100893497467,
        2.9844865798950195,
        0.699999988079071
      ],
      "x": 217,
      "pixel_coords": [
        240,
        86,
        12.471732139587402
      ],
      "material": "rubber",
      "size": "large",
      "width": 46,
      "height": 53,
      "color": "green",
      "y": 60,
      "shape": "cube",
      "rotation": 156.07534674921817
    },
    {
      "3d_coords": [
        -2.824054718017578,
        2.553642511367798,
        0.3499999940395355
      ],
      "x": 153,
      "pixel_coords": [
        162,
        69,
        14.859355926513672
      ],
      "material": "rubber",
      "size": "small",
      "width": 17,
      "height": 21,
      "color": "blue",
      "y": 59,
      "shape": "cylinder",
      "rotation": 357.71174781225164
    },
    {
      "3d_coords": [
        -0.9614629149436951,
        1.6477512121200562,
        0.3499999940395355
      ],
      "x": 167,
      "pixel_coords": [
        176,
        88,
        13.114086151123047
      ],
      "material": "rubber",
      "size": "small",
      "width": 19,
      "height": 19,
      "color": "purple",
      "y": 79,
      "shape": "sphere",
      "rotation": 117.31781983376494
    },
    {
      "3d_coords": [
        -2.49098801612854,
        -2.320286273956299,
        0.3499999940395355
      ],
      "x": 48,
      "pixel_coords": [
        60,
        106,
        11.847497940063477
      ],
      "material": "rubber",
      "size": "small",
      "width": 24,
      "height": 27,
      "color": "yellow",
      "y": 92,
      "shape": "cylinder",
      "rotation": 9.559776516697616
    },
    {
      "3d_coords": [
        2.8023159503936768,
        -1.0114266872406006,
        0.699999988079071
      ],
      "x": 175,
      "pixel_coords": [
        202,
        149,
        8.941755294799805
      ],
      "material": "rubber",
      "size": "large",
      "width": 55,
      "height": 55,
      "color": "yellow",
      "y": 122,
      "shape": "sphere",
      "rotation": 65.14736848756408
    },
    {
      "3d_coords": [
        2.813491106033325,
        2.394655704498291,
        0.699999988079071
      ],
      "x": 251,
      "pixel_coords": [
        277,
        109,
        10.885960578918457
      ],
      "material": "metal",
      "size": "large",
      "width": 58,
      "height": 60,
      "color": "brown",
      "y": 80,
      "shape": "cube",
      "rotation": 317.9909919659959
    }
  ]
}