{
  "image_filename": "CLEVR_new_000345.png",
  "directions": {
    "above": [
      0.0,
      0.0,
      1.0
    ],
    "behind": [
      -0.754490315914154,
      0.6563112735748291,
      0.0
    ],
    "left": [
      -0.6563112735748291,
      -0.7544902563095093,
      0.0
    ],
    "below": [
      -0.0,
      -0.0,
      -1.0
    ],
    "right": [
      0.6563112735748291,
      0.7544902563095093,
      -0.0
    ],
    "front": [
      0.754490315914154,
      -0.6563112735748291,
      -0.0
    ]
  },
  "relationships": {
    "left": [
      [
        1,
        2,
        3,
        4,
        5,
        6,
        7,
        8
      ],
      [
        3,
        5,
        6,
        7,
        8
      ],
      [
        1,
        3,
        5,
        6,
        7,
        8
      ],
      [
        7,
        8
      ],
      [
        1,
        2,
        3,
        5,
        6,
        7,
        8
      ],
      [
        3,
        7,
        8
      ],
      [
        3,
        5,
        7,
        8
      ],
      [
        8
      ],
      []
    ],
    "front": [
      [
        1,
        4,
        5,
        7,
        8
      ],
      [],
      [
        0,
        1,
        4,
        5,
        7,
        8
      ],
      [
        0,
        1,
        2,
        4,
        5,
        7,
        8
      ],
      [
        1,
        5
      ],
      [
        1
      ],
      [
        0,
        1,
        2,
        3,
        4,
        5,
        7,
        8
      ],
      [
        1,
        4,
        5
      ],
      [
        1,
        4,
        5,
        7
      ]
    ],
    "right": [
      [],
      [
        0,
        2,
        4
      ],
      [
        0,
        4
      ],
      [
        0,
        1,
        2,
        4,
        5,
        6
      ],
      [
        0
      ],
      [
        0,
        1,
        2,
        4,
        6
      ],
      [
        0,
        1,
        2,
        4
      ],
      [
        0,
        1,
        2,
        3,
        4,
        5,
        6
      ],
      [
        0,
        1,
        2,
        3,
        4,
        5,
        6,
        7
      ]
    ],
    "behind": [
      [
        2,
        3,
        6
      ],
      [
        0,
        2,
        3,
        4,
        5,
        6,
        7,
        8
      ],
      [
        3,
        6
      ],
      [
        6
      ],
      [
        0,
        2,
        3,
        6,
        7,
        8
      ],
      [
        0,
        2,
        3,
        4,
        6,
        7,
        8
      ],
      [],
      [
        0,
        2,
        3,
        6,
        8
      ],
      [
        0,
        2,
        3,
        6
      ]
    ]
  },
  "split": "new",
  "image_index": 345,
  "objects": [
    {
      "3d_coords": [
        1.916410207748413,
        2.3440358638763428,
        0.699999988079071
      ],
      "x": 229,
      "pixel_coords": [
        252,
        100,
        11.480999946594238
      ],
      "material": "metal",
      "size": "large",
      "width": 49,
      "height": 57,
      "color": "gray",
      "y": 72,
      "shape": "cylinder",
      "rotation": 56.80507764038648
    },
    {
      "3d_coords": [
        2.559572696685791,
        -1.458870530128479,
        0.3499999940395355
      ],
      "x": 169,
      "pixel_coords": [
        183,
        163,
        9.059566497802734
      ],
      "material": "metal",
      "size": "small",
      "width": 27,
      "height": 27,
      "color": "green",
      "y": 150,
      "shape": "sphere",
      "rotation": 290.22850245102217
    },
    {
      "3d_coords": [
        -0.6834275126457214,
        1.9803868532180786,
        0.3499999940395355
      ],
      "x": 175,
      "pixel_coords": [
        188,
        88,
        13.14726734161377
      ],
      "material": "metal",
      "size": "small",
      "width": 25,
      "height": 26,
      "color": "cyan",
      "y": 75,
      "shape": "cube",
      "rotation": 153.6917888887917
    },
    {
      "3d_coords": [
        -2.9416887760162354,
        0.5824496150016785,
        0.699999988079071
      ],
      "x": 102,
      "pixel_coords": [
        122,
        71,
        13.65217399597168
      ],
      "material": "metal",
      "size": "large",
      "width": 38,
      "height": 47,
      "color": "yellow",
      "y": 49,
      "shape": "cylinder",
      "rotation": 91.2060645104329
    },
    {
      "3d_coords": [
        2.100933313369751,
        0.13698630034923553,
        0.699999988079071
      ],
      "x": 178,
      "pixel_coords": [
        211,
        125,
        10.098591804504395
      ],
      "material": "metal",
      "size": "large",
      "width": 68,
      "height": 72,
      "color": "blue",
      "y": 90,
      "shape": "cube",
      "rotation": 188.54318820624553
    },
    {
      "3d_coords": [
        0.9652224779129028,
        -2.2076046466827393,
        0.699999988079071
      ],
      "x": 96,
      "pixel_coords": [
        122,
        137,
        9.501264572143555
      ],
      "material": "rubber",
      "size": "large",
      "width": 52,
      "height": 52,
      "color": "purple",
      "y": 112,
      "shape": "sphere",
      "rotation": 50.67446668348122
    },
    {
      "3d_coords": [
        -2.5455901622772217,
        2.1190690994262695,
        0.3499999940395355
      ],
      "x": 149,
      "pixel_coords": [
        158,
        73,
        14.44478988647461
      ],
      "material": "rubber",
      "size": "small",
      "width": 17,
      "height": 22,
      "color": "red",
      "y": 62,
      "shape": "cylinder",
      "rotation": 289.8008502087205
    },
    {
      "3d_coords": [
        -0.6745949983596802,
        -1.9304560422897339,
        0.699999988079071
      ],
      "x": 75,
      "pixel_coords": [
        98,
        112,
        10.73248291015625
      ],
      "material": "metal",
      "size": "large",
      "width": 46,
      "height": 46,
      "color": "purple",
      "y": 90,
      "shape": "sphere",
      "rotation": 128.5337044852732
    },
    {
      "3d_coords": [
        -2.0597474575042725,
        -2.905039072036743,
        0.3499999940395355
      ],
      "x": 33,
      "pixel_coords": [
        50,
        116,
        11.254842758178711
      ],
      "material": "rubber",
      "size": "small",
      "width": 32,
      "height": 30,
      "color": "cyan",
      "y": 101,
      "shape": "cube",
      "rotation": 327.31499150987406
    }
  ]
}