{
  "image_filename": "CLEVR_new_000155.png",
  "directions": {
    "above": [
      0.0,
      0.0,
      1.0
    ],
    "behind": [
      -0.754490315914154,
      0.6563112735748291,
      0.0
    ],
    "left": [
      -0.6563112735748291,
      -0.7544902563095093,
      0.0
    ],
    "below": [
      -0.0,
      -0.0,
      -1.0
    ],
    "right": [
      0.6563112735748291,
      0.7544902563095093,
      -0.0
    ],
    "front": [
      0.754490315914154,
      -0.6563112735748291,
      -0.0
    ]
  },
  "relationships": {
    "left": [
      [
        5
      ],
      [
        0,
        5,
        7
      ],
      [
        0,
        1,
        4,
        5,
        7
      ],
      [
        0,
        1,
        2,
        4,
        5,
        6,
        7
      ],
      [
        0,
        1,
        5,
        7
      ],
      [],
      [
        0,
        1,
        2,
        4,
        5,
        7
      ],
      [
        0,
        5
      ]
    ],
    "front": [
      [
        2,
        3,
        5,
        6,
        7
      ],
      [
        0,
        2,
        3,
        5,
        6,
        7
      ],
      [
        7
      ],
      [
        2,
        7
      ],
      [
        0,
        1,
        2,
        3,
        5,
        6,
        7
      ],
      [
        2,
        3,
        7
      ],
      [
        2,
        3,
        5,
        7
      ],
      []
    ],
    "right": [
      [
        1,
        2,
        3,
        4,
        6,
        7
      ],
      [
        2,
        3,
        4,
        6
      ],
      [
        3,
        6
      ],
      [],
      [
        2,
        3,
        6
      ],
      [
        0,
        1,
        2,
        3,
        4,
        6,
        7
      ],
      [
        3
      ],
      [
        1,
        2,
        3,
        4,
        6
      ]
    ],
    "behind": [
      [
        1,
        4
      ],
      [
        4
      ],
      [
        0,
        1,
        3,
        4,
        5,
        6
      ],
      [
        0,
        1,
        4,
        5,
        6
      ],
      [],
      [
        0,
        1,
        4,
        6
      ],
      [
        0,
        1,
        4
      ],
      [
        0,
        1,
        2,
        3,
        4,
        5,
        6
      ]
    ]
  },
  "split": "new",
  "image_index": 155,
  "objects": [
    {
      "3d_coords": [
        -1.6463850736618042,
        -1.0356818437576294,
        0.3499999940395355
      ],
      "x": 93,
      "pixel_coords": [
        104,
        102,
        11.630748748779297
      ],
      "material": "metal",
      "size": "small",
      "width": 21,
      "height": 21,
      "color": "yellow",
      "y": 92,
      "shape": "sphere",
      "rotation": 195.95780244613607
    },
    {
      "3d_coords": [
        -1.6966500282287598,
        0.59389328956604,
        0.3499999940395355
      ],
      "x": 131,
      "pixel_coords": [
        142,
        88,
        12.589828491210938
      ],
      "material": "metal",
      "size": "small",
      "width": 20,
      "height": 26,
      "color": "red",
      "y": 76,
      "shape": "cylinder",
      "rotation": 225.4050296359139
    },
    {
      "3d_coords": [
        2.066943407058716,
        -1.12672758102417,
        0.3499999940395355
      ],
      "x": 162,
      "pixel_coords": [
        179,
        152,
        9.14768123626709
      ],
      "material": "metal",
      "size": "small",
      "width": 35,
      "height": 40,
      "color": "blue",
      "y": 133,
      "shape": "cube",
      "rotation": 155.81168242241523
    },
    {
      "3d_coords": [
        2.5474374294281006,
        1.2453043460845947,
        0.699999988079071
      ],
      "x": 226,
      "pixel_coords": [
        251,
        118,
        10.00682544708252
      ],
      "material": "rubber",
      "size": "large",
      "width": 51,
      "height": 49,
      "color": "yellow",
      "y": 94,
      "shape": "sphere",
      "rotation": 247.56587285822957
    },
    {
      "3d_coords": [
        -2.267042398452759,
        1.9392321109771729,
        0.699999988079071
      ],
      "x": 137,
      "pixel_coords": [
        159,
        66,
        13.5535249710083
      ],
      "material": "rubber",
      "size": "large",
      "width": 46,
      "height": 49,
      "color": "purple",
      "y": 42,
      "shape": "cube",
      "rotation": 349.9625626480033
    },
    {
      "3d_coords": [
        -1.215429425239563,
        -2.3872530460357666,
        0.699999988079071
      ],
      "x": 40,
      "pixel_coords": [
        73,
        110,
        10.406018257141113
      ],
      "material": "rubber",
      "size": "large",
      "width": 64,
      "height": 68,
      "color": "cyan",
      "y": 78,
      "shape": "cube",
      "rotation": 1.4018479649306181
    },
    {
      "3d_coords": [
        1.0550705194473267,
        1.2254420518875122,
        0.3499999940395355
      ],
      "x": 199,
      "pixel_coords": [
        211,
        110,
        11.147066116333008
      ],
      "material": "rubber",
      "size": "small",
      "width": 24,
      "height": 29,
      "color": "green",
      "y": 96,
      "shape": "cylinder",
      "rotation": 322.60377304036206
    },
    {
      "3d_coords": [
        1.4332023859024048,
        -2.8389272689819336,
        0.699999988079071
      ],
      "x": 77,
      "pixel_coords": [
        110,
        156,
        8.4151029586792
      ],
      "material": "rubber",
      "size": "large",
      "width": 63,
      "height": 81,
      "color": "purple",
      "y": 117,
      "shape": "cylinder",
      "rotation": 61.54606737580634
    }
  ]
}