{
  "image_filename": "CLEVR_new_000452.png",
  "directions": {
    "above": [
      0.0,
      0.0,
      1.0
    ],
    "behind": [
      -0.754490315914154,
      0.6563112735748291,
      0.0
    ],
    "left": [
      -0.6563112735748291,
      -0.7544902563095093,
      0.0
    ],
    "below": [
      -0.0,
      -0.0,
      -1.0
    ],
    "right": [
      0.6563112735748291,
      0.7544902563095093,
      -0.0
    ],
    "front": [
      0.754490315914154,
      -0.6563112735748291,
      -0.0
    ]
  },
  "relationships": {
    "left": [
      [
        1,
        3
      ],
      [
        3
      ],
      [
        0,
        1,
        3
      ],
      []
    ],
    "front": [
      [
        2,
        3
      ],
      [
        0,
        2,
        3
      ],
      [],
      [
        2
      ]
    ],
    "right": [
      [
        2
      ],
      [
        0,
        2
      ],
      [],
      [
        0,
        1,
        2
      ]
    ],
    "behind": [
      [
        1
      ],
      [],
      [
        0,
        1,
        3
      ],
      [
        0,
        1
      ]
    ]
  },
  "split": "new",
  "image_index": 452,
  "objects": [
    {
      "3d_coords": [
        -0.4463523328304291,
        1.0879472494125366,
        0.699999988079071
      ],
      "x": 156,
      "pixel_coords": [
        177,
        87,
        11.478157997131348
      ],
      "material": "rubber",
      "size": "large",
      "width": 44,
      "height": 55,
      "color": "blue",
      "y": 60,
      "shape": "cylinder",
      "rotation": 251.06158884137318
    },
    {
      "3d_coords": [
        -2.7427914142608643,
        0.9935041666030884,
        0.3499999940395355
      ],
      "x": 126,
      "pixel_coords": [
        135,
        78,
        13.180754661560059
      ],
      "material": "rubber",
      "size": "small",
      "width": 19,
      "height": 24,
      "color": "blue",
      "y": 66,
      "shape": "cylinder",
      "rotation": 89.60748573393941
    },
    {
      "3d_coords": [
        1.505417823791504,
        0.8632628321647644,
        0.699999988079071
      ],
      "x": 192,
      "pixel_coords": [
        216,
        109,
        10.000602722167969
      ],
      "material": "rubber",
      "size": "large",
      "width": 50,
      "height": 49,
      "color": "red",
      "y": 84,
      "shape": "sphere",
      "rotation": 75.39531655230886
    },
    {
      "3d_coords": [
        -2.500535488128662,
        -2.592858076095581,
        0.699999988079071
      ],
      "x": 10,
      "pixel_coords": [
        45,
        95,
        10.871593475341797
      ],
      "material": "metal",
      "size": "large",
      "width": 65,
      "height": 58,
      "color": "cyan",
      "y": 66,
      "shape": "cube",
      "rotation": 95.0303290550492
    }
  ]
}