{
  "image_filename": "CLEVR_new_000536.png",
  "directions": {
    "above": [
      0.0,
      0.0,
      1.0
    ],
    "behind": [
      -0.754490315914154,
      0.6563112735748291,
      0.0
    ],
    "left": [
      -0.6563112735748291,
      -0.7544902563095093,
      0.0
    ],
    "below": [
      -0.0,
      -0.0,
      -1.0
    ],
    "right": [
      0.6563112735748291,
      0.7544902563095093,
      -0.0
    ],
    "front": [
      0.754490315914154,
      -0.6563112735748291,
      -0.0
    ]
  },
  "relationships": {
    "left": [
      [
        1,
        3,
        4,
        5,
        6
      ],
      [
        6
      ],
      [
        0,
        1,
        3,
        4,
        5,
        6
      ],
      [
        1,
        4,
        6
      ],
      [
        1,
        6
      ],
      [
        1,
        3,
        4,
        6
      ],
      []
    ],
    "front": [
      [
        2,
        3
      ],
      [
        0,
        2,
        3,
        6
      ],
      [
        3
      ],
      [],
      [
        0,
        1,
        2,
        3,
        5,
        6
      ],
      [
        0,
        1,
        2,
        3,
        6
      ],
      [
        0,
        2,
        3
      ]
    ],
    "right": [
      [
        2
      ],
      [
        0,
        2,
        3,
        4,
        5
      ],
      [],
      [
        0,
        2,
        5
      ],
      [
        0,
        2,
        3,
        5
      ],
      [
        0,
        2
      ],
      [
        0,
        1,
        2,
        3,
        4,
        5
      ]
    ],
    "behind": [
      [
        1,
        4,
        5,
        6
      ],
      [
        4,
        5
      ],
      [
        0,
        1,
        4,
        5,
        6
      ],
      [
        0,
        1,
        2,
        4,
        5,
        6
      ],
      [],
      [
        4
      ],
      [
        1,
        4,
        5
      ]
    ]
  },
  "split": "new",
  "image_index": 536,
  "objects": [
    {
      "3d_coords": [
        1.9080724716186523,
        0.558578610420227,
        0.3499999940395355
      ],
      "x": 204,
      "pixel_coords": [
        216,
        129,
        10.143135070800781
      ],
      "material": "metal",
      "size": "small",
      "width": 24,
      "height": 24,
      "color": "brown",
      "y": 117,
      "shape": "sphere",
      "rotation": 57.88154384512263
    },
    {
      "3d_coords": [
        -1.6498007774353027,
        -0.24608531594276428,
        0.699999988079071
      ],
      "x": 100,
      "pixel_coords": [
        124,
        86,
        11.975464820861816
      ],
      "material": "metal",
      "size": "large",
      "width": 50,
      "height": 55,
      "color": "brown",
      "y": 59,
      "shape": "cube",
      "rotation": 62.496198289362
    },
    {
      "3d_coords": [
        2.948774814605713,
        0.332211434841156,
        0.3499999940395355
      ],
      "x": 224,
      "pixel_coords": [
        239,
        147,
        9.30638599395752
      ],
      "material": "metal",
      "size": "small",
      "width": 30,
      "height": 36,
      "color": "green",
      "y": 129,
      "shape": "cylinder",
      "rotation": 27.363060504185267
    },
    {
      "3d_coords": [
        2.5356974601745605,
        -1.698175311088562,
        0.699999988079071
      ],
      "x": 141,
      "pixel_coords": [
        170,
        156,
        8.315428733825684
      ],
      "material": "metal",
      "size": "large",
      "width": 59,
      "height": 59,
      "color": "green",
      "y": 127,
      "shape": "sphere",
      "rotation": 174.80805938774583
    },
    {
      "3d_coords": [
        -2.6952707767486572,
        1.4450374841690063,
        0.699999988079071
      ],
      "x": 126,
      "pixel_coords": [
        146,
        67,
        13.61263370513916
      ],
      "material": "rubber",
      "size": "large",
      "width": 41,
      "height": 47,
      "color": "gray",
      "y": 44,
      "shape": "cube",
      "rotation": 346.65736538458094
    },
    {
      "3d_coords": [
        -1.1768064498901367,
        2.170426845550537,
        0.3499999940395355
      ],
      "x": 176,
      "pixel_coords": [
        186,
        83,
        13.135477066040039
      ],
      "material": "rubber",
      "size": "small",
      "width": 19,
      "height": 19,
      "color": "green",
      "y": 73,
      "shape": "sphere",
      "rotation": 147.8435136631246
    },
    {
      "3d_coords": [
        -2.1746714115142822,
        -2.3437955379486084,
        0.3499999940395355
      ],
      "x": 46,
      "pixel_coords": [
        62,
        107,
        11.362924575805664
      ],
      "material": "rubber",
      "size": "small",
      "width": 32,
      "height": 31,
      "color": "yellow",
      "y": 92,
      "shape": "cube",
      "rotation": 289.20838681957906
    }
  ]
}