{
  "image_filename": "CLEVR_new_000593.png",
  "directions": {
    "above": [
      0.0,
      0.0,
      1.0
    ],
    "behind": [
      -0.754490315914154,
      0.6563112735748291,
      0.0
    ],
    "left": [
      -0.6563112735748291,
      -0.7544902563095093,
      0.0
    ],
    "below": [
      -0.0,
      -0.0,
      -1.0
    ],
    "right": [
      0.6563112735748291,
      0.7544902563095093,
      -0.0
    ],
    "front": [
      0.754490315914154,
      -0.6563112735748291,
      -0.0
    ]
  },
  "relationships": {
    "left": [
      [],
      [
        0,
        9
      ],
      [
        0,
        1,
        3,
        9
      ],
      [
        0,
        1,
        9
      ],
      [
        0,
        1,
        2,
        3,
        9
      ],
      [
        0,
        1,
        2,
        3,
        4,
        9
      ],
      [
        0,
        1,
        2,
        3,
        4,
        5,
        8,
        9
      ],
      [
        0,
        1,
        2,
        3,
        4,
        5,
        6,
        8,
        9
      ],
      [
        0,
        1,
        2,
        3,
        4,
        5,
        9
      ],
      [
        0
      ]
    ],
    "front": [
      [
        1,
        4,
        7,
        8
      ],
      [
        4,
        8
      ],
      [
        0,
        1,
        3,
        4,
        6,
        7,
        8,
        9
      ],
      [
        0,
        1,
        4,
        6,
        7,
        8,
        9
      ],
      [],
      [
        0,
        1,
        2,
        3,
        4,
        6,
        7,
        8,
        9
      ],
      [
        0,
        1,
        4,
        7,
        8
      ],
      [
        1,
        4,
        8
      ],
      [
        4
      ],
      [
        0,
        1,
        4,
        6,
        7,
        8
      ]
    ],
    "right": [
      [
        1,
        2,
        3,
        4,
        5,
        6,
        7,
        8,
        9
      ],
      [
        2,
        3,
        4,
        5,
        6,
        7,
        8
      ],
      [
        4,
        5,
        6,
        7,
        8
      ],
      [
        2,
        4,
        5,
        6,
        7,
        8
      ],
      [
        5,
        6,
        7,
        8
      ],
      [
        6,
        7,
        8
      ],
      [
        7
      ],
      [],
      [
        6,
        7
      ],
      [
        1,
        2,
        3,
        4,
        5,
        6,
        7,
        8
      ]
    ],
    "behind": [
      [
        2,
        3,
        5,
        6,
        9
      ],
      [
        0,
        2,
        3,
        5,
        6,
        7,
        9
      ],
      [
        5
      ],
      [
        2,
        5
      ],
      [
        0,
        1,
        2,
        3,
        5,
        6,
        7,
        8,
        9
      ],
      [],
      [
        2,
        3,
        5,
        9
      ],
      [
        0,
        2,
        3,
        5,
        6,
        9
      ],
      [
        0,
        1,
        2,
        3,
        5,
        6,
        7,
        9
      ],
      [
        2,
        3,
        5
      ]
    ]
  },
  "split": "new",
  "image_index": 593,
  "objects": [
    {
      "3d_coords": [
        -2.2601757049560547,
        -2.59913969039917,
        0.3499999940395355
      ],
      "x": 40,
      "pixel_coords": [
        53,
        110,
        11.27652645111084
      ],
      "material": "rubber",
      "size": "small",
      "width": 25,
      "height": 29,
      "color": "blue",
      "y": 96,
      "shape": "cylinder",
      "rotation": 135.9507695066396
    },
    {
      "3d_coords": [
        -0.4592987298965454,
        -2.4326982498168945,
        0.3499999940395355
      ],
      "x": 74,
      "pixel_coords": [
        86,
        129,
        10.1566162109375
      ],
      "material": "rubber",
      "size": "small",
      "width": 25,
      "height": 24,
      "color": "yellow",
      "y": 117,
      "shape": "sphere",
      "rotation": 84.56555440659879
    },
    {
      "3d_coords": [
        -2.47377347946167,
        1.2003504037857056,
        0.699999988079071
      ],
      "x": 121,
      "pixel_coords": [
        142,
        72,
        13.45910930633545
      ],
      "material": "metal",
      "size": "large",
      "width": 42,
      "height": 47,
      "color": "yellow",
      "y": 49,
      "shape": "cube",
      "rotation": 299.5497784178399
    },
    {
      "3d_coords": [
        -2.0631966590881348,
        -0.08444897830486298,
        0.3499999940395355
      ],
      "x": 111,
      "pixel_coords": [
        121,
        92,
        12.59850025177002
      ],
      "material": "metal",
      "size": "small",
      "width": 20,
      "height": 19,
      "color": "cyan",
      "y": 82,
      "shape": "sphere",
      "rotation": 7.12810327604521
    },
    {
      "3d_coords": [
        2.8692963123321533,
        -2.8315951824188232,
        0.3499999940395355
      ],
      "x": 131,
      "pixel_coords": [
        147,
        190,
        7.677864074707031
      ],
      "material": "metal",
      "size": "small",
      "width": 32,
      "height": 33,
      "color": "yellow",
      "y": 174,
      "shape": "sphere",
      "rotation": 141.792883177836
    },
    {
      "3d_coords": [
        -2.171273708343506,
        2.6609535217285156,
        0.3499999940395355
      ],
      "x": 166,
      "pixel_coords": [
        175,
        74,
        14.259982109069824
      ],
      "material": "metal",
      "size": "small",
      "width": 18,
      "height": 22,
      "color": "blue",
      "y": 64,
      "shape": "cylinder",
      "rotation": 11.797577973961197
    },
    {
      "3d_coords": [
        0.939165472984314,
        1.7355197668075562,
        0.3499999940395355
      ],
      "x": 207,
      "pixel_coords": [
        218,
        105,
        11.623905181884766
      ],
      "material": "rubber",
      "size": "small",
      "width": 23,
      "height": 28,
      "color": "blue",
      "y": 91,
      "shape": "cylinder",
      "rotation": 147.519275806317
    },
    {
      "3d_coords": [
        2.69014573097229,
        2.3664047718048096,
        0.699999988079071
      ],
      "x": 253,
      "pixel_coords": [
        277,
        107,
        10.6463623046875
      ],
      "material": "metal",
      "size": "large",
      "width": 49,
      "height": 46,
      "color": "red",
      "y": 84,
      "shape": "sphere",
      "rotation": 228.17150300890668
    },
    {
      "3d_coords": [
        2.5898773670196533,
        -0.7558317184448242,
        0.699999988079071
      ],
      "x": 176,
      "pixel_coords": [
        204,
        140,
        8.907548904418945
      ],
      "material": "rubber",
      "size": "large",
      "width": 58,
      "height": 74,
      "color": "gray",
      "y": 104,
      "shape": "cylinder",
      "rotation": 121.04382226054803
    },
    {
      "3d_coords": [
        -2.5696463584899902,
        -1.4758820533752441,
        0.3499999940395355
      ],
      "x": 65,
      "pixel_coords": [
        79,
        98,
        12.135444641113281
      ],
      "material": "rubber",
      "size": "small",
      "width": 28,
      "height": 28,
      "color": "cyan",
      "y": 84,
      "shape": "cube",
      "rotation": 175.90079008911152
    }
  ]
}