{
  "image_filename": "CLEVR_new_000360.png",
  "directions": {
    "above": [
      0.0,
      0.0,
      1.0
    ],
    "behind": [
      -0.754490315914154,
      0.6563112735748291,
      0.0
    ],
    "left": [
      -0.6563112735748291,
      -0.7544902563095093,
      0.0
    ],
    "below": [
      -0.0,
      -0.0,
      -1.0
    ],
    "right": [
      0.6563112735748291,
      0.7544902563095093,
      -0.0
    ],
    "front": [
      0.754490315914154,
      -0.6563112735748291,
      -0.0
    ]
  },
  "relationships": {
    "left": [
      [],
      [
        0
      ],
      [
        0,
        1,
        6
      ],
      [
        0,
        1,
        2,
        6
      ],
      [
        0,
        1,
        2,
        3,
        6
      ],
      [
        0,
        1,
        2,
        3,
        4,
        6
      ],
      [
        0,
        1
      ]
    ],
    "front": [
      [
        1,
        2,
        3,
        5
      ],
      [
        3
      ],
      [
        1,
        3,
        5
      ],
      [],
      [
        0,
        1,
        2,
        3,
        5
      ],
      [
        1,
        3
      ],
      [
        0,
        1,
        2,
        3,
        4,
        5
      ]
    ],
    "right": [
      [
        1,
        2,
        3,
        4,
        5,
        6
      ],
      [
        2,
        3,
        4,
        5,
        6
      ],
      [
        3,
        4,
        5
      ],
      [
        4,
        5
      ],
      [
        5
      ],
      [],
      [
        2,
        3,
        4,
        5
      ]
    ],
    "behind": [
      [
        4,
        6
      ],
      [
        0,
        2,
        4,
        5,
        6
      ],
      [
        0,
        4,
        6
      ],
      [
        0,
        1,
        2,
        4,
        5,
        6
      ],
      [
        6
      ],
      [
        0,
        2,
        4,
        6
      ],
      []
    ]
  },
  "split": "new",
  "image_index": 360,
  "objects": [
    {
      "3d_coords": [
        -2.932523488998413,
        -1.9912307262420654,
        0.699999988079071
      ],
      "x": 42,
      "pixel_coords": [
        63,
        88,
        12.246230125427246
      ],
      "material": "rubber",
      "size": "large",
      "width": 42,
      "height": 40,
      "color": "cyan",
      "y": 68,
      "shape": "sphere",
      "rotation": 162.01059685347738
    },
    {
      "3d_coords": [
        0.3240105211734772,
        -2.4270310401916504,
        0.699999988079071
      ],
      "x": 74,
      "pixel_coords": [
        100,
        129,
        9.794310569763184
      ],
      "material": "rubber",
      "size": "large",
      "width": 51,
      "height": 50,
      "color": "green",
      "y": 104,
      "shape": "sphere",
      "rotation": 117.75778437244486
    },
    {
      "3d_coords": [
        0.4335578680038452,
        -0.351500004529953,
        0.699999988079071
      ],
      "x": 137,
      "pixel_coords": [
        160,
        109,
        10.865203857421875
      ],
      "material": "metal",
      "size": "large",
      "width": 46,
      "height": 60,
      "color": "yellow",
      "y": 80,
      "shape": "cylinder",
      "rotation": 336.91117772155576
    },
    {
      "3d_coords": [
        2.317282199859619,
        -1.313193917274475,
        0.699999988079071
      ],
      "x": 150,
      "pixel_coords": [
        177,
        145,
        9.055341720581055
      ],
      "material": "rubber",
      "size": "large",
      "width": 56,
      "height": 74,
      "color": "red",
      "y": 110,
      "shape": "cylinder",
      "rotation": 164.1062358358799
    },
    {
      "3d_coords": [
        0.6497803330421448,
        2.7881579399108887,
        0.699999988079071
      ],
      "x": 208,
      "pixel_coords": [
        232,
        86,
        12.450845718383789
      ],
      "material": "metal",
      "size": "large",
      "width": 52,
      "height": 51,
      "color": "brown",
      "y": 61,
      "shape": "cube",
      "rotation": 60.73127624584334
    },
    {
      "3d_coords": [
        2.9491143226623535,
        1.4715361595153809,
        0.699999988079071
      ],
      "x": 230,
      "pixel_coords": [
        263,
        122,
        10.1628999710083
      ],
      "material": "metal",
      "size": "large",
      "width": 69,
      "height": 70,
      "color": "red",
      "y": 88,
      "shape": "cube",
      "rotation": 210.67192213607376
    },
    {
      "3d_coords": [
        -2.7661099433898926,
        1.2957732677459717,
        0.3499999940395355
      ],
      "x": 133,
      "pixel_coords": [
        142,
        77,
        14.116440773010254
      ],
      "material": "rubber",
      "size": "small",
      "width": 18,
      "height": 22,
      "color": "brown",
      "y": 66,
      "shape": "cylinder",
      "rotation": 227.7315424250171
    }
  ]
}