{
  "image_filename": "CLEVR_new_000287.png",
  "directions": {
    "above": [
      0.0,
      0.0,
      1.0
    ],
    "behind": [
      -0.754490315914154,
      0.6563112735748291,
      0.0
    ],
    "left": [
      -0.6563112735748291,
      -0.7544902563095093,
      0.0
    ],
    "below": [
      -0.0,
      -0.0,
      -1.0
    ],
    "right": [
      0.6563112735748291,
      0.7544902563095093,
      -0.0
    ],
    "front": [
      0.754490315914154,
      -0.6563112735748291,
      -0.0
    ]
  },
  "relationships": {
    "left": [
      [
        1,
        2,
        4,
        5
      ],
      [
        4
      ],
      [
        1,
        4
      ],
      [
        0,
        1,
        2,
        4,
        5
      ],
      [],
      [
        1,
        2,
        4
      ]
    ],
    "front": [
      [],
      [
        0,
        3,
        4,
        5
      ],
      [
        0,
        1,
        3,
        4,
        5
      ],
      [
        0,
        4,
        5
      ],
      [
        0,
        5
      ],
      [
        0
      ]
    ],
    "right": [
      [
        3
      ],
      [
        0,
        2,
        3,
        5
      ],
      [
        0,
        3,
        5
      ],
      [],
      [
        0,
        1,
        2,
        3,
        5
      ],
      [
        0,
        3
      ]
    ],
    "behind": [
      [
        1,
        2,
        3,
        4,
        5
      ],
      [
        2
      ],
      [],
      [
        1,
        2
      ],
      [
        1,
        2,
        3
      ],
      [
        1,
        2,
        3,
        4
      ]
    ]
  },
  "split": "new",
  "image_index": 287,
  "objects": [
    {
      "3d_coords": [
        2.5029730796813965,
        -0.09715103358030319,
        0.699999988079071
      ],
      "x": 194,
      "pixel_coords": [
        222,
        134,
        8.668478012084961
      ],
      "material": "rubber",
      "size": "large",
      "width": 58,
      "height": 57,
      "color": "yellow",
      "y": 106,
      "shape": "sphere",
      "rotation": 254.41066146805204
    },
    {
      "3d_coords": [
        -2.9791038036346436,
        -1.1727406978607178,
        0.3499999940395355
      ],
      "x": 63,
      "pixel_coords": [
        77,
        89,
        11.879722595214844
      ],
      "material": "metal",
      "size": "small",
      "width": 27,
      "height": 29,
      "color": "cyan",
      "y": 75,
      "shape": "cube",
      "rotation": 244.82091394559984
    },
    {
      "3d_coords": [
        -2.313215494155884,
        0.6693317890167236,
        0.3499999940395355
      ],
      "x": 122,
      "pixel_coords": [
        132,
        81,
        12.476508140563965
      ],
      "material": "rubber",
      "size": "small",
      "width": 20,
      "height": 26,
      "color": "purple",
      "y": 69,
      "shape": "cylinder",
      "rotation": 355.1374126091657
    },
    {
      "3d_coords": [
        1.5051841735839844,
        2.908101797103882,
        0.699999988079071
      ],
      "x": 239,
      "pixel_coords": [
        261,
        89,
        11.028759956359863
      ],
      "material": "rubber",
      "size": "large",
      "width": 46,
      "height": 45,
      "color": "yellow",
      "y": 67,
      "shape": "sphere",
      "rotation": 169.8518687426989
    },
    {
      "3d_coords": [
        -2.2920103073120117,
        -2.608356475830078,
        0.699999988079071
      ],
      "x": 14,
      "pixel_coords": [
        44,
        99,
        10.441198348999023
      ],
      "material": "rubber",
      "size": "large",
      "width": 56,
      "height": 62,
      "color": "cyan",
      "y": 68,
      "shape": "cylinder",
      "rotation": 48.12825618113409
    },
    {
      "3d_coords": [
        0.1865815371274948,
        -0.42330634593963623,
        0.699999988079071
      ],
      "x": 119,
      "pixel_coords": [
        153,
        106,
        10.025538444519043
      ],
      "material": "rubber",
      "size": "large",
      "width": 67,
      "height": 70,
      "color": "red",
      "y": 72,
      "shape": "cube",
      "rotation": 149.44562946058184
    }
  ]
}