{
  "image_filename": "CLEVR_new_000533.png",
  "directions": {
    "above": [
      0.0,
      0.0,
      1.0
    ],
    "behind": [
      -0.754490315914154,
      0.6563112735748291,
      0.0
    ],
    "left": [
      -0.6563112735748291,
      -0.7544902563095093,
      0.0
    ],
    "below": [
      -0.0,
      -0.0,
      -1.0
    ],
    "right": [
      0.6563112735748291,
      0.7544902563095093,
      -0.0
    ],
    "front": [
      0.754490315914154,
      -0.6563112735748291,
      -0.0
    ]
  },
  "relationships": {
    "left": [
      [
        1,
        2,
        3,
        4
      ],
      [
        2,
        3,
        4
      ],
      [
        3
      ],
      [],
      [
        2,
        3
      ]
    ],
    "front": [
      [
        4
      ],
      [
        0,
        3,
        4
      ],
      [
        0,
        1,
        3,
        4
      ],
      [
        0,
        4
      ],
      []
    ],
    "right": [
      [],
      [
        0
      ],
      [
        0,
        1,
        4
      ],
      [
        0,
        1,
        2,
        4
      ],
      [
        0,
        1
      ]
    ],
    "behind": [
      [
        1,
        2,
        3
      ],
      [
        2
      ],
      [],
      [
        1,
        2
      ],
      [
        0,
        1,
        2,
        3
      ]
    ]
  },
  "split": "new",
  "image_index": 533,
  "objects": [
    {
      "3d_coords": [
        2.3876569271087646,
        1.415653944015503,
        0.699999988079071
      ],
      "x": 224,
      "pixel_coords": [
        248,
        114,
        10.470947265625
      ],
      "material": "metal",
      "size": "large",
      "width": 48,
      "height": 47,
      "color": "cyan",
      "y": 91,
      "shape": "sphere",
      "rotation": 50.86458505374762
    },
    {
      "3d_coords": [
        0.6711083054542542,
        1.7588375806808472,
        0.699999988079071
      ],
      "x": 191,
      "pixel_coords": [
        212,
        93,
        11.795726776123047
      ],
      "material": "metal",
      "size": "large",
      "width": 45,
      "height": 55,
      "color": "brown",
      "y": 66,
      "shape": "cylinder",
      "rotation": 164.87691288169486
    },
    {
      "3d_coords": [
        -2.553922653198242,
        0.5971312522888184,
        0.699999988079071
      ],
      "x": 103,
      "pixel_coords": [
        128,
        74,
        13.25485897064209
      ],
      "material": "rubber",
      "size": "large",
      "width": 50,
      "height": 51,
      "color": "red",
      "y": 49,
      "shape": "cube",
      "rotation": 216.6647855011683
    },
    {
      "3d_coords": [
        -2.1843748092651367,
        -2.409356117248535,
        0.699999988079071
      ],
      "x": 30,
      "pixel_coords": [
        59,
        100,
        11.297815322875977
      ],
      "material": "metal",
      "size": "large",
      "width": 58,
      "height": 61,
      "color": "blue",
      "y": 70,
      "shape": "cube",
      "rotation": 95.63194334883276
    },
    {
      "3d_coords": [
        2.6402270793914795,
        -0.6410476565361023,
        0.3499999940395355
      ],
      "x": 193,
      "pixel_coords": [
        207,
        153,
        9.304597854614258
      ],
      "material": "metal",
      "size": "small",
      "width": 28,
      "height": 36,
      "color": "purple",
      "y": 135,
      "shape": "cylinder",
      "rotation": 349.8994265622332
    }
  ]
}