{
  "image_filename": "CLEVR_new_000590.png",
  "directions": {
    "above": [
      0.0,
      0.0,
      1.0
    ],
    "behind": [
      -0.754490315914154,
      0.6563112735748291,
      0.0
    ],
    "left": [
      -0.6563112735748291,
      -0.7544902563095093,
      0.0
    ],
    "below": [
      -0.0,
      -0.0,
      -1.0
    ],
    "right": [
      0.6563112735748291,
      0.7544902563095093,
      -0.0
    ],
    "front": [
      0.754490315914154,
      -0.6563112735748291,
      -0.0
    ]
  },
  "relationships": {
    "left": [
      [],
      [
        0
      ],
      [
        0,
        1
      ]
    ],
    "front": [
      [
        1
      ],
      [],
      [
        0,
        1
      ]
    ],
    "right": [
      [
        1,
        2
      ],
      [
        2
      ],
      []
    ],
    "behind": [
      [
        2
      ],
      [
        0,
        2
      ],
      []
    ]
  },
  "split": "new",
  "image_index": 590,
  "objects": [
    {
      "3d_coords": [
        -1.347986102104187,
        -0.5913004279136658,
        0.699999988079071
      ],
      "x": 94,
      "pixel_coords": [
        122,
        91,
        11.822402954101562
      ],
      "material": "rubber",
      "size": "large",
      "width": 54,
      "height": 57,
      "color": "green",
      "y": 64,
      "shape": "cube",
      "rotation": 55.60062917821139
    },
    {
      "3d_coords": [
        1.422300934791565,
        -0.6829865574836731,
        0.699999988079071
      ],
      "x": 146,
      "pixel_coords": [
        171,
        126,
        9.86599063873291
      ],
      "material": "metal",
      "size": "large",
      "width": 50,
      "height": 50,
      "color": "blue",
      "y": 101,
      "shape": "sphere",
      "rotation": 127.73610289705893
    },
    {
      "3d_coords": [
        -0.985234260559082,
        2.939260721206665,
        0.699999988079071
      ],
      "x": 187,
      "pixel_coords": [
        206,
        71,
        13.409456253051758
      ],
      "material": "rubber",
      "size": "large",
      "width": 39,
      "height": 48,
      "color": "blue",
      "y": 47,
      "shape": "cylinder",
      "rotation": 268.3762144242547
    }
  ]
}