{
  "image_filename": "CLEVR_new_000413.png",
  "directions": {
    "above": [
      0.0,
      0.0,
      1.0
    ],
    "behind": [
      -0.754490315914154,
      0.6563112735748291,
      0.0
    ],
    "left": [
      -0.6563112735748291,
      -0.7544902563095093,
      0.0
    ],
    "below": [
      -0.0,
      -0.0,
      -1.0
    ],
    "right": [
      0.6563112735748291,
      0.7544902563095093,
      -0.0
    ],
    "front": [
      0.754490315914154,
      -0.6563112735748291,
      -0.0
    ]
  },
  "relationships": {
    "left": [
      [
        1,
        2
      ],
      [],
      [
        1
      ]
    ],
    "front": [
      [
        2
      ],
      [
        0,
        2
      ],
      []
    ],
    "right": [
      [],
      [
        0,
        2
      ],
      [
        0
      ]
    ],
    "behind": [
      [
        1
      ],
      [],
      [
        0,
        1
      ]
    ]
  },
  "split": "new",
  "image_index": 413,
  "objects": [
    {
      "3d_coords": [
        1.0217247009277344,
        2.7990705966949463,
        0.699999988079071
      ],
      "x": 219,
      "pixel_coords": [
        240,
        86,
        12.075071334838867
      ],
      "material": "metal",
      "size": "large",
      "width": 42,
      "height": 41,
      "color": "cyan",
      "y": 65,
      "shape": "sphere",
      "rotation": 62.88107963029903
    },
    {
      "3d_coords": [
        -2.4506452083587646,
        -0.339529424905777,
        0.3499999940395355
      ],
      "x": 97,
      "pixel_coords": [
        107,
        90,
        12.61711311340332
      ],
      "material": "rubber",
      "size": "small",
      "width": 20,
      "height": 19,
      "color": "yellow",
      "y": 80,
      "shape": "sphere",
      "rotation": 166.65062503465066
    },
    {
      "3d_coords": [
        0.6220299005508423,
        -1.340261697769165,
        0.699999988079071
      ],
      "x": 115,
      "pixel_coords": [
        140,
        122,
        9.88664722442627
      ],
      "material": "rubber",
      "size": "large",
      "width": 50,
      "height": 50,
      "color": "blue",
      "y": 97,
      "shape": "sphere",
      "rotation": 111.33924056106673
    }
  ]
}