{
  "image_filename": "CLEVR_new_000372.png",
  "directions": {
    "above": [
      0.0,
      0.0,
      1.0
    ],
    "behind": [
      -0.754490315914154,
      0.6563112735748291,
      0.0
    ],
    "left": [
      -0.6563112735748291,
      -0.7544902563095093,
      0.0
    ],
    "below": [
      -0.0,
      -0.0,
      -1.0
    ],
    "right": [
      0.6563112735748291,
      0.7544902563095093,
      -0.0
    ],
    "front": [
      0.754490315914154,
      -0.6563112735748291,
      -0.0
    ]
  },
  "relationships": {
    "left": [
      [
        2,
        6
      ],
      [
        0,
        2,
        3,
        6
      ],
      [],
      [
        0,
        2,
        6
      ],
      [
        0,
        1,
        2,
        3,
        5,
        6
      ],
      [
        0,
        1,
        2,
        3,
        6
      ],
      [
        2
      ]
    ],
    "front": [
      [
        1,
        6
      ],
      [],
      [
        0,
        1,
        6
      ],
      [
        0,
        1,
        2,
        4,
        5,
        6
      ],
      [
        0,
        1,
        2,
        6
      ],
      [
        0,
        1,
        2,
        4,
        6
      ],
      [
        1
      ]
    ],
    "right": [
      [
        1,
        3,
        4,
        5
      ],
      [
        4,
        5
      ],
      [
        0,
        1,
        3,
        4,
        5,
        6
      ],
      [
        1,
        4,
        5
      ],
      [],
      [
        4
      ],
      [
        0,
        1,
        3,
        4,
        5
      ]
    ],
    "behind": [
      [
        2,
        3,
        4,
        5
      ],
      [
        0,
        2,
        3,
        4,
        5,
        6
      ],
      [
        3,
        4,
        5
      ],
      [],
      [
        3,
        5
      ],
      [
        3
      ],
      [
        0,
        2,
        3,
        4,
        5
      ]
    ]
  },
  "split": "new",
  "image_index": 372,
  "objects": [
    {
      "3d_coords": [
        0.015540456399321556,
        -1.2568113803863525,
        0.3499999940395355
      ],
      "x": 115,
      "pixel_coords": [
        128,
        124,
        10.11002254486084
      ],
      "material": "metal",
      "size": "small",
      "width": 27,
      "height": 32,
      "color": "purple",
      "y": 109,
      "shape": "cube",
      "rotation": 143.75421154850036
    },
    {
      "3d_coords": [
        1.8659297227859497,
        -1.1799225807189941,
        0.699999988079071
      ],
      "x": 148,
      "pixel_coords": [
        176,
        138,
        8.802348136901855
      ],
      "material": "rubber",
      "size": "large",
      "width": 56,
      "height": 56,
      "color": "cyan",
      "y": 110,
      "shape": "sphere",
      "rotation": 327.0461582720462
    },
    {
      "3d_coords": [
        -1.7655349969863892,
        -1.8177556991577148,
        0.3499999940395355
      ],
      "x": 62,
      "pixel_coords": [
        79,
        109,
        10.914688110351562
      ],
      "material": "rubber",
      "size": "small",
      "width": 32,
      "height": 32,
      "color": "purple",
      "y": 93,
      "shape": "cube",
      "rotation": 61.30313992071742
    },
    {
      "3d_coords": [
        -2.8207242488861084,
        2.269728183746338,
        0.3499999940395355
      ],
      "x": 142,
      "pixel_coords": [
        154,
        68,
        14.010638236999512
      ],
      "material": "metal",
      "size": "small",
      "width": 23,
      "height": 24,
      "color": "blue",
      "y": 56,
      "shape": "cube",
      "rotation": 331.2622738621153
    },
    {
      "3d_coords": [
        1.2105693817138672,
        2.3589823246002197,
        0.699999988079071
      ],
      "x": 217,
      "pixel_coords": [
        239,
        90,
        11.31794261932373
      ],
      "material": "rubber",
      "size": "large",
      "width": 44,
      "height": 43,
      "color": "gray",
      "y": 68,
      "shape": "sphere",
      "rotation": 50.42067618502902
    },
    {
      "3d_coords": [
        -1.2807866334915161,
        2.310577869415283,
        0.3499999940395355
      ],
      "x": 173,
      "pixel_coords": [
        182,
        79,
        13.051708221435547
      ],
      "material": "rubber",
      "size": "small",
      "width": 19,
      "height": 19,
      "color": "purple",
      "y": 69,
      "shape": "sphere",
      "rotation": 176.63536044078367
    },
    {
      "3d_coords": [
        0.12247677147388458,
        -2.460136651992798,
        0.3499999940395355
      ],
      "x": 82,
      "pixel_coords": [
        95,
        141,
        9.32864761352539
      ],
      "material": "rubber",
      "size": "small",
      "width": 27,
      "height": 26,
      "color": "gray",
      "y": 128,
      "shape": "sphere",
      "rotation": 23.407832525902563
    }
  ]
}