{
  "image_filename": "CLEVR_new_000604.png",
  "directions": {
    "above": [
      0.0,
      0.0,
      1.0
    ],
    "behind": [
      -0.754490315914154,
      0.6563112735748291,
      0.0
    ],
    "left": [
      -0.6563112735748291,
      -0.7544902563095093,
      0.0
    ],
    "below": [
      -0.0,
      -0.0,
      -1.0
    ],
    "right": [
      0.6563112735748291,
      0.7544902563095093,
      -0.0
    ],
    "front": [
      0.754490315914154,
      -0.6563112735748291,
      -0.0
    ]
  },
  "relationships": {
    "left": [
      [
        1,
        2,
        4
      ],
      [
        2
      ],
      [],
      [
        0,
        1,
        2,
        4
      ],
      [
        1,
        2
      ]
    ],
    "front": [
      [
        1,
        2,
        3,
        4
      ],
      [
        4
      ],
      [
        1,
        3,
        4
      ],
      [
        1,
        4
      ],
      []
    ],
    "right": [
      [
        3
      ],
      [
        0,
        3,
        4
      ],
      [
        0,
        1,
        3,
        4
      ],
      [],
      [
        0,
        3
      ]
    ],
    "behind": [
      [],
      [
        0,
        2,
        3
      ],
      [
        0
      ],
      [
        0,
        2
      ],
      [
        0,
        1,
        2,
        3
      ]
    ]
  },
  "split": "new",
  "image_index": 604,
  "objects": [
    {
      "3d_coords": [
        0.2587587833404541,
        1.7607510089874268,
        0.3499999940395355
      ],
      "x": 194,
      "pixel_coords": [
        204,
        98,
        12.050798416137695
      ],
      "material": "metal",
      "size": "small",
      "width": 20,
      "height": 20,
      "color": "brown",
      "y": 88,
      "shape": "sphere",
      "rotation": 339.90280809649227
    },
    {
      "3d_coords": [
        0.7590206265449524,
        -1.8813557624816895,
        0.699999988079071
      ],
      "x": 92,
      "pixel_coords": [
        125,
        130,
        9.482264518737793
      ],
      "material": "rubber",
      "size": "large",
      "width": 62,
      "height": 70,
      "color": "gray",
      "y": 96,
      "shape": "cube",
      "rotation": 344.75366520997585
    },
    {
      "3d_coords": [
        -0.9508075714111328,
        -1.335188865661621,
        0.699999988079071
      ],
      "x": 80,
      "pixel_coords": [
        108,
        103,
        10.926642417907715
      ],
      "material": "rubber",
      "size": "large",
      "width": 56,
      "height": 62,
      "color": "blue",
      "y": 73,
      "shape": "cube",
      "rotation": 53.074992273968405
    },
    {
      "3d_coords": [
        2.3942530155181885,
        1.809279441833496,
        0.3499999940395355
      ],
      "x": 243,
      "pixel_coords": [
        256,
        120,
        10.661280632019043
      ],
      "material": "metal",
      "size": "small",
      "width": 27,
      "height": 31,
      "color": "gray",
      "y": 105,
      "shape": "cylinder",
      "rotation": 1.6744017019353308
    },
    {
      "3d_coords": [
        2.662108898162842,
        -1.8093030452728271,
        0.699999988079071
      ],
      "x": 138,
      "pixel_coords": [
        175,
        160,
        8.260306358337402
      ],
      "material": "metal",
      "size": "large",
      "width": 72,
      "height": 86,
      "color": "blue",
      "y": 119,
      "shape": "cube",
      "rotation": 294.33254238135027
    }
  ]
}