{
  "image_filename": "CLEVR_new_000544.png",
  "directions": {
    "above": [
      0.0,
      0.0,
      1.0
    ],
    "behind": [
      -0.754490315914154,
      0.6563112735748291,
      0.0
    ],
    "left": [
      -0.6563112735748291,
      -0.7544902563095093,
      0.0
    ],
    "below": [
      -0.0,
      -0.0,
      -1.0
    ],
    "right": [
      0.6563112735748291,
      0.7544902563095093,
      -0.0
    ],
    "front": [
      0.754490315914154,
      -0.6563112735748291,
      -0.0
    ]
  },
  "relationships": {
    "left": [
      [
        1,
        2
      ],
      [
        2
      ],
      []
    ],
    "front": [
      [
        2
      ],
      [
        0,
        2
      ],
      []
    ],
    "right": [
      [],
      [
        0
      ],
      [
        0,
        1
      ]
    ],
    "behind": [
      [
        1
      ],
      [],
      [
        0,
        1
      ]
    ]
  },
  "split": "new",
  "image_index": 544,
  "objects": [
    {
      "3d_coords": [
        -0.4046670198440552,
        2.4223456382751465,
        0.3499999940395355
      ],
      "x": 194,
      "pixel_coords": [
        203,
        87,
        12.681884765625
      ],
      "material": "rubber",
      "size": "small",
      "width": 19,
      "height": 19,
      "color": "yellow",
      "y": 77,
      "shape": "sphere",
      "rotation": 255.22406959831216
    },
    {
      "3d_coords": [
        -2.176011323928833,
        2.1833667755126953,
        0.3499999940395355
      ],
      "x": 155,
      "pixel_coords": [
        166,
        75,
        13.726105690002441
      ],
      "material": "metal",
      "size": "small",
      "width": 21,
      "height": 23,
      "color": "red",
      "y": 64,
      "shape": "cube",
      "rotation": 225.22263772681788
    },
    {
      "3d_coords": [
        -0.3957709074020386,
        -0.4984196126461029,
        0.699999988079071
      ],
      "x": 115,
      "pixel_coords": [
        139,
        100,
        10.82418155670166
      ],
      "material": "metal",
      "size": "large",
      "width": 47,
      "height": 59,
      "color": "brown",
      "y": 71,
      "shape": "cylinder",
      "rotation": 224.17205938423393
    }
  ]
}