{
  "image_filename": "CLEVR_new_000675.png",
  "directions": {
    "above": [
      0.0,
      0.0,
      1.0
    ],
    "behind": [
      -0.754490315914154,
      0.6563112735748291,
      0.0
    ],
    "left": [
      -0.6563112735748291,
      -0.7544902563095093,
      0.0
    ],
    "below": [
      -0.0,
      -0.0,
      -1.0
    ],
    "right": [
      0.6563112735748291,
      0.7544902563095093,
      -0.0
    ],
    "front": [
      0.754490315914154,
      -0.6563112735748291,
      -0.0
    ]
  },
  "relationships": {
    "left": [
      [
        1,
        2,
        3,
        4
      ],
      [
        2,
        3
      ],
      [],
      [
        2
      ],
      [
        1,
        2,
        3
      ]
    ],
    "front": [
      [
        3
      ],
      [
        0,
        2,
        3,
        4
      ],
      [
        0,
        3
      ],
      [],
      [
        0,
        2,
        3
      ]
    ],
    "right": [
      [],
      [
        0,
        4
      ],
      [
        0,
        1,
        3,
        4
      ],
      [
        0,
        1,
        4
      ],
      [
        0
      ]
    ],
    "behind": [
      [
        1,
        2,
        4
      ],
      [],
      [
        1,
        4
      ],
      [
        0,
        1,
        2,
        4
      ],
      [
        1
      ]
    ]
  },
  "split": "new",
  "image_index": 675,
  "objects": [
    {
      "3d_coords": [
        2.1215288639068604,
        1.2528852224349976,
        0.3499999940395355
      ],
      "x": 226,
      "pixel_coords": [
        241,
        121,
        10.066896438598633
      ],
      "material": "rubber",
      "size": "small",
      "width": 33,
      "height": 32,
      "color": "red",
      "y": 105,
      "shape": "cube",
      "rotation": 189.49107780509271
    },
    {
      "3d_coords": [
        -1.2809560298919678,
        1.7159667015075684,
        0.3499999940395355
      ],
      "x": 163,
      "pixel_coords": [
        172,
        85,
        12.61113166809082
      ],
      "material": "rubber",
      "size": "small",
      "width": 19,
      "height": 20,
      "color": "cyan",
      "y": 75,
      "shape": "sphere",
      "rotation": 197.8414933483255
    },
    {
      "3d_coords": [
        -1.4455602169036865,
        -0.0672353059053421,
        0.699999988079071
      ],
      "x": 108,
      "pixel_coords": [
        129,
        87,
        11.512432098388672
      ],
      "material": "rubber",
      "size": "large",
      "width": 43,
      "height": 43,
      "color": "gray",
      "y": 65,
      "shape": "sphere",
      "rotation": 229.20891199952288
    },
    {
      "3d_coords": [
        1.988555908203125,
        -2.1105010509490967,
        0.3499999940395355
      ],
      "x": 133,
      "pixel_coords": [
        148,
        163,
        8.177273750305176
      ],
      "material": "rubber",
      "size": "small",
      "width": 31,
      "height": 41,
      "color": "purple",
      "y": 143,
      "shape": "cylinder",
      "rotation": 304.8179798939975
    },
    {
      "3d_coords": [
        0.056134313344955444,
        2.3757643699645996,
        0.699999988079071
      ],
      "x": 191,
      "pixel_coords": [
        213,
        81,
        11.946769714355469
      ],
      "material": "rubber",
      "size": "large",
      "width": 45,
      "height": 53,
      "color": "blue",
      "y": 56,
      "shape": "cube",
      "rotation": 272.41917683952374
    }
  ]
}