{
  "image_filename": "CLEVR_new_000660.png",
  "directions": {
    "above": [
      0.0,
      0.0,
      1.0
    ],
    "behind": [
      -0.754490315914154,
      0.6563112735748291,
      0.0
    ],
    "left": [
      -0.6563112735748291,
      -0.7544902563095093,
      0.0
    ],
    "below": [
      -0.0,
      -0.0,
      -1.0
    ],
    "right": [
      0.6563112735748291,
      0.7544902563095093,
      -0.0
    ],
    "front": [
      0.754490315914154,
      -0.6563112735748291,
      -0.0
    ]
  },
  "relationships": {
    "left": [
      [
        1,
        2,
        6
      ],
      [
        2,
        6
      ],
      [
        6
      ],
      [
        0,
        1,
        2,
        4,
        5,
        6
      ],
      [
        0,
        1,
        2,
        5,
        6
      ],
      [
        0,
        1,
        2,
        6
      ],
      []
    ],
    "front": [
      [
        2,
        3,
        4,
        6
      ],
      [
        0,
        2,
        3,
        4,
        5,
        6
      ],
      [],
      [
        2,
        4,
        6
      ],
      [
        2,
        6
      ],
      [
        0,
        2,
        3,
        4,
        6
      ],
      [
        2
      ]
    ],
    "right": [
      [
        3,
        4,
        5
      ],
      [
        0,
        3,
        4,
        5
      ],
      [
        0,
        1,
        3,
        4,
        5
      ],
      [],
      [
        3
      ],
      [
        3,
        4
      ],
      [
        0,
        1,
        2,
        3,
        4,
        5
      ]
    ],
    "behind": [
      [
        1,
        5
      ],
      [],
      [
        0,
        1,
        3,
        4,
        5,
        6
      ],
      [
        0,
        1,
        5
      ],
      [
        0,
        1,
        3,
        5
      ],
      [
        1
      ],
      [
        0,
        1,
        3,
        4,
        5
      ]
    ]
  },
  "split": "new",
  "image_index": 660,
  "objects": [
    {
      "3d_coords": [
        -0.3045596182346344,
        0.7929560542106628,
        0.3499999940395355
      ],
      "x": 159,
      "pixel_coords": [
        172,
        100,
        11.405974388122559
      ],
      "material": "metal",
      "size": "small",
      "width": 28,
      "height": 30,
      "color": "red",
      "y": 85,
      "shape": "cube",
      "rotation": 159.04913718104729
    },
    {
      "3d_coords": [
        -2.4519662857055664,
        1.9870561361312866,
        0.3499999940395355
      ],
      "x": 148,
      "pixel_coords": [
        157,
        73,
        13.527082443237305
      ],
      "material": "metal",
      "size": "small",
      "width": 18,
      "height": 18,
      "color": "green",
      "y": 64,
      "shape": "sphere",
      "rotation": 275.01484768865157
    },
    {
      "3d_coords": [
        2.4716873168945312,
        -2.8998491764068604,
        0.699999988079071
      ],
      "x": 95,
      "pixel_coords": [
        132,
        176,
        7.260679244995117
      ],
      "material": "metal",
      "size": "large",
      "width": 71,
      "height": 95,
      "color": "yellow",
      "y": 131,
      "shape": "cylinder",
      "rotation": 17.88901853996925
    },
    {
      "3d_coords": [
        1.9967764616012573,
        2.6480391025543213,
        0.3499999940395355
      ],
      "x": 253,
      "pixel_coords": [
        266,
        107,
        10.938501358032227
      ],
      "material": "rubber",
      "size": "small",
      "width": 26,
      "height": 30,
      "color": "yellow",
      "y": 92,
      "shape": "cylinder",
      "rotation": 266.2347510583706
    },
    {
      "3d_coords": [
        1.4586769342422485,
        0.726645827293396,
        0.699999988079071
      ],
      "x": 188,
      "pixel_coords": [
        212,
        109,
        10.02573013305664
      ],
      "material": "rubber",
      "size": "large",
      "width": 49,
      "height": 49,
      "color": "red",
      "y": 84,
      "shape": "sphere",
      "rotation": 13.588727968807323
    },
    {
      "3d_coords": [
        -1.2943806648254395,
        2.3291940689086914,
        0.3499999940395355
      ],
      "x": 175,
      "pixel_coords": [
        185,
        80,
        12.95152759552002
      ],
      "material": "metal",
      "size": "small",
      "width": 19,
      "height": 19,
      "color": "cyan",
      "y": 70,
      "shape": "sphere",
      "rotation": 250.35069521229565
    },
    {
      "3d_coords": [
        0.06279248744249344,
        -1.909029245376587,
        0.3499999940395355
      ],
      "x": 96,
      "pixel_coords": [
        109,
        131,
        9.604400634765625
      ],
      "material": "metal",
      "size": "small",
      "width": 26,
      "height": 26,
      "color": "blue",
      "y": 118,
      "shape": "sphere",
      "rotation": 161.58175055475203
    }
  ]
}