{
  "image_filename": "CLEVR_new_000619.png",
  "directions": {
    "above": [
      0.0,
      0.0,
      1.0
    ],
    "behind": [
      -0.754490315914154,
      0.6563112735748291,
      0.0
    ],
    "left": [
      -0.6563112735748291,
      -0.7544902563095093,
      0.0
    ],
    "below": [
      -0.0,
      -0.0,
      -1.0
    ],
    "right": [
      0.6563112735748291,
      0.7544902563095093,
      -0.0
    ],
    "front": [
      0.754490315914154,
      -0.6563112735748291,
      -0.0
    ]
  },
  "relationships": {
    "left": [
      [
        1,
        2,
        3,
        4,
        5,
        6,
        7
      ],
      [
        3,
        4
      ],
      [
        1,
        3,
        4,
        7
      ],
      [
        4
      ],
      [],
      [
        1,
        2,
        3,
        4,
        6,
        7
      ],
      [
        1,
        2,
        3,
        4,
        7
      ],
      [
        1,
        3,
        4
      ]
    ],
    "front": [
      [
        1,
        2,
        4,
        5
      ],
      [
        2,
        5
      ],
      [],
      [
        0,
        1,
        2,
        4,
        5
      ],
      [
        1,
        2,
        5
      ],
      [
        2
      ],
      [
        0,
        1,
        2,
        3,
        4,
        5,
        7
      ],
      [
        0,
        1,
        2,
        3,
        4,
        5
      ]
    ],
    "right": [
      [],
      [
        0,
        2,
        5,
        6,
        7
      ],
      [
        0,
        5,
        6
      ],
      [
        0,
        1,
        2,
        5,
        6,
        7
      ],
      [
        0,
        1,
        2,
        3,
        5,
        6,
        7
      ],
      [
        0
      ],
      [
        0,
        5
      ],
      [
        0,
        2,
        5,
        6
      ]
    ],
    "behind": [
      [
        3,
        6,
        7
      ],
      [
        0,
        3,
        4,
        6,
        7
      ],
      [
        0,
        1,
        3,
        4,
        5,
        6,
        7
      ],
      [
        6,
        7
      ],
      [
        0,
        3,
        6,
        7
      ],
      [
        0,
        1,
        3,
        4,
        6,
        7
      ],
      [],
      [
        6
      ]
    ]
  },
  "split": "new",
  "image_index": 619,
  "objects": [
    {
      "3d_coords": [
        1.2163171768188477,
        1.5650908946990967,
        0.699999988079071
      ],
      "x": 201,
      "pixel_coords": [
        224,
        99,
        10.82779312133789
      ],
      "material": "metal",
      "size": "large",
      "width": 46,
      "height": 45,
      "color": "gray",
      "y": 77,
      "shape": "sphere",
      "rotation": 305.2063055675114
    },
    {
      "3d_coords": [
        0.7400792837142944,
        -1.5883105993270874,
        0.3499999940395355
      ],
      "x": 119,
      "pixel_coords": [
        132,
        137,
        9.569422721862793
      ],
      "material": "metal",
      "size": "small",
      "width": 27,
      "height": 35,
      "color": "yellow",
      "y": 120,
      "shape": "cylinder",
      "rotation": 67.61657963362282
    },
    {
      "3d_coords": [
        2.7483115196228027,
        -2.1450791358947754,
        0.699999988079071
      ],
      "x": 121,
      "pixel_coords": [
        164,
        170,
        7.73984432220459
      ],
      "material": "rubber",
      "size": "large",
      "width": 86,
      "height": 97,
      "color": "green",
      "y": 124,
      "shape": "cube",
      "rotation": 47.43418290674539
    },
    {
      "3d_coords": [
        -1.4056470394134521,
        -0.5563164353370667,
        0.3499999940395355
      ],
      "x": 109,
      "pixel_coords": [
        120,
        100,
        11.58328628540039
      ],
      "material": "metal",
      "size": "small",
      "width": 21,
      "height": 21,
      "color": "purple",
      "y": 89,
      "shape": "sphere",
      "rotation": 200.05496816464762
    },
    {
      "3d_coords": [
        -1.5579450130462646,
        -2.3621726036071777,
        0.699999988079071
      ],
      "x": 42,
      "pixel_coords": [
        66,
        105,
        10.511597633361816
      ],
      "material": "rubber",
      "size": "large",
      "width": 48,
      "height": 47,
      "color": "blue",
      "y": 81,
      "shape": "sphere",
      "rotation": 102.79950242431438
    },
    {
      "3d_coords": [
        2.7362613677978516,
        -0.4517822265625,
        0.699999988079071
      ],
      "x": 187,
      "pixel_coords": [
        216,
        143,
        8.687655448913574
      ],
      "material": "metal",
      "size": "large",
      "width": 61,
      "height": 77,
      "color": "gray",
      "y": 105,
      "shape": "cylinder",
      "rotation": 268.4780266918856
    },
    {
      "3d_coords": [
        -2.1462719440460205,
        2.8421947956085205,
        0.699999988079071
      ],
      "x": 157,
      "pixel_coords": [
        181,
        61,
        13.794970512390137
      ],
      "material": "metal",
      "size": "large",
      "width": 48,
      "height": 48,
      "color": "purple",
      "y": 38,
      "shape": "cube",
      "rotation": 166.71183938790537
    },
    {
      "3d_coords": [
        -1.1066118478775024,
        0.5716208815574646,
        0.3499999940395355
      ],
      "x": 142,
      "pixel_coords": [
        152,
        94,
        12.008407592773438
      ],
      "material": "rubber",
      "size": "small",
      "width": 20,
      "height": 20,
      "color": "yellow",
      "y": 83,
      "shape": "sphere",
      "rotation": 134.71045058587154
    }
  ]
}