{
  "image_filename": "CLEVR_new_000608.png",
  "directions": {
    "above": [
      0.0,
      0.0,
      1.0
    ],
    "behind": [
      -0.754490315914154,
      0.6563112735748291,
      0.0
    ],
    "left": [
      -0.6563112735748291,
      -0.7544902563095093,
      0.0
    ],
    "below": [
      -0.0,
      -0.0,
      -1.0
    ],
    "right": [
      0.6563112735748291,
      0.7544902563095093,
      -0.0
    ],
    "front": [
      0.754490315914154,
      -0.6563112735748291,
      -0.0
    ]
  },
  "relationships": {
    "left": [
      [],
      [
        0
      ],
      [
        0,
        1,
        4,
        5,
        6
      ],
      [
        0,
        1,
        2,
        4,
        5,
        6
      ],
      [
        0,
        1,
        6
      ],
      [
        0,
        1,
        4,
        6
      ],
      [
        0,
        1
      ]
    ],
    "front": [
      [
        1,
        4
      ],
      [
        4
      ],
      [
        0,
        1,
        3,
        4,
        5,
        6
      ],
      [
        0,
        1,
        4
      ],
      [],
      [
        0,
        1,
        3,
        4
      ],
      [
        0,
        1,
        3,
        4,
        5
      ]
    ],
    "right": [
      [
        1,
        2,
        3,
        4,
        5,
        6
      ],
      [
        2,
        3,
        4,
        5,
        6
      ],
      [
        3
      ],
      [],
      [
        2,
        3,
        5
      ],
      [
        2,
        3
      ],
      [
        2,
        3,
        4,
        5
      ]
    ],
    "behind": [
      [
        2,
        3,
        5,
        6
      ],
      [
        0,
        2,
        3,
        5,
        6
      ],
      [],
      [
        2,
        5,
        6
      ],
      [
        0,
        1,
        2,
        3,
        5,
        6
      ],
      [
        2,
        6
      ],
      [
        2
      ]
    ]
  },
  "split": "new",
  "image_index": 608,
  "objects": [
    {
      "3d_coords": [
        -1.7992043495178223,
        -2.9855756759643555,
        0.3499999940395355
      ],
      "x": 31,
      "pixel_coords": [
        44,
        121,
        10.337008476257324
      ],
      "material": "rubber",
      "size": "small",
      "width": 25,
      "height": 24,
      "color": "cyan",
      "y": 109,
      "shape": "sphere",
      "rotation": 345.14080275220505
    },
    {
      "3d_coords": [
        0.2389494627714157,
        -2.8320062160491943,
        0.3499999940395355
      ],
      "x": 71,
      "pixel_coords": [
        85,
        149,
        9.120969772338867
      ],
      "material": "rubber",
      "size": "small",
      "width": 27,
      "height": 27,
      "color": "brown",
      "y": 136,
      "shape": "sphere",
      "rotation": 219.41624092426832
    },
    {
      "3d_coords": [
        -1.2411078214645386,
        2.965074062347412,
        0.699999988079071
      ],
      "x": 172,
      "pixel_coords": [
        197,
        64,
        13.196648597717285
      ],
      "material": "rubber",
      "size": "large",
      "width": 51,
      "height": 51,
      "color": "green",
      "y": 40,
      "shape": "cube",
      "rotation": 359.4677811823736
    },
    {
      "3d_coords": [
        2.441572904586792,
        2.7721314430236816,
        0.699999988079071
      ],
      "x": 254,
      "pixel_coords": [
        280,
        100,
        10.7308931350708
      ],
      "material": "metal",
      "size": "large",
      "width": 55,
      "height": 61,
      "color": "yellow",
      "y": 70,
      "shape": "cylinder",
      "rotation": 291.00877398818193
    },
    {
      "3d_coords": [
        2.847445487976074,
        -2.935478448867798,
        0.3499999940395355
      ],
      "x": 129,
      "pixel_coords": [
        146,
        205,
        7.393386363983154
      ],
      "material": "rubber",
      "size": "small",
      "width": 33,
      "height": 34,
      "color": "red",
      "y": 188,
      "shape": "sphere",
      "rotation": 147.94723796330652
    },
    {
      "3d_coords": [
        -0.17950263619422913,
        1.025408387184143,
        0.699999988079071
      ],
      "x": 158,
      "pixel_coords": [
        180,
        89,
        11.410378456115723
      ],
      "material": "metal",
      "size": "large",
      "width": 43,
      "height": 43,
      "color": "yellow",
      "y": 67,
      "shape": "sphere",
      "rotation": 146.6398785558744
    },
    {
      "3d_coords": [
        -2.706228733062744,
        0.5054965019226074,
        0.3499999940395355
      ],
      "x": 112,
      "pixel_coords": [
        121,
        79,
        12.909988403320312
      ],
      "material": "metal",
      "size": "small",
      "width": 19,
      "height": 19,
      "color": "gray",
      "y": 69,
      "shape": "sphere",
      "rotation": 178.22257202966702
    }
  ]
}