{
  "image_filename": "CLEVR_new_000382.png",
  "directions": {
    "above": [
      0.0,
      0.0,
      1.0
    ],
    "behind": [
      -0.754490315914154,
      0.6563112735748291,
      0.0
    ],
    "left": [
      -0.6563112735748291,
      -0.7544902563095093,
      0.0
    ],
    "below": [
      -0.0,
      -0.0,
      -1.0
    ],
    "right": [
      0.6563112735748291,
      0.7544902563095093,
      -0.0
    ],
    "front": [
      0.754490315914154,
      -0.6563112735748291,
      -0.0
    ]
  },
  "relationships": {
    "left": [
      [
        1,
        2,
        3
      ],
      [
        2,
        3
      ],
      [
        3
      ],
      [],
      [
        0,
        1,
        2,
        3
      ]
    ],
    "front": [
      [
        2,
        3,
        4
      ],
      [
        0,
        2,
        3,
        4
      ],
      [],
      [
        2
      ],
      [
        2,
        3
      ]
    ],
    "right": [
      [
        4
      ],
      [
        0,
        4
      ],
      [
        0,
        1,
        4
      ],
      [
        0,
        1,
        2,
        4
      ],
      []
    ],
    "behind": [
      [
        1
      ],
      [],
      [
        0,
        1,
        3,
        4
      ],
      [
        0,
        1,
        4
      ],
      [
        0,
        1
      ]
    ]
  },
  "split": "new",
  "image_index": 382,
  "objects": [
    {
      "3d_coords": [
        -1.5784116983413696,
        2.1772711277008057,
        0.3499999940395355
      ],
      "x": 166,
      "pixel_coords": [
        175,
        80,
        13.46803092956543
      ],
      "material": "rubber",
      "size": "small",
      "width": 19,
      "height": 23,
      "color": "cyan",
      "y": 69,
      "shape": "cylinder",
      "rotation": 113.15123747700673
    },
    {
      "3d_coords": [
        -2.9397618770599365,
        2.574084520339966,
        0.699999988079071
      ],
      "x": 140,
      "pixel_coords": [
        160,
        61,
        14.444660186767578
      ],
      "material": "metal",
      "size": "large",
      "width": 38,
      "height": 43,
      "color": "red",
      "y": 40,
      "shape": "cube",
      "rotation": 145.22606389766707
    },
    {
      "3d_coords": [
        1.842766284942627,
        -2.522250175476074,
        0.3499999940395355
      ],
      "x": 112,
      "pixel_coords": [
        132,
        166,
        8.433319091796875
      ],
      "material": "rubber",
      "size": "small",
      "width": 40,
      "height": 44,
      "color": "brown",
      "y": 144,
      "shape": "cube",
      "rotation": 97.44991311689394
    },
    {
      "3d_coords": [
        0.2684279978275299,
        -1.7221466302871704,
        0.3499999940395355
      ],
      "x": 108,
      "pixel_coords": [
        121,
        131,
        9.949953079223633
      ],
      "material": "metal",
      "size": "small",
      "width": 26,
      "height": 33,
      "color": "cyan",
      "y": 115,
      "shape": "cylinder",
      "rotation": 168.27006649845407
    },
    {
      "3d_coords": [
        0.6910863518714905,
        2.6875269412994385,
        0.3499999940395355
      ],
      "x": 220,
      "pixel_coords": [
        231,
        95,
        12.258801460266113
      ],
      "material": "metal",
      "size": "small",
      "width": 22,
      "height": 26,
      "color": "brown",
      "y": 82,
      "shape": "cylinder",
      "rotation": 307.6888263504288
    }
  ]
}