{
  "image_filename": "CLEVR_new_000696.png",
  "directions": {
    "above": [
      0.0,
      0.0,
      1.0
    ],
    "behind": [
      -0.754490315914154,
      0.6563112735748291,
      0.0
    ],
    "left": [
      -0.6563112735748291,
      -0.7544902563095093,
      0.0
    ],
    "below": [
      -0.0,
      -0.0,
      -1.0
    ],
    "right": [
      0.6563112735748291,
      0.7544902563095093,
      -0.0
    ],
    "front": [
      0.754490315914154,
      -0.6563112735748291,
      -0.0
    ]
  },
  "relationships": {
    "left": [
      [
        1,
        3,
        4,
        8
      ],
      [
        4
      ],
      [
        0,
        1,
        3,
        4,
        5,
        7,
        8
      ],
      [
        1,
        4
      ],
      [],
      [
        0,
        1,
        3,
        4,
        8
      ],
      [
        0,
        1,
        2,
        3,
        4,
        5,
        7,
        8
      ],
      [
        0,
        1,
        3,
        4,
        5,
        8
      ],
      [
        1,
        3,
        4
      ]
    ],
    "front": [
      [],
      [
        0,
        2,
        5
      ],
      [
        0
      ],
      [
        0,
        1,
        2,
        4,
        5,
        6,
        8
      ],
      [
        0,
        1,
        2,
        5,
        8
      ],
      [
        0,
        2
      ],
      [
        0,
        1,
        2,
        4,
        5,
        8
      ],
      [
        0,
        1,
        2,
        3,
        4,
        5,
        6,
        8
      ],
      [
        0,
        1,
        2,
        5
      ]
    ],
    "right": [
      [
        2,
        5,
        6,
        7
      ],
      [
        0,
        2,
        3,
        5,
        6,
        7,
        8
      ],
      [
        6
      ],
      [
        0,
        2,
        5,
        6,
        7,
        8
      ],
      [
        0,
        1,
        2,
        3,
        5,
        6,
        7,
        8
      ],
      [
        2,
        6,
        7
      ],
      [],
      [
        2,
        6
      ],
      [
        0,
        2,
        5,
        6,
        7
      ]
    ],
    "behind": [
      [
        1,
        2,
        3,
        4,
        5,
        6,
        7,
        8
      ],
      [
        3,
        4,
        6,
        7,
        8
      ],
      [
        1,
        3,
        4,
        5,
        6,
        7,
        8
      ],
      [
        7
      ],
      [
        3,
        6,
        7
      ],
      [
        1,
        3,
        4,
        6,
        7,
        8
      ],
      [
        3,
        7
      ],
      [],
      [
        3,
        4,
        6,
        7
      ]
    ]
  },
  "split": "new",
  "image_index": 696,
  "objects": [
    {
      "3d_coords": [
        2.0653157234191895,
        -2.6488287448883057,
        0.3499999940395355
      ],
      "x": 122,
      "pixel_coords": [
        136,
        175,
        8.375946998596191
      ],
      "material": "rubber",
      "size": "small",
      "width": 29,
      "height": 30,
      "color": "blue",
      "y": 160,
      "shape": "sphere",
      "rotation": 190.3096511743569
    },
    {
      "3d_coords": [
        -0.6895868182182312,
        -2.7881669998168945,
        0.3499999940395355
      ],
      "x": 60,
      "pixel_coords": [
        72,
        133,
        10.068821907043457
      ],
      "material": "rubber",
      "size": "small",
      "width": 25,
      "height": 24,
      "color": "gray",
      "y": 121,
      "shape": "sphere",
      "rotation": 249.86801996320548
    },
    {
      "3d_coords": [
        2.742854356765747,
        -0.5299692153930664,
        0.3499999940395355
      ],
      "x": 201,
      "pixel_coords": [
        215,
        153,
        9.181916236877441
      ],
      "material": "rubber",
      "size": "small",
      "width": 31,
      "height": 36,
      "color": "red",
      "y": 135,
      "shape": "cube",
      "rotation": 150.02748261335825
    },
    {
      "3d_coords": [
        -2.6018171310424805,
        -0.4319697618484497,
        0.3499999940395355
      ],
      "x": 91,
      "pixel_coords": [
        103,
        89,
        12.682160377502441
      ],
      "material": "metal",
      "size": "small",
      "width": 24,
      "height": 26,
      "color": "cyan",
      "y": 76,
      "shape": "cube",
      "rotation": 305.9075320876918
    },
    {
      "3d_coords": [
        -2.234154224395752,
        -2.9411911964416504,
        0.699999988079071
      ],
      "x": 12,
      "pixel_coords": [
        41,
        105,
        10.802119255065918
      ],
      "material": "metal",
      "size": "large",
      "width": 55,
      "height": 60,
      "color": "cyan",
      "y": 76,
      "shape": "cylinder",
      "rotation": 28.181165617919348
    },
    {
      "3d_coords": [
        1.5011377334594727,
        -0.9693505764007568,
        0.3499999940395355
      ],
      "x": 154,
      "pixel_coords": [
        171,
        140,
        9.724136352539062
      ],
      "material": "metal",
      "size": "small",
      "width": 34,
      "height": 38,
      "color": "red",
      "y": 122,
      "shape": "cube",
      "rotation": 106.71185829445699
    },
    {
      "3d_coords": [
        1.5048589706420898,
        2.746168613433838,
        0.699999988079071
      ],
      "x": 230,
      "pixel_coords": [
        251,
        91,
        11.728446960449219
      ],
      "material": "rubber",
      "size": "large",
      "width": 43,
      "height": 42,
      "color": "blue",
      "y": 70,
      "shape": "sphere",
      "rotation": 75.92777399576924
    },
    {
      "3d_coords": [
        -2.1106953620910645,
        2.7168924808502197,
        0.3499999940395355
      ],
      "x": 166,
      "pixel_coords": [
        174,
        71,
        14.212160110473633
      ],
      "material": "rubber",
      "size": "small",
      "width": 17,
      "height": 17,
      "color": "brown",
      "y": 63,
      "shape": "sphere",
      "rotation": 14.223445139583886
    },
    {
      "3d_coords": [
        -0.3682285249233246,
        -1.454630732536316,
        0.3499999940395355
      ],
      "x": 104,
      "pixel_coords": [
        116,
        121,
        10.643745422363281
      ],
      "material": "rubber",
      "size": "small",
      "width": 24,
      "height": 31,
      "color": "brown",
      "y": 106,
      "shape": "cylinder",
      "rotation": 82.29316465985617
    }
  ]
}