{
  "image_filename": "CLEVR_new_000408.png",
  "directions": {
    "above": [
      0.0,
      0.0,
      1.0
    ],
    "behind": [
      -0.754490315914154,
      0.6563112735748291,
      0.0
    ],
    "left": [
      -0.6563112735748291,
      -0.7544902563095093,
      0.0
    ],
    "below": [
      -0.0,
      -0.0,
      -1.0
    ],
    "right": [
      0.6563112735748291,
      0.7544902563095093,
      -0.0
    ],
    "front": [
      0.754490315914154,
      -0.6563112735748291,
      -0.0
    ]
  },
  "relationships": {
    "left": [
      [
        2,
        5
      ],
      [
        0,
        2,
        4,
        5
      ],
      [],
      [
        0,
        1,
        2,
        4,
        5
      ],
      [
        0,
        2,
        5
      ],
      [
        2
      ]
    ],
    "front": [
      [
        1,
        2,
        3,
        4,
        5
      ],
      [],
      [
        1
      ],
      [
        1,
        2
      ],
      [
        1,
        2,
        3,
        5
      ],
      [
        1,
        2,
        3
      ]
    ],
    "right": [
      [
        1,
        3,
        4
      ],
      [
        3
      ],
      [
        0,
        1,
        3,
        4,
        5
      ],
      [],
      [
        1,
        3
      ],
      [
        0,
        1,
        3,
        4
      ]
    ],
    "behind": [
      [],
      [
        0,
        2,
        3,
        4,
        5
      ],
      [
        0,
        3,
        4,
        5
      ],
      [
        0,
        4,
        5
      ],
      [
        0
      ],
      [
        0,
        4
      ]
    ]
  },
  "split": "new",
  "image_index": 408,
  "objects": [
    {
      "3d_coords": [
        -2.354243040084839,
        1.5956900119781494,
        0.3499999940395355
      ],
      "x": 136,
      "pixel_coords": [
        148,
        77,
        13.83263874053955
      ],
      "material": "metal",
      "size": "small",
      "width": 24,
      "height": 25,
      "color": "brown",
      "y": 64,
      "shape": "cube",
      "rotation": 319.01860750970377
    },
    {
      "3d_coords": [
        2.668759346008301,
        0.8146421909332275,
        0.699999988079071
      ],
      "x": 218,
      "pixel_coords": [
        245,
        123,
        10.063155174255371
      ],
      "material": "rubber",
      "size": "large",
      "width": 56,
      "height": 66,
      "color": "red",
      "y": 91,
      "shape": "cylinder",
      "rotation": 147.37518558571279
    },
    {
      "3d_coords": [
        -0.5194257497787476,
        -2.1485865116119385,
        0.3499999940395355
      ],
      "x": 84,
      "pixel_coords": [
        96,
        129,
        10.447381973266602
      ],
      "material": "rubber",
      "size": "small",
      "width": 24,
      "height": 23,
      "color": "purple",
      "y": 117,
      "shape": "sphere",
      "rotation": 307.2467234639503
    },
    {
      "3d_coords": [
        2.070315361022949,
        2.371574640274048,
        0.699999988079071
      ],
      "x": 235,
      "pixel_coords": [
        257,
        99,
        11.368453025817871
      ],
      "material": "rubber",
      "size": "large",
      "width": 45,
      "height": 43,
      "color": "red",
      "y": 77,
      "shape": "sphere",
      "rotation": 265.56402328179803
    },
    {
      "3d_coords": [
        -0.547206699848175,
        2.352705240249634,
        0.3499999940395355
      ],
      "x": 182,
      "pixel_coords": [
        195,
        85,
        13.162001609802246
      ],
      "material": "metal",
      "size": "small",
      "width": 26,
      "height": 26,
      "color": "gray",
      "y": 72,
      "shape": "cube",
      "rotation": 336.0446355476369
    },
    {
      "3d_coords": [
        -1.056151032447815,
        -0.5576207041740417,
        0.3499999940395355
      ],
      "x": 115,
      "pixel_coords": [
        126,
        105,
        11.734675407409668
      ],
      "material": "metal",
      "size": "small",
      "width": 22,
      "height": 28,
      "color": "purple",
      "y": 92,
      "shape": "cylinder",
      "rotation": 221.75673997355537
    }
  ]
}