{
  "image_filename": "CLEVR_new_000623.png",
  "directions": {
    "above": [
      0.0,
      0.0,
      1.0
    ],
    "behind": [
      -0.754490315914154,
      0.6563112735748291,
      0.0
    ],
    "left": [
      -0.6563112735748291,
      -0.7544902563095093,
      0.0
    ],
    "below": [
      -0.0,
      -0.0,
      -1.0
    ],
    "right": [
      0.6563112735748291,
      0.7544902563095093,
      -0.0
    ],
    "front": [
      0.754490315914154,
      -0.6563112735748291,
      -0.0
    ]
  },
  "relationships": {
    "left": [
      [],
      [
        0,
        2,
        3,
        4,
        5,
        8
      ],
      [
        0,
        3,
        4
      ],
      [
        0,
        4
      ],
      [
        0
      ],
      [
        0,
        2,
        3,
        4
      ],
      [
        0,
        1,
        2,
        3,
        4,
        5,
        8
      ],
      [
        0,
        1,
        2,
        3,
        4,
        5,
        6,
        8
      ],
      [
        0,
        2,
        3,
        4,
        5
      ],
      [
        0,
        1,
        2,
        3,
        4,
        5,
        6,
        7,
        8
      ]
    ],
    "front": [
      [
        1,
        3,
        4,
        5,
        7,
        9
      ],
      [
        3,
        5
      ],
      [
        0,
        1,
        3,
        4,
        5,
        7,
        9
      ],
      [
        5
      ],
      [
        1,
        3,
        5,
        7
      ],
      [],
      [
        0,
        1,
        2,
        3,
        4,
        5,
        7,
        9
      ],
      [
        1,
        3,
        5
      ],
      [
        0,
        1,
        2,
        3,
        4,
        5,
        6,
        7,
        9
      ],
      [
        1,
        3,
        4,
        5,
        7
      ]
    ],
    "right": [
      [
        1,
        2,
        3,
        4,
        5,
        6,
        7,
        8,
        9
      ],
      [
        6,
        7,
        9
      ],
      [
        1,
        5,
        6,
        7,
        8,
        9
      ],
      [
        1,
        2,
        5,
        6,
        7,
        8,
        9
      ],
      [
        1,
        2,
        3,
        5,
        6,
        7,
        8,
        9
      ],
      [
        1,
        6,
        7,
        8,
        9
      ],
      [
        7,
        9
      ],
      [
        9
      ],
      [
        1,
        6,
        7,
        9
      ],
      []
    ],
    "behind": [
      [
        2,
        6,
        8
      ],
      [
        0,
        2,
        4,
        6,
        7,
        8,
        9
      ],
      [
        6,
        8
      ],
      [
        0,
        1,
        2,
        4,
        6,
        7,
        8,
        9
      ],
      [
        0,
        2,
        6,
        8,
        9
      ],
      [
        0,
        1,
        2,
        3,
        4,
        6,
        7,
        8,
        9
      ],
      [
        8
      ],
      [
        0,
        2,
        4,
        6,
        8,
        9
      ],
      [],
      [
        0,
        2,
        6,
        8
      ]
    ]
  },
  "split": "new",
  "image_index": 623,
  "objects": [
    {
      "3d_coords": [
        -2.9783072471618652,
        -1.8240078687667847,
        0.699999988079071
      ],
      "x": 37,
      "pixel_coords": [
        64,
        88,
        12.077852249145508
      ],
      "material": "rubber",
      "size": "large",
      "width": 54,
      "height": 54,
      "color": "gray",
      "y": 62,
      "shape": "cube",
      "rotation": 40.67601257107251
    },
    {
      "3d_coords": [
        2.001079797744751,
        -0.2835388779640198,
        0.699999988079071
      ],
      "x": 173,
      "pixel_coords": [
        199,
        124,
        9.536538124084473
      ],
      "material": "rubber",
      "size": "large",
      "width": 54,
      "height": 68,
      "color": "cyan",
      "y": 91,
      "shape": "cylinder",
      "rotation": 345.39520255503896
    },
    {
      "3d_coords": [
        -1.6267142295837402,
        0.38309839367866516,
        0.699999988079071
      ],
      "x": 118,
      "pixel_coords": [
        139,
        84,
        12.426498413085938
      ],
      "material": "metal",
      "size": "large",
      "width": 41,
      "height": 50,
      "color": "gray",
      "y": 60,
      "shape": "cylinder",
      "rotation": 272.4065728311904
    },
    {
      "3d_coords": [
        0.4733082354068756,
        -2.6615865230560303,
        0.3499999940395355
      ],
      "x": 76,
      "pixel_coords": [
        95,
        142,
        9.361576080322266
      ],
      "material": "rubber",
      "size": "small",
      "width": 37,
      "height": 38,
      "color": "green",
      "y": 123,
      "shape": "cube",
      "rotation": 347.2637903062612
    },
    {
      "3d_coords": [
        -1.2541271448135376,
        -1.729116678237915,
        0.699999988079071
      ],
      "x": 66,
      "pixel_coords": [
        92,
        102,
        10.943338394165039
      ],
      "material": "rubber",
      "size": "large",
      "width": 49,
      "height": 58,
      "color": "gray",
      "y": 74,
      "shape": "cylinder",
      "rotation": 131.06779006755224
    },
    {
      "3d_coords": [
        2.4746060371398926,
        -2.049935817718506,
        0.3499999940395355
      ],
      "x": 141,
      "pixel_coords": [
        161,
        165,
        8.335832595825195
      ],
      "material": "metal",
      "size": "small",
      "width": 39,
      "height": 44,
      "color": "yellow",
      "y": 144,
      "shape": "cube",
      "rotation": 100.79943732130037
    },
    {
      "3d_coords": [
        -0.5791310667991638,
        2.7865467071533203,
        0.3499999940395355
      ],
      "x": 195,
      "pixel_coords": [
        206,
        86,
        13.250227928161621
      ],
      "material": "rubber",
      "size": "small",
      "width": 23,
      "height": 24,
      "color": "purple",
      "y": 74,
      "shape": "cube",
      "rotation": 213.08998924129162
    },
    {
      "3d_coords": [
        2.1156249046325684,
        1.0740247964859009,
        0.3499999940395355
      ],
      "x": 221,
      "pixel_coords": [
        234,
        123,
        10.396902084350586
      ],
      "material": "rubber",
      "size": "small",
      "width": 26,
      "height": 31,
      "color": "blue",
      "y": 108,
      "shape": "cylinder",
      "rotation": 268.8106714683812
    },
    {
      "3d_coords": [
        -1.7161214351654053,
        2.31156325340271,
        0.3499999940395355
      ],
      "x": 168,
      "pixel_coords": [
        177,
        81,
        13.7589750289917
      ],
      "material": "metal",
      "size": "small",
      "width": 18,
      "height": 23,
      "color": "gray",
      "y": 70,
      "shape": "cylinder",
      "rotation": 168.55327929681494
    },
    {
      "3d_coords": [
        1.716570496559143,
        2.3217315673828125,
        0.3499999940395355
      ],
      "x": 238,
      "pixel_coords": [
        249,
        108,
        11.396495819091797
      ],
      "material": "rubber",
      "size": "small",
      "width": 22,
      "height": 22,
      "color": "brown",
      "y": 97,
      "shape": "sphere",
      "rotation": 153.254322803012
    }
  ]
}