{
  "image_filename": "CLEVR_new_000295.png",
  "directions": {
    "above": [
      0.0,
      0.0,
      1.0
    ],
    "behind": [
      -0.754490315914154,
      0.6563112735748291,
      0.0
    ],
    "left": [
      -0.6563112735748291,
      -0.7544902563095093,
      0.0
    ],
    "below": [
      -0.0,
      -0.0,
      -1.0
    ],
    "right": [
      0.6563112735748291,
      0.7544902563095093,
      -0.0
    ],
    "front": [
      0.754490315914154,
      -0.6563112735748291,
      -0.0
    ]
  },
  "relationships": {
    "left": [
      [
        3
      ],
      [
        0,
        2,
        3
      ],
      [
        0,
        3
      ],
      []
    ],
    "front": [
      [
        2
      ],
      [
        0,
        2
      ],
      [],
      [
        0,
        1,
        2
      ]
    ],
    "right": [
      [
        1,
        2
      ],
      [],
      [
        1
      ],
      [
        0,
        1,
        2
      ]
    ],
    "behind": [
      [
        1,
        3
      ],
      [
        3
      ],
      [
        0,
        1,
        3
      ],
      []
    ]
  },
  "split": "new",
  "image_index": 295,
  "objects": [
    {
      "3d_coords": [
        0.3434479832649231,
        -1.1638221740722656,
        0.699999988079071
      ],
      "x": 114,
      "pixel_coords": [
        139,
        116,
        10.643967628479004
      ],
      "material": "rubber",
      "size": "large",
      "width": 48,
      "height": 62,
      "color": "yellow",
      "y": 86,
      "shape": "cylinder",
      "rotation": 200.07035231049923
    },
    {
      "3d_coords": [
        0.3958278298377991,
        1.5605610609054565,
        0.699999988079071
      ],
      "x": 181,
      "pixel_coords": [
        201,
        92,
        12.174565315246582
      ],
      "material": "rubber",
      "size": "large",
      "width": 43,
      "height": 53,
      "color": "yellow",
      "y": 66,
      "shape": "cylinder",
      "rotation": 107.00099017969593
    },
    {
      "3d_coords": [
        2.4837095737457275,
        -1.5346148014068604,
        0.3499999940395355
      ],
      "x": 165,
      "pixel_coords": [
        178,
        161,
        9.18775463104248
      ],
      "material": "rubber",
      "size": "small",
      "width": 27,
      "height": 37,
      "color": "cyan",
      "y": 143,
      "shape": "cylinder",
      "rotation": 307.79929851242645
    },
    {
      "3d_coords": [
        -2.765176773071289,
        -0.7420015335083008,
        0.699999988079071
      ],
      "x": 68,
      "pixel_coords": [
        96,
        82,
        12.938057899475098
      ],
      "material": "metal",
      "size": "large",
      "width": 53,
      "height": 52,
      "color": "green",
      "y": 57,
      "shape": "cube",
      "rotation": 264.30695845753127
    }
  ]
}