{
  "image_filename": "CLEVR_new_000324.png",
  "directions": {
    "above": [
      0.0,
      0.0,
      1.0
    ],
    "behind": [
      -0.754490315914154,
      0.6563112735748291,
      0.0
    ],
    "left": [
      -0.6563112735748291,
      -0.7544902563095093,
      0.0
    ],
    "below": [
      -0.0,
      -0.0,
      -1.0
    ],
    "right": [
      0.6563112735748291,
      0.7544902563095093,
      -0.0
    ],
    "front": [
      0.754490315914154,
      -0.6563112735748291,
      -0.0
    ]
  },
  "relationships": {
    "left": [
      [
        4,
        6,
        7
      ],
      [
        0,
        2,
        3,
        4,
        5,
        6,
        7
      ],
      [
        0,
        4,
        6,
        7
      ],
      [
        0,
        2,
        4,
        5,
        6,
        7
      ],
      [],
      [
        0,
        2,
        4,
        6,
        7
      ],
      [
        4
      ],
      [
        4,
        6
      ]
    ],
    "front": [
      [
        1,
        2,
        3,
        4,
        6,
        7
      ],
      [
        2,
        3,
        6,
        7
      ],
      [],
      [
        2,
        6
      ],
      [
        1,
        2,
        3,
        6,
        7
      ],
      [
        0,
        1,
        2,
        3,
        4,
        6,
        7
      ],
      [
        2
      ],
      [
        2,
        3,
        6
      ]
    ],
    "right": [
      [
        1,
        2,
        3,
        5
      ],
      [],
      [
        1,
        3,
        5
      ],
      [
        1
      ],
      [
        0,
        1,
        2,
        3,
        5,
        6,
        7
      ],
      [
        1,
        3
      ],
      [
        0,
        1,
        2,
        3,
        5,
        7
      ],
      [
        0,
        1,
        2,
        3,
        5
      ]
    ],
    "behind": [
      [
        5
      ],
      [
        0,
        4,
        5
      ],
      [
        0,
        1,
        3,
        4,
        5,
        6,
        7
      ],
      [
        0,
        1,
        4,
        5,
        7
      ],
      [
        0,
        5
      ],
      [],
      [
        0,
        1,
        3,
        4,
        5,
        7
      ],
      [
        0,
        1,
        4,
        5
      ]
    ]
  },
  "split": "new",
  "image_index": 324,
  "objects": [
    {
      "3d_coords": [
        -1.7607840299606323,
        1.084287166595459,
        0.3499999940395355
      ],
      "x": 137,
      "pixel_coords": [
        150,
        84,
        12.246528625488281
      ],
      "material": "rubber",
      "size": "small",
      "width": 27,
      "height": 27,
      "color": "purple",
      "y": 71,
      "shape": "cube",
      "rotation": 0.14671673437912425
    },
    {
      "3d_coords": [
        1.7756024599075317,
        1.6661131381988525,
        0.3499999940395355
      ],
      "x": 228,
      "pixel_coords": [
        243,
        113,
        10.223584175109863
      ],
      "material": "metal",
      "size": "small",
      "width": 31,
      "height": 31,
      "color": "gray",
      "y": 98,
      "shape": "cube",
      "rotation": 223.92686052801233
    },
    {
      "3d_coords": [
        2.9455270767211914,
        -1.9578405618667603,
        0.3499999940395355
      ],
      "x": 161,
      "pixel_coords": [
        182,
        182,
        7.322434425354004
      ],
      "material": "rubber",
      "size": "small",
      "width": 44,
      "height": 51,
      "color": "gray",
      "y": 157,
      "shape": "cube",
      "rotation": 86.73026055100632
    },
    {
      "3d_coords": [
        2.8271262645721436,
        0.166208878159523,
        0.3499999940395355
      ],
      "x": 225,
      "pixel_coords": [
        240,
        145,
        8.643733024597168
      ],
      "material": "rubber",
      "size": "small",
      "width": 32,
      "height": 39,
      "color": "gray",
      "y": 126,
      "shape": "cylinder",
      "rotation": 223.5094453535105
    },
    {
      "3d_coords": [
        -2.3442294597625732,
        -0.8241144418716431,
        0.699999988079071
      ],
      "x": 71,
      "pixel_coords": [
        93,
        84,
        11.359421730041504
      ],
      "material": "metal",
      "size": "large",
      "width": 44,
      "height": 43,
      "color": "blue",
      "y": 62,
      "shape": "sphere",
      "rotation": 168.04468452026433
    },
    {
      "3d_coords": [
        -1.45429527759552,
        2.618527412414551,
        0.699999988079071
      ],
      "x": 168,
      "pixel_coords": [
        188,
        67,
        12.778029441833496
      ],
      "material": "metal",
      "size": "large",
      "width": 40,
      "height": 49,
      "color": "purple",
      "y": 44,
      "shape": "cylinder",
      "rotation": 253.3459156503531
    },
    {
      "3d_coords": [
        1.2583680152893066,
        -2.8768417835235596,
        0.3499999940395355
      ],
      "x": 85,
      "pixel_coords": [
        101,
        164,
        7.912439823150635
      ],
      "material": "rubber",
      "size": "small",
      "width": 31,
      "height": 31,
      "color": "green",
      "y": 149,
      "shape": "sphere",
      "rotation": 174.7157733588794
    },
    {
      "3d_coords": [
        0.5960111021995544,
        -1.7086504697799683,
        0.3499999940395355
      ],
      "x": 112,
      "pixel_coords": [
        125,
        136,
        9.038238525390625
      ],
      "material": "rubber",
      "size": "small",
      "width": 27,
      "height": 27,
      "color": "purple",
      "y": 122,
      "shape": "sphere",
      "rotation": 83.50100209557411
    }
  ]
}