{
  "image_filename": "CLEVR_new_000305.png",
  "directions": {
    "above": [
      0.0,
      0.0,
      1.0
    ],
    "behind": [
      -0.754490315914154,
      0.6563112735748291,
      0.0
    ],
    "left": [
      -0.6563112735748291,
      -0.7544902563095093,
      0.0
    ],
    "below": [
      -0.0,
      -0.0,
      -1.0
    ],
    "right": [
      0.6563112735748291,
      0.7544902563095093,
      -0.0
    ],
    "front": [
      0.754490315914154,
      -0.6563112735748291,
      -0.0
    ]
  },
  "relationships": {
    "left": [
      [
        2,
        3,
        5
      ],
      [
        0,
        2,
        3,
        4,
        5
      ],
      [
        3,
        5
      ],
      [
        5
      ],
      [
        0,
        2,
        3,
        5
      ],
      []
    ],
    "front": [
      [
        1,
        2,
        3,
        5
      ],
      [],
      [
        1,
        5
      ],
      [
        1,
        2,
        5
      ],
      [
        0,
        1,
        2,
        3,
        5
      ],
      [
        1
      ]
    ],
    "right": [
      [
        1,
        4
      ],
      [],
      [
        0,
        1,
        4
      ],
      [
        0,
        1,
        2,
        4
      ],
      [
        1
      ],
      [
        0,
        1,
        2,
        3,
        4
      ]
    ],
    "behind": [
      [
        4
      ],
      [
        0,
        2,
        3,
        4,
        5
      ],
      [
        0,
        3,
        4
      ],
      [
        0,
        4
      ],
      [],
      [
        0,
        2,
        3,
        4
      ]
    ]
  },
  "split": "new",
  "image_index": 305,
  "objects": [
    {
      "3d_coords": [
        -1.493591070175171,
        1.009919285774231,
        0.3499999940395355
      ],
      "x": 147,
      "pixel_coords": [
        157,
        87,
        12.712640762329102
      ],
      "material": "metal",
      "size": "small",
      "width": 19,
      "height": 19,
      "color": "blue",
      "y": 77,
      "shape": "sphere",
      "rotation": 337.06123188424135
    },
    {
      "3d_coords": [
        2.6952152252197266,
        0.9855650663375854,
        0.3499999940395355
      ],
      "x": 229,
      "pixel_coords": [
        247,
        136,
        9.819398880004883
      ],
      "material": "rubber",
      "size": "small",
      "width": 37,
      "height": 37,
      "color": "gray",
      "y": 118,
      "shape": "cube",
      "rotation": 139.728688770958
    },
    {
      "3d_coords": [
        -0.5487754940986633,
        -0.9766108393669128,
        0.3499999940395355
      ],
      "x": 113,
      "pixel_coords": [
        125,
        113,
        11.00877857208252
      ],
      "material": "rubber",
      "size": "small",
      "width": 23,
      "height": 30,
      "color": "yellow",
      "y": 98,
      "shape": "cylinder",
      "rotation": 328.1891673805245
    },
    {
      "3d_coords": [
        -1.6371910572052002,
        -0.7966011762619019,
        0.3499999940395355
      ],
      "x": 101,
      "pixel_coords": [
        112,
        99,
        11.85272216796875
      ],
      "material": "metal",
      "size": "small",
      "width": 22,
      "height": 27,
      "color": "green",
      "y": 86,
      "shape": "cylinder",
      "rotation": 313.83611468592494
    },
    {
      "3d_coords": [
        -1.3214324712753296,
        2.2756569385528564,
        0.3499999940395355
      ],
      "x": 174,
      "pixel_coords": [
        186,
        80,
        13.265946388244629
      ],
      "material": "rubber",
      "size": "small",
      "width": 24,
      "height": 25,
      "color": "cyan",
      "y": 68,
      "shape": "cube",
      "rotation": 12.97994860641056
    },
    {
      "3d_coords": [
        -0.974210798740387,
        -2.216433525085449,
        0.699999988079071
      ],
      "x": 54,
      "pixel_coords": [
        81,
        109,
        10.469942092895508
      ],
      "material": "rubber",
      "size": "large",
      "width": 53,
      "height": 63,
      "color": "red",
      "y": 79,
      "shape": "cylinder",
      "rotation": 280.9366476797412
    }
  ]
}