{
  "image_filename": "CLEVR_new_000270.png",
  "directions": {
    "above": [
      0.0,
      0.0,
      1.0
    ],
    "behind": [
      -0.754490315914154,
      0.6563112735748291,
      0.0
    ],
    "left": [
      -0.6563112735748291,
      -0.7544902563095093,
      0.0
    ],
    "below": [
      -0.0,
      -0.0,
      -1.0
    ],
    "right": [
      0.6563112735748291,
      0.7544902563095093,
      -0.0
    ],
    "front": [
      0.754490315914154,
      -0.6563112735748291,
      -0.0
    ]
  },
  "relationships": {
    "left": [
      [
        2,
        3,
        4,
        5
      ],
      [
        0,
        2,
        3,
        4,
        5
      ],
      [
        5
      ],
      [
        2,
        4,
        5
      ],
      [
        2,
        5
      ],
      []
    ],
    "front": [
      [],
      [
        0
      ],
      [
        0,
        1,
        3
      ],
      [
        0,
        1
      ],
      [
        0,
        1,
        2,
        3,
        5
      ],
      [
        0,
        1,
        2,
        3
      ]
    ],
    "right": [
      [
        1
      ],
      [],
      [
        0,
        1,
        3,
        4
      ],
      [
        0,
        1
      ],
      [
        0,
        1,
        3
      ],
      [
        0,
        1,
        2,
        3,
        4
      ]
    ],
    "behind": [
      [
        1,
        2,
        3,
        4,
        5
      ],
      [
        2,
        3,
        4,
        5
      ],
      [
        4,
        5
      ],
      [
        2,
        4,
        5
      ],
      [],
      [
        4
      ]
    ]
  },
  "split": "new",
  "image_index": 270,
  "objects": [
    {
      "3d_coords": [
        2.9084415435791016,
        -0.8182526230812073,
        0.699999988079071
      ],
      "x": 180,
      "pixel_coords": [
        210,
        154,
        8.470808029174805
      ],
      "material": "rubber",
      "size": "large",
      "width": 62,
      "height": 80,
      "color": "yellow",
      "y": 115,
      "shape": "cylinder",
      "rotation": 184.09757473592433
    },
    {
      "3d_coords": [
        2.3083572387695312,
        1.5956721305847168,
        0.699999988079071
      ],
      "x": 226,
      "pixel_coords": [
        253,
        113,
        10.181634902954102
      ],
      "material": "rubber",
      "size": "large",
      "width": 56,
      "height": 65,
      "color": "blue",
      "y": 81,
      "shape": "cylinder",
      "rotation": 184.18541131453543
    },
    {
      "3d_coords": [
        -1.0189741849899292,
        -0.4035153090953827,
        0.3499999940395355
      ],
      "x": 117,
      "pixel_coords": [
        131,
        103,
        11.492385864257812
      ],
      "material": "rubber",
      "size": "small",
      "width": 27,
      "height": 30,
      "color": "green",
      "y": 88,
      "shape": "cube",
      "rotation": 218.10589531685258
    },
    {
      "3d_coords": [
        0.6622523069381714,
        0.5944687724113464,
        0.3499999940395355
      ],
      "x": 177,
      "pixel_coords": [
        188,
        113,
        10.913817405700684
      ],
      "material": "metal",
      "size": "small",
      "width": 23,
      "height": 30,
      "color": "gray",
      "y": 98,
      "shape": "cylinder",
      "rotation": 112.08536316915487
    },
    {
      "3d_coords": [
        -2.4203460216522217,
        1.4676264524459839,
        0.3499999940395355
      ],
      "x": 139,
      "pixel_coords": [
        150,
        75,
        13.442506790161133
      ],
      "material": "rubber",
      "size": "small",
      "width": 22,
      "height": 25,
      "color": "yellow",
      "y": 63,
      "shape": "cube",
      "rotation": 260.4109185921929
    },
    {
      "3d_coords": [
        -2.7405593395233154,
        -0.02057930827140808,
        0.699999988079071
      ],
      "x": 85,
      "pixel_coords": [
        112,
        74,
        12.668988227844238
      ],
      "material": "metal",
      "size": "large",
      "width": 53,
      "height": 54,
      "color": "red",
      "y": 47,
      "shape": "cube",
      "rotation": 141.31313761536154
    }
  ]
}