{
  "image_filename": "CLEVR_new_000668.png",
  "directions": {
    "above": [
      0.0,
      0.0,
      1.0
    ],
    "behind": [
      -0.754490315914154,
      0.6563112735748291,
      0.0
    ],
    "left": [
      -0.6563112735748291,
      -0.7544902563095093,
      0.0
    ],
    "below": [
      -0.0,
      -0.0,
      -1.0
    ],
    "right": [
      0.6563112735748291,
      0.7544902563095093,
      -0.0
    ],
    "front": [
      0.754490315914154,
      -0.6563112735748291,
      -0.0
    ]
  },
  "relationships": {
    "left": [
      [
        1,
        2,
        3,
        4,
        7,
        9
      ],
      [
        3,
        7
      ],
      [
        1,
        3,
        7
      ],
      [],
      [
        1,
        2,
        3,
        7
      ],
      [
        0,
        1,
        2,
        3,
        4,
        6,
        7,
        8,
        9
      ],
      [
        0,
        1,
        2,
        3,
        4,
        7,
        8,
        9
      ],
      [
        3
      ],
      [
        0,
        1,
        2,
        3,
        4,
        7,
        9
      ],
      [
        1,
        2,
        3,
        4,
        7
      ]
    ],
    "front": [
      [
        1,
        2,
        3,
        4,
        5,
        6,
        7,
        8,
        9
      ],
      [
        2,
        3,
        4,
        5,
        6,
        7,
        8,
        9
      ],
      [
        4,
        5,
        8,
        9
      ],
      [
        2,
        4,
        5,
        8,
        9
      ],
      [
        8,
        9
      ],
      [
        4,
        8,
        9
      ],
      [
        2,
        3,
        4,
        5,
        7,
        8,
        9
      ],
      [
        2,
        3,
        4,
        5,
        8,
        9
      ],
      [
        9
      ],
      []
    ],
    "right": [
      [
        5,
        6,
        8
      ],
      [
        0,
        2,
        4,
        5,
        6,
        8,
        9
      ],
      [
        0,
        4,
        5,
        6,
        8,
        9
      ],
      [
        0,
        1,
        2,
        4,
        5,
        6,
        7,
        8,
        9
      ],
      [
        0,
        5,
        6,
        8,
        9
      ],
      [],
      [
        5
      ],
      [
        0,
        1,
        2,
        4,
        5,
        6,
        8,
        9
      ],
      [
        5,
        6
      ],
      [
        0,
        5,
        6,
        8
      ]
    ],
    "behind": [
      [],
      [
        0
      ],
      [
        0,
        1,
        3,
        6,
        7
      ],
      [
        0,
        1,
        6,
        7
      ],
      [
        0,
        1,
        2,
        3,
        5,
        6,
        7
      ],
      [
        0,
        1,
        2,
        3,
        6,
        7
      ],
      [
        0,
        1
      ],
      [
        0,
        1,
        6
      ],
      [
        0,
        1,
        2,
        3,
        4,
        5,
        6,
        7
      ],
      [
        0,
        1,
        2,
        3,
        4,
        5,
        6,
        7,
        8
      ]
    ]
  },
  "split": "new",
  "image_index": 668,
  "objects": [
    {
      "3d_coords": [
        -1.6186922788619995,
        2.6700170040130615,
        0.3499999940395355
      ],
      "x": 173,
      "pixel_coords": [
        181,
        77,
        14.306844711303711
      ],
      "material": "rubber",
      "size": "small",
      "width": 18,
      "height": 22,
      "color": "cyan",
      "y": 66,
      "shape": "cylinder",
      "rotation": 157.3988143104348
    },
    {
      "3d_coords": [
        -2.6270103454589844,
        -0.05045167729258537,
        0.3499999940395355
      ],
      "x": 102,
      "pixel_coords": [
        112,
        88,
        13.348899841308594
      ],
      "material": "metal",
      "size": "small",
      "width": 20,
      "height": 24,
      "color": "cyan",
      "y": 76,
      "shape": "cylinder",
      "rotation": 75.55074705790884
    },
    {
      "3d_coords": [
        -0.14796580374240875,
        -1.061094880104065,
        0.3499999940395355
      ],
      "x": 117,
      "pixel_coords": [
        132,
        120,
        11.161213874816895
      ],
      "material": "rubber",
      "size": "small",
      "width": 29,
      "height": 31,
      "color": "green",
      "y": 104,
      "shape": "cube",
      "rotation": 181.04259727661886
    },
    {
      "3d_coords": [
        -2.143720865249634,
        -2.1723415851593018,
        0.3499999940395355
      ],
      "x": 57,
      "pixel_coords": [
        69,
        109,
        11.786646842956543
      ],
      "material": "metal",
      "size": "small",
      "width": 25,
      "height": 28,
      "color": "yellow",
      "y": 96,
      "shape": "cube",
      "rotation": 283.7094612854125
    },
    {
      "3d_coords": [
        1.3291066884994507,
        -1.341312050819397,
        0.699999988079071
      ],
      "x": 129,
      "pixel_coords": [
        157,
        131,
        9.876319885253906
      ],
      "material": "rubber",
      "size": "large",
      "width": 54,
      "height": 65,
      "color": "gray",
      "y": 99,
      "shape": "cube",
      "rotation": 13.37674839061254
    },
    {
      "3d_coords": [
        2.789123773574829,
        1.3413139581680298,
        0.699999988079071
      ],
      "x": 228,
      "pixel_coords": [
        256,
        118,
        10.521979331970215
      ],
      "material": "rubber",
      "size": "large",
      "width": 55,
      "height": 65,
      "color": "yellow",
      "y": 87,
      "shape": "cube",
      "rotation": 308.4066987565082
    },
    {
      "3d_coords": [
        0.491454541683197,
        2.749289035797119,
        0.3499999940395355
      ],
      "x": 210,
      "pixel_coords": [
        223,
        92,
        12.999065399169922
      ],
      "material": "rubber",
      "size": "small",
      "width": 26,
      "height": 26,
      "color": "purple",
      "y": 79,
      "shape": "cube",
      "rotation": 302.84869985924075
    },
    {
      "3d_coords": [
        -2.2064099311828613,
        -1.0724207162857056,
        0.3499999940395355
      ],
      "x": 85,
      "pixel_coords": [
        96,
        99,
        12.475894927978516
      ],
      "material": "rubber",
      "size": "small",
      "width": 22,
      "height": 26,
      "color": "cyan",
      "y": 86,
      "shape": "cylinder",
      "rotation": 165.11193807084933
    },
    {
      "3d_coords": [
        2.9048495292663574,
        -0.2626100778579712,
        0.3499999940395355
      ],
      "x": 207,
      "pixel_coords": [
        224,
        150,
        9.672684669494629
      ],
      "material": "metal",
      "size": "small",
      "width": 36,
      "height": 37,
      "color": "blue",
      "y": 132,
      "shape": "cube",
      "rotation": 299.7256083906974
    },
    {
      "3d_coords": [
        2.7908034324645996,
        -1.958540678024292,
        0.3499999940395355
      ],
      "x": 160,
      "pixel_coords": [
        178,
        174,
        8.74521255493164
      ],
      "material": "metal",
      "size": "small",
      "width": 37,
      "height": 43,
      "color": "purple",
      "y": 153,
      "shape": "cube",
      "rotation": 12.870649188191624
    }
  ]
}