{
  "image_filename": "CLEVR_new_000503.png",
  "directions": {
    "above": [
      0.0,
      0.0,
      1.0
    ],
    "behind": [
      -0.754490315914154,
      0.6563112735748291,
      0.0
    ],
    "left": [
      -0.6563112735748291,
      -0.7544902563095093,
      0.0
    ],
    "below": [
      -0.0,
      -0.0,
      -1.0
    ],
    "right": [
      0.6563112735748291,
      0.7544902563095093,
      -0.0
    ],
    "front": [
      0.754490315914154,
      -0.6563112735748291,
      -0.0
    ]
  },
  "relationships": {
    "left": [
      [
        4
      ],
      [
        0,
        4,
        7
      ],
      [
        0,
        1,
        3,
        4,
        6,
        7,
        8
      ],
      [
        0,
        1,
        4,
        7,
        8
      ],
      [],
      [
        0,
        1,
        2,
        3,
        4,
        6,
        7,
        8,
        9
      ],
      [
        0,
        1,
        3,
        4,
        7,
        8
      ],
      [
        0,
        4
      ],
      [
        0,
        1,
        4,
        7
      ],
      [
        0,
        1,
        2,
        3,
        4,
        6,
        7,
        8
      ]
    ],
    "front": [
      [
        1,
        2,
        4,
        5,
        6,
        8
      ],
      [],
      [
        1,
        6,
        8
      ],
      [
        0,
        1,
        2,
        4,
        5,
        6,
        7,
        8,
        9
      ],
      [
        1,
        2,
        6,
        8
      ],
      [
        1,
        2,
        4,
        6,
        8
      ],
      [
        1
      ],
      [
        0,
        1,
        2,
        4,
        5,
        6,
        8,
        9
      ],
      [
        1,
        6
      ],
      [
        0,
        1,
        2,
        4,
        5,
        6,
        8
      ]
    ],
    "right": [
      [
        1,
        2,
        3,
        5,
        6,
        7,
        8,
        9
      ],
      [
        2,
        3,
        5,
        6,
        8,
        9
      ],
      [
        5,
        9
      ],
      [
        2,
        5,
        6,
        9
      ],
      [
        0,
        1,
        2,
        3,
        5,
        6,
        7,
        8,
        9
      ],
      [],
      [
        2,
        5,
        9
      ],
      [
        1,
        2,
        3,
        5,
        6,
        8,
        9
      ],
      [
        2,
        3,
        5,
        6,
        9
      ],
      [
        5
      ]
    ],
    "behind": [
      [
        3,
        7,
        9
      ],
      [
        0,
        2,
        3,
        4,
        5,
        6,
        7,
        8,
        9
      ],
      [
        0,
        3,
        4,
        5,
        7,
        9
      ],
      [],
      [
        0,
        3,
        5,
        7,
        9
      ],
      [
        0,
        3,
        7,
        9
      ],
      [
        0,
        2,
        3,
        4,
        5,
        7,
        8,
        9
      ],
      [
        3
      ],
      [
        0,
        2,
        3,
        4,
        5,
        7,
        9
      ],
      [
        3,
        7
      ]
    ]
  },
  "split": "new",
  "image_index": 503,
  "objects": [
    {
      "3d_coords": [
        -1.5762935876846313,
        -0.6976338028907776,
        0.3499999940395355
      ],
      "x": 103,
      "pixel_coords": [
        114,
        100,
        11.921439170837402
      ],
      "material": "rubber",
      "size": "small",
      "width": 22,
      "height": 27,
      "color": "yellow",
      "y": 87,
      "shape": "cylinder",
      "rotation": 179.97130643766542
    },
    {
      "3d_coords": [
        2.399094343185425,
        -2.9001879692077637,
        0.3499999940395355
      ],
      "x": 117,
      "pixel_coords": [
        132,
        188,
        8.08320426940918
      ],
      "material": "metal",
      "size": "small",
      "width": 30,
      "height": 31,
      "color": "yellow",
      "y": 173,
      "shape": "sphere",
      "rotation": 93.70251717264146
    },
    {
      "3d_coords": [
        1.7366278171539307,
        0.4725576639175415,
        0.3499999940395355
      ],
      "x": 196,
      "pixel_coords": [
        210,
        127,
        10.408648490905762
      ],
      "material": "rubber",
      "size": "small",
      "width": 28,
      "height": 31,
      "color": "blue",
      "y": 112,
      "shape": "cube",
      "rotation": 333.94255149888096
    },
    {
      "3d_coords": [
        -2.400097608566284,
        2.7856476306915283,
        0.699999988079071
      ],
      "x": 156,
      "pixel_coords": [
        174,
        60,
        14.237178802490234
      ],
      "material": "metal",
      "size": "large",
      "width": 35,
      "height": 44,
      "color": "blue",
      "y": 38,
      "shape": "cylinder",
      "rotation": 352.45414659099737
    },
    {
      "3d_coords": [
        -0.902908980846405,
        -1.840093731880188,
        0.699999988079071
      ],
      "x": 71,
      "pixel_coords": [
        95,
        109,
        10.66242504119873
      ],
      "material": "metal",
      "size": "large",
      "width": 47,
      "height": 46,
      "color": "cyan",
      "y": 86,
      "shape": "sphere",
      "rotation": 294.43935477428613
    },
    {
      "3d_coords": [
        1.9769703149795532,
        2.465146064758301,
        0.699999988079071
      ],
      "x": 234,
      "pixel_coords": [
        259,
        100,
        11.191546440124512
      ],
      "material": "metal",
      "size": "large",
      "width": 51,
      "height": 58,
      "color": "red",
      "y": 71,
      "shape": "cylinder",
      "rotation": 112.29792904910863
    },
    {
      "3d_coords": [
        2.63014817237854,
        -1.0268182754516602,
        0.3499999940395355
      ],
      "x": 183,
      "pixel_coords": [
        196,
        161,
        8.982653617858887
      ],
      "material": "rubber",
      "size": "small",
      "width": 27,
      "height": 27,
      "color": "blue",
      "y": 147,
      "shape": "sphere",
      "rotation": 150.61877833296185
    },
    {
      "3d_coords": [
        -2.667233467102051,
        0.7960492968559265,
        0.3499999940395355
      ],
      "x": 118,
      "pixel_coords": [
        131,
        79,
        13.473501205444336
      ],
      "material": "rubber",
      "size": "small",
      "width": 25,
      "height": 25,
      "color": "cyan",
      "y": 66,
      "shape": "cube",
      "rotation": 80.29894166649704
    },
    {
      "3d_coords": [
        1.3475661277770996,
        -1.27299165725708,
        0.699999988079071
      ],
      "x": 131,
      "pixel_coords": [
        157,
        132,
        9.50700855255127
      ],
      "material": "rubber",
      "size": "large",
      "width": 52,
      "height": 52,
      "color": "blue",
      "y": 107,
      "shape": "sphere",
      "rotation": 345.49173733753565
    },
    {
      "3d_coords": [
        0.30825066566467285,
        2.5543599128723145,
        0.699999988079071
      ],
      "x": 201,
      "pixel_coords": [
        221,
        82,
        12.334173202514648
      ],
      "material": "rubber",
      "size": "large",
      "width": 40,
      "height": 40,
      "color": "red",
      "y": 62,
      "shape": "sphere",
      "rotation": 227.39466209172298
    }
  ]
}