{
  "image_filename": "CLEVR_new_000366.png",
  "directions": {
    "above": [
      0.0,
      0.0,
      1.0
    ],
    "behind": [
      -0.754490315914154,
      0.6563112735748291,
      0.0
    ],
    "left": [
      -0.6563112735748291,
      -0.7544902563095093,
      0.0
    ],
    "below": [
      -0.0,
      -0.0,
      -1.0
    ],
    "right": [
      0.6563112735748291,
      0.7544902563095093,
      -0.0
    ],
    "front": [
      0.754490315914154,
      -0.6563112735748291,
      -0.0
    ]
  },
  "relationships": {
    "left": [
      [
        2,
        5
      ],
      [
        0,
        2,
        5
      ],
      [
        5
      ],
      [
        0,
        1,
        2,
        5,
        6
      ],
      [
        0,
        1,
        2,
        3,
        5,
        6
      ],
      [],
      [
        0,
        1,
        2,
        5
      ]
    ],
    "front": [
      [
        1,
        2,
        3,
        4,
        5
      ],
      [
        2
      ],
      [],
      [
        1,
        2
      ],
      [
        1,
        2,
        3,
        5
      ],
      [
        1,
        2,
        3
      ],
      [
        0,
        1,
        2,
        3,
        4,
        5
      ]
    ],
    "right": [
      [
        1,
        3,
        4,
        6
      ],
      [
        3,
        4,
        6
      ],
      [
        0,
        1,
        3,
        4,
        6
      ],
      [
        4
      ],
      [],
      [
        0,
        1,
        2,
        3,
        4,
        6
      ],
      [
        3,
        4
      ]
    ],
    "behind": [
      [
        6
      ],
      [
        0,
        3,
        4,
        5,
        6
      ],
      [
        0,
        1,
        3,
        4,
        5,
        6
      ],
      [
        0,
        4,
        5,
        6
      ],
      [
        0,
        6
      ],
      [
        0,
        4,
        6
      ],
      []
    ]
  },
  "split": "new",
  "image_index": 366,
  "objects": [
    {
      "3d_coords": [
        -1.5526318550109863,
        1.1090327501296997,
        0.3499999940395355
      ],
      "x": 144,
      "pixel_coords": [
        155,
        84,
        12.627785682678223
      ],
      "material": "metal",
      "size": "small",
      "width": 21,
      "height": 25,
      "color": "cyan",
      "y": 72,
      "shape": "cube",
      "rotation": 281.95158833748025
    },
    {
      "3d_coords": [
        1.0203845500946045,
        -0.4911624491214752,
        0.3499999940395355
      ],
      "x": 158,
      "pixel_coords": [
        171,
        129,
        10.074749946594238
      ],
      "material": "metal",
      "size": "small",
      "width": 25,
      "height": 33,
      "color": "gray",
      "y": 113,
      "shape": "cylinder",
      "rotation": 62.25074743786422
    },
    {
      "3d_coords": [
        0.7686380743980408,
        -2.8071486949920654,
        0.3499999940395355
      ],
      "x": 83,
      "pixel_coords": [
        97,
        158,
        8.92668342590332
      ],
      "material": "rubber",
      "size": "small",
      "width": 28,
      "height": 28,
      "color": "cyan",
      "y": 144,
      "shape": "sphere",
      "rotation": 175.19341134377257
    },
    {
      "3d_coords": [
        1.3173675537109375,
        0.8201217651367188,
        0.699999988079071
      ],
      "x": 186,
      "pixel_coords": [
        210,
        108,
        10.443973541259766
      ],
      "material": "rubber",
      "size": "large",
      "width": 51,
      "height": 63,
      "color": "yellow",
      "y": 77,
      "shape": "cylinder",
      "rotation": 167.72369192833696
    },
    {
      "3d_coords": [
        1.7835934162139893,
        2.6755902767181396,
        0.699999988079071
      ],
      "x": 235,
      "pixel_coords": [
        260,
        94,
        11.194282531738281
      ],
      "material": "rubber",
      "size": "large",
      "width": 53,
      "height": 59,
      "color": "red",
      "y": 66,
      "shape": "cube",
      "rotation": 71.37489501139297
    },
    {
      "3d_coords": [
        -1.6044318675994873,
        -1.862739086151123,
        0.699999988079071
      ],
      "x": 54,
      "pixel_coords": [
        80,
        101,
        10.79902458190918
      ],
      "material": "rubber",
      "size": "large",
      "width": 51,
      "height": 61,
      "color": "yellow",
      "y": 71,
      "shape": "cylinder",
      "rotation": 149.508442317878
    },
    {
      "3d_coords": [
        -2.1011147499084473,
        2.873399257659912,
        0.699999988079071
      ],
      "x": 162,
      "pixel_coords": [
        179,
        59,
        13.794795036315918
      ],
      "material": "rubber",
      "size": "large",
      "width": 37,
      "height": 46,
      "color": "red",
      "y": 36,
      "shape": "cylinder",
      "rotation": 184.03930012889668
    }
  ]
}