{
  "image_filename": "CLEVR_new_000582.png",
  "directions": {
    "above": [
      0.0,
      0.0,
      1.0
    ],
    "behind": [
      -0.754490315914154,
      0.6563112735748291,
      0.0
    ],
    "left": [
      -0.6563112735748291,
      -0.7544902563095093,
      0.0
    ],
    "below": [
      -0.0,
      -0.0,
      -1.0
    ],
    "right": [
      0.6563112735748291,
      0.7544902563095093,
      -0.0
    ],
    "front": [
      0.754490315914154,
      -0.6563112735748291,
      -0.0
    ]
  },
  "relationships": {
    "left": [
      [
        1,
        2,
        3,
        5
      ],
      [
        5
      ],
      [
        1,
        3,
        5
      ],
      [
        1,
        5
      ],
      [
        0,
        1,
        2,
        3,
        5
      ],
      []
    ],
    "front": [
      [
        3
      ],
      [
        0,
        3,
        4
      ],
      [
        0,
        1,
        3,
        4,
        5
      ],
      [],
      [
        0,
        3
      ],
      [
        0,
        1,
        3,
        4
      ]
    ],
    "right": [
      [
        4
      ],
      [
        0,
        2,
        3,
        4
      ],
      [
        0,
        4
      ],
      [
        0,
        2,
        4
      ],
      [],
      [
        0,
        1,
        2,
        3,
        4
      ]
    ],
    "behind": [
      [
        1,
        2,
        4,
        5
      ],
      [
        2,
        5
      ],
      [],
      [
        0,
        1,
        2,
        4,
        5
      ],
      [
        1,
        2,
        5
      ],
      [
        2
      ]
    ]
  },
  "split": "new",
  "image_index": 582,
  "objects": [
    {
      "3d_coords": [
        1.7679647207260132,
        0.81349116563797,
        0.699999988079071
      ],
      "x": 197,
      "pixel_coords": [
        222,
        110,
        10.088876724243164
      ],
      "material": "metal",
      "size": "large",
      "width": 49,
      "height": 49,
      "color": "brown",
      "y": 86,
      "shape": "sphere",
      "rotation": 172.60358857745788
    },
    {
      "3d_coords": [
        -1.4497945308685303,
        -1.1326349973678589,
        0.3499999940395355
      ],
      "x": 90,
      "pixel_coords": [
        104,
        106,
        11.256458282470703
      ],
      "material": "metal",
      "size": "small",
      "width": 28,
      "height": 30,
      "color": "purple",
      "y": 91,
      "shape": "cube",
      "rotation": 153.69939055817588
    },
    {
      "3d_coords": [
        -1.1057807207107544,
        2.3582167625427246,
        0.699999988079071
      ],
      "x": 169,
      "pixel_coords": [
        188,
        75,
        12.946573257446289
      ],
      "material": "metal",
      "size": "large",
      "width": 39,
      "height": 48,
      "color": "green",
      "y": 51,
      "shape": "cylinder",
      "rotation": 135.6463717001389
    },
    {
      "3d_coords": [
        1.6611487865447998,
        -1.2172943353652954,
        0.3499999940395355
      ],
      "x": 154,
      "pixel_coords": [
        167,
        142,
        9.106690406799316
      ],
      "material": "metal",
      "size": "small",
      "width": 27,
      "height": 27,
      "color": "green",
      "y": 129,
      "shape": "sphere",
      "rotation": 274.250513250302
    },
    {
      "3d_coords": [
        2.8281428813934326,
        2.7143545150756836,
        0.699999988079071
      ],
      "x": 260,
      "pixel_coords": [
        290,
        104,
        10.503463745117188
      ],
      "material": "rubber",
      "size": "large",
      "width": 60,
      "height": 60,
      "color": "yellow",
      "y": 75,
      "shape": "cube",
      "rotation": 98.17995493945705
    },
    {
      "3d_coords": [
        -2.8485169410705566,
        -2.0434370040893555,
        0.3499999940395355
      ],
      "x": 45,
      "pixel_coords": [
        57,
        100,
        11.658926963806152
      ],
      "material": "rubber",
      "size": "small",
      "width": 24,
      "height": 27,
      "color": "brown",
      "y": 87,
      "shape": "cylinder",
      "rotation": 41.12412202889605
    }
  ]
}