{
  "image_filename": "CLEVR_new_000304.png",
  "directions": {
    "above": [
      0.0,
      0.0,
      1.0
    ],
    "behind": [
      -0.754490315914154,
      0.6563112735748291,
      0.0
    ],
    "left": [
      -0.6563112735748291,
      -0.7544902563095093,
      0.0
    ],
    "below": [
      -0.0,
      -0.0,
      -1.0
    ],
    "right": [
      0.6563112735748291,
      0.7544902563095093,
      -0.0
    ],
    "front": [
      0.754490315914154,
      -0.6563112735748291,
      -0.0
    ]
  },
  "relationships": {
    "left": [
      [
        2,
        4,
        6,
        8
      ],
      [
        0,
        2,
        3,
        4,
        5,
        6,
        7,
        8
      ],
      [],
      [
        0,
        2,
        4,
        5,
        6,
        8
      ],
      [
        2,
        8
      ],
      [
        0,
        2,
        4,
        6,
        8
      ],
      [
        2,
        4,
        8
      ],
      [
        0,
        2,
        3,
        4,
        5,
        6,
        8
      ],
      [
        2
      ]
    ],
    "front": [
      [
        6,
        8
      ],
      [
        0,
        6,
        8
      ],
      [
        0,
        1,
        4,
        6,
        8
      ],
      [
        0,
        1,
        2,
        4,
        6,
        7,
        8
      ],
      [
        0,
        1,
        6,
        8
      ],
      [
        0,
        1,
        2,
        3,
        4,
        6,
        7,
        8
      ],
      [],
      [
        0,
        1,
        2,
        4,
        6,
        8
      ],
      [
        6
      ]
    ],
    "right": [
      [
        1,
        3,
        5,
        7
      ],
      [],
      [
        0,
        1,
        3,
        4,
        5,
        6,
        7,
        8
      ],
      [
        1,
        7
      ],
      [
        0,
        1,
        3,
        5,
        6,
        7
      ],
      [
        1,
        3,
        7
      ],
      [
        0,
        1,
        3,
        5,
        7
      ],
      [
        1
      ],
      [
        0,
        1,
        3,
        4,
        5,
        6,
        7
      ]
    ],
    "behind": [
      [
        1,
        2,
        3,
        4,
        5,
        7
      ],
      [
        2,
        3,
        4,
        5,
        7
      ],
      [
        3,
        5,
        7
      ],
      [
        5
      ],
      [
        2,
        3,
        5,
        7
      ],
      [],
      [
        0,
        1,
        2,
        3,
        4,
        5,
        7,
        8
      ],
      [
        3,
        5
      ],
      [
        0,
        1,
        2,
        3,
        4,
        5,
        7
      ]
    ]
  },
  "split": "new",
  "image_index": 304,
  "objects": [
    {
      "3d_coords": [
        0.8966069221496582,
        -0.6593815088272095,
        0.699999988079071
      ],
      "x": 140,
      "pixel_coords": [
        163,
        117,
        10.544800758361816
      ],
      "material": "rubber",
      "size": "large",
      "width": 47,
      "height": 47,
      "color": "gray",
      "y": 94,
      "shape": "sphere",
      "rotation": 233.53586094466755
    },
    {
      "3d_coords": [
        2.481210947036743,
        2.173902988433838,
        0.699999988079071
      ],
      "x": 233,
      "pixel_coords": [
        263,
        107,
        11.146431922912598
      ],
      "material": "metal",
      "size": "large",
      "width": 64,
      "height": 60,
      "color": "yellow",
      "y": 78,
      "shape": "cube",
      "rotation": 329.39322916963994
    },
    {
      "3d_coords": [
        -2.386845588684082,
        -0.9263518452644348,
        0.3499999940395355
      ],
      "x": 86,
      "pixel_coords": [
        97,
        96,
        12.716897964477539
      ],
      "material": "metal",
      "size": "small",
      "width": 23,
      "height": 26,
      "color": "cyan",
      "y": 83,
      "shape": "cube",
      "rotation": 101.71599359922342
    },
    {
      "3d_coords": [
        -0.8232609033584595,
        2.747504949569702,
        0.3499999940395355
      ],
      "x": 189,
      "pixel_coords": [
        198,
        83,
        13.819900512695312
      ],
      "material": "metal",
      "size": "small",
      "width": 18,
      "height": 18,
      "color": "purple",
      "y": 74,
      "shape": "sphere",
      "rotation": 31.721761828295385
    },
    {
      "3d_coords": [
        -1.3651260137557983,
        -0.50505131483078,
        0.3499999940395355
      ],
      "x": 111,
      "pixel_coords": [
        123,
        102,
        12.289568901062012
      ],
      "material": "rubber",
      "size": "small",
      "width": 25,
      "height": 27,
      "color": "gray",
      "y": 88,
      "shape": "cube",
      "rotation": 79.76102828570856
    },
    {
      "3d_coords": [
        -1.9679638147354126,
        2.456756830215454,
        0.3499999940395355
      ],
      "x": 165,
      "pixel_coords": [
        173,
        76,
        14.403803825378418
      ],
      "material": "rubber",
      "size": "small",
      "width": 17,
      "height": 22,
      "color": "cyan",
      "y": 65,
      "shape": "cylinder",
      "rotation": 66.69880411921056
    },
    {
      "3d_coords": [
        1.515967845916748,
        -2.1694319248199463,
        0.3499999940395355
      ],
      "x": 119,
      "pixel_coords": [
        137,
        155,
        9.430113792419434
      ],
      "material": "metal",
      "size": "small",
      "width": 35,
      "height": 39,
      "color": "brown",
      "y": 136,
      "shape": "cube",
      "rotation": 39.626326930940685
    },
    {
      "3d_coords": [
        0.1528678983449936,
        2.7102608680725098,
        0.3499999940395355
      ],
      "x": 207,
      "pixel_coords": [
        217,
        90,
        13.156576156616211
      ],
      "material": "rubber",
      "size": "small",
      "width": 20,
      "height": 24,
      "color": "cyan",
      "y": 78,
      "shape": "cylinder",
      "rotation": 51.33730004810087
    },
    {
      "3d_coords": [
        0.05323562026023865,
        -2.4455502033233643,
        0.699999988079071
      ],
      "x": 63,
      "pixel_coords": [
        97,
        126,
        10.063223838806152
      ],
      "material": "rubber",
      "size": "large",
      "width": 65,
      "height": 67,
      "color": "gray",
      "y": 94,
      "shape": "cube",
      "rotation": 102.7246212442497
    }
  ]
}