{
  "image_filename": "CLEVR_new_000485.png",
  "directions": {
    "above": [
      0.0,
      0.0,
      1.0
    ],
    "behind": [
      -0.754490315914154,
      0.6563112735748291,
      0.0
    ],
    "left": [
      -0.6563112735748291,
      -0.7544902563095093,
      0.0
    ],
    "below": [
      -0.0,
      -0.0,
      -1.0
    ],
    "right": [
      0.6563112735748291,
      0.7544902563095093,
      -0.0
    ],
    "front": [
      0.754490315914154,
      -0.6563112735748291,
      -0.0
    ]
  },
  "relationships": {
    "left": [
      [
        1,
        2,
        3
      ],
      [
        3
      ],
      [
        1,
        3
      ],
      [],
      [
        0,
        1,
        2,
        3,
        5
      ],
      [
        0,
        1,
        2,
        3
      ]
    ],
    "front": [
      [
        1,
        3,
        4,
        5
      ],
      [
        3,
        4
      ],
      [
        0,
        1,
        3,
        4,
        5
      ],
      [],
      [
        3
      ],
      [
        1,
        3,
        4
      ]
    ],
    "right": [
      [
        4,
        5
      ],
      [
        0,
        2,
        4,
        5
      ],
      [
        0,
        4,
        5
      ],
      [
        0,
        1,
        2,
        4,
        5
      ],
      [],
      [
        4
      ]
    ],
    "behind": [
      [
        2
      ],
      [
        0,
        2,
        5
      ],
      [],
      [
        0,
        1,
        2,
        4,
        5
      ],
      [
        0,
        1,
        2,
        5
      ],
      [
        0,
        2
      ]
    ]
  },
  "split": "new",
  "image_index": 485,
  "objects": [
    {
      "3d_coords": [
        -1.190555453300476,
        2.413419485092163,
        0.3499999940395355
      ],
      "x": 175,
      "pixel_coords": [
        188,
        83,
        13.560139656066895
      ],
      "material": "metal",
      "size": "small",
      "width": 25,
      "height": 24,
      "color": "green",
      "y": 71,
      "shape": "cube",
      "rotation": 279.5213148779762
    },
    {
      "3d_coords": [
        0.11518167704343796,
        -1.6316437721252441,
        0.3499999940395355
      ],
      "x": 108,
      "pixel_coords": [
        120,
        127,
        10.324324607849121
      ],
      "material": "metal",
      "size": "small",
      "width": 25,
      "height": 32,
      "color": "blue",
      "y": 111,
      "shape": "cylinder",
      "rotation": 137.35270492708628
    },
    {
      "3d_coords": [
        -2.5566117763519287,
        2.10300874710083,
        0.699999988079071
      ],
      "x": 141,
      "pixel_coords": [
        159,
        68,
        14.15538215637207
      ],
      "material": "metal",
      "size": "large",
      "width": 35,
      "height": 35,
      "color": "brown",
      "y": 50,
      "shape": "sphere",
      "rotation": 120.87420771580415
    },
    {
      "3d_coords": [
        0.7524111866950989,
        -2.7203917503356934,
        0.3499999940395355
      ],
      "x": 87,
      "pixel_coords": [
        100,
        148,
        9.258548736572266
      ],
      "material": "metal",
      "size": "small",
      "width": 27,
      "height": 27,
      "color": "gray",
      "y": 134,
      "shape": "sphere",
      "rotation": 252.5194561487703
    },
    {
      "3d_coords": [
        2.7579843997955322,
        0.49388352036476135,
        0.3499999940395355
      ],
      "x": 225,
      "pixel_coords": [
        238,
        137,
        9.755040168762207
      ],
      "material": "rubber",
      "size": "small",
      "width": 26,
      "height": 25,
      "color": "gray",
      "y": 125,
      "shape": "sphere",
      "rotation": 346.30177408898703
    },
    {
      "3d_coords": [
        0.7840599417686462,
        1.5827041864395142,
        0.699999988079071
      ],
      "x": 191,
      "pixel_coords": [
        212,
        95,
        11.576080322265625
      ],
      "material": "metal",
      "size": "large",
      "width": 43,
      "height": 42,
      "color": "yellow",
      "y": 74,
      "shape": "sphere",
      "rotation": 102.47210037298962
    }
  ]
}