{
  "image_filename": "CLEVR_new_000170.png",
  "directions": {
    "above": [
      0.0,
      0.0,
      1.0
    ],
    "behind": [
      -0.754490315914154,
      0.6563112735748291,
      0.0
    ],
    "left": [
      -0.6563112735748291,
      -0.7544902563095093,
      0.0
    ],
    "below": [
      -0.0,
      -0.0,
      -1.0
    ],
    "right": [
      0.6563112735748291,
      0.7544902563095093,
      -0.0
    ],
    "front": [
      0.754490315914154,
      -0.6563112735748291,
      -0.0
    ]
  },
  "relationships": {
    "left": [
      [
        1,
        3,
        5
      ],
      [
        3,
        5
      ],
      [
        0,
        1,
        3,
        4,
        5
      ],
      [
        5
      ],
      [
        0,
        1,
        3,
        5
      ],
      [],
      [
        0,
        1,
        2,
        3,
        4,
        5,
        7
      ],
      [
        0,
        1,
        2,
        3,
        4,
        5
      ]
    ],
    "front": [
      [
        1,
        2,
        4,
        5,
        6
      ],
      [
        4
      ],
      [
        1,
        4,
        5,
        6
      ],
      [
        0,
        1,
        2,
        4,
        5,
        6,
        7
      ],
      [],
      [
        1,
        4,
        6
      ],
      [
        1,
        4
      ],
      [
        0,
        1,
        2,
        4,
        5,
        6
      ]
    ],
    "right": [
      [
        2,
        4,
        6,
        7
      ],
      [
        0,
        2,
        4,
        6,
        7
      ],
      [
        6,
        7
      ],
      [
        0,
        1,
        2,
        4,
        6,
        7
      ],
      [
        2,
        6,
        7
      ],
      [
        0,
        1,
        2,
        3,
        4,
        6,
        7
      ],
      [],
      [
        6
      ]
    ],
    "behind": [
      [
        3,
        7
      ],
      [
        0,
        2,
        3,
        5,
        6,
        7
      ],
      [
        0,
        3,
        7
      ],
      [],
      [
        0,
        1,
        2,
        3,
        5,
        6,
        7
      ],
      [
        0,
        2,
        3,
        7
      ],
      [
        0,
        2,
        3,
        5,
        7
      ],
      [
        3
      ]
    ]
  },
  "split": "new",
  "image_index": 170,
  "objects": [
    {
      "3d_coords": [
        -0.8405000567436218,
        0.6600708365440369,
        0.3499999940395355
      ],
      "x": 146,
      "pixel_coords": [
        158,
        97,
        12.620944023132324
      ],
      "material": "rubber",
      "size": "small",
      "width": 25,
      "height": 27,
      "color": "cyan",
      "y": 84,
      "shape": "cube",
      "rotation": 317.6473480099661
    },
    {
      "3d_coords": [
        0.46449729800224304,
        -2.2097182273864746,
        0.699999988079071
      ],
      "x": 76,
      "pixel_coords": [
        112,
        130,
        9.944602966308594
      ],
      "material": "metal",
      "size": "large",
      "width": 69,
      "height": 72,
      "color": "brown",
      "y": 95,
      "shape": "cube",
      "rotation": 89.81014779913556
    },
    {
      "3d_coords": [
        0.786672830581665,
        1.118890404701233,
        0.699999988079071
      ],
      "x": 179,
      "pixel_coords": [
        201,
        100,
        11.646184921264648
      ],
      "material": "rubber",
      "size": "large",
      "width": 45,
      "height": 56,
      "color": "cyan",
      "y": 72,
      "shape": "cylinder",
      "rotation": 339.14412446738675
    },
    {
      "3d_coords": [
        -2.989766836166382,
        -0.362021803855896,
        0.699999988079071
      ],
      "x": 77,
      "pixel_coords": [
        101,
        78,
        13.2716703414917
      ],
      "material": "rubber",
      "size": "large",
      "width": 48,
      "height": 51,
      "color": "red",
      "y": 53,
      "shape": "cube",
      "rotation": 17.050417626631265
    },
    {
      "3d_coords": [
        2.922297477722168,
        -1.568171739578247,
        0.699999988079071
      ],
      "x": 159,
      "pixel_coords": [
        190,
        159,
        8.701498985290527
      ],
      "material": "rubber",
      "size": "large",
      "width": 62,
      "height": 78,
      "color": "cyan",
      "y": 121,
      "shape": "cube",
      "rotation": 156.2438662675179
    },
    {
      "3d_coords": [
        -1.8577492237091064,
        -2.9372055530548096,
        0.699999988079071
      ],
      "x": 28,
      "pixel_coords": [
        51,
        109,
        11.04942512512207
      ],
      "material": "metal",
      "size": "large",
      "width": 46,
      "height": 44,
      "color": "gray",
      "y": 87,
      "shape": "sphere",
      "rotation": 82.18615314024728
    },
    {
      "3d_coords": [
        2.8403632640838623,
        1.3027472496032715,
        0.3499999940395355
      ],
      "x": 239,
      "pixel_coords": [
        254,
        131,
        10.576424598693848
      ],
      "material": "metal",
      "size": "small",
      "width": 31,
      "height": 31,
      "color": "green",
      "y": 115,
      "shape": "cube",
      "rotation": 230.26066299659212
    },
    {
      "3d_coords": [
        0.3118281364440918,
        2.7259461879730225,
        0.699999988079071
      ],
      "x": 201,
      "pixel_coords": [
        221,
        83,
        12.881111145019531
      ],
      "material": "rubber",
      "size": "large",
      "width": 42,
      "height": 50,
      "color": "gray",
      "y": 58,
      "shape": "cylinder",
      "rotation": 355.6141712664795
    }
  ]
}