{
  "image_filename": "CLEVR_new_000603.png",
  "directions": {
    "above": [
      0.0,
      0.0,
      1.0
    ],
    "behind": [
      -0.754490315914154,
      0.6563112735748291,
      0.0
    ],
    "left": [
      -0.6563112735748291,
      -0.7544902563095093,
      0.0
    ],
    "below": [
      -0.0,
      -0.0,
      -1.0
    ],
    "right": [
      0.6563112735748291,
      0.7544902563095093,
      -0.0
    ],
    "front": [
      0.754490315914154,
      -0.6563112735748291,
      -0.0
    ]
  },
  "relationships": {
    "left": [
      [
        2,
        5,
        6
      ],
      [
        0,
        2,
        4,
        5,
        6
      ],
      [],
      [
        0,
        1,
        2,
        4,
        5,
        6
      ],
      [
        0,
        2,
        5,
        6
      ],
      [
        2
      ],
      [
        2,
        5
      ]
    ],
    "front": [
      [
        1,
        2,
        3,
        6
      ],
      [
        2,
        3,
        6
      ],
      [
        3,
        6
      ],
      [
        6
      ],
      [
        0,
        1,
        2,
        3,
        6
      ],
      [
        0,
        1,
        2,
        3,
        4,
        6
      ],
      []
    ],
    "right": [
      [
        1,
        3,
        4
      ],
      [
        3
      ],
      [
        0,
        1,
        3,
        4,
        5,
        6
      ],
      [],
      [
        1,
        3
      ],
      [
        0,
        1,
        3,
        4,
        6
      ],
      [
        0,
        1,
        3,
        4
      ]
    ],
    "behind": [
      [
        4,
        5
      ],
      [
        0,
        4,
        5
      ],
      [
        0,
        1,
        4,
        5
      ],
      [
        0,
        1,
        2,
        4,
        5
      ],
      [
        5
      ],
      [],
      [
        0,
        1,
        2,
        3,
        4,
        5
      ]
    ]
  },
  "split": "new",
  "image_index": 603,
  "objects": [
    {
      "3d_coords": [
        -0.6279904842376709,
        1.3338735103607178,
        0.3499999940395355
      ],
      "x": 165,
      "pixel_coords": [
        178,
        95,
        12.28870677947998
      ],
      "material": "metal",
      "size": "small",
      "width": 26,
      "height": 27,
      "color": "cyan",
      "y": 81,
      "shape": "cube",
      "rotation": 216.5847115955272
    },
    {
      "3d_coords": [
        1.3479856252670288,
        2.151383638381958,
        0.699999988079071
      ],
      "x": 215,
      "pixel_coords": [
        238,
        96,
        11.245415687561035
      ],
      "material": "metal",
      "size": "large",
      "width": 49,
      "height": 56,
      "color": "blue",
      "y": 68,
      "shape": "cylinder",
      "rotation": 107.3264521934572
    },
    {
      "3d_coords": [
        -2.0497827529907227,
        -2.9157326221466064,
        0.699999988079071
      ],
      "x": 15,
      "pixel_coords": [
        43,
        104,
        10.658500671386719
      ],
      "material": "metal",
      "size": "large",
      "width": 54,
      "height": 60,
      "color": "purple",
      "y": 75,
      "shape": "cylinder",
      "rotation": 337.1876680810371
    },
    {
      "3d_coords": [
        2.9044735431671143,
        1.6687813997268677,
        0.3499999940395355
      ],
      "x": 256,
      "pixel_coords": [
        270,
        126,
        10.041768074035645
      ],
      "material": "metal",
      "size": "small",
      "width": 28,
      "height": 32,
      "color": "red",
      "y": 110,
      "shape": "cylinder",
      "rotation": 356.41676780232325
    },
    {
      "3d_coords": [
        -0.6182304620742798,
        2.655823230743408,
        0.699999988079071
      ],
      "x": 185,
      "pixel_coords": [
        204,
        77,
        12.896217346191406
      ],
      "material": "metal",
      "size": "large",
      "width": 38,
      "height": 38,
      "color": "brown",
      "y": 58,
      "shape": "sphere",
      "rotation": 37.51446749136326
    },
    {
      "3d_coords": [
        -2.7110953330993652,
        1.6292644739151,
        0.699999988079071
      ],
      "x": 123,
      "pixel_coords": [
        147,
        70,
        13.747815132141113
      ],
      "material": "rubber",
      "size": "large",
      "width": 49,
      "height": 47,
      "color": "brown",
      "y": 47,
      "shape": "cube",
      "rotation": 329.93395378120914
    },
    {
      "3d_coords": [
        2.0602948665618896,
        -1.978509783744812,
        0.3499999940395355
      ],
      "x": 136,
      "pixel_coords": [
        152,
        158,
        8.512667655944824
      ],
      "material": "metal",
      "size": "small",
      "width": 32,
      "height": 40,
      "color": "green",
      "y": 138,
      "shape": "cube",
      "rotation": 162.83471338498217
    }
  ]
}