{
  "image_filename": "CLEVR_new_000285.png",
  "directions": {
    "above": [
      0.0,
      0.0,
      1.0
    ],
    "behind": [
      -0.754490315914154,
      0.6563112735748291,
      0.0
    ],
    "left": [
      -0.6563112735748291,
      -0.7544902563095093,
      0.0
    ],
    "below": [
      -0.0,
      -0.0,
      -1.0
    ],
    "right": [
      0.6563112735748291,
      0.7544902563095093,
      -0.0
    ],
    "front": [
      0.754490315914154,
      -0.6563112735748291,
      -0.0
    ]
  },
  "relationships": {
    "left": [
      [
        4,
        7
      ],
      [
        0,
        2,
        3,
        4,
        5,
        6,
        7,
        8,
        9
      ],
      [
        0,
        4,
        6,
        7
      ],
      [
        0,
        2,
        4,
        5,
        6,
        7,
        8,
        9
      ],
      [],
      [
        0,
        2,
        4,
        6,
        7,
        9
      ],
      [
        0,
        4,
        7
      ],
      [
        4
      ],
      [
        0,
        2,
        4,
        5,
        6,
        7,
        9
      ],
      [
        0,
        2,
        4,
        6,
        7
      ]
    ],
    "front": [
      [
        1,
        2,
        4,
        6,
        7,
        8,
        9
      ],
      [
        2,
        6,
        8,
        9
      ],
      [
        6,
        8,
        9
      ],
      [
        0,
        1,
        2,
        4,
        6,
        7,
        8,
        9
      ],
      [
        1,
        2,
        6,
        7,
        8,
        9
      ],
      [
        0,
        1,
        2,
        3,
        4,
        6,
        7,
        8,
        9
      ],
      [
        9
      ],
      [
        1,
        2,
        6,
        8,
        9
      ],
      [
        6,
        9
      ],
      []
    ],
    "right": [
      [
        1,
        2,
        3,
        5,
        6,
        8,
        9
      ],
      [],
      [
        1,
        3,
        5,
        8,
        9
      ],
      [
        1
      ],
      [
        0,
        1,
        2,
        3,
        5,
        6,
        7,
        8,
        9
      ],
      [
        1,
        3,
        8
      ],
      [
        1,
        2,
        3,
        5,
        8,
        9
      ],
      [
        0,
        1,
        2,
        3,
        5,
        6,
        8,
        9
      ],
      [
        1,
        3
      ],
      [
        1,
        3,
        5,
        8
      ]
    ],
    "behind": [
      [
        3,
        5
      ],
      [
        0,
        3,
        4,
        5,
        7
      ],
      [
        0,
        1,
        3,
        4,
        5,
        7
      ],
      [
        5
      ],
      [
        0,
        3,
        5
      ],
      [],
      [
        0,
        1,
        2,
        3,
        4,
        5,
        7,
        8
      ],
      [
        0,
        3,
        4,
        5
      ],
      [
        0,
        1,
        2,
        3,
        4,
        5,
        7
      ],
      [
        0,
        1,
        2,
        3,
        4,
        5,
        6,
        7,
        8
      ]
    ]
  },
  "split": "new",
  "image_index": 285,
  "objects": [
    {
      "3d_coords": [
        -1.8610503673553467,
        -0.8394178748130798,
        0.699999988079071
      ],
      "x": 82,
      "pixel_coords": [
        104,
        89,
        11.466249465942383
      ],
      "material": "metal",
      "size": "large",
      "width": 43,
      "height": 43,
      "color": "blue",
      "y": 67,
      "shape": "sphere",
      "rotation": 251.6770936344065
    },
    {
      "3d_coords": [
        2.2762198448181152,
        0.9048701524734497,
        0.699999988079071
      ],
      "x": 213,
      "pixel_coords": [
        238,
        116,
        9.635296821594238
      ],
      "material": "metal",
      "size": "large",
      "width": 52,
      "height": 51,
      "color": "red",
      "y": 91,
      "shape": "sphere",
      "rotation": 185.86378373672625
    },
    {
      "3d_coords": [
        0.7118887901306152,
        -1.605040192604065,
        0.3499999940395355
      ],
      "x": 115,
      "pixel_coords": [
        131,
        135,
        9.425703048706055
      ],
      "material": "metal",
      "size": "small",
      "width": 33,
      "height": 37,
      "color": "brown",
      "y": 117,
      "shape": "cube",
      "rotation": 241.65979602142625
    },
    {
      "3d_coords": [
        -0.48279932141304016,
        2.1978302001953125,
        0.699999988079071
      ],
      "x": 179,
      "pixel_coords": [
        199,
        79,
        12.263263702392578
      ],
      "material": "metal",
      "size": "large",
      "width": 40,
      "height": 40,
      "color": "green",
      "y": 59,
      "shape": "sphere",
      "rotation": 132.6917977071171
    },
    {
      "3d_coords": [
        -2.813819646835327,
        -2.9191079139709473,
        0.3499999940395355
      ],
      "x": 19,
      "pixel_coords": [
        32,
        106,
        11.08475399017334
      ],
      "material": "metal",
      "size": "small",
      "width": 27,
      "height": 30,
      "color": "red",
      "y": 91,
      "shape": "cube",
      "rotation": 189.71324373180818
    },
    {
      "3d_coords": [
        -1.9569954872131348,
        2.296772003173828,
        0.3499999940395355
      ],
      "x": 161,
      "pixel_coords": [
        173,
        77,
        13.486431121826172
      ],
      "material": "metal",
      "size": "small",
      "width": 24,
      "height": 25,
      "color": "red",
      "y": 65,
      "shape": "cube",
      "rotation": 3.31155814017019
    },
    {
      "3d_coords": [
        1.1789904832839966,
        -2.9432504177093506,
        0.699999988079071
      ],
      "x": 65,
      "pixel_coords": [
        96,
        147,
        8.181559562683105
      ],
      "material": "metal",
      "size": "large",
      "width": 61,
      "height": 60,
      "color": "gray",
      "y": 117,
      "shape": "sphere",
      "rotation": 317.0214500802269
    },
    {
      "3d_coords": [
        -1.2290942668914795,
        -1.9800751209259033,
        0.3499999940395355
      ],
      "x": 70,
      "pixel_coords": [
        83,
        115,
        10.538615226745605
      ],
      "material": "rubber",
      "size": "small",
      "width": 26,
      "height": 31,
      "color": "green",
      "y": 99,
      "shape": "cylinder",
      "rotation": 349.20585539035943
    },
    {
      "3d_coords": [
        2.292773962020874,
        -0.7534291744232178,
        0.699999988079071
      ],
      "x": 168,
      "pixel_coords": [
        196,
        136,
        8.674055099487305
      ],
      "material": "metal",
      "size": "large",
      "width": 59,
      "height": 76,
      "color": "green",
      "y": 99,
      "shape": "cylinder",
      "rotation": 278.5501818234054
    },
    {
      "3d_coords": [
        2.4358248710632324,
        -2.5087850093841553,
        0.3499999940395355
      ],
      "x": 127,
      "pixel_coords": [
        144,
        177,
        7.7287445068359375
      ],
      "material": "rubber",
      "size": "small",
      "width": 32,
      "height": 44,
      "color": "green",
      "y": 155,
      "shape": "cylinder",
      "rotation": 245.8158899464775
    }
  ]
}