{
  "image_filename": "CLEVR_new_000203.png",
  "directions": {
    "above": [
      0.0,
      0.0,
      1.0
    ],
    "behind": [
      -0.754490315914154,
      0.6563112735748291,
      0.0
    ],
    "left": [
      -0.6563112735748291,
      -0.7544902563095093,
      0.0
    ],
    "below": [
      -0.0,
      -0.0,
      -1.0
    ],
    "right": [
      0.6563112735748291,
      0.7544902563095093,
      -0.0
    ],
    "front": [
      0.754490315914154,
      -0.6563112735748291,
      -0.0
    ]
  },
  "relationships": {
    "left": [
      [
        1,
        3,
        6
      ],
      [
        3
      ],
      [
        0,
        1,
        3,
        4,
        5,
        6,
        7
      ],
      [],
      [
        0,
        1,
        3,
        6,
        7
      ],
      [
        0,
        1,
        3,
        4,
        6,
        7
      ],
      [
        1,
        3
      ],
      [
        0,
        1,
        3,
        6
      ]
    ],
    "front": [
      [
        1,
        5
      ],
      [],
      [
        0,
        1,
        5
      ],
      [
        0,
        1,
        2,
        5,
        7
      ],
      [
        0,
        1,
        2,
        3,
        5,
        7
      ],
      [
        1
      ],
      [
        0,
        1,
        2,
        3,
        4,
        5,
        7
      ],
      [
        0,
        1,
        2,
        5
      ]
    ],
    "right": [
      [
        2,
        4,
        5,
        7
      ],
      [
        0,
        2,
        4,
        5,
        6,
        7
      ],
      [],
      [
        0,
        1,
        2,
        4,
        5,
        6,
        7
      ],
      [
        2,
        5
      ],
      [
        2
      ],
      [
        0,
        2,
        4,
        5,
        7
      ],
      [
        2,
        4,
        5
      ]
    ],
    "behind": [
      [
        2,
        3,
        4,
        6,
        7
      ],
      [
        0,
        2,
        3,
        4,
        5,
        6,
        7
      ],
      [
        3,
        4,
        6,
        7
      ],
      [
        4,
        6
      ],
      [
        6
      ],
      [
        0,
        2,
        3,
        4,
        6,
        7
      ],
      [],
      [
        3,
        4,
        6
      ]
    ]
  },
  "split": "new",
  "image_index": 203,
  "objects": [
    {
      "3d_coords": [
        0.584407389163971,
        -0.016500575467944145,
        0.699999988079071
      ],
      "x": 149,
      "pixel_coords": [
        172,
        106,
        10.537652969360352
      ],
      "material": "metal",
      "size": "large",
      "width": 47,
      "height": 47,
      "color": "yellow",
      "y": 83,
      "shape": "sphere",
      "rotation": 321.1211693025053
    },
    {
      "3d_coords": [
        0.9999309778213501,
        -2.8993101119995117,
        0.699999988079071
      ],
      "x": 68,
      "pixel_coords": [
        98,
        144,
        8.569158554077148
      ],
      "material": "metal",
      "size": "large",
      "width": 58,
      "height": 57,
      "color": "red",
      "y": 116,
      "shape": "sphere",
      "rotation": 139.65050861359222
    },
    {
      "3d_coords": [
        2.523378372192383,
        2.904177665710449,
        0.699999988079071
      ],
      "x": 250,
      "pixel_coords": [
        283,
        100,
        10.95468521118164
      ],
      "material": "metal",
      "size": "large",
      "width": 67,
      "height": 63,
      "color": "gray",
      "y": 70,
      "shape": "cube",
      "rotation": 69.11099070875407
    },
    {
      "3d_coords": [
        -2.307417392730713,
        -0.7183931469917297,
        0.3499999940395355
      ],
      "x": 87,
      "pixel_coords": [
        101,
        95,
        12.218920707702637
      ],
      "material": "metal",
      "size": "small",
      "width": 28,
      "height": 28,
      "color": "red",
      "y": 81,
      "shape": "cube",
      "rotation": 130.56973037560326
    },
    {
      "3d_coords": [
        -0.3613499402999878,
        2.8108367919921875,
        0.3499999940395355
      ],
      "x": 201,
      "pixel_coords": [
        211,
        85,
        12.988125801086426
      ],
      "material": "metal",
      "size": "small",
      "width": 19,
      "height": 19,
      "color": "red",
      "y": 76,
      "shape": "sphere",
      "rotation": 239.70122334417394
    },
    {
      "3d_coords": [
        2.3545377254486084,
        1.146889567375183,
        0.699999988079071
      ],
      "x": 214,
      "pixel_coords": [
        244,
        114,
        10.036881446838379
      ],
      "material": "rubber",
      "size": "large",
      "width": 65,
      "height": 64,
      "color": "gray",
      "y": 83,
      "shape": "cube",
      "rotation": 150.1870338800823
    },
    {
      "3d_coords": [
        -2.021859884262085,
        1.6199809312820435,
        0.3499999940395355
      ],
      "x": 145,
      "pixel_coords": [
        157,
        81,
        13.399521827697754
      ],
      "material": "rubber",
      "size": "small",
      "width": 24,
      "height": 25,
      "color": "green",
      "y": 69,
      "shape": "cube",
      "rotation": 136.5383473530634
    },
    {
      "3d_coords": [
        0.23869532346725464,
        1.4768146276474,
        0.3499999940395355
      ],
      "x": 183,
      "pixel_coords": [
        198,
        100,
        11.804669380187988
      ],
      "material": "rubber",
      "size": "small",
      "width": 29,
      "height": 29,
      "color": "cyan",
      "y": 86,
      "shape": "cube",
      "rotation": 290.4790613133188
    }
  ]
}