{
  "image_filename": "CLEVR_new_000589.png",
  "directions": {
    "above": [
      0.0,
      0.0,
      1.0
    ],
    "behind": [
      -0.754490315914154,
      0.6563112735748291,
      0.0
    ],
    "left": [
      -0.6563112735748291,
      -0.7544902563095093,
      0.0
    ],
    "below": [
      -0.0,
      -0.0,
      -1.0
    ],
    "right": [
      0.6563112735748291,
      0.7544902563095093,
      -0.0
    ],
    "front": [
      0.754490315914154,
      -0.6563112735748291,
      -0.0
    ]
  },
  "relationships": {
    "left": [
      [
        1,
        2,
        3,
        4
      ],
      [
        2,
        3,
        4
      ],
      [
        4
      ],
      [
        2,
        4
      ],
      []
    ],
    "front": [
      [
        3,
        4
      ],
      [
        0,
        3,
        4
      ],
      [
        0,
        1,
        3,
        4
      ],
      [],
      [
        3
      ]
    ],
    "right": [
      [],
      [
        0
      ],
      [
        0,
        1,
        3
      ],
      [
        0,
        1
      ],
      [
        0,
        1,
        2,
        3
      ]
    ],
    "behind": [
      [
        1,
        2
      ],
      [
        2
      ],
      [],
      [
        0,
        1,
        2,
        4
      ],
      [
        0,
        1,
        2
      ]
    ]
  },
  "split": "new",
  "image_index": 589,
  "objects": [
    {
      "3d_coords": [
        1.9692409038543701,
        2.229233741760254,
        0.3499999940395355
      ],
      "x": 239,
      "pixel_coords": [
        252,
        111,
        11.329492568969727
      ],
      "material": "metal",
      "size": "small",
      "width": 27,
      "height": 28,
      "color": "yellow",
      "y": 97,
      "shape": "cube",
      "rotation": 249.0020291080617
    },
    {
      "3d_coords": [
        0.01796431466937065,
        1.7095445394515991,
        0.699999988079071
      ],
      "x": 177,
      "pixel_coords": [
        198,
        87,
        12.168915748596191
      ],
      "material": "metal",
      "size": "large",
      "width": 42,
      "height": 53,
      "color": "blue",
      "y": 61,
      "shape": "cylinder",
      "rotation": 5.483177755999429
    },
    {
      "3d_coords": [
        -1.9151142835617065,
        1.1459227800369263,
        0.699999988079071
      ],
      "x": 132,
      "pixel_coords": [
        150,
        75,
        13.140371322631836
      ],
      "material": "metal",
      "size": "large",
      "width": 37,
      "height": 38,
      "color": "purple",
      "y": 56,
      "shape": "sphere",
      "rotation": 242.94565439288746
    },
    {
      "3d_coords": [
        2.3141510486602783,
        -1.279389500617981,
        0.699999988079071
      ],
      "x": 153,
      "pixel_coords": [
        180,
        145,
        8.942737579345703
      ],
      "material": "metal",
      "size": "large",
      "width": 55,
      "height": 55,
      "color": "purple",
      "y": 118,
      "shape": "sphere",
      "rotation": 327.9248376061149
    },
    {
      "3d_coords": [
        0.46817249059677124,
        -2.1019980907440186,
        0.699999988079071
      ],
      "x": 80,
      "pixel_coords": [
        113,
        128,
        9.709339141845703
      ],
      "material": "rubber",
      "size": "large",
      "width": 62,
      "height": 68,
      "color": "blue",
      "y": 95,
      "shape": "cube",
      "rotation": 33.74092052666998
    }
  ]
}