{
  "image_filename": "CLEVR_new_000456.png",
  "directions": {
    "above": [
      0.0,
      0.0,
      1.0
    ],
    "behind": [
      -0.754490315914154,
      0.6563112735748291,
      0.0
    ],
    "left": [
      -0.6563112735748291,
      -0.7544902563095093,
      0.0
    ],
    "below": [
      -0.0,
      -0.0,
      -1.0
    ],
    "right": [
      0.6563112735748291,
      0.7544902563095093,
      -0.0
    ],
    "front": [
      0.754490315914154,
      -0.6563112735748291,
      -0.0
    ]
  },
  "relationships": {
    "left": [
      [
        6,
        8
      ],
      [
        0,
        2,
        6,
        7,
        8
      ],
      [
        0,
        6,
        8
      ],
      [
        0,
        1,
        2,
        6,
        7,
        8
      ],
      [
        0,
        1,
        2,
        3,
        6,
        7,
        8
      ],
      [
        0,
        1,
        2,
        3,
        4,
        6,
        7,
        8,
        9
      ],
      [],
      [
        0,
        2,
        6,
        8
      ],
      [
        6
      ],
      [
        0,
        1,
        2,
        3,
        4,
        6,
        7,
        8
      ]
    ],
    "front": [
      [
        1,
        2,
        4,
        6,
        9
      ],
      [
        2
      ],
      [],
      [
        0,
        1,
        2,
        4,
        5,
        6,
        7,
        8,
        9
      ],
      [
        1,
        2
      ],
      [
        0,
        1,
        2,
        4,
        6,
        9
      ],
      [
        1,
        2,
        4,
        9
      ],
      [
        0,
        1,
        2,
        4,
        5,
        6,
        9
      ],
      [
        0,
        1,
        2,
        4,
        5,
        6,
        7,
        9
      ],
      [
        1,
        2,
        4
      ]
    ],
    "right": [
      [
        1,
        2,
        3,
        4,
        5,
        7,
        9
      ],
      [
        3,
        4,
        5,
        9
      ],
      [
        1,
        3,
        4,
        5,
        7,
        9
      ],
      [
        4,
        5,
        9
      ],
      [
        5,
        9
      ],
      [],
      [
        0,
        1,
        2,
        3,
        4,
        5,
        7,
        8,
        9
      ],
      [
        1,
        3,
        4,
        5,
        9
      ],
      [
        0,
        1,
        2,
        3,
        4,
        5,
        7,
        9
      ],
      [
        5
      ]
    ],
    "behind": [
      [
        3,
        5,
        7,
        8
      ],
      [
        0,
        3,
        4,
        5,
        6,
        7,
        8,
        9
      ],
      [
        0,
        1,
        3,
        4,
        5,
        6,
        7,
        8,
        9
      ],
      [],
      [
        0,
        3,
        5,
        6,
        7,
        8,
        9
      ],
      [
        3,
        7,
        8
      ],
      [
        0,
        3,
        5,
        7,
        8
      ],
      [
        3,
        8
      ],
      [
        3
      ],
      [
        0,
        3,
        5,
        6,
        7,
        8
      ]
    ]
  },
  "split": "new",
  "image_index": 456,
  "objects": [
    {
      "3d_coords": [
        -0.8732617497444153,
        -1.2491888999938965,
        0.3499999940395355
      ],
      "x": 96,
      "pixel_coords": [
        110,
        112,
        10.708662033081055
      ],
      "material": "rubber",
      "size": "small",
      "width": 28,
      "height": 30,
      "color": "purple",
      "y": 97,
      "shape": "cube",
      "rotation": 171.96420899563986
    },
    {
      "3d_coords": [
        2.501448392868042,
        -1.6464054584503174,
        0.699999988079071
      ],
      "x": 143,
      "pixel_coords": [
        174,
        151,
        7.99773645401001
      ],
      "material": "rubber",
      "size": "large",
      "width": 64,
      "height": 84,
      "color": "green",
      "y": 111,
      "shape": "cylinder",
      "rotation": 150.99535320441294
    },
    {
      "3d_coords": [
        2.069645404815674,
        -2.9931936264038086,
        0.3499999940395355
      ],
      "x": 99,
      "pixel_coords": [
        115,
        177,
        7.687585830688477
      ],
      "material": "rubber",
      "size": "small",
      "width": 32,
      "height": 32,
      "color": "brown",
      "y": 161,
      "shape": "sphere",
      "rotation": 257.05846368277895
    },
    {
      "3d_coords": [
        -1.609851598739624,
        2.6756956577301025,
        0.3499999940395355
      ],
      "x": 178,
      "pixel_coords": [
        187,
        77,
        13.44650936126709
      ],
      "material": "metal",
      "size": "small",
      "width": 19,
      "height": 23,
      "color": "blue",
      "y": 66,
      "shape": "cylinder",
      "rotation": 253.06688760189726
    },
    {
      "3d_coords": [
        2.276817798614502,
        -0.15459364652633667,
        0.3499999940395355
      ],
      "x": 193,
      "pixel_coords": [
        211,
        140,
        9.157222747802734
      ],
      "material": "rubber",
      "size": "small",
      "width": 36,
      "height": 39,
      "color": "cyan",
      "y": 121,
      "shape": "cube",
      "rotation": 121.25328569926387
    },
    {
      "3d_coords": [
        1.8611257076263428,
        2.799661636352539,
        0.699999988079071
      ],
      "x": 242,
      "pixel_coords": [
        267,
        95,
        10.96524429321289
      ],
      "material": "metal",
      "size": "large",
      "width": 54,
      "height": 59,
      "color": "purple",
      "y": 67,
      "shape": "cube",
      "rotation": 297.5600865994065
    },
    {
      "3d_coords": [
        -1.5664433240890503,
        -2.764587879180908,
        0.699999988079071
      ],
      "x": 17,
      "pixel_coords": [
        52,
        107,
        10.16898250579834
      ],
      "material": "rubber",
      "size": "large",
      "width": 65,
      "height": 61,
      "color": "gray",
      "y": 77,
      "shape": "cube",
      "rotation": 340.16541421583037
    },
    {
      "3d_coords": [
        -0.9825587272644043,
        0.48104771971702576,
        0.3499999940395355
      ],
      "x": 142,
      "pixel_coords": [
        152,
        96,
        11.766988754272461
      ],
      "material": "rubber",
      "size": "small",
      "width": 21,
      "height": 27,
      "color": "green",
      "y": 83,
      "shape": "cylinder",
      "rotation": 233.96888244263815
    },
    {
      "3d_coords": [
        -2.620837926864624,
        -0.7267794013023376,
        0.3499999940395355
      ],
      "x": 84,
      "pixel_coords": [
        96,
        91,
        12.211101531982422
      ],
      "material": "rubber",
      "size": "small",
      "width": 24,
      "height": 27,
      "color": "red",
      "y": 78,
      "shape": "cube",
      "rotation": 263.5481314731454
    },
    {
      "3d_coords": [
        2.529174327850342,
        1.3151429891586304,
        0.3499999940395355
      ],
      "x": 240,
      "pixel_coords": [
        254,
        127,
        9.818055152893066
      ],
      "material": "rubber",
      "size": "small",
      "width": 28,
      "height": 33,
      "color": "brown",
      "y": 110,
      "shape": "cylinder",
      "rotation": 262.93593541668037
    }
  ]
}