{
  "image_filename": "CLEVR_new_000273.png",
  "directions": {
    "above": [
      0.0,
      0.0,
      1.0
    ],
    "behind": [
      -0.754490315914154,
      0.6563112735748291,
      0.0
    ],
    "left": [
      -0.6563112735748291,
      -0.7544902563095093,
      0.0
    ],
    "below": [
      -0.0,
      -0.0,
      -1.0
    ],
    "right": [
      0.6563112735748291,
      0.7544902563095093,
      -0.0
    ],
    "front": [
      0.754490315914154,
      -0.6563112735748291,
      -0.0
    ]
  },
  "relationships": {
    "left": [
      [
        4
      ],
      [
        0,
        3,
        4,
        7
      ],
      [
        0,
        1,
        3,
        4,
        7
      ],
      [
        0,
        4
      ],
      [],
      [
        0,
        1,
        2,
        3,
        4,
        6,
        7
      ],
      [
        0,
        1,
        2,
        3,
        4,
        7
      ],
      [
        0,
        3,
        4
      ]
    ],
    "front": [
      [
        1,
        2,
        3,
        4,
        5,
        6,
        7
      ],
      [
        2,
        3,
        5,
        7
      ],
      [
        3
      ],
      [],
      [
        1,
        2,
        3,
        5,
        7
      ],
      [
        2,
        3,
        7
      ],
      [
        1,
        2,
        3,
        4,
        5,
        7
      ],
      [
        2,
        3
      ]
    ],
    "right": [
      [
        1,
        2,
        3,
        5,
        6,
        7
      ],
      [
        2,
        5,
        6
      ],
      [
        5,
        6
      ],
      [
        1,
        2,
        5,
        6,
        7
      ],
      [
        0,
        1,
        2,
        3,
        5,
        6,
        7
      ],
      [],
      [
        5
      ],
      [
        1,
        2,
        5,
        6
      ]
    ],
    "behind": [
      [],
      [
        0,
        4,
        6
      ],
      [
        0,
        1,
        4,
        5,
        6,
        7
      ],
      [
        0,
        1,
        2,
        4,
        5,
        6,
        7
      ],
      [
        0,
        6
      ],
      [
        0,
        1,
        4,
        6
      ],
      [
        0
      ],
      [
        0,
        1,
        4,
        5,
        6
      ]
    ]
  },
  "split": "new",
  "image_index": 273,
  "objects": [
    {
      "3d_coords": [
        -2.5729429721832275,
        1.0413352251052856,
        0.699999988079071
      ],
      "x": 110,
      "pixel_coords": [
        135,
        74,
        13.511556625366211
      ],
      "material": "rubber",
      "size": "large",
      "width": 49,
      "height": 48,
      "color": "purple",
      "y": 51,
      "shape": "cube",
      "rotation": 168.303398592713
    },
    {
      "3d_coords": [
        1.0498465299606323,
        0.8676571846008301,
        0.3499999940395355
      ],
      "x": 191,
      "pixel_coords": [
        202,
        113,
        11.13016414642334
      ],
      "material": "rubber",
      "size": "small",
      "width": 22,
      "height": 22,
      "color": "yellow",
      "y": 102,
      "shape": "sphere",
      "rotation": 359.8840069802212
    },
    {
      "3d_coords": [
        2.9941771030426025,
        0.21908316016197205,
        0.3499999940395355
      ],
      "x": 223,
      "pixel_coords": [
        240,
        142,
        9.435970306396484
      ],
      "material": "rubber",
      "size": "small",
      "width": 35,
      "height": 38,
      "color": "green",
      "y": 123,
      "shape": "cube",
      "rotation": 56.81965621785179
    },
    {
      "3d_coords": [
        2.0746798515319824,
        -2.1918222904205322,
        0.3499999940395355
      ],
      "x": 131,
      "pixel_coords": [
        150,
        160,
        8.59876823425293
      ],
      "material": "metal",
      "size": "small",
      "width": 38,
      "height": 42,
      "color": "yellow",
      "y": 140,
      "shape": "cube",
      "rotation": 55.325269182317214
    },
    {
      "3d_coords": [
        -1.6033613681793213,
        -0.8539808392524719,
        0.699999988079071
      ],
      "x": 86,
      "pixel_coords": [
        109,
        93,
        11.719045639038086
      ],
      "material": "metal",
      "size": "large",
      "width": 45,
      "height": 54,
      "color": "red",
      "y": 67,
      "shape": "cylinder",
      "rotation": 244.5641313457849
    },
    {
      "3d_coords": [
        2.8893439769744873,
        1.7598228454589844,
        0.699999988079071
      ],
      "x": 246,
      "pixel_coords": [
        270,
        113,
        10.28364372253418
      ],
      "material": "rubber",
      "size": "large",
      "width": 50,
      "height": 48,
      "color": "gray",
      "y": 89,
      "shape": "sphere",
      "rotation": 251.5562307558734
    },
    {
      "3d_coords": [
        0.7999333739280701,
        2.9834015369415283,
        0.3499999940395355
      ],
      "x": 223,
      "pixel_coords": [
        237,
        94,
        12.573211669921875
      ],
      "material": "rubber",
      "size": "small",
      "width": 28,
      "height": 27,
      "color": "cyan",
      "y": 81,
      "shape": "cube",
      "rotation": 4.776094196643799
    },
    {
      "3d_coords": [
        1.2877298593521118,
        -0.9674501419067383,
        0.699999988079071
      ],
      "x": 140,
      "pixel_coords": [
        165,
        122,
        9.712895393371582
      ],
      "material": "rubber",
      "size": "large",
      "width": 51,
      "height": 51,
      "color": "blue",
      "y": 97,
      "shape": "sphere",
      "rotation": 342.57538618018197
    }
  ]
}