{
  "image_filename": "CLEVR_new_000274.png",
  "directions": {
    "above": [
      0.0,
      0.0,
      1.0
    ],
    "behind": [
      -0.754490315914154,
      0.6563112735748291,
      0.0
    ],
    "left": [
      -0.6563112735748291,
      -0.7544902563095093,
      0.0
    ],
    "below": [
      -0.0,
      -0.0,
      -1.0
    ],
    "right": [
      0.6563112735748291,
      0.7544902563095093,
      -0.0
    ],
    "front": [
      0.754490315914154,
      -0.6563112735748291,
      -0.0
    ]
  },
  "relationships": {
    "left": [
      [
        1,
        2,
        3,
        4,
        5
      ],
      [],
      [
        1,
        3
      ],
      [
        1
      ],
      [
        1,
        2,
        3,
        5
      ],
      [
        1,
        2,
        3
      ],
      [
        0,
        1,
        2,
        3,
        4,
        5,
        7
      ],
      [
        0,
        1,
        2,
        3,
        4,
        5
      ]
    ],
    "front": [
      [
        1,
        2,
        3,
        4,
        5,
        6,
        7
      ],
      [
        2,
        4
      ],
      [],
      [
        1,
        2,
        4,
        5,
        6,
        7
      ],
      [
        2
      ],
      [
        1,
        2,
        4,
        7
      ],
      [
        1,
        2,
        4,
        5,
        7
      ],
      [
        1,
        2,
        4
      ]
    ],
    "right": [
      [
        6,
        7
      ],
      [
        0,
        2,
        3,
        4,
        5,
        6,
        7
      ],
      [
        0,
        4,
        5,
        6,
        7
      ],
      [
        0,
        2,
        4,
        5,
        6,
        7
      ],
      [
        0,
        6,
        7
      ],
      [
        0,
        4,
        6,
        7
      ],
      [],
      [
        6
      ]
    ],
    "behind": [
      [],
      [
        0,
        3,
        5,
        6,
        7
      ],
      [
        0,
        1,
        3,
        4,
        5,
        6,
        7
      ],
      [
        0
      ],
      [
        0,
        1,
        3,
        5,
        6,
        7
      ],
      [
        0,
        3,
        6
      ],
      [
        0,
        3
      ],
      [
        0,
        3,
        5,
        6
      ]
    ]
  },
  "split": "new",
  "image_index": 274,
  "objects": [
    {
      "3d_coords": [
        -1.684659481048584,
        2.8662517070770264,
        0.3499999940395355
      ],
      "x": 174,
      "pixel_coords": [
        185,
        76,
        14.452147483825684
      ],
      "material": "metal",
      "size": "small",
      "width": 22,
      "height": 23,
      "color": "blue",
      "y": 65,
      "shape": "cube",
      "rotation": 134.714789105589
    },
    {
      "3d_coords": [
        -0.17011453211307526,
        -2.538607358932495,
        0.699999988079071
      ],
      "x": 63,
      "pixel_coords": [
        90,
        124,
        10.148372650146484
      ],
      "material": "metal",
      "size": "large",
      "width": 53,
      "height": 65,
      "color": "brown",
      "y": 93,
      "shape": "cylinder",
      "rotation": 274.46048412116795
    },
    {
      "3d_coords": [
        1.909543752670288,
        -2.9049155712127686,
        0.699999988079071
      ],
      "x": 91,
      "pixel_coords": [
        123,
        161,
        8.56704044342041
      ],
      "material": "metal",
      "size": "large",
      "width": 60,
      "height": 79,
      "color": "blue",
      "y": 122,
      "shape": "cylinder",
      "rotation": 287.0920007161361
    },
    {
      "3d_coords": [
        -1.9167547225952148,
        -0.12109696865081787,
        0.699999988079071
      ],
      "x": 102,
      "pixel_coords": [
        123,
        85,
        12.701993942260742
      ],
      "material": "rubber",
      "size": "large",
      "width": 42,
      "height": 50,
      "color": "yellow",
      "y": 61,
      "shape": "cube",
      "rotation": 352.8700286381177
    },
    {
      "3d_coords": [
        2.0737788677215576,
        -1.30179762840271,
        0.3499999940395355
      ],
      "x": 162,
      "pixel_coords": [
        175,
        151,
        9.557822227478027
      ],
      "material": "metal",
      "size": "small",
      "width": 26,
      "height": 26,
      "color": "purple",
      "y": 138,
      "shape": "sphere",
      "rotation": 74.79743173984839
    },
    {
      "3d_coords": [
        0.02573786862194538,
        -0.5371529459953308,
        0.3499999940395355
      ],
      "x": 133,
      "pixel_coords": [
        148,
        116,
        11.349721908569336
      ],
      "material": "rubber",
      "size": "small",
      "width": 29,
      "height": 31,
      "color": "cyan",
      "y": 101,
      "shape": "cube",
      "rotation": 328.51157763686126
    },
    {
      "3d_coords": [
        1.7432769536972046,
        2.5366201400756836,
        0.699999988079071
      ],
      "x": 221,
      "pixel_coords": [
        250,
        97,
        11.837162971496582
      ],
      "material": "rubber",
      "size": "large",
      "width": 60,
      "height": 58,
      "color": "green",
      "y": 68,
      "shape": "cube",
      "rotation": 88.03275391752867
    },
    {
      "3d_coords": [
        1.6926504373550415,
        0.5578776597976685,
        0.3499999940395355
      ],
      "x": 195,
      "pixel_coords": [
        209,
        124,
        10.888821601867676
      ],
      "material": "rubber",
      "size": "small",
      "width": 30,
      "height": 32,
      "color": "cyan",
      "y": 108,
      "shape": "cube",
      "rotation": 19.171164992101517
    }
  ]
}