{
  "image_filename": "CLEVR_new_000553.png",
  "directions": {
    "above": [
      0.0,
      0.0,
      1.0
    ],
    "behind": [
      -0.754490315914154,
      0.6563112735748291,
      0.0
    ],
    "left": [
      -0.6563112735748291,
      -0.7544902563095093,
      0.0
    ],
    "below": [
      -0.0,
      -0.0,
      -1.0
    ],
    "right": [
      0.6563112735748291,
      0.7544902563095093,
      -0.0
    ],
    "front": [
      0.754490315914154,
      -0.6563112735748291,
      -0.0
    ]
  },
  "relationships": {
    "left": [
      [
        1,
        2,
        3,
        4
      ],
      [
        2
      ],
      [],
      [
        1,
        2
      ],
      [
        1,
        2,
        3
      ]
    ],
    "front": [
      [],
      [
        0,
        2,
        3
      ],
      [
        0,
        3
      ],
      [
        0
      ],
      [
        0,
        1,
        2,
        3
      ]
    ],
    "right": [
      [],
      [
        0,
        3,
        4
      ],
      [
        0,
        1,
        3,
        4
      ],
      [
        0,
        4
      ],
      [
        0
      ]
    ],
    "behind": [
      [
        1,
        2,
        3,
        4
      ],
      [
        4
      ],
      [
        1,
        4
      ],
      [
        1,
        2,
        4
      ],
      []
    ]
  },
  "split": "new",
  "image_index": 553,
  "objects": [
    {
      "3d_coords": [
        2.467254161834717,
        0.5792896151542664,
        0.3499999940395355
      ],
      "x": 217,
      "pixel_coords": [
        230,
        138,
        9.824066162109375
      ],
      "material": "rubber",
      "size": "small",
      "width": 28,
      "height": 34,
      "color": "purple",
      "y": 121,
      "shape": "cylinder",
      "rotation": 186.68994605507902
    },
    {
      "3d_coords": [
        -0.6053110361099243,
        0.4655534625053406,
        0.3499999940395355
      ],
      "x": 147,
      "pixel_coords": [
        160,
        100,
        11.862025260925293
      ],
      "material": "rubber",
      "size": "small",
      "width": 26,
      "height": 29,
      "color": "green",
      "y": 86,
      "shape": "cube",
      "rotation": 300.54343338700085
    },
    {
      "3d_coords": [
        -1.7063692808151245,
        -1.8714218139648438,
        0.3499999940395355
      ],
      "x": 67,
      "pixel_coords": [
        82,
        108,
        11.371367454528809
      ],
      "material": "metal",
      "size": "small",
      "width": 30,
      "height": 31,
      "color": "cyan",
      "y": 92,
      "shape": "cube",
      "rotation": 155.4896324017558
    },
    {
      "3d_coords": [
        0.9785575866699219,
        -0.2118714600801468,
        0.699999988079071
      ],
      "x": 151,
      "pixel_coords": [
        175,
        115,
        10.244811058044434
      ],
      "material": "metal",
      "size": "large",
      "width": 48,
      "height": 48,
      "color": "cyan",
      "y": 91,
      "shape": "sphere",
      "rotation": 314.8478566174277
    },
    {
      "3d_coords": [
        -0.35014092922210693,
        2.1784751415252686,
        0.699999988079071
      ],
      "x": 182,
      "pixel_coords": [
        202,
        80,
        12.423273086547852
      ],
      "material": "metal",
      "size": "large",
      "width": 42,
      "height": 52,
      "color": "brown",
      "y": 55,
      "shape": "cylinder",
      "rotation": 53.80224979258217
    }
  ]
}