{
  "image_filename": "CLEVR_new_000571.png",
  "directions": {
    "above": [
      0.0,
      0.0,
      1.0
    ],
    "behind": [
      -0.754490315914154,
      0.6563112735748291,
      0.0
    ],
    "left": [
      -0.6563112735748291,
      -0.7544902563095093,
      0.0
    ],
    "below": [
      -0.0,
      -0.0,
      -1.0
    ],
    "right": [
      0.6563112735748291,
      0.7544902563095093,
      -0.0
    ],
    "front": [
      0.754490315914154,
      -0.6563112735748291,
      -0.0
    ]
  },
  "relationships": {
    "left": [
      [
        3
      ],
      [
        0,
        3
      ],
      [
        0,
        1,
        3
      ],
      []
    ],
    "front": [
      [],
      [
        0,
        2,
        3
      ],
      [
        0
      ],
      [
        0,
        2
      ]
    ],
    "right": [
      [
        1,
        2
      ],
      [
        2
      ],
      [],
      [
        0,
        1,
        2
      ]
    ],
    "behind": [
      [
        1,
        2,
        3
      ],
      [],
      [
        1,
        3
      ],
      [
        1
      ]
    ]
  },
  "split": "new",
  "image_index": 571,
  "objects": [
    {
      "3d_coords": [
        1.7396905422210693,
        -2.9567084312438965,
        0.699999988079071
      ],
      "x": 78,
      "pixel_coords": [
        120,
        163,
        8.007661819458008
      ],
      "material": "metal",
      "size": "large",
      "width": 78,
      "height": 88,
      "color": "cyan",
      "y": 121,
      "shape": "cube",
      "rotation": 330.4315041311883
    },
    {
      "3d_coords": [
        -2.1089158058166504,
        1.4409654140472412,
        0.699999988079071
      ],
      "x": 124,
      "pixel_coords": [
        148,
        71,
        13.107413291931152
      ],
      "material": "metal",
      "size": "large",
      "width": 47,
      "height": 49,
      "color": "purple",
      "y": 47,
      "shape": "cube",
      "rotation": 135.58476613366872
    },
    {
      "3d_coords": [
        2.1214442253112793,
        1.603121042251587,
        0.699999988079071
      ],
      "x": 215,
      "pixel_coords": [
        247,
        106,
        10.548232078552246
      ],
      "material": "metal",
      "size": "large",
      "width": 65,
      "height": 66,
      "color": "brown",
      "y": 74,
      "shape": "cube",
      "rotation": 311.16107088451207
    },
    {
      "3d_coords": [
        -0.9663614630699158,
        -1.1841843128204346,
        0.3499999940395355
      ],
      "x": 100,
      "pixel_coords": [
        111,
        112,
        10.957865715026855
      ],
      "material": "metal",
      "size": "small",
      "width": 23,
      "height": 22,
      "color": "yellow",
      "y": 101,
      "shape": "sphere",
      "rotation": 148.9549315197804
    }
  ]
}