{
  "image_filename": "CLEVR_new_000373.png",
  "directions": {
    "above": [
      0.0,
      0.0,
      1.0
    ],
    "behind": [
      -0.754490315914154,
      0.6563112735748291,
      0.0
    ],
    "left": [
      -0.6563112735748291,
      -0.7544902563095093,
      0.0
    ],
    "below": [
      -0.0,
      -0.0,
      -1.0
    ],
    "right": [
      0.6563112735748291,
      0.7544902563095093,
      -0.0
    ],
    "front": [
      0.754490315914154,
      -0.6563112735748291,
      -0.0
    ]
  },
  "relationships": {
    "left": [
      [
        1,
        2,
        3,
        4,
        5,
        6,
        7,
        8
      ],
      [
        2,
        7
      ],
      [],
      [
        1,
        2,
        4,
        7
      ],
      [
        1,
        2,
        7
      ],
      [
        1,
        2,
        3,
        4,
        6,
        7,
        8
      ],
      [
        1,
        2,
        3,
        4,
        7
      ],
      [
        2
      ],
      [
        1,
        2,
        3,
        4,
        6,
        7
      ]
    ],
    "front": [
      [
        3,
        5,
        7
      ],
      [
        0,
        2,
        3,
        5,
        7,
        8
      ],
      [
        0,
        3,
        5,
        7
      ],
      [],
      [
        0,
        1,
        2,
        3,
        5,
        7,
        8
      ],
      [
        3
      ],
      [
        0,
        1,
        2,
        3,
        4,
        5,
        7,
        8
      ],
      [
        3,
        5
      ],
      [
        0,
        2,
        3,
        5,
        7
      ]
    ],
    "right": [
      [],
      [
        0,
        3,
        4,
        5,
        6,
        8
      ],
      [
        0,
        1,
        3,
        4,
        5,
        6,
        7,
        8
      ],
      [
        0,
        5,
        6,
        8
      ],
      [
        0,
        3,
        5,
        6,
        8
      ],
      [
        0
      ],
      [
        0,
        5,
        8
      ],
      [
        0,
        1,
        3,
        4,
        5,
        6,
        8
      ],
      [
        0,
        5
      ]
    ],
    "behind": [
      [
        1,
        2,
        4,
        6,
        8
      ],
      [
        4,
        6
      ],
      [
        1,
        4,
        6,
        8
      ],
      [
        0,
        1,
        2,
        4,
        5,
        6,
        7,
        8
      ],
      [
        6
      ],
      [
        0,
        1,
        2,
        4,
        6,
        7,
        8
      ],
      [],
      [
        0,
        1,
        2,
        4,
        6,
        8
      ],
      [
        1,
        4,
        6
      ]
    ]
  },
  "split": "new",
  "image_index": 373,
  "objects": [
    {
      "3d_coords": [
        2.050248146057129,
        1.7294576168060303,
        0.3499999940395355
      ],
      "x": 236,
      "pixel_coords": [
        249,
        116,
        10.462652206420898
      ],
      "material": "metal",
      "size": "small",
      "width": 27,
      "height": 31,
      "color": "cyan",
      "y": 101,
      "shape": "cylinder",
      "rotation": 263.1943026416641
    },
    {
      "3d_coords": [
        -1.8232614994049072,
        0.14070528745651245,
        0.3499999940395355
      ],
      "x": 119,
      "pixel_coords": [
        129,
        92,
        12.158869743347168
      ],
      "material": "rubber",
      "size": "small",
      "width": 20,
      "height": 20,
      "color": "red",
      "y": 81,
      "shape": "sphere",
      "rotation": 324.56806730127346
    },
    {
      "3d_coords": [
        -1.5653127431869507,
        -1.4315907955169678,
        0.3499999940395355
      ],
      "x": 81,
      "pixel_coords": [
        93,
        106,
        11.075761795043945
      ],
      "material": "metal",
      "size": "small",
      "width": 24,
      "height": 29,
      "color": "brown",
      "y": 92,
      "shape": "cylinder",
      "rotation": 288.08891715684115
    },
    {
      "3d_coords": [
        2.4769110679626465,
        -1.889853835105896,
        0.3499999940395355
      ],
      "x": 152,
      "pixel_coords": [
        168,
        168,
        8.08222484588623
      ],
      "material": "metal",
      "size": "small",
      "width": 30,
      "height": 31,
      "color": "red",
      "y": 153,
      "shape": "sphere",
      "rotation": 252.59403452276797
    },
    {
      "3d_coords": [
        -2.2642829418182373,
        1.3730508089065552,
        0.3499999940395355
      ],
      "x": 136,
      "pixel_coords": [
        149,
        80,
        13.169021606445312
      ],
      "material": "metal",
      "size": "small",
      "width": 24,
      "height": 25,
      "color": "purple",
      "y": 68,
      "shape": "cube",
      "rotation": 272.2057939601005
    },
    {
      "3d_coords": [
        2.773674488067627,
        0.39851412177085876,
        0.3499999940395355
      ],
      "x": 226,
      "pixel_coords": [
        240,
        140,
        9.204867362976074
      ],
      "material": "rubber",
      "size": "small",
      "width": 30,
      "height": 36,
      "color": "purple",
      "y": 123,
      "shape": "cylinder",
      "rotation": 252.6636802190228
    },
    {
      "3d_coords": [
        -1.5266671180725098,
        2.9806439876556396,
        0.3499999940395355
      ],
      "x": 180,
      "pixel_coords": [
        193,
        75,
        13.600503921508789
      ],
      "material": "rubber",
      "size": "small",
      "width": 25,
      "height": 24,
      "color": "cyan",
      "y": 63,
      "shape": "cube",
      "rotation": 106.75986287612723
    },
    {
      "3d_coords": [
        -0.03248061612248421,
        -2.0760903358459473,
        0.3499999940395355
      ],
      "x": 87,
      "pixel_coords": [
        102,
        131,
        9.668458938598633
      ],
      "material": "rubber",
      "size": "small",
      "width": 28,
      "height": 34,
      "color": "gray",
      "y": 114,
      "shape": "cube",
      "rotation": 169.02526821400966
    },
    {
      "3d_coords": [
        0.4648914337158203,
        1.8195617198944092,
        0.699999988079071
      ],
      "x": 190,
      "pixel_coords": [
        212,
        89,
        11.424467086791992
      ],
      "material": "rubber",
      "size": "large",
      "width": 43,
      "height": 43,
      "color": "gray",
      "y": 68,
      "shape": "sphere",
      "rotation": 237.320480109868
    }
  ]
}