{
  "image_filename": "CLEVR_new_000236.png",
  "directions": {
    "above": [
      0.0,
      0.0,
      1.0
    ],
    "behind": [
      -0.754490315914154,
      0.6563112735748291,
      0.0
    ],
    "left": [
      -0.6563112735748291,
      -0.7544902563095093,
      0.0
    ],
    "below": [
      -0.0,
      -0.0,
      -1.0
    ],
    "right": [
      0.6563112735748291,
      0.7544902563095093,
      -0.0
    ],
    "front": [
      0.754490315914154,
      -0.6563112735748291,
      -0.0
    ]
  },
  "relationships": {
    "left": [
      [
        6
      ],
      [
        0,
        2,
        3,
        4,
        5,
        6,
        7,
        8,
        9
      ],
      [
        0,
        5,
        6,
        7,
        8
      ],
      [
        0,
        2,
        4,
        5,
        6,
        7,
        8,
        9
      ],
      [
        0,
        2,
        5,
        6,
        7,
        8
      ],
      [
        0,
        6,
        7,
        8
      ],
      [],
      [
        0,
        6,
        8
      ],
      [
        0,
        6
      ],
      [
        0,
        2,
        4,
        5,
        6,
        7,
        8
      ]
    ],
    "front": [
      [
        5
      ],
      [
        0,
        5,
        9
      ],
      [
        0,
        1,
        3,
        4,
        5,
        6,
        7,
        9
      ],
      [
        0,
        1,
        4,
        5,
        6,
        7,
        9
      ],
      [
        0,
        1,
        5,
        9
      ],
      [],
      [
        0,
        1,
        4,
        5,
        9
      ],
      [
        0,
        1,
        4,
        5,
        6,
        9
      ],
      [
        0,
        1,
        2,
        3,
        4,
        5,
        6,
        7,
        9
      ],
      [
        0,
        5
      ]
    ],
    "right": [
      [
        1,
        2,
        3,
        4,
        5,
        7,
        8,
        9
      ],
      [],
      [
        1,
        3,
        4,
        9
      ],
      [
        1
      ],
      [
        1,
        3,
        9
      ],
      [
        1,
        2,
        3,
        4,
        9
      ],
      [
        0,
        1,
        2,
        3,
        4,
        5,
        7,
        8,
        9
      ],
      [
        1,
        2,
        3,
        4,
        5,
        9
      ],
      [
        1,
        2,
        3,
        4,
        5,
        7,
        9
      ],
      [
        1,
        3
      ]
    ],
    "behind": [
      [
        1,
        2,
        3,
        4,
        6,
        7,
        8,
        9
      ],
      [
        2,
        3,
        4,
        6,
        7,
        8
      ],
      [
        8
      ],
      [
        2,
        8
      ],
      [
        2,
        3,
        6,
        7,
        8
      ],
      [
        0,
        1,
        2,
        3,
        4,
        6,
        7,
        8,
        9
      ],
      [
        2,
        3,
        7,
        8
      ],
      [
        2,
        3,
        8
      ],
      [],
      [
        1,
        2,
        3,
        4,
        6,
        7,
        8
      ]
    ]
  },
  "split": "new",
  "image_index": 236,
  "objects": [
    {
      "3d_coords": [
        0.8006384968757629,
        -2.836421489715576,
        0.3499999940395355
      ],
      "x": 81,
      "pixel_coords": [
        96,
        156,
        9.049488067626953
      ],
      "material": "metal",
      "size": "small",
      "width": 30,
      "height": 38,
      "color": "blue",
      "y": 137,
      "shape": "cylinder",
      "rotation": 36.692169764064616
    },
    {
      "3d_coords": [
        2.80375337600708,
        1.794093370437622,
        0.699999988079071
      ],
      "x": 245,
      "pixel_coords": [
        270,
        117,
        10.114287376403809
      ],
      "material": "rubber",
      "size": "large",
      "width": 51,
      "height": 49,
      "color": "brown",
      "y": 92,
      "shape": "sphere",
      "rotation": 292.2507608935526
    },
    {
      "3d_coords": [
        -1.259885311126709,
        1.8741942644119263,
        0.699999988079071
      ],
      "x": 158,
      "pixel_coords": [
        177,
        74,
        12.846145629882812
      ],
      "material": "metal",
      "size": "large",
      "width": 38,
      "height": 38,
      "color": "blue",
      "y": 54,
      "shape": "sphere",
      "rotation": 80.1615317546847
    },
    {
      "3d_coords": [
        0.8274403214454651,
        2.7006747722625732,
        0.699999988079071
      ],
      "x": 214,
      "pixel_coords": [
        236,
        86,
        11.923778533935547
      ],
      "material": "metal",
      "size": "large",
      "width": 46,
      "height": 54,
      "color": "cyan",
      "y": 59,
      "shape": "cylinder",
      "rotation": 129.09566000855023
    },
    {
      "3d_coords": [
        0.7696590423583984,
        0.6808865070343018,
        0.3499999940395355
      ],
      "x": 181,
      "pixel_coords": [
        192,
        113,
        11.019426345825195
      ],
      "material": "metal",
      "size": "small",
      "width": 23,
      "height": 30,
      "color": "cyan",
      "y": 98,
      "shape": "cylinder",
      "rotation": 14.14689953886954
    },
    {
      "3d_coords": [
        2.2000346183776855,
        -2.1406455039978027,
        0.3499999940395355
      ],
      "x": 136,
      "pixel_coords": [
        151,
        171,
        8.509635925292969
      ],
      "material": "metal",
      "size": "small",
      "width": 29,
      "height": 40,
      "color": "brown",
      "y": 151,
      "shape": "cylinder",
      "rotation": 298.1002700407814
    },
    {
      "3d_coords": [
        -1.8464161157608032,
        -1.691843032836914,
        0.699999988079071
      ],
      "x": 50,
      "pixel_coords": [
        83,
        96,
        11.257586479187012
      ],
      "material": "rubber",
      "size": "large",
      "width": 62,
      "height": 60,
      "color": "green",
      "y": 67,
      "shape": "cube",
      "rotation": 9.923263414324213
    },
    {
      "3d_coords": [
        -0.9358632564544678,
        -0.01672741398215294,
        0.3499999940395355
      ],
      "x": 129,
      "pixel_coords": [
        142,
        100,
        11.760714530944824
      ],
      "material": "rubber",
      "size": "small",
      "width": 25,
      "height": 28,
      "color": "yellow",
      "y": 86,
      "shape": "cube",
      "rotation": 109.04945525633428
    },
    {
      "3d_coords": [
        -2.995758533477783,
        1.0733821392059326,
        0.3499999940395355
      ],
      "x": 123,
      "pixel_coords": [
        132,
        74,
        13.727201461791992
      ],
      "material": "metal",
      "size": "small",
      "width": 19,
      "height": 23,
      "color": "brown",
      "y": 62,
      "shape": "cylinder",
      "rotation": 288.11769182048266
    },
    {
      "3d_coords": [
        2.6788649559020996,
        0.37859591841697693,
        0.3499999940395355
      ],
      "x": 219,
      "pixel_coords": [
        233,
        142,
        9.589241981506348
      ],
      "material": "rubber",
      "size": "small",
      "width": 29,
      "height": 35,
      "color": "yellow",
      "y": 125,
      "shape": "cylinder",
      "rotation": 2.1050244345901925
    }
  ]
}