{
  "image_filename": "CLEVR_new_000459.png",
  "directions": {
    "above": [
      0.0,
      0.0,
      1.0
    ],
    "behind": [
      -0.754490315914154,
      0.6563112735748291,
      0.0
    ],
    "left": [
      -0.6563112735748291,
      -0.7544902563095093,
      0.0
    ],
    "below": [
      -0.0,
      -0.0,
      -1.0
    ],
    "right": [
      0.6563112735748291,
      0.7544902563095093,
      -0.0
    ],
    "front": [
      0.754490315914154,
      -0.6563112735748291,
      -0.0
    ]
  },
  "relationships": {
    "left": [
      [],
      [
        0,
        2
      ],
      [
        0
      ]
    ],
    "front": [
      [
        2
      ],
      [
        0,
        2
      ],
      []
    ],
    "right": [
      [
        1,
        2
      ],
      [],
      [
        1
      ]
    ],
    "behind": [
      [
        1
      ],
      [],
      [
        0,
        1
      ]
    ]
  },
  "split": "new",
  "image_index": 459,
  "objects": [
    {
      "3d_coords": [
        0.007953722961246967,
        -2.466491460800171,
        0.3499999940395355
      ],
      "x": 74,
      "pixel_coords": [
        92,
        137,
        9.90213680267334
      ],
      "material": "metal",
      "size": "small",
      "width": 35,
      "height": 36,
      "color": "blue",
      "y": 119,
      "shape": "cube",
      "rotation": 129.24923480875736
    },
    {
      "3d_coords": [
        0.2871021330356598,
        -0.022551074624061584,
        0.3499999940395355
      ],
      "x": 154,
      "pixel_coords": [
        165,
        114,
        11.046659469604492
      ],
      "material": "rubber",
      "size": "small",
      "width": 22,
      "height": 22,
      "color": "gray",
      "y": 103,
      "shape": "sphere",
      "rotation": 4.750800976664817
    },
    {
      "3d_coords": [
        1.3440946340560913,
        -2.1192691326141357,
        0.3499999940395355
      ],
      "x": 116,
      "pixel_coords": [
        129,
        153,
        9.189568519592285
      ],
      "material": "metal",
      "size": "small",
      "width": 27,
      "height": 27,
      "color": "purple",
      "y": 140,
      "shape": "sphere",
      "rotation": 176.23261649551554
    }
  ]
}