{
  "image_filename": "CLEVR_new_000183.png",
  "directions": {
    "above": [
      0.0,
      0.0,
      1.0
    ],
    "behind": [
      -0.754490315914154,
      0.6563112735748291,
      0.0
    ],
    "left": [
      -0.6563112735748291,
      -0.7544902563095093,
      0.0
    ],
    "below": [
      -0.0,
      -0.0,
      -1.0
    ],
    "right": [
      0.6563112735748291,
      0.7544902563095093,
      -0.0
    ],
    "front": [
      0.754490315914154,
      -0.6563112735748291,
      -0.0
    ]
  },
  "relationships": {
    "left": [
      [
        2,
        4
      ],
      [
        0,
        2,
        3,
        4
      ],
      [],
      [
        0,
        2,
        4
      ],
      [
        2
      ]
    ],
    "front": [
      [
        3
      ],
      [
        0,
        2,
        3,
        4
      ],
      [
        0,
        3
      ],
      [],
      [
        0,
        2,
        3
      ]
    ],
    "right": [
      [
        1,
        3
      ],
      [],
      [
        0,
        1,
        3,
        4
      ],
      [
        1
      ],
      [
        0,
        1,
        3
      ]
    ],
    "behind": [
      [
        1,
        2,
        4
      ],
      [],
      [
        1,
        4
      ],
      [
        0,
        1,
        2,
        4
      ],
      [
        1
      ]
    ]
  },
  "split": "new",
  "image_index": 183,
  "objects": [
    {
      "3d_coords": [
        1.1065139770507812,
        -2.6214826107025146,
        0.699999988079071
      ],
      "x": 66,
      "pixel_coords": [
        107,
        149,
        8.335634231567383
      ],
      "material": "metal",
      "size": "large",
      "width": 79,
      "height": 89,
      "color": "green",
      "y": 107,
      "shape": "cube",
      "rotation": 299.8923593277523
    },
    {
      "3d_coords": [
        -1.1746047735214233,
        2.5587003231048584,
        0.699999988079071
      ],
      "x": 173,
      "pixel_coords": [
        192,
        68,
        12.72554874420166
      ],
      "material": "rubber",
      "size": "large",
      "width": 39,
      "height": 39,
      "color": "brown",
      "y": 48,
      "shape": "sphere",
      "rotation": 314.9453120694833
    },
    {
      "3d_coords": [
        -2.448023796081543,
        -2.2332522869110107,
        0.699999988079071
      ],
      "x": 26,
      "pixel_coords": [
        54,
        94,
        10.873627662658691
      ],
      "material": "rubber",
      "size": "large",
      "width": 53,
      "height": 60,
      "color": "brown",
      "y": 65,
      "shape": "cylinder",
      "rotation": 144.20960701524416
    },
    {
      "3d_coords": [
        2.7794365882873535,
        -2.923494815826416,
        0.699999988079071
      ],
      "x": 101,
      "pixel_coords": [
        140,
        191,
        7.074343681335449
      ],
      "material": "rubber",
      "size": "large",
      "width": 78,
      "height": 96,
      "color": "green",
      "y": 144,
      "shape": "cube",
      "rotation": 121.92239656440908
    },
    {
      "3d_coords": [
        -2.699730157852173,
        0.027795210480690002,
        0.699999988079071
      ],
      "x": 88,
      "pixel_coords": [
        111,
        73,
        12.304041862487793
      ],
      "material": "metal",
      "size": "large",
      "width": 43,
      "height": 52,
      "color": "cyan",
      "y": 47,
      "shape": "cylinder",
      "rotation": 277.1415491317913
    }
  ]
}