{
  "image_filename": "CLEVR_new_000626.png",
  "directions": {
    "above": [
      0.0,
      0.0,
      1.0
    ],
    "behind": [
      -0.754490315914154,
      0.6563112735748291,
      0.0
    ],
    "left": [
      -0.6563112735748291,
      -0.7544902563095093,
      0.0
    ],
    "below": [
      -0.0,
      -0.0,
      -1.0
    ],
    "right": [
      0.6563112735748291,
      0.7544902563095093,
      -0.0
    ],
    "front": [
      0.754490315914154,
      -0.6563112735748291,
      -0.0
    ]
  },
  "relationships": {
    "left": [
      [],
      [
        0,
        2,
        3,
        4
      ],
      [
        0
      ],
      [
        0,
        2
      ],
      [
        0,
        2,
        3
      ]
    ],
    "front": [
      [
        4
      ],
      [
        0,
        2,
        4
      ],
      [
        0,
        4
      ],
      [
        0,
        1,
        2,
        4
      ],
      []
    ],
    "right": [
      [
        1,
        2,
        3,
        4
      ],
      [],
      [
        1,
        3,
        4
      ],
      [
        1,
        4
      ],
      [
        1
      ]
    ],
    "behind": [
      [
        1,
        2,
        3
      ],
      [
        3
      ],
      [
        1,
        3
      ],
      [],
      [
        0,
        1,
        2,
        3
      ]
    ]
  },
  "split": "new",
  "image_index": 626,
  "objects": [
    {
      "3d_coords": [
        -0.9920573830604553,
        -2.9074878692626953,
        0.3499999940395355
      ],
      "x": 51,
      "pixel_coords": [
        63,
        130,
        10.270598411560059
      ],
      "material": "metal",
      "size": "small",
      "width": 25,
      "height": 24,
      "color": "green",
      "y": 118,
      "shape": "sphere",
      "rotation": 281.57160522809994
    },
    {
      "3d_coords": [
        2.120976686477661,
        2.91086745262146,
        0.3499999940395355
      ],
      "x": 257,
      "pixel_coords": [
        268,
        106,
        11.588326454162598
      ],
      "material": "rubber",
      "size": "small",
      "width": 22,
      "height": 21,
      "color": "red",
      "y": 95,
      "shape": "sphere",
      "rotation": 48.445314640256996
    },
    {
      "3d_coords": [
        -0.8713748455047607,
        -1.4431952238082886,
        0.3499999940395355
      ],
      "x": 94,
      "pixel_coords": [
        107,
        115,
        11.028940200805664
      ],
      "material": "rubber",
      "size": "small",
      "width": 27,
      "height": 31,
      "color": "gray",
      "y": 100,
      "shape": "cube",
      "rotation": 180.23854183600082
    },
    {
      "3d_coords": [
        -1.556323528289795,
        -0.08604813367128372,
        0.699999988079071
      ],
      "x": 102,
      "pixel_coords": [
        128,
        86,
        12.066507339477539
      ],
      "material": "metal",
      "size": "large",
      "width": 49,
      "height": 54,
      "color": "blue",
      "y": 60,
      "shape": "cube",
      "rotation": 28.96833596486925
    },
    {
      "3d_coords": [
        2.7571122646331787,
        -0.6139090061187744,
        0.3499999940395355
      ],
      "x": 199,
      "pixel_coords": [
        212,
        157,
        9.16628360748291
      ],
      "material": "rubber",
      "size": "small",
      "width": 27,
      "height": 27,
      "color": "cyan",
      "y": 143,
      "shape": "sphere",
      "rotation": 178.14233452389246
    }
  ]
}