{
  "image_filename": "CLEVR_new_000229.png",
  "directions": {
    "above": [
      0.0,
      0.0,
      1.0
    ],
    "behind": [
      -0.754490315914154,
      0.6563112735748291,
      0.0
    ],
    "left": [
      -0.6563112735748291,
      -0.7544902563095093,
      0.0
    ],
    "below": [
      -0.0,
      -0.0,
      -1.0
    ],
    "right": [
      0.6563112735748291,
      0.7544902563095093,
      -0.0
    ],
    "front": [
      0.754490315914154,
      -0.6563112735748291,
      -0.0
    ]
  },
  "relationships": {
    "left": [
      [
        1,
        3
      ],
      [],
      [
        0,
        1,
        3
      ],
      [
        1
      ],
      [
        0,
        1,
        2,
        3
      ]
    ],
    "front": [
      [
        1,
        4
      ],
      [],
      [
        0,
        1,
        4
      ],
      [
        0,
        1,
        2,
        4
      ],
      [
        1
      ]
    ],
    "right": [
      [
        2,
        4
      ],
      [
        0,
        2,
        3,
        4
      ],
      [
        4
      ],
      [
        0,
        2,
        4
      ],
      []
    ],
    "behind": [
      [
        2,
        3
      ],
      [
        0,
        2,
        3,
        4
      ],
      [
        3
      ],
      [],
      [
        0,
        2,
        3
      ]
    ]
  },
  "split": "new",
  "image_index": 229,
  "objects": [
    {
      "3d_coords": [
        0.7742343544960022,
        0.3928649425506592,
        0.699999988079071
      ],
      "x": 164,
      "pixel_coords": [
        186,
        104,
        10.864933013916016
      ],
      "material": "rubber",
      "size": "large",
      "width": 45,
      "height": 45,
      "color": "brown",
      "y": 81,
      "shape": "sphere",
      "rotation": 40.458969689288764
    },
    {
      "3d_coords": [
        0.908220112323761,
        -2.8565874099731445,
        0.3499999940395355
      ],
      "x": 83,
      "pixel_coords": [
        102,
        152,
        8.937679290771484
      ],
      "material": "metal",
      "size": "small",
      "width": 37,
      "height": 39,
      "color": "cyan",
      "y": 133,
      "shape": "cube",
      "rotation": 72.76295503467512
    },
    {
      "3d_coords": [
        1.0097657442092896,
        2.2833359241485596,
        0.699999988079071
      ],
      "x": 208,
      "pixel_coords": [
        230,
        91,
        11.866742134094238
      ],
      "material": "rubber",
      "size": "large",
      "width": 45,
      "height": 53,
      "color": "red",
      "y": 65,
      "shape": "cylinder",
      "rotation": 308.28309264764886
    },
    {
      "3d_coords": [
        -2.98850417137146,
        1.434059739112854,
        0.699999988079071
      ],
      "x": 118,
      "pixel_coords": [
        136,
        70,
        13.992877006530762
      ],
      "material": "metal",
      "size": "large",
      "width": 35,
      "height": 35,
      "color": "green",
      "y": 52,
      "shape": "sphere",
      "rotation": 9.458386557656855
    },
    {
      "3d_coords": [
        2.913649082183838,
        1.2366583347320557,
        0.699999988079071
      ],
      "x": 236,
      "pixel_coords": [
        261,
        118,
        9.965705871582031
      ],
      "material": "rubber",
      "size": "large",
      "width": 51,
      "height": 49,
      "color": "green",
      "y": 93,
      "shape": "sphere",
      "rotation": 95.125043054952
    }
  ]
}