{
  "image_filename": "CLEVR_new_000400.png",
  "directions": {
    "above": [
      0.0,
      0.0,
      1.0
    ],
    "behind": [
      -0.754490315914154,
      0.6563112735748291,
      0.0
    ],
    "left": [
      -0.6563112735748291,
      -0.7544902563095093,
      0.0
    ],
    "below": [
      -0.0,
      -0.0,
      -1.0
    ],
    "right": [
      0.6563112735748291,
      0.7544902563095093,
      -0.0
    ],
    "front": [
      0.754490315914154,
      -0.6563112735748291,
      -0.0
    ]
  },
  "relationships": {
    "left": [
      [
        1,
        3,
        4,
        5,
        6,
        8
      ],
      [],
      [
        0,
        1,
        3,
        4,
        5,
        6,
        8
      ],
      [
        1,
        4,
        5,
        8
      ],
      [
        1,
        5,
        8
      ],
      [
        1,
        8
      ],
      [
        1,
        3,
        4,
        5,
        8
      ],
      [
        0,
        1,
        2,
        3,
        4,
        5,
        6,
        8
      ],
      [
        1
      ]
    ],
    "front": [
      [],
      [
        0,
        2,
        4,
        7,
        8
      ],
      [
        0,
        4,
        8
      ],
      [
        0,
        1,
        2,
        4,
        7,
        8
      ],
      [
        0
      ],
      [
        0,
        1,
        2,
        3,
        4,
        6,
        7,
        8
      ],
      [
        0,
        1,
        2,
        3,
        4,
        7,
        8
      ],
      [
        0,
        2,
        4,
        8
      ],
      [
        0,
        4
      ]
    ],
    "right": [
      [
        2,
        7
      ],
      [
        0,
        2,
        3,
        4,
        5,
        6,
        7,
        8
      ],
      [
        7
      ],
      [
        0,
        2,
        6,
        7
      ],
      [
        0,
        2,
        3,
        6,
        7
      ],
      [
        0,
        2,
        3,
        4,
        6,
        7
      ],
      [
        0,
        2,
        7
      ],
      [],
      [
        0,
        2,
        3,
        4,
        5,
        6,
        7
      ]
    ],
    "behind": [
      [
        1,
        2,
        3,
        4,
        5,
        6,
        7,
        8
      ],
      [
        3,
        5,
        6
      ],
      [
        1,
        3,
        5,
        6,
        7
      ],
      [
        5,
        6
      ],
      [
        1,
        2,
        3,
        5,
        6,
        7,
        8
      ],
      [],
      [
        5
      ],
      [
        1,
        3,
        5,
        6
      ],
      [
        1,
        2,
        3,
        5,
        6,
        7
      ]
    ]
  },
  "split": "new",
  "image_index": 400,
  "objects": [
    {
      "3d_coords": [
        2.8663673400878906,
        -1.3958687782287598,
        0.699999988079071
      ],
      "x": 164,
      "pixel_coords": [
        193,
        152,
        8.743208885192871
      ],
      "material": "metal",
      "size": "large",
      "width": 59,
      "height": 77,
      "color": "gray",
      "y": 115,
      "shape": "cylinder",
      "rotation": 145.37950156309415
    },
    {
      "3d_coords": [
        -2.329317569732666,
        -2.454782485961914,
        0.699999988079071
      ],
      "x": 30,
      "pixel_coords": [
        58,
        99,
        11.625435829162598
      ],
      "material": "metal",
      "size": "large",
      "width": 52,
      "height": 55,
      "color": "yellow",
      "y": 72,
      "shape": "cube",
      "rotation": 1.0125651967211802
    },
    {
      "3d_coords": [
        1.780731439590454,
        0.7252532243728638,
        0.699999988079071
      ],
      "x": 192,
      "pixel_coords": [
        216,
        113,
        10.702669143676758
      ],
      "material": "rubber",
      "size": "large",
      "width": 50,
      "height": 61,
      "color": "blue",
      "y": 83,
      "shape": "cylinder",
      "rotation": 96.72537490494318
    },
    {
      "3d_coords": [
        -0.6036390662193298,
        0.2732003331184387,
        0.3499999940395355
      ],
      "x": 144,
      "pixel_coords": [
        155,
        103,
        12.205995559692383
      ],
      "material": "metal",
      "size": "small",
      "width": 20,
      "height": 26,
      "color": "gray",
      "y": 90,
      "shape": "cylinder",
      "rotation": 193.34468393469945
    },
    {
      "3d_coords": [
        1.1885632276535034,
        -2.279834032058716,
        0.699999988079071
      ],
      "x": 98,
      "pixel_coords": [
        124,
        138,
        9.359889030456543
      ],
      "material": "metal",
      "size": "large",
      "width": 53,
      "height": 53,
      "color": "red",
      "y": 112,
      "shape": "sphere",
      "rotation": 157.17475446777036
    },
    {
      "3d_coords": [
        -2.6703200340270996,
        -0.009427733719348907,
        0.3499999940395355
      ],
      "x": 105,
      "pixel_coords": [
        114,
        88,
        13.432747840881348
      ],
      "material": "metal",
      "size": "small",
      "width": 19,
      "height": 24,
      "color": "yellow",
      "y": 76,
      "shape": "cylinder",
      "rotation": 53.551499651470984
    },
    {
      "3d_coords": [
        -0.9556364417076111,
        1.211046576499939,
        0.3499999940395355
      ],
      "x": 158,
      "pixel_coords": [
        168,
        93,
        12.986233711242676
      ],
      "material": "rubber",
      "size": "small",
      "width": 19,
      "height": 25,
      "color": "yellow",
      "y": 81,
      "shape": "cylinder",
      "rotation": 103.12655327903177
    },
    {
      "3d_coords": [
        2.975923538208008,
        2.923631429672241,
        0.3499999940395355
      ],
      "x": 277,
      "pixel_coords": [
        288,
        115,
        11.333290100097656
      ],
      "material": "rubber",
      "size": "small",
      "width": 23,
      "height": 22,
      "color": "cyan",
      "y": 105,
      "shape": "sphere",
      "rotation": 31.33949571673769
    },
    {
      "3d_coords": [
        -0.1558578461408615,
        -2.954423666000366,
        0.3499999940395355
      ],
      "x": 66,
      "pixel_coords": [
        78,
        138,
        10.034570693969727
      ],
      "material": "rubber",
      "size": "small",
      "width": 25,
      "height": 24,
      "color": "red",
      "y": 126,
      "shape": "sphere",
      "rotation": 167.2394222834933
    }
  ]
}