{
  "image_filename": "CLEVR_new_000547.png",
  "directions": {
    "above": [
      0.0,
      0.0,
      1.0
    ],
    "behind": [
      -0.754490315914154,
      0.6563112735748291,
      0.0
    ],
    "left": [
      -0.6563112735748291,
      -0.7544902563095093,
      0.0
    ],
    "below": [
      -0.0,
      -0.0,
      -1.0
    ],
    "right": [
      0.6563112735748291,
      0.7544902563095093,
      -0.0
    ],
    "front": [
      0.754490315914154,
      -0.6563112735748291,
      -0.0
    ]
  },
  "relationships": {
    "left": [
      [
        1,
        2
      ],
      [
        2
      ],
      []
    ],
    "front": [
      [],
      [
        0
      ],
      [
        0,
        1
      ]
    ],
    "right": [
      [],
      [
        0
      ],
      [
        0,
        1
      ]
    ],
    "behind": [
      [
        1,
        2
      ],
      [
        2
      ],
      []
    ]
  },
  "split": "new",
  "image_index": 547,
  "objects": [
    {
      "3d_coords": [
        2.365359306335449,
        0.8421030044555664,
        0.699999988079071
      ],
      "x": 212,
      "pixel_coords": [
        240,
        117,
        9.61335563659668
      ],
      "material": "rubber",
      "size": "large",
      "width": 57,
      "height": 67,
      "color": "blue",
      "y": 85,
      "shape": "cylinder",
      "rotation": 14.171997166239212
    },
    {
      "3d_coords": [
        -0.6955382227897644,
        -0.7728788256645203,
        0.3499999940395355
      ],
      "x": 114,
      "pixel_coords": [
        127,
        110,
        10.890366554260254
      ],
      "material": "metal",
      "size": "small",
      "width": 25,
      "height": 30,
      "color": "green",
      "y": 95,
      "shape": "cube",
      "rotation": 202.07270266982087
    },
    {
      "3d_coords": [
        -2.6090481281280518,
        0.13698676228523254,
        0.699999988079071
      ],
      "x": 91,
      "pixel_coords": [
        115,
        77,
        12.561957359313965
      ],
      "material": "rubber",
      "size": "large",
      "width": 48,
      "height": 51,
      "color": "gray",
      "y": 52,
      "shape": "cube",
      "rotation": 7.502484539735361
    }
  ]
}