{
  "image_filename": "CLEVR_new_000282.png",
  "directions": {
    "above": [
      0.0,
      0.0,
      1.0
    ],
    "behind": [
      -0.754490315914154,
      0.6563112735748291,
      0.0
    ],
    "left": [
      -0.6563112735748291,
      -0.7544902563095093,
      0.0
    ],
    "below": [
      -0.0,
      -0.0,
      -1.0
    ],
    "right": [
      0.6563112735748291,
      0.7544902563095093,
      -0.0
    ],
    "front": [
      0.754490315914154,
      -0.6563112735748291,
      -0.0
    ]
  },
  "relationships": {
    "left": [
      [],
      [
        0,
        2,
        3,
        4
      ],
      [
        0,
        3,
        4
      ],
      [
        0
      ],
      [
        0,
        3
      ],
      [
        0,
        1,
        2,
        3,
        4
      ],
      [
        0,
        1,
        2,
        3,
        4,
        5
      ]
    ],
    "front": [
      [
        1,
        3,
        4,
        5,
        6
      ],
      [
        4
      ],
      [
        0,
        1,
        3,
        4,
        5,
        6
      ],
      [
        1,
        4,
        6
      ],
      [],
      [
        1,
        3,
        4,
        6
      ],
      [
        1,
        4
      ]
    ],
    "right": [
      [
        1,
        2,
        3,
        4,
        5,
        6
      ],
      [
        5,
        6
      ],
      [
        1,
        5,
        6
      ],
      [
        1,
        2,
        4,
        5,
        6
      ],
      [
        1,
        2,
        5,
        6
      ],
      [
        6
      ],
      []
    ],
    "behind": [
      [
        2
      ],
      [
        0,
        2,
        3,
        5,
        6
      ],
      [],
      [
        0,
        2,
        5
      ],
      [
        0,
        1,
        2,
        3,
        5,
        6
      ],
      [
        0,
        2
      ],
      [
        0,
        2,
        3,
        5
      ]
    ]
  },
  "split": "new",
  "image_index": 282,
  "objects": [
    {
      "3d_coords": [
        -2.955404758453369,
        -1.0409529209136963,
        0.3499999940395355
      ],
      "x": 66,
      "pixel_coords": [
        80,
        91,
        12.231893539428711
      ],
      "material": "metal",
      "size": "small",
      "width": 27,
      "height": 28,
      "color": "cyan",
      "y": 77,
      "shape": "cube",
      "rotation": 147.49855161152473
    },
    {
      "3d_coords": [
        2.106360912322998,
        0.22361941635608673,
        0.3499999940395355
      ],
      "x": 200,
      "pixel_coords": [
        217,
        134,
        9.798360824584961
      ],
      "material": "rubber",
      "size": "small",
      "width": 36,
      "height": 37,
      "color": "cyan",
      "y": 116,
      "shape": "cube",
      "rotation": 20.3150058615263
    },
    {
      "3d_coords": [
        -0.9856289029121399,
        2.285886287689209,
        0.699999988079071
      ],
      "x": 168,
      "pixel_coords": [
        187,
        72,
        12.788971900939941
      ],
      "material": "rubber",
      "size": "large",
      "width": 38,
      "height": 39,
      "color": "purple",
      "y": 52,
      "shape": "sphere",
      "rotation": 164.79490893763054
    },
    {
      "3d_coords": [
        -0.956377387046814,
        -1.183703064918518,
        0.699999988079071
      ],
      "x": 79,
      "pixel_coords": [
        110,
        102,
        10.71407413482666
      ],
      "material": "rubber",
      "size": "large",
      "width": 59,
      "height": 62,
      "color": "blue",
      "y": 72,
      "shape": "cube",
      "rotation": 101.14380044812596
    },
    {
      "3d_coords": [
        1.472289800643921,
        -2.5131640434265137,
        0.699999988079071
      ],
      "x": 84,
      "pixel_coords": [
        126,
        153,
        8.39881420135498
      ],
      "material": "metal",
      "size": "large",
      "width": 80,
      "height": 88,
      "color": "gray",
      "y": 112,
      "shape": "cube",
      "rotation": 270.4832682689368
    },
    {
      "3d_coords": [
        0.6662365794181824,
        2.454371929168701,
        0.3499999940395355
      ],
      "x": 215,
      "pixel_coords": [
        225,
        94,
        12.026195526123047
      ],
      "material": "rubber",
      "size": "small",
      "width": 21,
      "height": 20,
      "color": "purple",
      "y": 83,
      "shape": "sphere",
      "rotation": 174.1789108398156
    },
    {
      "3d_coords": [
        2.594395875930786,
        2.032236337661743,
        0.3499999940395355
      ],
      "x": 254,
      "pixel_coords": [
        268,
        118,
        10.563469886779785
      ],
      "material": "rubber",
      "size": "small",
      "width": 30,
      "height": 31,
      "color": "brown",
      "y": 103,
      "shape": "cube",
      "rotation": 88.6973300676237
    }
  ]
}