{
  "image_filename": "CLEVR_new_000325.png",
  "directions": {
    "above": [
      0.0,
      0.0,
      1.0
    ],
    "behind": [
      -0.754490315914154,
      0.6563112735748291,
      0.0
    ],
    "left": [
      -0.6563112735748291,
      -0.7544902563095093,
      0.0
    ],
    "below": [
      -0.0,
      -0.0,
      -1.0
    ],
    "right": [
      0.6563112735748291,
      0.7544902563095093,
      -0.0
    ],
    "front": [
      0.754490315914154,
      -0.6563112735748291,
      -0.0
    ]
  },
  "relationships": {
    "left": [
      [],
      [
        0,
        2,
        5
      ],
      [
        0,
        5
      ],
      [
        0,
        1,
        2,
        5,
        6
      ],
      [
        0,
        1,
        2,
        3,
        5,
        6
      ],
      [
        0
      ],
      [
        0,
        1,
        2,
        5
      ]
    ],
    "front": [
      [
        1,
        3,
        4,
        5
      ],
      [
        3,
        5
      ],
      [
        0,
        1,
        3,
        4,
        5
      ],
      [
        5
      ],
      [
        1,
        3,
        5
      ],
      [],
      [
        0,
        1,
        2,
        3,
        4,
        5
      ]
    ],
    "right": [
      [
        1,
        2,
        3,
        4,
        5,
        6
      ],
      [
        3,
        4,
        6
      ],
      [
        1,
        3,
        4,
        6
      ],
      [
        4
      ],
      [],
      [
        1,
        2,
        3,
        4,
        6
      ],
      [
        3,
        4
      ]
    ],
    "behind": [
      [
        2,
        6
      ],
      [
        0,
        2,
        4,
        6
      ],
      [
        6
      ],
      [
        0,
        1,
        2,
        4,
        6
      ],
      [
        0,
        2,
        6
      ],
      [
        0,
        1,
        2,
        3,
        4,
        6
      ],
      []
    ]
  },
  "split": "new",
  "image_index": 325,
  "objects": [
    {
      "3d_coords": [
        -2.7691152095794678,
        -1.9826220273971558,
        0.699999988079071
      ],
      "x": 43,
      "pixel_coords": [
        64,
        90,
        12.045254707336426
      ],
      "material": "metal",
      "size": "large",
      "width": 42,
      "height": 41,
      "color": "green",
      "y": 69,
      "shape": "sphere",
      "rotation": 23.558049026229813
    },
    {
      "3d_coords": [
        0.42741939425468445,
        -0.5711936950683594,
        0.699999988079071
      ],
      "x": 131,
      "pixel_coords": [
        154,
        111,
        10.659486770629883
      ],
      "material": "metal",
      "size": "large",
      "width": 46,
      "height": 46,
      "color": "yellow",
      "y": 87,
      "shape": "sphere",
      "rotation": 226.3627689823464
    },
    {
      "3d_coords": [
        -1.7428618669509888,
        0.6820337772369385,
        0.699999988079071
      ],
      "x": 125,
      "pixel_coords": [
        144,
        80,
        12.836182594299316
      ],
      "material": "rubber",
      "size": "large",
      "width": 38,
      "height": 38,
      "color": "green",
      "y": 61,
      "shape": "sphere",
      "rotation": 84.37660818752674
    },
    {
      "3d_coords": [
        2.467075824737549,
        -0.21826742589473724,
        0.699999988079071
      ],
      "x": 186,
      "pixel_coords": [
        212,
        133,
        9.469196319580078
      ],
      "material": "rubber",
      "size": "large",
      "width": 52,
      "height": 52,
      "color": "gray",
      "y": 107,
      "shape": "sphere",
      "rotation": 249.79107836345267
    },
    {
      "3d_coords": [
        1.8584988117218018,
        2.0183632373809814,
        0.699999988079071
      ],
      "x": 222,
      "pixel_coords": [
        246,
        103,
        11.133057594299316
      ],
      "material": "rubber",
      "size": "large",
      "width": 50,
      "height": 58,
      "color": "cyan",
      "y": 75,
      "shape": "cylinder",
      "rotation": 13.445373901148074
    },
    {
      "3d_coords": [
        0.9346441030502319,
        -2.8897790908813477,
        0.699999988079071
      ],
      "x": 65,
      "pixel_coords": [
        96,
        143,
        9.01877498626709
      ],
      "material": "metal",
      "size": "large",
      "width": 60,
      "height": 74,
      "color": "brown",
      "y": 107,
      "shape": "cylinder",
      "rotation": 213.38602703971242
    },
    {
      "3d_coords": [
        -1.7843384742736816,
        2.169753313064575,
        0.3499999940395355
      ],
      "x": 162,
      "pixel_coords": [
        174,
        79,
        13.861764907836914
      ],
      "material": "metal",
      "size": "small",
      "width": 24,
      "height": 24,
      "color": "blue",
      "y": 67,
      "shape": "cube",
      "rotation": 146.25840242419002
    }
  ]
}