{
  "image_filename": "CLEVR_new_000209.png",
  "directions": {
    "above": [
      0.0,
      0.0,
      1.0
    ],
    "behind": [
      -0.754490315914154,
      0.6563112735748291,
      0.0
    ],
    "left": [
      -0.6563112735748291,
      -0.7544902563095093,
      0.0
    ],
    "below": [
      -0.0,
      -0.0,
      -1.0
    ],
    "right": [
      0.6563112735748291,
      0.7544902563095093,
      -0.0
    ],
    "front": [
      0.754490315914154,
      -0.6563112735748291,
      -0.0
    ]
  },
  "relationships": {
    "left": [
      [
        2,
        3,
        4,
        5,
        6,
        7
      ],
      [
        0,
        2,
        3,
        4,
        5,
        6,
        7
      ],
      [
        4,
        5,
        6,
        7
      ],
      [
        2,
        4,
        5,
        6,
        7
      ],
      [
        5
      ],
      [],
      [
        4,
        5,
        7
      ],
      [
        4,
        5
      ]
    ],
    "front": [
      [
        3,
        5,
        6
      ],
      [
        0,
        2,
        3,
        5,
        6,
        7
      ],
      [
        0,
        3,
        5,
        6,
        7
      ],
      [
        6
      ],
      [
        0,
        1,
        2,
        3,
        5,
        6,
        7
      ],
      [
        3,
        6
      ],
      [],
      [
        0,
        3,
        5,
        6
      ]
    ],
    "right": [
      [
        1
      ],
      [],
      [
        0,
        1,
        3
      ],
      [
        0,
        1
      ],
      [
        0,
        1,
        2,
        3,
        6,
        7
      ],
      [
        0,
        1,
        2,
        3,
        4,
        6,
        7
      ],
      [
        0,
        1,
        2,
        3
      ],
      [
        0,
        1,
        2,
        3,
        6
      ]
    ],
    "behind": [
      [
        1,
        2,
        4,
        7
      ],
      [
        4
      ],
      [
        1,
        4
      ],
      [
        0,
        1,
        2,
        4,
        5,
        7
      ],
      [],
      [
        0,
        1,
        2,
        4,
        7
      ],
      [
        0,
        1,
        2,
        3,
        4,
        5,
        7
      ],
      [
        1,
        2,
        4
      ]
    ]
  },
  "split": "new",
  "image_index": 209,
  "objects": [
    {
      "3d_coords": [
        2.116273880004883,
        0.6213650703430176,
        0.3499999940395355
      ],
      "x": 213,
      "pixel_coords": [
        227,
        130,
        9.60806655883789
      ],
      "material": "metal",
      "size": "small",
      "width": 28,
      "height": 34,
      "color": "purple",
      "y": 113,
      "shape": "cylinder",
      "rotation": 345.155511737367
    },
    {
      "3d_coords": [
        0.5674804449081421,
        2.6271402835845947,
        0.699999988079071
      ],
      "x": 210,
      "pixel_coords": [
        232,
        84,
        11.622838020324707
      ],
      "material": "rubber",
      "size": "large",
      "width": 43,
      "height": 42,
      "color": "green",
      "y": 62,
      "shape": "sphere",
      "rotation": 213.43738539249867
    },
    {
      "3d_coords": [
        0.4742739498615265,
        0.7073574066162109,
        0.3499999940395355
      ],
      "x": 176,
      "pixel_coords": [
        188,
        109,
        10.766956329345703
      ],
      "material": "metal",
      "size": "small",
      "width": 23,
      "height": 23,
      "color": "red",
      "y": 97,
      "shape": "sphere",
      "rotation": 106.90138006253585
    },
    {
      "3d_coords": [
        2.8188815116882324,
        -0.6861931681632996,
        0.3499999940395355
      ],
      "x": 199,
      "pixel_coords": [
        213,
        158,
        8.39435863494873
      ],
      "material": "rubber",
      "size": "small",
      "width": 30,
      "height": 29,
      "color": "yellow",
      "y": 144,
      "shape": "sphere",
      "rotation": 325.1543040173356
    },
    {
      "3d_coords": [
        -2.034198045730591,
        0.9337682723999023,
        0.3499999940395355
      ],
      "x": 134,
      "pixel_coords": [
        144,
        83,
        12.591069221496582
      ],
      "material": "rubber",
      "size": "small",
      "width": 20,
      "height": 25,
      "color": "purple",
      "y": 71,
      "shape": "cylinder",
      "rotation": 60.78962322362695
    },
    {
      "3d_coords": [
        0.3833427131175995,
        -1.9809550046920776,
        0.699999988079071
      ],
      "x": 84,
      "pixel_coords": [
        111,
        125,
        9.144352912902832
      ],
      "material": "metal",
      "size": "large",
      "width": 54,
      "height": 54,
      "color": "purple",
      "y": 98,
      "shape": "sphere",
      "rotation": 154.38986317602163
    },
    {
      "3d_coords": [
        2.739788293838501,
        -2.1011803150177,
        0.699999988079071
      ],
      "x": 133,
      "pixel_coords": [
        167,
        167,
        7.483020305633545
      ],
      "material": "metal",
      "size": "large",
      "width": 69,
      "height": 91,
      "color": "gray",
      "y": 124,
      "shape": "cylinder",
      "rotation": 90.69771405279985
    },
    {
      "3d_coords": [
        0.39061808586120605,
        -0.5918671488761902,
        0.3499999940395355
      ],
      "x": 140,
      "pixel_coords": [
        153,
        120,
        10.089624404907227
      ],
      "material": "rubber",
      "size": "small",
      "width": 25,
      "height": 32,
      "color": "green",
      "y": 104,
      "shape": "cylinder",
      "rotation": 194.96094564828744
    }
  ]
}