{
  "image_filename": "CLEVR_new_000498.png",
  "directions": {
    "above": [
      0.0,
      0.0,
      1.0
    ],
    "behind": [
      -0.754490315914154,
      0.6563112735748291,
      0.0
    ],
    "left": [
      -0.6563112735748291,
      -0.7544902563095093,
      0.0
    ],
    "below": [
      -0.0,
      -0.0,
      -1.0
    ],
    "right": [
      0.6563112735748291,
      0.7544902563095093,
      -0.0
    ],
    "front": [
      0.754490315914154,
      -0.6563112735748291,
      -0.0
    ]
  },
  "relationships": {
    "left": [
      [
        7
      ],
      [
        0,
        4,
        7
      ],
      [
        0,
        1,
        3,
        4,
        5,
        6,
        7
      ],
      [
        0,
        1,
        4,
        6,
        7
      ],
      [
        0,
        7
      ],
      [
        0,
        1,
        3,
        4,
        6,
        7
      ],
      [
        0,
        1,
        4,
        7
      ],
      []
    ],
    "front": [
      [
        1,
        2,
        3,
        4,
        7
      ],
      [
        2,
        3,
        4,
        7
      ],
      [
        3,
        4
      ],
      [
        4
      ],
      [],
      [
        0,
        1,
        2,
        3,
        4,
        7
      ],
      [
        0,
        1,
        2,
        3,
        4,
        5,
        7
      ],
      [
        2,
        3,
        4
      ]
    ],
    "right": [
      [
        1,
        2,
        3,
        4,
        5,
        6
      ],
      [
        2,
        3,
        5,
        6
      ],
      [],
      [
        2,
        5
      ],
      [
        1,
        2,
        3,
        5,
        6
      ],
      [
        2
      ],
      [
        2,
        3,
        5
      ],
      [
        0,
        1,
        2,
        3,
        4,
        5,
        6
      ]
    ],
    "behind": [
      [
        5,
        6
      ],
      [
        0,
        5,
        6
      ],
      [
        0,
        1,
        5,
        6,
        7
      ],
      [
        0,
        1,
        2,
        5,
        6,
        7
      ],
      [
        0,
        1,
        2,
        3,
        5,
        6,
        7
      ],
      [
        6
      ],
      [],
      [
        0,
        1,
        5,
        6
      ]
    ]
  },
  "split": "new",
  "image_index": 498,
  "objects": [
    {
      "3d_coords": [
        -1.8309625387191772,
        -0.6301652789115906,
        0.699999988079071
      ],
      "x": 89,
      "pixel_coords": [
        111,
        89,
        12.041146278381348
      ],
      "material": "rubber",
      "size": "large",
      "width": 43,
      "height": 52,
      "color": "red",
      "y": 64,
      "shape": "cylinder",
      "rotation": 15.639630332724233
    },
    {
      "3d_coords": [
        -0.1604141741991043,
        -0.2970469295978546,
        0.699999988079071
      ],
      "x": 127,
      "pixel_coords": [
        150,
        101,
        11.087754249572754
      ],
      "material": "rubber",
      "size": "large",
      "width": 45,
      "height": 57,
      "color": "red",
      "y": 73,
      "shape": "cylinder",
      "rotation": 315.99739746426013
    },
    {
      "3d_coords": [
        2.694559335708618,
        1.6884502172470093,
        0.699999988079071
      ],
      "x": 237,
      "pixel_coords": [
        263,
        112,
        10.291279792785645
      ],
      "material": "rubber",
      "size": "large",
      "width": 55,
      "height": 62,
      "color": "yellow",
      "y": 82,
      "shape": "cylinder",
      "rotation": 323.63290817866624
    },
    {
      "3d_coords": [
        1.8047176599502563,
        -0.415200412273407,
        0.3499999940395355
      ],
      "x": 178,
      "pixel_coords": [
        191,
        134,
        9.815128326416016
      ],
      "material": "metal",
      "size": "small",
      "width": 26,
      "height": 33,
      "color": "gray",
      "y": 117,
      "shape": "cylinder",
      "rotation": 159.87329770551872
    },
    {
      "3d_coords": [
        2.1035349369049072,
        -2.8064088821411133,
        0.3499999940395355
      ],
      "x": 112,
      "pixel_coords": [
        127,
        169,
        8.203263282775879
      ],
      "material": "rubber",
      "size": "small",
      "width": 30,
      "height": 30,
      "color": "brown",
      "y": 154,
      "shape": "sphere",
      "rotation": 140.45006780287116
    },
    {
      "3d_coords": [
        0.3058856725692749,
        2.7770426273345947,
        0.3499999940395355
      ],
      "x": 210,
      "pixel_coords": [
        224,
        93,
        12.723671913146973
      ],
      "material": "rubber",
      "size": "small",
      "width": 27,
      "height": 26,
      "color": "brown",
      "y": 80,
      "shape": "cube",
      "rotation": 339.4280076510185
    },
    {
      "3d_coords": [
        -2.23036527633667,
        2.2008965015411377,
        0.699999988079071
      ],
      "x": 148,
      "pixel_coords": [
        166,
        71,
        13.9808931350708
      ],
      "material": "rubber",
      "size": "large",
      "width": 35,
      "height": 35,
      "color": "green",
      "y": 53,
      "shape": "sphere",
      "rotation": 116.28022144211475
    },
    {
      "3d_coords": [
        -1.636339783668518,
        -2.6192269325256348,
        0.3499999940395355
      ],
      "x": 49,
      "pixel_coords": [
        62,
        116,
        10.886298179626465
      ],
      "material": "rubber",
      "size": "small",
      "width": 26,
      "height": 29,
      "color": "gray",
      "y": 102,
      "shape": "cylinder",
      "rotation": 275.93088709709303
    }
  ]
}