{
  "image_filename": "CLEVR_new_000580.png",
  "directions": {
    "above": [
      0.0,
      0.0,
      1.0
    ],
    "behind": [
      -0.754490315914154,
      0.6563112735748291,
      0.0
    ],
    "left": [
      -0.6563112735748291,
      -0.7544902563095093,
      0.0
    ],
    "below": [
      -0.0,
      -0.0,
      -1.0
    ],
    "right": [
      0.6563112735748291,
      0.7544902563095093,
      -0.0
    ],
    "front": [
      0.754490315914154,
      -0.6563112735748291,
      -0.0
    ]
  },
  "relationships": {
    "left": [
      [
        2,
        3,
        5
      ],
      [
        0,
        2,
        3,
        5
      ],
      [],
      [
        2
      ],
      [
        0,
        1,
        2,
        3,
        5
      ],
      [
        2,
        3
      ],
      [
        0,
        1,
        2,
        3,
        4,
        5,
        7
      ],
      [
        0,
        1,
        2,
        3,
        4,
        5
      ]
    ],
    "front": [
      [
        1,
        2,
        3,
        4,
        5,
        6,
        7
      ],
      [
        3,
        5,
        7
      ],
      [
        1,
        3,
        5,
        6,
        7
      ],
      [
        5
      ],
      [
        1,
        2,
        3,
        5,
        6,
        7
      ],
      [],
      [
        1,
        3,
        5,
        7
      ],
      [
        3,
        5
      ]
    ],
    "right": [
      [
        1,
        4,
        6,
        7
      ],
      [
        4,
        6,
        7
      ],
      [
        0,
        1,
        3,
        4,
        5,
        6,
        7
      ],
      [
        0,
        1,
        4,
        5,
        6,
        7
      ],
      [
        6,
        7
      ],
      [
        0,
        1,
        4,
        6,
        7
      ],
      [],
      [
        6
      ]
    ],
    "behind": [
      [],
      [
        0,
        2,
        4,
        6
      ],
      [
        0,
        4
      ],
      [
        0,
        1,
        2,
        4,
        6,
        7
      ],
      [
        0
      ],
      [
        0,
        1,
        2,
        3,
        4,
        6,
        7
      ],
      [
        0,
        2,
        4
      ],
      [
        0,
        1,
        2,
        4,
        6
      ]
    ]
  },
  "split": "new",
  "image_index": 580,
  "objects": [
    {
      "3d_coords": [
        -2.2247231006622314,
        2.085440158843994,
        0.3499999940395355
      ],
      "x": 156,
      "pixel_coords": [
        165,
        77,
        14.044897079467773
      ],
      "material": "rubber",
      "size": "small",
      "width": 17,
      "height": 18,
      "color": "gray",
      "y": 68,
      "shape": "sphere",
      "rotation": 295.25886307132606
    },
    {
      "3d_coords": [
        1.242103099822998,
        0.07244879752397537,
        0.699999988079071
      ],
      "x": 164,
      "pixel_coords": [
        189,
        113,
        10.380001068115234
      ],
      "material": "metal",
      "size": "large",
      "width": 53,
      "height": 61,
      "color": "blue",
      "y": 84,
      "shape": "cube",
      "rotation": 40.18310090257511
    },
    {
      "3d_coords": [
        -1.981415867805481,
        -0.8920822143554688,
        0.699999988079071
      ],
      "x": 78,
      "pixel_coords": [
        103,
        89,
        12.040571212768555
      ],
      "material": "metal",
      "size": "large",
      "width": 51,
      "height": 55,
      "color": "red",
      "y": 62,
      "shape": "cube",
      "rotation": 38.986535457531765
    },
    {
      "3d_coords": [
        0.48810577392578125,
        -2.1471030712127686,
        0.3499999940395355
      ],
      "x": 98,
      "pixel_coords": [
        112,
        138,
        9.809328079223633
      ],
      "material": "metal",
      "size": "small",
      "width": 27,
      "height": 34,
      "color": "brown",
      "y": 121,
      "shape": "cylinder",
      "rotation": 39.52637711964454
    },
    {
      "3d_coords": [
        -0.707557737827301,
        2.6255345344543457,
        0.699999988079071
      ],
      "x": 183,
      "pixel_coords": [
        202,
        76,
        13.149030685424805
      ],
      "material": "rubber",
      "size": "large",
      "width": 39,
      "height": 48,
      "color": "gray",
      "y": 53,
      "shape": "cylinder",
      "rotation": 156.91416463587038
    },
    {
      "3d_coords": [
        2.6871273517608643,
        -2.721877336502075,
        0.3499999940395355
      ],
      "x": 127,
      "pixel_coords": [
        143,
        184,
        7.9829277992248535
      ],
      "material": "rubber",
      "size": "small",
      "width": 31,
      "height": 43,
      "color": "blue",
      "y": 163,
      "shape": "cylinder",
      "rotation": 0.7043462415179524
    },
    {
      "3d_coords": [
        2.1518771648406982,
        2.9437639713287354,
        0.699999988079071
      ],
      "x": 248,
      "pixel_coords": [
        272,
        98,
        11.373678207397461
      ],
      "material": "rubber",
      "size": "large",
      "width": 51,
      "height": 56,
      "color": "blue",
      "y": 70,
      "shape": "cylinder",
      "rotation": 239.53528327737826
    },
    {
      "3d_coords": [
        2.428889036178589,
        0.7964624166488647,
        0.3499999940395355
      ],
      "x": 220,
      "pixel_coords": [
        235,
        131,
        10.138969421386719
      ],
      "material": "rubber",
      "size": "small",
      "width": 28,
      "height": 34,
      "color": "red",
      "y": 115,
      "shape": "cube",
      "rotation": 270.78425516987335
    }
  ]
}