{
  "image_filename": "CLEVR_new_000158.png",
  "directions": {
    "above": [
      0.0,
      0.0,
      1.0
    ],
    "behind": [
      -0.754490315914154,
      0.6563112735748291,
      0.0
    ],
    "left": [
      -0.6563112735748291,
      -0.7544902563095093,
      0.0
    ],
    "below": [
      -0.0,
      -0.0,
      -1.0
    ],
    "right": [
      0.6563112735748291,
      0.7544902563095093,
      -0.0
    ],
    "front": [
      0.754490315914154,
      -0.6563112735748291,
      -0.0
    ]
  },
  "relationships": {
    "left": [
      [
        1,
        2,
        4,
        6,
        7
      ],
      [],
      [
        1
      ],
      [
        0,
        1,
        2,
        4,
        5,
        6,
        7,
        8,
        9
      ],
      [
        1,
        2,
        6
      ],
      [
        0,
        1,
        2,
        4,
        6,
        7,
        8
      ],
      [
        1,
        2
      ],
      [
        1,
        2,
        4,
        6
      ],
      [
        0,
        1,
        2,
        4,
        6,
        7
      ],
      [
        0,
        1,
        2,
        4,
        5,
        6,
        7,
        8
      ]
    ],
    "front": [
      [
        1,
        2,
        3,
        4,
        6,
        8,
        9
      ],
      [
        2,
        3,
        4,
        8,
        9
      ],
      [
        4,
        9
      ],
      [
        2,
        4,
        9
      ],
      [],
      [
        0,
        1,
        2,
        3,
        4,
        6,
        8,
        9
      ],
      [
        1,
        2,
        3,
        4,
        8,
        9
      ],
      [
        0,
        1,
        2,
        3,
        4,
        5,
        6,
        8,
        9
      ],
      [
        2,
        3,
        4,
        9
      ],
      [
        4
      ]
    ],
    "right": [
      [
        3,
        5,
        8,
        9
      ],
      [
        0,
        2,
        3,
        4,
        5,
        6,
        7,
        8,
        9
      ],
      [
        0,
        3,
        4,
        5,
        6,
        7,
        8,
        9
      ],
      [],
      [
        0,
        3,
        5,
        7,
        8,
        9
      ],
      [
        3,
        9
      ],
      [
        0,
        3,
        4,
        5,
        7,
        8,
        9
      ],
      [
        0,
        3,
        5,
        8,
        9
      ],
      [
        3,
        5,
        9
      ],
      [
        3
      ]
    ],
    "behind": [
      [
        5,
        7
      ],
      [
        0,
        5,
        6,
        7
      ],
      [
        0,
        1,
        3,
        5,
        6,
        7,
        8
      ],
      [
        0,
        1,
        5,
        6,
        7,
        8
      ],
      [
        0,
        1,
        2,
        3,
        5,
        6,
        7,
        8,
        9
      ],
      [
        7
      ],
      [
        0,
        5,
        7
      ],
      [],
      [
        0,
        1,
        5,
        6,
        7
      ],
      [
        0,
        1,
        2,
        3,
        5,
        6,
        7,
        8
      ]
    ]
  },
  "split": "new",
  "image_index": 158,
  "objects": [
    {
      "3d_coords": [
        -0.8688227534294128,
        1.4631022214889526,
        0.699999988079071
      ],
      "x": 154,
      "pixel_coords": [
        174,
        81,
        12.358290672302246
      ],
      "material": "rubber",
      "size": "large",
      "width": 41,
      "height": 51,
      "color": "yellow",
      "y": 56,
      "shape": "cylinder",
      "rotation": 126.92289822303471
    },
    {
      "3d_coords": [
        -2.847158670425415,
        -2.289168357849121,
        0.699999988079071
      ],
      "x": 16,
      "pixel_coords": [
        49,
        93,
        11.387797355651855
      ],
      "material": "metal",
      "size": "large",
      "width": 63,
      "height": 60,
      "color": "yellow",
      "y": 65,
      "shape": "cube",
      "rotation": 295.36625716537696
    },
    {
      "3d_coords": [
        -0.7948307991027832,
        -2.5730762481689453,
        0.3499999940395355
      ],
      "x": 61,
      "pixel_coords": [
        75,
        128,
        10.041019439697266
      ],
      "material": "metal",
      "size": "small",
      "width": 28,
      "height": 33,
      "color": "gray",
      "y": 112,
      "shape": "cylinder",
      "rotation": 202.83543986499194
    },
    {
      "3d_coords": [
        1.8539831638336182,
        1.621362328529358,
        0.3499999940395355
      ],
      "x": 227,
      "pixel_coords": [
        239,
        114,
        10.840903282165527
      ],
      "material": "rubber",
      "size": "small",
      "width": 25,
      "height": 30,
      "color": "yellow",
      "y": 99,
      "shape": "cylinder",
      "rotation": 138.52995748164702
    },
    {
      "3d_coords": [
        1.577518343925476,
        -2.804075241088867,
        0.699999988079071
      ],
      "x": 85,
      "pixel_coords": [
        118,
        154,
        8.194663047790527
      ],
      "material": "metal",
      "size": "large",
      "width": 64,
      "height": 82,
      "color": "yellow",
      "y": 114,
      "shape": "cylinder",
      "rotation": 85.42373264912652
    },
    {
      "3d_coords": [
        -0.9960190653800964,
        2.7660813331604004,
        0.3499999940395355
      ],
      "x": 186,
      "pixel_coords": [
        195,
        80,
        13.387261390686035
      ],
      "material": "rubber",
      "size": "small",
      "width": 19,
      "height": 24,
      "color": "yellow",
      "y": 69,
      "shape": "cylinder",
      "rotation": 96.67922141597019
    },
    {
      "3d_coords": [
        -2.0482287406921387,
        -0.6117117404937744,
        0.699999988079071
      ],
      "x": 82,
      "pixel_coords": [
        106,
        87,
        11.877360343933105
      ],
      "material": "metal",
      "size": "large",
      "width": 46,
      "height": 53,
      "color": "green",
      "y": 61,
      "shape": "cube",
      "rotation": 231.8342141545074
    },
    {
      "3d_coords": [
        -2.824019193649292,
        1.686711072921753,
        0.699999988079071
      ],
      "x": 125,
      "pixel_coords": [
        143,
        66,
        13.766926765441895
      ],
      "material": "rubber",
      "size": "large",
      "width": 36,
      "height": 36,
      "color": "purple",
      "y": 48,
      "shape": "sphere",
      "rotation": 85.01083011902028
    },
    {
      "3d_coords": [
        0.571352481842041,
        0.8276866674423218,
        0.3499999940395355
      ],
      "x": 180,
      "pixel_coords": [
        191,
        108,
        11.198712348937988
      ],
      "material": "metal",
      "size": "small",
      "width": 23,
      "height": 29,
      "color": "yellow",
      "y": 94,
      "shape": "cylinder",
      "rotation": 309.84009112702165
    },
    {
      "3d_coords": [
        2.943621873855591,
        0.13610702753067017,
        0.3499999940395355
      ],
      "x": 225,
      "pixel_coords": [
        239,
        144,
        9.236512184143066
      ],
      "material": "rubber",
      "size": "small",
      "width": 30,
      "height": 36,
      "color": "yellow",
      "y": 127,
      "shape": "cylinder",
      "rotation": 3.964713120982255
    }
  ]
}