{
  "image_filename": "CLEVR_new_000480.png",
  "directions": {
    "above": [
      0.0,
      0.0,
      1.0
    ],
    "behind": [
      -0.754490315914154,
      0.6563112735748291,
      0.0
    ],
    "left": [
      -0.6563112735748291,
      -0.7544902563095093,
      0.0
    ],
    "below": [
      -0.0,
      -0.0,
      -1.0
    ],
    "right": [
      0.6563112735748291,
      0.7544902563095093,
      -0.0
    ],
    "front": [
      0.754490315914154,
      -0.6563112735748291,
      -0.0
    ]
  },
  "relationships": {
    "left": [
      [
        2,
        3,
        4
      ],
      [
        0,
        2,
        3,
        4,
        5,
        6
      ],
      [
        3,
        4
      ],
      [],
      [
        3
      ],
      [
        0,
        2,
        3,
        4,
        6
      ],
      [
        0,
        2,
        3,
        4
      ]
    ],
    "front": [
      [
        6
      ],
      [
        0,
        3,
        4,
        6
      ],
      [
        0,
        1,
        3,
        4,
        6
      ],
      [
        0,
        4,
        6
      ],
      [
        0,
        6
      ],
      [
        0,
        1,
        2,
        3,
        4,
        6
      ],
      []
    ],
    "right": [
      [
        1,
        5,
        6
      ],
      [],
      [
        0,
        1,
        5,
        6
      ],
      [
        0,
        1,
        2,
        4,
        5,
        6
      ],
      [
        0,
        1,
        2,
        5,
        6
      ],
      [
        1
      ],
      [
        1,
        5
      ]
    ],
    "behind": [
      [
        1,
        2,
        3,
        4,
        5
      ],
      [
        2,
        5
      ],
      [
        5
      ],
      [
        1,
        2,
        5
      ],
      [
        1,
        2,
        3,
        5
      ],
      [],
      [
        0,
        1,
        2,
        3,
        4,
        5
      ]
    ]
  },
  "split": "new",
  "image_index": 480,
  "objects": [
    {
      "3d_coords": [
        1.193127989768982,
        -0.8517618775367737,
        0.699999988079071
      ],
      "x": 130,
      "pixel_coords": [
        164,
        120,
        9.761147499084473
      ],
      "material": "metal",
      "size": "large",
      "width": 68,
      "height": 71,
      "color": "blue",
      "y": 87,
      "shape": "cube",
      "rotation": 3.411666580258834
    },
    {
      "3d_coords": [
        0.6349883079528809,
        2.5833020210266113,
        0.3499999940395355
      ],
      "x": 217,
      "pixel_coords": [
        228,
        96,
        12.295656204223633
      ],
      "material": "rubber",
      "size": "small",
      "width": 22,
      "height": 26,
      "color": "cyan",
      "y": 83,
      "shape": "cylinder",
      "rotation": 86.27877668835207
    },
    {
      "3d_coords": [
        -2.8117318153381348,
        0.45193836092948914,
        0.699999988079071
      ],
      "x": 101,
      "pixel_coords": [
        121,
        75,
        13.25985050201416
      ],
      "material": "metal",
      "size": "large",
      "width": 39,
      "height": 47,
      "color": "purple",
      "y": 52,
      "shape": "cylinder",
      "rotation": 273.0377414704182
    },
    {
      "3d_coords": [
        -2.711991786956787,
        -2.8097400665283203,
        0.699999988079071
      ],
      "x": 12,
      "pixel_coords": [
        39,
        97,
        11.293747901916504
      ],
      "material": "rubber",
      "size": "large",
      "width": 52,
      "height": 56,
      "color": "blue",
      "y": 70,
      "shape": "cylinder",
      "rotation": 27.333052701807723
    },
    {
      "3d_coords": [
        -1.290490984916687,
        -2.2189197540283203,
        0.3499999940395355
      ],
      "x": 63,
      "pixel_coords": [
        78,
        116,
        10.818817138671875
      ],
      "material": "rubber",
      "size": "small",
      "width": 30,
      "height": 32,
      "color": "purple",
      "y": 101,
      "shape": "cube",
      "rotation": 86.18712570338343
    },
    {
      "3d_coords": [
        -1.3844528198242188,
        2.850790500640869,
        0.3499999940395355
      ],
      "x": 183,
      "pixel_coords": [
        192,
        80,
        13.833000183105469
      ],
      "material": "metal",
      "size": "small",
      "width": 18,
      "height": 18,
      "color": "brown",
      "y": 71,
      "shape": "sphere",
      "rotation": 138.6896570259793
    },
    {
      "3d_coords": [
        2.6239993572235107,
        -1.4304922819137573,
        0.3499999940395355
      ],
      "x": 166,
      "pixel_coords": [
        185,
        160,
        8.599284172058105
      ],
      "material": "metal",
      "size": "small",
      "width": 39,
      "height": 43,
      "color": "purple",
      "y": 139,
      "shape": "cube",
      "rotation": 6.3049261301937065
    }
  ]
}