{
  "image_filename": "CLEVR_new_000526.png",
  "directions": {
    "above": [
      0.0,
      0.0,
      1.0
    ],
    "behind": [
      -0.754490315914154,
      0.6563112735748291,
      0.0
    ],
    "left": [
      -0.6563112735748291,
      -0.7544902563095093,
      0.0
    ],
    "below": [
      -0.0,
      -0.0,
      -1.0
    ],
    "right": [
      0.6563112735748291,
      0.7544902563095093,
      -0.0
    ],
    "front": [
      0.754490315914154,
      -0.6563112735748291,
      -0.0
    ]
  },
  "relationships": {
    "left": [
      [
        2,
        4,
        5,
        6,
        7
      ],
      [
        0,
        2,
        4,
        5,
        6,
        7,
        8
      ],
      [
        4,
        5,
        7
      ],
      [
        0,
        1,
        2,
        4,
        5,
        6,
        7,
        8
      ],
      [
        5
      ],
      [],
      [
        2,
        4,
        5,
        7
      ],
      [
        4,
        5
      ],
      [
        0,
        2,
        4,
        5,
        6,
        7
      ]
    ],
    "front": [
      [
        6
      ],
      [
        0,
        2,
        3,
        4,
        5,
        6,
        8
      ],
      [
        0,
        3,
        4,
        5,
        6,
        8
      ],
      [
        0,
        5,
        6,
        8
      ],
      [
        0,
        3,
        5,
        6,
        8
      ],
      [
        0,
        6,
        8
      ],
      [],
      [
        0,
        1,
        2,
        3,
        4,
        5,
        6,
        8
      ],
      [
        0,
        6
      ]
    ],
    "right": [
      [
        1,
        3,
        8
      ],
      [
        3
      ],
      [
        0,
        1,
        3,
        6,
        8
      ],
      [],
      [
        0,
        1,
        2,
        3,
        6,
        7,
        8
      ],
      [
        0,
        1,
        2,
        3,
        4,
        6,
        7,
        8
      ],
      [
        0,
        1,
        3,
        8
      ],
      [
        0,
        1,
        2,
        3,
        6,
        8
      ],
      [
        1,
        3
      ]
    ],
    "behind": [
      [
        1,
        2,
        3,
        4,
        5,
        7,
        8
      ],
      [
        7
      ],
      [
        1,
        7
      ],
      [
        1,
        2,
        4,
        7
      ],
      [
        1,
        2,
        7
      ],
      [
        1,
        2,
        3,
        4,
        7
      ],
      [
        0,
        1,
        2,
        3,
        4,
        5,
        7,
        8
      ],
      [],
      [
        1,
        2,
        3,
        4,
        5,
        7
      ]
    ]
  },
  "split": "new",
  "image_index": 526,
  "objects": [
    {
      "3d_coords": [
        2.4845387935638428,
        -0.9202401638031006,
        0.3499999940395355
      ],
      "x": 181,
      "pixel_coords": [
        199,
        155,
        9.205282211303711
      ],
      "material": "rubber",
      "size": "small",
      "width": 37,
      "height": 41,
      "color": "cyan",
      "y": 135,
      "shape": "cube",
      "rotation": 193.21990201235914
    },
    {
      "3d_coords": [
        0.6290836334228516,
        2.185349702835083,
        0.3499999940395355
      ],
      "x": 205,
      "pixel_coords": [
        218,
        97,
        12.214306831359863
      ],
      "material": "metal",
      "size": "small",
      "width": 26,
      "height": 28,
      "color": "yellow",
      "y": 83,
      "shape": "cube",
      "rotation": 22.316060507287972
    },
    {
      "3d_coords": [
        -0.5020938515663147,
        -0.12841926515102386,
        0.3499999940395355
      ],
      "x": 136,
      "pixel_coords": [
        147,
        107,
        11.567582130432129
      ],
      "material": "rubber",
      "size": "small",
      "width": 21,
      "height": 21,
      "color": "green",
      "y": 96,
      "shape": "sphere",
      "rotation": 64.68159069406862
    },
    {
      "3d_coords": [
        2.717390775680542,
        2.0946500301361084,
        0.699999988079071
      ],
      "x": 245,
      "pixel_coords": [
        271,
        109,
        10.66076374053955
      ],
      "material": "metal",
      "size": "large",
      "width": 55,
      "height": 61,
      "color": "purple",
      "y": 79,
      "shape": "cylinder",
      "rotation": 332.6573161025796
    },
    {
      "3d_coords": [
        -1.1832208633422852,
        -1.585924506187439,
        0.3499999940395355
      ],
      "x": 86,
      "pixel_coords": [
        98,
        114,
        11.140246391296387
      ],
      "material": "metal",
      "size": "small",
      "width": 24,
      "height": 29,
      "color": "brown",
      "y": 99,
      "shape": "cylinder",
      "rotation": 356.5367907976556
    },
    {
      "3d_coords": [
        -0.9144761562347412,
        -2.7255659103393555,
        0.3499999940395355
      ],
      "x": 57,
      "pixel_coords": [
        71,
        130,
        10.297585487365723
      ],
      "material": "rubber",
      "size": "small",
      "width": 27,
      "height": 32,
      "color": "brown",
      "y": 114,
      "shape": "cylinder",
      "rotation": 176.402794591667
    },
    {
      "3d_coords": [
        2.533628225326538,
        -1.9356032609939575,
        0.3499999940395355
      ],
      "x": 154,
      "pixel_coords": [
        173,
        172,
        8.575308799743652
      ],
      "material": "metal",
      "size": "small",
      "width": 39,
      "height": 44,
      "color": "green",
      "y": 151,
      "shape": "cube",
      "rotation": 123.97331631616221
    },
    {
      "3d_coords": [
        -2.803927421569824,
        0.6327545046806335,
        0.3499999940395355
      ],
      "x": 113,
      "pixel_coords": [
        122,
        80,
        13.477234840393066
      ],
      "material": "rubber",
      "size": "small",
      "width": 19,
      "height": 24,
      "color": "red",
      "y": 68,
      "shape": "cylinder",
      "rotation": 50.08295279143635
    },
    {
      "3d_coords": [
        2.323364019393921,
        0.18090438842773438,
        0.3499999940395355
      ],
      "x": 208,
      "pixel_coords": [
        220,
        137,
        9.956974983215332
      ],
      "material": "metal",
      "size": "small",
      "width": 25,
      "height": 25,
      "color": "cyan",
      "y": 125,
      "shape": "sphere",
      "rotation": 65.12880741773068
    }
  ]
}