{
  "image_filename": "CLEVR_new_000515.png",
  "directions": {
    "above": [
      0.0,
      0.0,
      1.0
    ],
    "behind": [
      -0.754490315914154,
      0.6563112735748291,
      0.0
    ],
    "left": [
      -0.6563112735748291,
      -0.7544902563095093,
      0.0
    ],
    "below": [
      -0.0,
      -0.0,
      -1.0
    ],
    "right": [
      0.6563112735748291,
      0.7544902563095093,
      -0.0
    ],
    "front": [
      0.754490315914154,
      -0.6563112735748291,
      -0.0
    ]
  },
  "relationships": {
    "left": [
      [
        1,
        2,
        4,
        5
      ],
      [
        2,
        4,
        5
      ],
      [
        4,
        5
      ],
      [
        0,
        1,
        2,
        4,
        5,
        6
      ],
      [
        5
      ],
      [],
      [
        0,
        1,
        2,
        4,
        5
      ]
    ],
    "front": [
      [
        1,
        2,
        3,
        5,
        6
      ],
      [],
      [
        1,
        6
      ],
      [
        1,
        2,
        6
      ],
      [
        0,
        1,
        2,
        3,
        5,
        6
      ],
      [
        1,
        2,
        3,
        6
      ],
      [
        1
      ]
    ],
    "right": [
      [
        3,
        6
      ],
      [
        0,
        3,
        6
      ],
      [
        0,
        1,
        3,
        6
      ],
      [],
      [
        0,
        1,
        2,
        3,
        6
      ],
      [
        0,
        1,
        2,
        3,
        4,
        6
      ],
      [
        3
      ]
    ],
    "behind": [
      [
        4
      ],
      [
        0,
        2,
        3,
        4,
        5,
        6
      ],
      [
        0,
        3,
        4,
        5
      ],
      [
        0,
        4,
        5
      ],
      [],
      [
        0,
        4
      ],
      [
        0,
        2,
        3,
        4,
        5
      ]
    ]
  },
  "split": "new",
  "image_index": 515,
  "objects": [
    {
      "3d_coords": [
        0.18769237399101257,
        1.828665018081665,
        0.699999988079071
      ],
      "x": 183,
      "pixel_coords": [
        203,
        87,
        12.055694580078125
      ],
      "material": "metal",
      "size": "large",
      "width": 41,
      "height": 41,
      "color": "cyan",
      "y": 66,
      "shape": "sphere",
      "rotation": 66.23006199685696
    },
    {
      "3d_coords": [
        2.367382526397705,
        -0.9883022904396057,
        0.3499999940395355
      ],
      "x": 179,
      "pixel_coords": [
        192,
        154,
        9.195231437683105
      ],
      "material": "rubber",
      "size": "small",
      "width": 27,
      "height": 27,
      "color": "blue",
      "y": 141,
      "shape": "sphere",
      "rotation": 113.18289120196258
    },
    {
      "3d_coords": [
        0.7128226161003113,
        -1.1467715501785278,
        0.699999988079071
      ],
      "x": 112,
      "pixel_coords": [
        147,
        121,
        9.999075889587402
      ],
      "material": "rubber",
      "size": "large",
      "width": 68,
      "height": 72,
      "color": "cyan",
      "y": 87,
      "shape": "cube",
      "rotation": 125.78119407210167
    },
    {
      "3d_coords": [
        2.736268997192383,
        2.0577316284179688,
        0.699999988079071
      ],
      "x": 239,
      "pixel_coords": [
        271,
        111,
        10.53989315032959
      ],
      "material": "metal",
      "size": "large",
      "width": 70,
      "height": 65,
      "color": "purple",
      "y": 80,
      "shape": "cube",
      "rotation": 151.94624091046973
    },
    {
      "3d_coords": [
        -2.884112596511841,
        0.6626391410827637,
        0.699999988079071
      ],
      "x": 104,
      "pixel_coords": [
        123,
        70,
        13.369135856628418
      ],
      "material": "metal",
      "size": "large",
      "width": 37,
      "height": 37,
      "color": "brown",
      "y": 52,
      "shape": "sphere",
      "rotation": 133.34826659073113
    },
    {
      "3d_coords": [
        -1.302198052406311,
        -1.8395452499389648,
        0.3499999940395355
      ],
      "x": 78,
      "pixel_coords": [
        89,
        114,
        11.07686710357666
      ],
      "material": "rubber",
      "size": "small",
      "width": 23,
      "height": 22,
      "color": "cyan",
      "y": 103,
      "shape": "sphere",
      "rotation": 190.80843106808592
    },
    {
      "3d_coords": [
        2.6376843452453613,
        0.34839341044425964,
        0.699999988079071
      ],
      "x": 199,
      "pixel_coords": [
        233,
        129,
        9.617222785949707
      ],
      "material": "rubber",
      "size": "large",
      "width": 74,
      "height": 74,
      "color": "gray",
      "y": 94,
      "shape": "cube",
      "rotation": 274.64563915982274
    }
  ]
}