{
  "image_filename": "CLEVR_new_000317.png",
  "directions": {
    "above": [
      0.0,
      0.0,
      1.0
    ],
    "behind": [
      -0.754490315914154,
      0.6563112735748291,
      0.0
    ],
    "left": [
      -0.6563112735748291,
      -0.7544902563095093,
      0.0
    ],
    "below": [
      -0.0,
      -0.0,
      -1.0
    ],
    "right": [
      0.6563112735748291,
      0.7544902563095093,
      -0.0
    ],
    "front": [
      0.754490315914154,
      -0.6563112735748291,
      -0.0
    ]
  },
  "relationships": {
    "left": [
      [
        4,
        5,
        6
      ],
      [
        0,
        2,
        4,
        5,
        6,
        7
      ],
      [
        0,
        4,
        5,
        6
      ],
      [
        0,
        1,
        2,
        4,
        5,
        6,
        7
      ],
      [
        6
      ],
      [
        4,
        6
      ],
      [],
      [
        0,
        2,
        4,
        5,
        6
      ]
    ],
    "front": [
      [
        5,
        6,
        7
      ],
      [
        0,
        5,
        6,
        7
      ],
      [
        0,
        1,
        3,
        4,
        5,
        6,
        7
      ],
      [
        0,
        1,
        5,
        6,
        7
      ],
      [
        0,
        1,
        3,
        5,
        6,
        7
      ],
      [],
      [
        5,
        7
      ],
      [
        5
      ]
    ],
    "right": [
      [
        1,
        2,
        3,
        7
      ],
      [
        3
      ],
      [
        1,
        3,
        7
      ],
      [],
      [
        0,
        1,
        2,
        3,
        5,
        7
      ],
      [
        0,
        1,
        2,
        3,
        7
      ],
      [
        0,
        1,
        2,
        3,
        4,
        5,
        7
      ],
      [
        1,
        3
      ]
    ],
    "behind": [
      [
        1,
        2,
        3,
        4
      ],
      [
        2,
        3,
        4
      ],
      [],
      [
        2,
        4
      ],
      [
        2
      ],
      [
        0,
        1,
        2,
        3,
        4,
        6,
        7
      ],
      [
        0,
        1,
        2,
        3,
        4
      ],
      [
        0,
        1,
        2,
        3,
        4,
        6
      ]
    ]
  },
  "split": "new",
  "image_index": 317,
  "objects": [
    {
      "3d_coords": [
        1.473515510559082,
        -1.1086026430130005,
        0.3499999940395355
      ],
      "x": 148,
      "pixel_coords": [
        165,
        140,
        9.711740493774414
      ],
      "material": "metal",
      "size": "small",
      "width": 33,
      "height": 37,
      "color": "red",
      "y": 122,
      "shape": "cube",
      "rotation": 225.02219029590594
    },
    {
      "3d_coords": [
        1.7032995223999023,
        0.9778352975845337,
        0.3499999940395355
      ],
      "x": 206,
      "pixel_coords": [
        220,
        120,
        10.76636791229248
      ],
      "material": "rubber",
      "size": "small",
      "width": 30,
      "height": 32,
      "color": "purple",
      "y": 104,
      "shape": "cube",
      "rotation": 352.22330653237174
    },
    {
      "3d_coords": [
        -1.0084877014160156,
        1.9345719814300537,
        0.3499999940395355
      ],
      "x": 172,
      "pixel_coords": [
        181,
        86,
        13.124714851379395
      ],
      "material": "rubber",
      "size": "small",
      "width": 19,
      "height": 19,
      "color": "gray",
      "y": 77,
      "shape": "sphere",
      "rotation": 269.391633894955
    },
    {
      "3d_coords": [
        1.9241719245910645,
        1.9733991622924805,
        0.3499999940395355
      ],
      "x": 235,
      "pixel_coords": [
        246,
        113,
        11.195573806762695
      ],
      "material": "rubber",
      "size": "small",
      "width": 23,
      "height": 22,
      "color": "blue",
      "y": 102,
      "shape": "sphere",
      "rotation": 157.33220994643725
    },
    {
      "3d_coords": [
        -1.5016404390335083,
        -0.47733670473098755,
        0.699999988079071
      ],
      "x": 98,
      "pixel_coords": [
        120,
        90,
        11.892007827758789
      ],
      "material": "rubber",
      "size": "large",
      "width": 44,
      "height": 54,
      "color": "blue",
      "y": 64,
      "shape": "cylinder",
      "rotation": 149.21595344434823
    },
    {
      "3d_coords": [
        2.2542927265167236,
        -2.6730611324310303,
        0.3499999940395355
      ],
      "x": 122,
      "pixel_coords": [
        137,
        176,
        8.286709785461426
      ],
      "material": "metal",
      "size": "small",
      "width": 30,
      "height": 41,
      "color": "red",
      "y": 155,
      "shape": "cylinder",
      "rotation": 349.8048058895544
    },
    {
      "3d_coords": [
        0.4533580243587494,
        -2.9318480491638184,
        0.3499999940395355
      ],
      "x": 73,
      "pixel_coords": [
        88,
        148,
        9.335412979125977
      ],
      "material": "rubber",
      "size": "small",
      "width": 29,
      "height": 36,
      "color": "purple",
      "y": 131,
      "shape": "cylinder",
      "rotation": 172.95361709188023
    },
    {
      "3d_coords": [
        2.9952313899993896,
        -0.8350534439086914,
        0.3499999940395355
      ],
      "x": 199,
      "pixel_coords": [
        213,
        160,
        8.85739517211914
      ],
      "material": "rubber",
      "size": "small",
      "width": 28,
      "height": 28,
      "color": "yellow",
      "y": 146,
      "shape": "sphere",
      "rotation": 272.46180607949435
    }
  ]
}