{
  "image_filename": "CLEVR_new_000252.png",
  "directions": {
    "above": [
      0.0,
      0.0,
      1.0
    ],
    "behind": [
      -0.754490315914154,
      0.6563112735748291,
      0.0
    ],
    "left": [
      -0.6563112735748291,
      -0.7544902563095093,
      0.0
    ],
    "below": [
      -0.0,
      -0.0,
      -1.0
    ],
    "right": [
      0.6563112735748291,
      0.7544902563095093,
      -0.0
    ],
    "front": [
      0.754490315914154,
      -0.6563112735748291,
      -0.0
    ]
  },
  "relationships": {
    "left": [
      [
        2,
        4,
        5,
        6,
        8
      ],
      [
        0,
        2,
        3,
        4,
        5,
        6,
        7,
        8
      ],
      [
        4,
        6,
        8
      ],
      [
        0,
        2,
        4,
        5,
        6,
        8
      ],
      [
        8
      ],
      [
        2,
        4,
        6,
        8
      ],
      [
        4,
        8
      ],
      [
        0,
        2,
        3,
        4,
        5,
        6,
        8
      ],
      []
    ],
    "front": [
      [
        1,
        2,
        3,
        4,
        6,
        8
      ],
      [
        2,
        3,
        4,
        6,
        8
      ],
      [
        3,
        4,
        6,
        8
      ],
      [
        4,
        6
      ],
      [
        6
      ],
      [
        0,
        1,
        2,
        3,
        4,
        6,
        7,
        8
      ],
      [],
      [
        0,
        1,
        2,
        3,
        4,
        6,
        8
      ],
      [
        3,
        4,
        6
      ]
    ],
    "right": [
      [
        1,
        3,
        7
      ],
      [],
      [
        0,
        1,
        3,
        5,
        7
      ],
      [
        1,
        7
      ],
      [
        0,
        1,
        2,
        3,
        5,
        6,
        7
      ],
      [
        0,
        1,
        3,
        7
      ],
      [
        0,
        1,
        2,
        3,
        5,
        7
      ],
      [
        1
      ],
      [
        0,
        1,
        2,
        3,
        4,
        5,
        6,
        7
      ]
    ],
    "behind": [
      [
        5,
        7
      ],
      [
        0,
        5,
        7
      ],
      [
        0,
        1,
        5,
        7
      ],
      [
        0,
        1,
        2,
        5,
        7,
        8
      ],
      [
        0,
        1,
        2,
        3,
        5,
        7,
        8
      ],
      [],
      [
        0,
        1,
        2,
        3,
        4,
        5,
        7,
        8
      ],
      [
        5
      ],
      [
        0,
        1,
        2,
        5,
        7
      ]
    ]
  },
  "split": "new",
  "image_index": 252,
  "objects": [
    {
      "3d_coords": [
        -0.12038006633520126,
        1.2611695528030396,
        0.699999988079071
      ],
      "x": 164,
      "pixel_coords": [
        185,
        88,
        11.945828437805176
      ],
      "material": "metal",
      "size": "large",
      "width": 41,
      "height": 41,
      "color": "blue",
      "y": 68,
      "shape": "sphere",
      "rotation": 277.37542658811674
    },
    {
      "3d_coords": [
        2.1632471084594727,
        2.8769633769989014,
        0.3499999940395355
      ],
      "x": 254,
      "pixel_coords": [
        268,
        105,
        11.614498138427734
      ],
      "material": "rubber",
      "size": "small",
      "width": 27,
      "height": 30,
      "color": "yellow",
      "y": 91,
      "shape": "cube",
      "rotation": 82.06460457934467
    },
    {
      "3d_coords": [
        0.009429356083273888,
        -0.2530204951763153,
        0.3499999940395355
      ],
      "x": 143,
      "pixel_coords": [
        154,
        113,
        11.150306701660156
      ],
      "material": "rubber",
      "size": "small",
      "width": 22,
      "height": 29,
      "color": "cyan",
      "y": 99,
      "shape": "cylinder",
      "rotation": 226.17521283262695
    },
    {
      "3d_coords": [
        2.280057668685913,
        0.5286279916763306,
        0.699999988079071
      ],
      "x": 202,
      "pixel_coords": [
        228,
        122,
        9.987655639648438
      ],
      "material": "rubber",
      "size": "large",
      "width": 54,
      "height": 66,
      "color": "gray",
      "y": 90,
      "shape": "cylinder",
      "rotation": 94.0911938087769
    },
    {
      "3d_coords": [
        -0.018813829869031906,
        -2.791412115097046,
        0.3499999940395355
      ],
      "x": 67,
      "pixel_coords": [
        85,
        143,
        9.679557800292969
      ],
      "material": "metal",
      "size": "small",
      "width": 36,
      "height": 37,
      "color": "blue",
      "y": 125,
      "shape": "cube",
      "rotation": 50.73355067048656
    },
    {
      "3d_coords": [
        -2.557725667953491,
        2.8287265300750732,
        0.3499999940395355
      ],
      "x": 160,
      "pixel_coords": [
        168,
        67,
        14.592419624328613
      ],
      "material": "rubber",
      "size": "small",
      "width": 17,
      "height": 22,
      "color": "brown",
      "y": 56,
      "shape": "cylinder",
      "rotation": 117.46208884687115
    },
    {
      "3d_coords": [
        1.8600648641586304,
        -2.974161148071289,
        0.699999988079071
      ],
      "x": 81,
      "pixel_coords": [
        120,
        166,
        8.20075798034668
      ],
      "material": "metal",
      "size": "large",
      "width": 79,
      "height": 91,
      "color": "green",
      "y": 123,
      "shape": "cube",
      "rotation": 309.2197003950702
    },
    {
      "3d_coords": [
        0.572674572467804,
        2.7573680877685547,
        0.3499999940395355
      ],
      "x": 217,
      "pixel_coords": [
        227,
        91,
        12.557198524475098
      ],
      "material": "rubber",
      "size": "small",
      "width": 22,
      "height": 26,
      "color": "yellow",
      "y": 79,
      "shape": "cylinder",
      "rotation": 269.16957458499434
    },
    {
      "3d_coords": [
        -1.4369395971298218,
        -2.6781978607177734,
        0.699999988079071
      ],
      "x": 37,
      "pixel_coords": [
        62,
        112,
        10.473796844482422
      ],
      "material": "metal",
      "size": "large",
      "width": 49,
      "height": 47,
      "color": "green",
      "y": 89,
      "shape": "sphere",
      "rotation": 100.38573485620202
    }
  ]
}