{
  "image_filename": "CLEVR_new_000631.png",
  "directions": {
    "above": [
      0.0,
      0.0,
      1.0
    ],
    "behind": [
      -0.754490315914154,
      0.6563112735748291,
      0.0
    ],
    "left": [
      -0.6563112735748291,
      -0.7544902563095093,
      0.0
    ],
    "below": [
      -0.0,
      -0.0,
      -1.0
    ],
    "right": [
      0.6563112735748291,
      0.7544902563095093,
      -0.0
    ],
    "front": [
      0.754490315914154,
      -0.6563112735748291,
      -0.0
    ]
  },
  "relationships": {
    "left": [
      [
        4
      ],
      [
        0,
        4,
        7
      ],
      [
        0,
        1,
        4,
        6,
        7
      ],
      [
        0,
        1,
        2,
        4,
        5,
        6,
        7
      ],
      [],
      [
        0,
        1,
        2,
        4,
        6,
        7
      ],
      [
        0,
        1,
        4,
        7
      ],
      [
        0,
        4
      ]
    ],
    "front": [
      [
        1,
        3,
        4,
        5,
        6,
        7
      ],
      [],
      [
        0,
        1,
        3,
        4,
        5,
        6,
        7
      ],
      [
        1,
        5,
        6,
        7
      ],
      [
        1,
        3,
        5,
        6,
        7
      ],
      [
        1,
        6
      ],
      [
        1
      ],
      [
        1,
        5,
        6
      ]
    ],
    "right": [
      [
        1,
        2,
        3,
        5,
        6,
        7
      ],
      [
        2,
        3,
        5,
        6
      ],
      [
        3,
        5
      ],
      [],
      [
        0,
        1,
        2,
        3,
        5,
        6,
        7
      ],
      [
        3
      ],
      [
        2,
        3,
        5
      ],
      [
        1,
        2,
        3,
        5,
        6
      ]
    ],
    "behind": [
      [
        2
      ],
      [
        0,
        2,
        3,
        4,
        5,
        6,
        7
      ],
      [],
      [
        0,
        2,
        4
      ],
      [
        0,
        2
      ],
      [
        0,
        2,
        3,
        4,
        7
      ],
      [
        0,
        2,
        3,
        4,
        5,
        7
      ],
      [
        0,
        2,
        3,
        4
      ]
    ]
  },
  "split": "new",
  "image_index": 631,
  "objects": [
    {
      "3d_coords": [
        -2.1104421615600586,
        -0.5099045038223267,
        0.699999988079071
      ],
      "x": 88,
      "pixel_coords": [
        110,
        87,
        12.360289573669434
      ],
      "material": "rubber",
      "size": "large",
      "width": 42,
      "height": 51,
      "color": "blue",
      "y": 62,
      "shape": "cylinder",
      "rotation": 137.08567744268055
    },
    {
      "3d_coords": [
        2.6085171699523926,
        -2.9299001693725586,
        0.699999988079071
      ],
      "x": 94,
      "pixel_coords": [
        139,
        169,
        7.748369216918945
      ],
      "material": "metal",
      "size": "large",
      "width": 86,
      "height": 95,
      "color": "yellow",
      "y": 125,
      "shape": "cube",
      "rotation": 122.85540203659846
    },
    {
      "3d_coords": [
        -1.6057013273239136,
        2.9562957286834717,
        0.699999988079071
      ],
      "x": 171,
      "pixel_coords": [
        189,
        70,
        14.080469131469727
      ],
      "material": "rubber",
      "size": "large",
      "width": 35,
      "height": 35,
      "color": "yellow",
      "y": 52,
      "shape": "sphere",
      "rotation": 312.9644097752638
    },
    {
      "3d_coords": [
        1.6612545251846313,
        1.8413219451904297,
        0.699999988079071
      ],
      "x": 210,
      "pixel_coords": [
        237,
        101,
        11.220613479614258
      ],
      "material": "rubber",
      "size": "large",
      "width": 55,
      "height": 59,
      "color": "yellow",
      "y": 72,
      "shape": "cube",
      "rotation": 270.62160888172644
    },
    {
      "3d_coords": [
        -2.6245226860046387,
        -1.738010048866272,
        0.3499999940395355
      ],
      "x": 62,
      "pixel_coords": [
        72,
        101,
        12.130669593811035
      ],
      "material": "metal",
      "size": "small",
      "width": 21,
      "height": 20,
      "color": "cyan",
      "y": 90,
      "shape": "sphere",
      "rotation": 157.37474154872552
    },
    {
      "3d_coords": [
        2.3045473098754883,
        0.18172571063041687,
        0.3499999940395355
      ],
      "x": 202,
      "pixel_coords": [
        218,
        134,
        9.956156730651855
      ],
      "material": "rubber",
      "size": "small",
      "width": 34,
      "height": 36,
      "color": "purple",
      "y": 116,
      "shape": "cube",
      "rotation": 23.6921698616259
    },
    {
      "3d_coords": [
        1.854966640472412,
        -1.03549063205719,
        0.3499999940395355
      ],
      "x": 164,
      "pixel_coords": [
        177,
        142,
        9.53525447845459
      ],
      "material": "rubber",
      "size": "small",
      "width": 27,
      "height": 33,
      "color": "green",
      "y": 126,
      "shape": "cube",
      "rotation": 5.557527755008369
    },
    {
      "3d_coords": [
        -0.2530592381954193,
        -1.0309580564498901,
        0.699999988079071
      ],
      "x": 105,
      "pixel_coords": [
        130,
        107,
        10.801414489746094
      ],
      "material": "rubber",
      "size": "large",
      "width": 47,
      "height": 59,
      "color": "brown",
      "y": 78,
      "shape": "cylinder",
      "rotation": 54.52802021070166
    }
  ]
}