{
  "image_filename": "CLEVR_new_000625.png",
  "directions": {
    "above": [
      0.0,
      0.0,
      1.0
    ],
    "behind": [
      -0.754490315914154,
      0.6563112735748291,
      0.0
    ],
    "left": [
      -0.6563112735748291,
      -0.7544902563095093,
      0.0
    ],
    "below": [
      -0.0,
      -0.0,
      -1.0
    ],
    "right": [
      0.6563112735748291,
      0.7544902563095093,
      -0.0
    ],
    "front": [
      0.754490315914154,
      -0.6563112735748291,
      -0.0
    ]
  },
  "relationships": {
    "left": [
      [
        2,
        3,
        5,
        6
      ],
      [
        0,
        2,
        3,
        4,
        5,
        6
      ],
      [],
      [
        2
      ],
      [
        0,
        2,
        3,
        5,
        6
      ],
      [
        2,
        3,
        6
      ],
      [
        2,
        3
      ]
    ],
    "front": [
      [
        1,
        2,
        3,
        4,
        5,
        6
      ],
      [
        2,
        3,
        4,
        5
      ],
      [
        3,
        4,
        5
      ],
      [
        4,
        5
      ],
      [
        5
      ],
      [],
      [
        1,
        2,
        3,
        4,
        5
      ]
    ],
    "right": [
      [
        1,
        4
      ],
      [],
      [
        0,
        1,
        3,
        4,
        5,
        6
      ],
      [
        0,
        1,
        4,
        5,
        6
      ],
      [
        1
      ],
      [
        0,
        1,
        4
      ],
      [
        0,
        1,
        4,
        5
      ]
    ],
    "behind": [
      [],
      [
        0,
        6
      ],
      [
        0,
        1,
        6
      ],
      [
        0,
        1,
        2,
        6
      ],
      [
        0,
        1,
        2,
        3,
        6
      ],
      [
        0,
        1,
        2,
        3,
        4,
        6
      ],
      [
        0
      ]
    ]
  },
  "split": "new",
  "image_index": 625,
  "objects": [
    {
      "3d_coords": [
        -1.8209468126296997,
        2.268786668777466,
        0.3499999940395355
      ],
      "x": 164,
      "pixel_coords": [
        173,
        75,
        12.936508178710938
      ],
      "material": "rubber",
      "size": "small",
      "width": 19,
      "height": 24,
      "color": "red",
      "y": 63,
      "shape": "cylinder",
      "rotation": 210.75438366622726
    },
    {
      "3d_coords": [
        0.6864351034164429,
        2.628854513168335,
        0.3499999940395355
      ],
      "x": 222,
      "pixel_coords": [
        234,
        93,
        11.49105167388916
      ],
      "material": "rubber",
      "size": "small",
      "width": 24,
      "height": 28,
      "color": "brown",
      "y": 79,
      "shape": "cylinder",
      "rotation": 330.35373818110367
    },
    {
      "3d_coords": [
        -2.4059414863586426,
        -2.550363540649414,
        0.699999988079071
      ],
      "x": 3,
      "pixel_coords": [
        41,
        97,
        10.341439247131348
      ],
      "material": "rubber",
      "size": "large",
      "width": 73,
      "height": 66,
      "color": "purple",
      "y": 66,
      "shape": "cube",
      "rotation": 77.27802094993102
    },
    {
      "3d_coords": [
        -0.3235210180282593,
        -1.9543927907943726,
        0.699999988079071
      ],
      "x": 58,
      "pixel_coords": [
        97,
        115,
        9.314493179321289
      ],
      "material": "metal",
      "size": "large",
      "width": 74,
      "height": 74,
      "color": "blue",
      "y": 80,
      "shape": "cube",
      "rotation": 239.1643146119831
    },
    {
      "3d_coords": [
        2.375324249267578,
        -0.530729353427887,
        0.3499999940395355
      ],
      "x": 194,
      "pixel_coords": [
        208,
        149,
        8.529203414916992
      ],
      "material": "rubber",
      "size": "small",
      "width": 29,
      "height": 29,
      "color": "green",
      "y": 134,
      "shape": "sphere",
      "rotation": 94.25787476745427
    },
    {
      "3d_coords": [
        2.6671295166015625,
        -2.2842519283294678,
        0.3499999940395355
      ],
      "x": 146,
      "pixel_coords": [
        163,
        184,
        7.311713695526123
      ],
      "material": "rubber",
      "size": "small",
      "width": 34,
      "height": 47,
      "color": "blue",
      "y": 161,
      "shape": "cylinder",
      "rotation": 31.686814868657137
    },
    {
      "3d_coords": [
        -2.209200382232666,
        0.45836710929870605,
        0.699999988079071
      ],
      "x": 107,
      "pixel_coords": [
        127,
        75,
        11.969849586486816
      ],
      "material": "metal",
      "size": "large",
      "width": 41,
      "height": 41,
      "color": "red",
      "y": 54,
      "shape": "sphere",
      "rotation": 246.26163268819477
    }
  ]
}