{
  "image_filename": "CLEVR_new_000292.png",
  "directions": {
    "above": [
      0.0,
      0.0,
      1.0
    ],
    "behind": [
      -0.754490315914154,
      0.6563112735748291,
      0.0
    ],
    "left": [
      -0.6563112735748291,
      -0.7544902563095093,
      0.0
    ],
    "below": [
      -0.0,
      -0.0,
      -1.0
    ],
    "right": [
      0.6563112735748291,
      0.7544902563095093,
      -0.0
    ],
    "front": [
      0.754490315914154,
      -0.6563112735748291,
      -0.0
    ]
  },
  "relationships": {
    "left": [
      [
        1,
        2,
        4,
        5
      ],
      [
        5
      ],
      [
        1,
        5
      ],
      [
        0,
        1,
        2,
        4,
        5
      ],
      [
        1,
        2,
        5
      ],
      []
    ],
    "front": [
      [
        1,
        3,
        4,
        5
      ],
      [
        3,
        4,
        5
      ],
      [
        0,
        1,
        3,
        4,
        5
      ],
      [
        4
      ],
      [],
      [
        3,
        4
      ]
    ],
    "right": [
      [
        3
      ],
      [
        0,
        2,
        3,
        4
      ],
      [
        0,
        3,
        4
      ],
      [],
      [
        0,
        3
      ],
      [
        0,
        1,
        2,
        3,
        4
      ]
    ],
    "behind": [
      [
        2
      ],
      [
        0,
        2
      ],
      [],
      [
        0,
        1,
        2,
        5
      ],
      [
        0,
        1,
        2,
        3,
        5
      ],
      [
        0,
        1,
        2
      ]
    ]
  },
  "split": "new",
  "image_index": 292,
  "objects": [
    {
      "3d_coords": [
        0.18448494374752045,
        1.0011438131332397,
        0.3499999940395355
      ],
      "x": 176,
      "pixel_coords": [
        188,
        103,
        10.969866752624512
      ],
      "material": "metal",
      "size": "small",
      "width": 24,
      "height": 28,
      "color": "purple",
      "y": 89,
      "shape": "cube",
      "rotation": 269.4501483860823
    },
    {
      "3d_coords": [
        -0.749155580997467,
        -1.170318365097046,
        0.3499999940395355
      ],
      "x": 101,
      "pixel_coords": [
        113,
        113,
        10.326888084411621
      ],
      "material": "rubber",
      "size": "small",
      "width": 25,
      "height": 31,
      "color": "purple",
      "y": 97,
      "shape": "cylinder",
      "rotation": 267.1049273348167
    },
    {
      "3d_coords": [
        -2.3574159145355225,
        0.8610071539878845,
        0.3499999940395355
      ],
      "x": 125,
      "pixel_coords": [
        135,
        82,
        12.59562873840332
      ],
      "material": "metal",
      "size": "small",
      "width": 19,
      "height": 20,
      "color": "cyan",
      "y": 72,
      "shape": "sphere",
      "rotation": 252.96326862747577
    },
    {
      "3d_coords": [
        2.7966372966766357,
        0.6350989937782288,
        0.3499999940395355
      ],
      "x": 236,
      "pixel_coords": [
        250,
        138,
        9.000809669494629
      ],
      "material": "rubber",
      "size": "small",
      "width": 28,
      "height": 27,
      "color": "green",
      "y": 124,
      "shape": "sphere",
      "rotation": 152.2537714147298
    },
    {
      "3d_coords": [
        2.5208845138549805,
        -2.484984874725342,
        0.3499999940395355
      ],
      "x": 133,
      "pixel_coords": [
        150,
        182,
        7.360927581787109
      ],
      "material": "rubber",
      "size": "small",
      "width": 33,
      "height": 34,
      "color": "blue",
      "y": 165,
      "shape": "sphere",
      "rotation": 289.3621381239061
    },
    {
      "3d_coords": [
        -0.6932005286216736,
        -2.653942108154297,
        0.699999988079071
      ],
      "x": 31,
      "pixel_coords": [
        67,
        117,
        9.262396812438965
      ],
      "material": "rubber",
      "size": "large",
      "width": 66,
      "height": 69,
      "color": "blue",
      "y": 84,
      "shape": "cube",
      "rotation": 340.2183755466564
    }
  ]
}