{
  "image_filename": "CLEVR_new_000635.png",
  "directions": {
    "above": [
      0.0,
      0.0,
      1.0
    ],
    "behind": [
      -0.754490315914154,
      0.6563112735748291,
      0.0
    ],
    "left": [
      -0.6563112735748291,
      -0.7544902563095093,
      0.0
    ],
    "below": [
      -0.0,
      -0.0,
      -1.0
    ],
    "right": [
      0.6563112735748291,
      0.7544902563095093,
      -0.0
    ],
    "front": [
      0.754490315914154,
      -0.6563112735748291,
      -0.0
    ]
  },
  "relationships": {
    "left": [
      [
        1,
        2,
        5,
        6,
        7
      ],
      [],
      [
        1,
        7
      ],
      [
        0,
        1,
        2,
        5,
        6,
        7,
        8
      ],
      [
        0,
        1,
        2,
        3,
        5,
        6,
        7,
        8
      ],
      [
        1,
        2,
        7
      ],
      [
        1,
        2,
        5,
        7
      ],
      [
        1
      ],
      [
        0,
        1,
        2,
        5,
        6,
        7
      ]
    ],
    "front": [
      [
        5
      ],
      [
        0,
        2,
        4,
        5,
        7,
        8
      ],
      [
        0,
        4,
        5,
        7,
        8
      ],
      [
        0,
        1,
        2,
        4,
        5,
        7,
        8
      ],
      [
        0,
        5,
        7,
        8
      ],
      [],
      [
        0,
        1,
        2,
        3,
        4,
        5,
        7,
        8
      ],
      [
        0,
        5
      ],
      [
        0,
        5,
        7
      ]
    ],
    "right": [
      [
        3,
        4,
        8
      ],
      [
        0,
        2,
        3,
        4,
        5,
        6,
        7,
        8
      ],
      [
        0,
        3,
        4,
        5,
        6,
        8
      ],
      [
        4
      ],
      [],
      [
        0,
        3,
        4,
        6,
        8
      ],
      [
        0,
        3,
        4,
        8
      ],
      [
        0,
        2,
        3,
        4,
        5,
        6,
        8
      ],
      [
        3,
        4
      ]
    ],
    "behind": [
      [
        1,
        2,
        3,
        4,
        6,
        7,
        8
      ],
      [
        3,
        6
      ],
      [
        1,
        3,
        6
      ],
      [
        6
      ],
      [
        1,
        2,
        3,
        6
      ],
      [
        0,
        1,
        2,
        3,
        4,
        6,
        7,
        8
      ],
      [],
      [
        1,
        2,
        3,
        4,
        6,
        8
      ],
      [
        1,
        2,
        3,
        4,
        6
      ]
    ]
  },
  "split": "new",
  "image_index": 635,
  "objects": [
    {
      "3d_coords": [
        2.4848413467407227,
        -0.9482653141021729,
        0.3499999940395355
      ],
      "x": 182,
      "pixel_coords": [
        195,
        152,
        9.574911117553711
      ],
      "material": "metal",
      "size": "small",
      "width": 27,
      "height": 35,
      "color": "brown",
      "y": 135,
      "shape": "cylinder",
      "rotation": 311.3915795540547
    },
    {
      "3d_coords": [
        -2.759634017944336,
        -1.6710244417190552,
        0.3499999940395355
      ],
      "x": 64,
      "pixel_coords": [
        74,
        99,
        12.560009002685547
      ],
      "material": "metal",
      "size": "small",
      "width": 20,
      "height": 20,
      "color": "green",
      "y": 89,
      "shape": "sphere",
      "rotation": 198.64665527903128
    },
    {
      "3d_coords": [
        -1.0639361143112183,
        -0.7099787592887878,
        0.699999988079071
      ],
      "x": 102,
      "pixel_coords": [
        123,
        97,
        11.853415489196777
      ],
      "material": "rubber",
      "size": "large",
      "width": 42,
      "height": 41,
      "color": "cyan",
      "y": 77,
      "shape": "sphere",
      "rotation": 23.539657295920662
    },
    {
      "3d_coords": [
        0.05327777564525604,
        2.6296231746673584,
        0.699999988079071
      ],
      "x": 194,
      "pixel_coords": [
        213,
        81,
        13.088788032531738
      ],
      "material": "metal",
      "size": "large",
      "width": 38,
      "height": 38,
      "color": "brown",
      "y": 62,
      "shape": "sphere",
      "rotation": 342.1921055780345
    },
    {
      "3d_coords": [
        2.844205379486084,
        2.3642585277557373,
        0.699999988079071
      ],
      "x": 252,
      "pixel_coords": [
        275,
        109,
        11.118410110473633
      ],
      "material": "rubber",
      "size": "large",
      "width": 46,
      "height": 44,
      "color": "brown",
      "y": 87,
      "shape": "sphere",
      "rotation": 261.6622007636008
    },
    {
      "3d_coords": [
        2.2862329483032227,
        -2.0805540084838867,
        0.3499999940395355
      ],
      "x": 144,
      "pixel_coords": [
        160,
        166,
        9.038915634155273
      ],
      "material": "metal",
      "size": "small",
      "width": 32,
      "height": 39,
      "color": "red",
      "y": 147,
      "shape": "cube",
      "rotation": 268.12371721442213
    },
    {
      "3d_coords": [
        -1.6668894290924072,
        1.913439393043518,
        0.3499999940395355
      ],
      "x": 159,
      "pixel_coords": [
        168,
        82,
        13.955124855041504
      ],
      "material": "rubber",
      "size": "small",
      "width": 18,
      "height": 18,
      "color": "yellow",
      "y": 73,
      "shape": "sphere",
      "rotation": 16.702772880715614
    },
    {
      "3d_coords": [
        0.38848385214805603,
        -2.622313976287842,
        0.3499999940395355
      ],
      "x": 83,
      "pixel_coords": [
        101,
        144,
        9.954485893249512
      ],
      "material": "rubber",
      "size": "small",
      "width": 35,
      "height": 37,
      "color": "green",
      "y": 126,
      "shape": "cube",
      "rotation": 0.16038693093921808
    },
    {
      "3d_coords": [
        1.861314058303833,
        0.27581337094306946,
        0.3499999940395355
      ],
      "x": 192,
      "pixel_coords": [
        208,
        129,
        10.69933032989502
      ],
      "material": "metal",
      "size": "small",
      "width": 31,
      "height": 33,
      "color": "purple",
      "y": 112,
      "shape": "cube",
      "rotation": 235.87951007175675
    }
  ]
}