{
  "image_filename": "CLEVR_new_000632.png",
  "directions": {
    "above": [
      0.0,
      0.0,
      1.0
    ],
    "behind": [
      -0.754490315914154,
      0.6563112735748291,
      0.0
    ],
    "left": [
      -0.6563112735748291,
      -0.7544902563095093,
      0.0
    ],
    "below": [
      -0.0,
      -0.0,
      -1.0
    ],
    "right": [
      0.6563112735748291,
      0.7544902563095093,
      -0.0
    ],
    "front": [
      0.754490315914154,
      -0.6563112735748291,
      -0.0
    ]
  },
  "relationships": {
    "left": [
      [
        1,
        2,
        3,
        5,
        6,
        7
      ],
      [
        5,
        6
      ],
      [
        1,
        5,
        6,
        7
      ],
      [
        1,
        2,
        5,
        6,
        7
      ],
      [
        0,
        1,
        2,
        3,
        5,
        6,
        7
      ],
      [
        6
      ],
      [],
      [
        1,
        5,
        6
      ]
    ],
    "front": [
      [
        1,
        3,
        4,
        6
      ],
      [
        3
      ],
      [
        0,
        1,
        3,
        4,
        5,
        6,
        7
      ],
      [],
      [
        1,
        3,
        6
      ],
      [
        0,
        1,
        3,
        4,
        6,
        7
      ],
      [
        1,
        3
      ],
      [
        0,
        1,
        3,
        4,
        6
      ]
    ],
    "right": [
      [
        4
      ],
      [
        0,
        2,
        3,
        4,
        7
      ],
      [
        0,
        3,
        4
      ],
      [
        0,
        4
      ],
      [],
      [
        0,
        1,
        2,
        3,
        4,
        7
      ],
      [
        0,
        1,
        2,
        3,
        4,
        5,
        7
      ],
      [
        0,
        2,
        3,
        4
      ]
    ],
    "behind": [
      [
        2,
        5,
        7
      ],
      [
        0,
        2,
        4,
        5,
        6,
        7
      ],
      [],
      [
        0,
        1,
        2,
        4,
        5,
        6,
        7
      ],
      [
        0,
        2,
        5,
        7
      ],
      [
        2
      ],
      [
        0,
        2,
        4,
        5,
        7
      ],
      [
        2,
        5
      ]
    ]
  },
  "split": "new",
  "image_index": 632,
  "objects": [
    {
      "3d_coords": [
        1.3573923110961914,
        1.7712984085083008,
        0.699999988079071
      ],
      "x": 199,
      "pixel_coords": [
        229,
        98,
        11.304800033569336
      ],
      "material": "metal",
      "size": "large",
      "width": 62,
      "height": 62,
      "color": "yellow",
      "y": 68,
      "shape": "cube",
      "rotation": 168.02910666715167
    },
    {
      "3d_coords": [
        0.8724472522735596,
        -1.965254783630371,
        0.699999988079071
      ],
      "x": 102,
      "pixel_coords": [
        128,
        135,
        9.451127052307129
      ],
      "material": "metal",
      "size": "large",
      "width": 52,
      "height": 52,
      "color": "brown",
      "y": 109,
      "shape": "sphere",
      "rotation": 349.314863926433
    },
    {
      "3d_coords": [
        -1.7189449071884155,
        2.4747509956359863,
        0.3499999940395355
      ],
      "x": 168,
      "pixel_coords": [
        177,
        75,
        13.852210998535156
      ],
      "material": "rubber",
      "size": "small",
      "width": 18,
      "height": 23,
      "color": "purple",
      "y": 63,
      "shape": "cylinder",
      "rotation": 10.855772556388832
    },
    {
      "3d_coords": [
        2.9701454639434814,
        -0.33700355887413025,
        0.699999988079071
      ],
      "x": 199,
      "pixel_coords": [
        227,
        144,
        9.055548667907715
      ],
      "material": "rubber",
      "size": "large",
      "width": 60,
      "height": 74,
      "color": "purple",
      "y": 108,
      "shape": "cylinder",
      "rotation": 194.60079594315488
    },
    {
      "3d_coords": [
        2.960878372192383,
        2.4622769355773926,
        0.699999988079071
      ],
      "x": 251,
      "pixel_coords": [
        285,
        109,
        10.681914329528809
      ],
      "material": "metal",
      "size": "large",
      "width": 69,
      "height": 65,
      "color": "purple",
      "y": 78,
      "shape": "cube",
      "rotation": 225.87924549951603
    },
    {
      "3d_coords": [
        -1.9899710416793823,
        -0.3151669502258301,
        0.3499999940395355
      ],
      "x": 102,
      "pixel_coords": [
        116,
        93,
        12.410067558288574
      ],
      "material": "rubber",
      "size": "small",
      "width": 28,
      "height": 28,
      "color": "purple",
      "y": 80,
      "shape": "cube",
      "rotation": 221.72467449024845
    },
    {
      "3d_coords": [
        -0.9412111639976501,
        -2.9216866493225098,
        0.699999988079071
      ],
      "x": 37,
      "pixel_coords": [
        63,
        121,
        10.054417610168457
      ],
      "material": "metal",
      "size": "large",
      "width": 51,
      "height": 49,
      "color": "gray",
      "y": 97,
      "shape": "sphere",
      "rotation": 117.76097509213928
    },
    {
      "3d_coords": [
        -0.7337089776992798,
        0.283229261636734,
        0.699999988079071
      ],
      "x": 130,
      "pixel_coords": [
        152,
        91,
        11.777318954467773
      ],
      "material": "metal",
      "size": "large",
      "width": 43,
      "height": 55,
      "color": "brown",
      "y": 64,
      "shape": "cylinder",
      "rotation": 108.40192151459419
    }
  ]
}