{
  "image_filename": "CLEVR_new_000392.png",
  "directions": {
    "above": [
      0.0,
      0.0,
      1.0
    ],
    "behind": [
      -0.754490315914154,
      0.6563112735748291,
      0.0
    ],
    "left": [
      -0.6563112735748291,
      -0.7544902563095093,
      0.0
    ],
    "below": [
      -0.0,
      -0.0,
      -1.0
    ],
    "right": [
      0.6563112735748291,
      0.7544902563095093,
      -0.0
    ],
    "front": [
      0.754490315914154,
      -0.6563112735748291,
      -0.0
    ]
  },
  "relationships": {
    "left": [
      [
        1
      ],
      [],
      [
        0,
        1
      ]
    ],
    "front": [
      [
        1
      ],
      [],
      [
        0,
        1
      ]
    ],
    "right": [
      [
        2
      ],
      [
        0,
        2
      ],
      []
    ],
    "behind": [
      [
        2
      ],
      [
        0,
        2
      ],
      []
    ]
  },
  "split": "new",
  "image_index": 392,
  "objects": [
    {
      "3d_coords": [
        0.3579094111919403,
        0.9392097592353821,
        0.699999988079071
      ],
      "x": 160,
      "pixel_coords": [
        188,
        96,
        11.634567260742188
      ],
      "material": "rubber",
      "size": "large",
      "width": 58,
      "height": 59,
      "color": "cyan",
      "y": 67,
      "shape": "cube",
      "rotation": 326.62656299897145
    },
    {
      "3d_coords": [
        1.1399695873260498,
        -1.8102327585220337,
        0.3499999940395355
      ],
      "x": 128,
      "pixel_coords": [
        140,
        145,
        9.661978721618652
      ],
      "material": "metal",
      "size": "small",
      "width": 25,
      "height": 25,
      "color": "green",
      "y": 133,
      "shape": "sphere",
      "rotation": 119.1646658415402
    },
    {
      "3d_coords": [
        -0.616534411907196,
        2.836627960205078,
        0.699999988079071
      ],
      "x": 183,
      "pixel_coords": [
        203,
        74,
        13.39051342010498
      ],
      "material": "rubber",
      "size": "large",
      "width": 40,
      "height": 47,
      "color": "yellow",
      "y": 51,
      "shape": "cube",
      "rotation": 135.77389398107584
    }
  ]
}