{
  "image_filename": "CLEVR_new_000432.png",
  "directions": {
    "above": [
      0.0,
      0.0,
      1.0
    ],
    "behind": [
      -0.754490315914154,
      0.6563112735748291,
      0.0
    ],
    "left": [
      -0.6563112735748291,
      -0.7544902563095093,
      0.0
    ],
    "below": [
      -0.0,
      -0.0,
      -1.0
    ],
    "right": [
      0.6563112735748291,
      0.7544902563095093,
      -0.0
    ],
    "front": [
      0.754490315914154,
      -0.6563112735748291,
      -0.0
    ]
  },
  "relationships": {
    "left": [
      [
        2,
        3,
        5,
        6,
        7
      ],
      [
        0,
        2,
        3,
        5,
        6,
        7
      ],
      [
        3
      ],
      [],
      [
        0,
        1,
        2,
        3,
        5,
        6,
        7
      ],
      [
        2,
        3,
        6,
        7
      ],
      [
        2,
        3,
        7
      ],
      [
        2,
        3
      ]
    ],
    "front": [
      [],
      [
        0
      ],
      [
        0,
        1
      ],
      [
        0,
        1,
        2
      ],
      [
        0,
        1,
        2,
        3,
        6
      ],
      [
        0,
        1,
        2,
        3,
        4,
        6,
        7
      ],
      [
        0,
        1,
        2,
        3
      ],
      [
        0,
        1,
        2,
        3,
        4,
        6
      ]
    ],
    "right": [
      [
        1,
        4
      ],
      [
        4
      ],
      [
        0,
        1,
        4,
        5,
        6,
        7
      ],
      [
        0,
        1,
        2,
        4,
        5,
        6,
        7
      ],
      [],
      [
        0,
        1,
        4
      ],
      [
        0,
        1,
        4,
        5
      ],
      [
        0,
        1,
        4,
        5,
        6
      ]
    ],
    "behind": [
      [
        1,
        2,
        3,
        4,
        5,
        6,
        7
      ],
      [
        2,
        3,
        4,
        5,
        6,
        7
      ],
      [
        3,
        4,
        5,
        6,
        7
      ],
      [
        4,
        5,
        6,
        7
      ],
      [
        5,
        7
      ],
      [],
      [
        4,
        5,
        7
      ],
      [
        5
      ]
    ]
  },
  "split": "new",
  "image_index": 432,
  "objects": [
    {
      "3d_coords": [
        1.6974209547042847,
        -1.3275175094604492,
        0.3499999940395355
      ],
      "x": 154,
      "pixel_coords": [
        167,
        148,
        9.452503204345703
      ],
      "material": "rubber",
      "size": "small",
      "width": 26,
      "height": 26,
      "color": "purple",
      "y": 135,
      "shape": "sphere",
      "rotation": 254.2215369392508
    },
    {
      "3d_coords": [
        1.3303923606872559,
        -0.030022693797945976,
        0.3499999940395355
      ],
      "x": 178,
      "pixel_coords": [
        190,
        126,
        10.455212593078613
      ],
      "material": "rubber",
      "size": "small",
      "width": 24,
      "height": 32,
      "color": "cyan",
      "y": 111,
      "shape": "cylinder",
      "rotation": 68.85551421710926
    },
    {
      "3d_coords": [
        -0.9754877090454102,
        -2.0687501430511475,
        0.699999988079071
      ],
      "x": 61,
      "pixel_coords": [
        88,
        111,
        10.533857345581055
      ],
      "material": "rubber",
      "size": "large",
      "width": 52,
      "height": 62,
      "color": "yellow",
      "y": 81,
      "shape": "cylinder",
      "rotation": 280.51513272331647
    },
    {
      "3d_coords": [
        -2.7528140544891357,
        -2.979599714279175,
        0.699999988079071
      ],
      "x": 8,
      "pixel_coords": [
        32,
        101,
        11.120231628417969
      ],
      "material": "rubber",
      "size": "large",
      "width": 47,
      "height": 44,
      "color": "yellow",
      "y": 79,
      "shape": "sphere",
      "rotation": 210.3334827757259
    },
    {
      "3d_coords": [
        0.10913257300853729,
        2.335139274597168,
        0.699999988079071
      ],
      "x": 190,
      "pixel_coords": [
        210,
        82,
        12.459627151489258
      ],
      "material": "rubber",
      "size": "large",
      "width": 42,
      "height": 51,
      "color": "yellow",
      "y": 57,
      "shape": "cylinder",
      "rotation": 140.42316115341401
    },
    {
      "3d_coords": [
        -2.432770013809204,
        1.3616536855697632,
        0.699999988079071
      ],
      "x": 124,
      "pixel_coords": [
        143,
        69,
        13.493610382080078
      ],
      "material": "rubber",
      "size": "large",
      "width": 36,
      "height": 37,
      "color": "brown",
      "y": 51,
      "shape": "sphere",
      "rotation": 8.178355519548578
    },
    {
      "3d_coords": [
        -1.284923791885376,
        -0.5609210133552551,
        0.3499999940395355
      ],
      "x": 109,
      "pixel_coords": [
        122,
        103,
        11.798395156860352
      ],
      "material": "rubber",
      "size": "small",
      "width": 25,
      "height": 29,
      "color": "green",
      "y": 89,
      "shape": "cube",
      "rotation": 161.33736570083386
    },
    {
      "3d_coords": [
        -2.6883785724639893,
        0.07768888771533966,
        0.3499999940395355
      ],
      "x": 102,
      "pixel_coords": [
        112,
        85,
        13.067237854003906
      ],
      "material": "metal",
      "size": "small",
      "width": 20,
      "height": 25,
      "color": "red",
      "y": 73,
      "shape": "cylinder",
      "rotation": 260.53571790384365
    }
  ]
}