{
  "image_filename": "CLEVR_new_000327.png",
  "directions": {
    "above": [
      0.0,
      0.0,
      1.0
    ],
    "behind": [
      -0.754490315914154,
      0.6563112735748291,
      0.0
    ],
    "left": [
      -0.6563112735748291,
      -0.7544902563095093,
      0.0
    ],
    "below": [
      -0.0,
      -0.0,
      -1.0
    ],
    "right": [
      0.6563112735748291,
      0.7544902563095093,
      -0.0
    ],
    "front": [
      0.754490315914154,
      -0.6563112735748291,
      -0.0
    ]
  },
  "relationships": {
    "left": [
      [
        3
      ],
      [
        0,
        3
      ],
      [
        0,
        1,
        3
      ],
      []
    ],
    "front": [
      [
        2
      ],
      [
        0,
        2,
        3
      ],
      [],
      [
        0,
        2
      ]
    ],
    "right": [
      [
        1,
        2
      ],
      [
        2
      ],
      [],
      [
        0,
        1,
        2
      ]
    ],
    "behind": [
      [
        1,
        3
      ],
      [],
      [
        0,
        1,
        3
      ],
      [
        1
      ]
    ]
  },
  "split": "new",
  "image_index": 327,
  "objects": [
    {
      "3d_coords": [
        0.20861278474330902,
        -1.2923383712768555,
        0.699999988079071
      ],
      "x": 107,
      "pixel_coords": [
        131,
        116,
        10.480588912963867
      ],
      "material": "rubber",
      "size": "large",
      "width": 47,
      "height": 47,
      "color": "brown",
      "y": 93,
      "shape": "sphere",
      "rotation": 225.96553724535337
    },
    {
      "3d_coords": [
        -2.9296092987060547,
        2.0132033824920654,
        0.699999988079071
      ],
      "x": 131,
      "pixel_coords": [
        153,
        62,
        14.391744613647461
      ],
      "material": "metal",
      "size": "large",
      "width": 44,
      "height": 46,
      "color": "purple",
      "y": 40,
      "shape": "cube",
      "rotation": 49.17500513352522
    },
    {
      "3d_coords": [
        2.258618116378784,
        0.22814424335956573,
        0.699999988079071
      ],
      "x": 192,
      "pixel_coords": [
        216,
        127,
        9.925485610961914
      ],
      "material": "metal",
      "size": "large",
      "width": 50,
      "height": 49,
      "color": "blue",
      "y": 102,
      "shape": "sphere",
      "rotation": 159.42036451457912
    },
    {
      "3d_coords": [
        -1.4643521308898926,
        -2.5552337169647217,
        0.699999988079071
      ],
      "x": 37,
      "pixel_coords": [
        67,
        108,
        10.921606063842773
      ],
      "material": "rubber",
      "size": "large",
      "width": 59,
      "height": 64,
      "color": "gray",
      "y": 77,
      "shape": "cube",
      "rotation": 183.58873436076266
    }
  ]
}