{
  "image_filename": "CLEVR_new_000338.png",
  "directions": {
    "above": [
      0.0,
      0.0,
      1.0
    ],
    "behind": [
      -0.754490315914154,
      0.6563112735748291,
      0.0
    ],
    "left": [
      -0.6563112735748291,
      -0.7544902563095093,
      0.0
    ],
    "below": [
      -0.0,
      -0.0,
      -1.0
    ],
    "right": [
      0.6563112735748291,
      0.7544902563095093,
      -0.0
    ],
    "front": [
      0.754490315914154,
      -0.6563112735748291,
      -0.0
    ]
  },
  "relationships": {
    "left": [
      [
        4,
        6
      ],
      [
        0,
        4,
        5,
        6
      ],
      [
        0,
        1,
        4,
        5,
        6
      ],
      [
        0,
        1,
        2,
        4,
        5,
        6,
        7
      ],
      [
        6
      ],
      [
        0,
        4,
        6
      ],
      [],
      [
        0,
        1,
        2,
        4,
        5,
        6
      ]
    ],
    "front": [
      [
        1,
        4
      ],
      [],
      [
        0,
        1,
        3,
        4,
        6
      ],
      [
        0,
        1,
        4
      ],
      [
        1
      ],
      [
        0,
        1,
        2,
        3,
        4,
        6,
        7
      ],
      [
        0,
        1,
        3,
        4
      ],
      [
        0,
        1,
        2,
        3,
        4,
        6
      ]
    ],
    "right": [
      [
        1,
        2,
        3,
        5,
        7
      ],
      [
        2,
        3,
        7
      ],
      [
        3,
        7
      ],
      [],
      [
        0,
        1,
        2,
        3,
        5,
        7
      ],
      [
        1,
        2,
        3,
        7
      ],
      [
        0,
        1,
        2,
        3,
        4,
        5,
        7
      ],
      [
        3
      ]
    ],
    "behind": [
      [
        2,
        3,
        5,
        6,
        7
      ],
      [
        0,
        2,
        3,
        4,
        5,
        6,
        7
      ],
      [
        5,
        7
      ],
      [
        2,
        5,
        6,
        7
      ],
      [
        0,
        2,
        3,
        5,
        6,
        7
      ],
      [],
      [
        2,
        5,
        7
      ],
      [
        5
      ]
    ]
  },
  "split": "new",
  "image_index": 338,
  "objects": [
    {
      "3d_coords": [
        -0.45024314522743225,
        -1.4229336977005005,
        0.699999988079071
      ],
      "x": 87,
      "pixel_coords": [
        114,
        110,
        10.385995864868164
      ],
      "material": "rubber",
      "size": "large",
      "width": 51,
      "height": 63,
      "color": "green",
      "y": 79,
      "shape": "cylinder",
      "rotation": 117.2000275035975
    },
    {
      "3d_coords": [
        2.389302968978882,
        -1.945774793624878,
        0.699999988079071
      ],
      "x": 132,
      "pixel_coords": [
        163,
        161,
        8.23254108428955
      ],
      "material": "metal",
      "size": "large",
      "width": 62,
      "height": 83,
      "color": "purple",
      "y": 121,
      "shape": "cylinder",
      "rotation": 22.531779100279856
    },
    {
      "3d_coords": [
        -0.444231241941452,
        1.3717427253723145,
        0.3499999940395355
      ],
      "x": 169,
      "pixel_coords": [
        182,
        93,
        12.121524810791016
      ],
      "material": "rubber",
      "size": "small",
      "width": 27,
      "height": 29,
      "color": "purple",
      "y": 79,
      "shape": "cube",
      "rotation": 259.51546889612956
    },
    {
      "3d_coords": [
        2.324010133743286,
        2.9420366287231445,
        0.699999988079071
      ],
      "x": 246,
      "pixel_coords": [
        279,
        99,
        11.0066499710083
      ],
      "material": "metal",
      "size": "large",
      "width": 69,
      "height": 63,
      "color": "red",
      "y": 68,
      "shape": "cube",
      "rotation": 90.95255348541035
    },
    {
      "3d_coords": [
        0.09996385127305984,
        -2.79876708984375,
        0.3499999940395355
      ],
      "x": 66,
      "pixel_coords": [
        83,
        144,
        9.43432903289795
      ],
      "material": "rubber",
      "size": "small",
      "width": 34,
      "height": 35,
      "color": "gray",
      "y": 127,
      "shape": "cube",
      "rotation": 208.11520081811784
    },
    {
      "3d_coords": [
        -2.9675307273864746,
        1.5669171810150146,
        0.699999988079071
      ],
      "x": 117,
      "pixel_coords": [
        141,
        62,
        13.706778526306152
      ],
      "material": "metal",
      "size": "large",
      "width": 49,
      "height": 49,
      "color": "gray",
      "y": 38,
      "shape": "cube",
      "rotation": 259.21693624229573
    },
    {
      "3d_coords": [
        -2.9106078147888184,
        -2.1207242012023926,
        0.3499999940395355
      ],
      "x": 44,
      "pixel_coords": [
        56,
        98,
        11.786616325378418
      ],
      "material": "metal",
      "size": "small",
      "width": 24,
      "height": 28,
      "color": "purple",
      "y": 85,
      "shape": "cylinder",
      "rotation": 77.64229627522369
    },
    {
      "3d_coords": [
        -0.16381481289863586,
        2.955289840698242,
        0.699999988079071
      ],
      "x": 200,
      "pixel_coords": [
        219,
        75,
        12.644797325134277
      ],
      "material": "metal",
      "size": "large",
      "width": 39,
      "height": 39,
      "color": "blue",
      "y": 55,
      "shape": "sphere",
      "rotation": 109.12119151304614
    }
  ]
}