{
  "image_filename": "CLEVR_new_000463.png",
  "directions": {
    "above": [
      0.0,
      0.0,
      1.0
    ],
    "behind": [
      -0.754490315914154,
      0.6563112735748291,
      0.0
    ],
    "left": [
      -0.6563112735748291,
      -0.7544902563095093,
      0.0
    ],
    "below": [
      -0.0,
      -0.0,
      -1.0
    ],
    "right": [
      0.6563112735748291,
      0.7544902563095093,
      -0.0
    ],
    "front": [
      0.754490315914154,
      -0.6563112735748291,
      -0.0
    ]
  },
  "relationships": {
    "left": [
      [
        1,
        3,
        6,
        7,
        9
      ],
      [
        3,
        6
      ],
      [
        0,
        1,
        3,
        4,
        5,
        6,
        7,
        8,
        9
      ],
      [],
      [
        0,
        1,
        3,
        6,
        7,
        8,
        9
      ],
      [
        0,
        1,
        3,
        4,
        6,
        7,
        8,
        9
      ],
      [
        3
      ],
      [
        1,
        3,
        6,
        9
      ],
      [
        0,
        1,
        3,
        6,
        7,
        9
      ],
      [
        1,
        3,
        6
      ]
    ],
    "front": [
      [],
      [
        0,
        2,
        3,
        5,
        6,
        7
      ],
      [
        0,
        3,
        5,
        6,
        7
      ],
      [
        0,
        5,
        6,
        7
      ],
      [
        0,
        1,
        2,
        3,
        5,
        6,
        7
      ],
      [
        0,
        6
      ],
      [
        0
      ],
      [
        0,
        5,
        6
      ],
      [
        0,
        1,
        2,
        3,
        4,
        5,
        6,
        7
      ],
      [
        0,
        1,
        2,
        3,
        4,
        5,
        6,
        7,
        8
      ]
    ],
    "right": [
      [
        2,
        4,
        5,
        8
      ],
      [
        0,
        2,
        4,
        5,
        7,
        8,
        9
      ],
      [],
      [
        0,
        1,
        2,
        4,
        5,
        6,
        7,
        8,
        9
      ],
      [
        2,
        5
      ],
      [
        2
      ],
      [
        0,
        1,
        2,
        4,
        5,
        7,
        8,
        9
      ],
      [
        0,
        2,
        4,
        5,
        8
      ],
      [
        2,
        4,
        5
      ],
      [
        0,
        2,
        4,
        5,
        7,
        8
      ]
    ],
    "behind": [
      [
        1,
        2,
        3,
        4,
        5,
        6,
        7,
        8,
        9
      ],
      [
        4,
        8,
        9
      ],
      [
        1,
        4,
        8,
        9
      ],
      [
        1,
        2,
        4,
        8,
        9
      ],
      [
        8,
        9
      ],
      [
        1,
        2,
        3,
        4,
        7,
        8,
        9
      ],
      [
        1,
        2,
        3,
        4,
        5,
        7,
        8,
        9
      ],
      [
        1,
        2,
        3,
        4,
        8,
        9
      ],
      [
        9
      ],
      []
    ]
  },
  "split": "new",
  "image_index": 463,
  "objects": [
    {
      "3d_coords": [
        2.0938193798065186,
        -1.467928409576416,
        0.699999988079071
      ],
      "x": 140,
      "pixel_coords": [
        169,
        146,
        8.69091796875
      ],
      "material": "metal",
      "size": "large",
      "width": 59,
      "height": 77,
      "color": "red",
      "y": 108,
      "shape": "cylinder",
      "rotation": 101.4946249071945
    },
    {
      "3d_coords": [
        -2.014647960662842,
        -0.3430660665035248,
        0.699999988079071
      ],
      "x": 93,
      "pixel_coords": [
        115,
        83,
        12.066157341003418
      ],
      "material": "metal",
      "size": "large",
      "width": 43,
      "height": 53,
      "color": "cyan",
      "y": 57,
      "shape": "cylinder",
      "rotation": 215.96604879439218
    },
    {
      "3d_coords": [
        1.882780909538269,
        2.6734070777893066,
        0.699999988079071
      ],
      "x": 240,
      "pixel_coords": [
        262,
        97,
        11.145764350891113
      ],
      "material": "metal",
      "size": "large",
      "width": 46,
      "height": 44,
      "color": "cyan",
      "y": 75,
      "shape": "sphere",
      "rotation": 83.55840596764534
    },
    {
      "3d_coords": [
        -2.2959678173065186,
        -2.9946658611297607,
        0.3499999940395355
      ],
      "x": 26,
      "pixel_coords": [
        39,
        113,
        10.944573402404785
      ],
      "material": "rubber",
      "size": "small",
      "width": 27,
      "height": 30,
      "color": "cyan",
      "y": 98,
      "shape": "cylinder",
      "rotation": 227.02021100820272
    },
    {
      "3d_coords": [
        0.032193057239055634,
        2.7866568565368652,
        0.3499999940395355
      ],
      "x": 209,
      "pixel_coords": [
        220,
        88,
        12.618053436279297
      ],
      "material": "rubber",
      "size": "small",
      "width": 22,
      "height": 25,
      "color": "purple",
      "y": 75,
      "shape": "cube",
      "rotation": 286.6912641104091
    },
    {
      "3d_coords": [
        2.832034111022949,
        1.0560336112976074,
        0.3499999940395355
      ],
      "x": 240,
      "pixel_coords": [
        254,
        135,
        9.779280662536621
      ],
      "material": "metal",
      "size": "small",
      "width": 29,
      "height": 34,
      "color": "green",
      "y": 119,
      "shape": "cylinder",
      "rotation": 282.0309199255392
    },
    {
      "3d_coords": [
        0.16259679198265076,
        -2.9303207397460938,
        0.699999988079071
      ],
      "x": 50,
      "pixel_coords": [
        78,
        134,
        9.165033340454102
      ],
      "material": "rubber",
      "size": "large",
      "width": 55,
      "height": 54,
      "color": "brown",
      "y": 108,
      "shape": "sphere",
      "rotation": 353.59496261662633
    },
    {
      "3d_coords": [
        0.36443620920181274,
        -1.0834296941757202,
        0.699999988079071
      ],
      "x": 113,
      "pixel_coords": [
        139,
        115,
        10.061943054199219
      ],
      "material": "metal",
      "size": "large",
      "width": 50,
      "height": 65,
      "color": "purple",
      "y": 84,
      "shape": "cylinder",
      "rotation": 81.69943367300849
    },
    {
      "3d_coords": [
        -1.252732753753662,
        2.1392083168029785,
        0.3499999940395355
      ],
      "x": 173,
      "pixel_coords": [
        182,
        81,
        13.115384101867676
      ],
      "material": "metal",
      "size": "small",
      "width": 19,
      "height": 24,
      "color": "brown",
      "y": 69,
      "shape": "cylinder",
      "rotation": 158.79690764675482
    },
    {
      "3d_coords": [
        -2.9366345405578613,
        1.098364233970642,
        0.699999988079071
      ],
      "x": 114,
      "pixel_coords": [
        133,
        67,
        13.487889289855957
      ],
      "material": "metal",
      "size": "large",
      "width": 38,
      "height": 47,
      "color": "cyan",
      "y": 44,
      "shape": "cylinder",
      "rotation": 190.16999867859826
    }
  ]
}