{
  "image_filename": "CLEVR_new_000525.png",
  "directions": {
    "above": [
      0.0,
      0.0,
      1.0
    ],
    "behind": [
      -0.754490315914154,
      0.6563112735748291,
      0.0
    ],
    "left": [
      -0.6563112735748291,
      -0.7544902563095093,
      0.0
    ],
    "below": [
      -0.0,
      -0.0,
      -1.0
    ],
    "right": [
      0.6563112735748291,
      0.7544902563095093,
      -0.0
    ],
    "front": [
      0.754490315914154,
      -0.6563112735748291,
      -0.0
    ]
  },
  "relationships": {
    "left": [
      [
        1,
        2,
        3,
        4,
        5,
        6,
        8
      ],
      [
        3,
        4,
        5,
        6
      ],
      [
        1,
        3,
        4,
        5,
        6,
        8
      ],
      [
        4,
        5,
        6
      ],
      [],
      [
        4
      ],
      [
        4,
        5
      ],
      [
        0,
        1,
        2,
        3,
        4,
        5,
        6,
        8
      ],
      [
        1,
        3,
        4,
        5,
        6
      ]
    ],
    "front": [
      [
        1,
        6,
        8
      ],
      [],
      [
        0,
        1,
        4,
        6,
        7,
        8
      ],
      [
        0,
        1,
        2,
        4,
        5,
        6,
        7,
        8
      ],
      [
        0,
        1,
        6,
        8
      ],
      [
        0,
        1,
        2,
        4,
        6,
        7,
        8
      ],
      [
        1
      ],
      [
        0,
        1,
        4,
        6,
        8
      ],
      [
        1,
        6
      ]
    ],
    "right": [
      [
        7
      ],
      [
        0,
        2,
        7,
        8
      ],
      [
        0,
        7
      ],
      [
        0,
        1,
        2,
        7,
        8
      ],
      [
        0,
        1,
        2,
        3,
        5,
        6,
        7,
        8
      ],
      [
        0,
        1,
        2,
        3,
        6,
        7,
        8
      ],
      [
        0,
        1,
        2,
        3,
        7,
        8
      ],
      [],
      [
        0,
        2,
        7
      ]
    ],
    "behind": [
      [
        2,
        3,
        4,
        5,
        7
      ],
      [
        0,
        2,
        3,
        4,
        5,
        6,
        7,
        8
      ],
      [
        3,
        5
      ],
      [],
      [
        2,
        3,
        5,
        7
      ],
      [
        3
      ],
      [
        0,
        2,
        3,
        4,
        5,
        7,
        8
      ],
      [
        2,
        3,
        5
      ],
      [
        0,
        2,
        3,
        4,
        5,
        7
      ]
    ]
  },
  "split": "new",
  "image_index": 525,
  "objects": [
    {
      "3d_coords": [
        2.2362470626831055,
        1.6093385219573975,
        0.3499999940395355
      ],
      "x": 234,
      "pixel_coords": [
        246,
        119,
        10.955779075622559
      ],
      "material": "rubber",
      "size": "small",
      "width": 25,
      "height": 30,
      "color": "red",
      "y": 104,
      "shape": "cylinder",
      "rotation": 47.71850841271071
    },
    {
      "3d_coords": [
        2.8571362495422363,
        -1.3445082902908325,
        0.3499999940395355
      ],
      "x": 183,
      "pixel_coords": [
        197,
        164,
        8.789288520812988
      ],
      "material": "rubber",
      "size": "small",
      "width": 28,
      "height": 28,
      "color": "green",
      "y": 150,
      "shape": "sphere",
      "rotation": 76.63861325953314
    },
    {
      "3d_coords": [
        0.2224808633327484,
        2.2888293266296387,
        0.699999988079071
      ],
      "x": 185,
      "pixel_coords": [
        211,
        85,
        12.508100509643555
      ],
      "material": "rubber",
      "size": "large",
      "width": 55,
      "height": 54,
      "color": "blue",
      "y": 59,
      "shape": "cube",
      "rotation": 251.19681769318453
    },
    {
      "3d_coords": [
        -2.279146194458008,
        1.6712217330932617,
        0.3499999940395355
      ],
      "x": 143,
      "pixel_coords": [
        152,
        79,
        13.932676315307617
      ],
      "material": "metal",
      "size": "small",
      "width": 18,
      "height": 18,
      "color": "yellow",
      "y": 70,
      "shape": "sphere",
      "rotation": 63.388582615050645
    },
    {
      "3d_coords": [
        -1.4300494194030762,
        -1.784799575805664,
        0.3499999940395355
      ],
      "x": 77,
      "pixel_coords": [
        89,
        113,
        11.318008422851562
      ],
      "material": "rubber",
      "size": "small",
      "width": 24,
      "height": 29,
      "color": "brown",
      "y": 98,
      "shape": "cylinder",
      "rotation": 232.69062427013225
    },
    {
      "3d_coords": [
        -2.4852750301361084,
        0.24657081067562103,
        0.3499999940395355
      ],
      "x": 111,
      "pixel_coords": [
        120,
        87,
        13.216958045959473
      ],
      "material": "metal",
      "size": "small",
      "width": 19,
      "height": 19,
      "color": "cyan",
      "y": 78,
      "shape": "sphere",
      "rotation": 252.29577239800727
    },
    {
      "3d_coords": [
        0.83930504322052,
        -1.671387791633606,
        0.699999988079071
      ],
      "x": 109,
      "pixel_coords": [
        136,
        127,
        9.743867874145508
      ],
      "material": "rubber",
      "size": "large",
      "width": 52,
      "height": 68,
      "color": "red",
      "y": 94,
      "shape": "cylinder",
      "rotation": 326.0504162025994
    },
    {
      "3d_coords": [
        1.7190401554107666,
        2.7373173236846924,
        0.3499999940395355
      ],
      "x": 239,
      "pixel_coords": [
        253,
        103,
        11.965471267700195
      ],
      "material": "rubber",
      "size": "small",
      "width": 28,
      "height": 29,
      "color": "brown",
      "y": 89,
      "shape": "cube",
      "rotation": 293.9866393986793
    },
    {
      "3d_coords": [
        1.8316675424575806,
        0.3416903614997864,
        0.699999988079071
      ],
      "x": 179,
      "pixel_coords": [
        211,
        117,
        10.298717498779297
      ],
      "material": "rubber",
      "size": "large",
      "width": 66,
      "height": 68,
      "color": "cyan",
      "y": 84,
      "shape": "cube",
      "rotation": 348.4751159711703
    }
  ]
}