{
  "image_filename": "CLEVR_new_000199.png",
  "directions": {
    "above": [
      0.0,
      0.0,
      1.0
    ],
    "behind": [
      -0.754490315914154,
      0.6563112735748291,
      0.0
    ],
    "left": [
      -0.6563112735748291,
      -0.7544902563095093,
      0.0
    ],
    "below": [
      -0.0,
      -0.0,
      -1.0
    ],
    "right": [
      0.6563112735748291,
      0.7544902563095093,
      -0.0
    ],
    "front": [
      0.754490315914154,
      -0.6563112735748291,
      -0.0
    ]
  },
  "relationships": {
    "left": [
      [
        2,
        3
      ],
      [
        0,
        2,
        3
      ],
      [],
      [
        2
      ],
      [
        0,
        1,
        2,
        3
      ]
    ],
    "front": [
      [
        2,
        4
      ],
      [
        0,
        2,
        3,
        4
      ],
      [
        4
      ],
      [
        0,
        2,
        4
      ],
      []
    ],
    "right": [
      [
        1,
        4
      ],
      [
        4
      ],
      [
        0,
        1,
        3,
        4
      ],
      [
        0,
        1,
        4
      ],
      []
    ],
    "behind": [
      [
        1,
        3
      ],
      [],
      [
        0,
        1,
        3
      ],
      [
        1
      ],
      [
        0,
        1,
        2,
        3
      ]
    ]
  },
  "split": "new",
  "image_index": 199,
  "objects": [
    {
      "3d_coords": [
        -1.1995463371276855,
        0.7534268498420715,
        0.699999988079071
      ],
      "x": 132,
      "pixel_coords": [
        153,
        82,
        11.652247428894043
      ],
      "material": "rubber",
      "size": "large",
      "width": 42,
      "height": 42,
      "color": "gray",
      "y": 61,
      "shape": "sphere",
      "rotation": 307.94722625810095
    },
    {
      "3d_coords": [
        -1.9941612482070923,
        2.684443950653076,
        0.699999988079071
      ],
      "x": 154,
      "pixel_coords": [
        177,
        64,
        13.321592330932617
      ],
      "material": "metal",
      "size": "large",
      "width": 46,
      "height": 48,
      "color": "red",
      "y": 41,
      "shape": "cube",
      "rotation": 209.35728352083711
    },
    {
      "3d_coords": [
        -2.759197950363159,
        -2.6178903579711914,
        0.699999988079071
      ],
      "x": 0,
      "pixel_coords": [
        36,
        95,
        10.682374000549316
      ],
      "material": "rubber",
      "size": "large",
      "width": 69,
      "height": 63,
      "color": "green",
      "y": 65,
      "shape": "cube",
      "rotation": 212.47112182726494
    },
    {
      "3d_coords": [
        -2.3495867252349854,
        0.09085720032453537,
        0.3499999940395355
      ],
      "x": 106,
      "pixel_coords": [
        117,
        87,
        12.17977237701416
      ],
      "material": "rubber",
      "size": "small",
      "width": 21,
      "height": 26,
      "color": "gray",
      "y": 74,
      "shape": "cylinder",
      "rotation": 140.91564291851648
    },
    {
      "3d_coords": [
        2.9610049724578857,
        -0.07386507093906403,
        0.3499999940395355
      ],
      "x": 218,
      "pixel_coords": [
        239,
        150,
        8.577812194824219
      ],
      "material": "metal",
      "size": "small",
      "width": 41,
      "height": 43,
      "color": "gray",
      "y": 129,
      "shape": "cube",
      "rotation": 347.0988400198108
    }
  ]
}