{
  "image_filename": "CLEVR_new_000167.png",
  "directions": {
    "above": [
      0.0,
      0.0,
      1.0
    ],
    "behind": [
      -0.754490315914154,
      0.6563112735748291,
      0.0
    ],
    "left": [
      -0.6563112735748291,
      -0.7544902563095093,
      0.0
    ],
    "below": [
      -0.0,
      -0.0,
      -1.0
    ],
    "right": [
      0.6563112735748291,
      0.7544902563095093,
      -0.0
    ],
    "front": [
      0.754490315914154,
      -0.6563112735748291,
      -0.0
    ]
  },
  "relationships": {
    "left": [
      [
        3
      ],
      [
        0,
        2,
        3,
        4,
        5,
        6,
        7,
        9
      ],
      [
        0,
        3,
        7,
        9
      ],
      [],
      [
        0,
        2,
        3,
        7,
        9
      ],
      [
        0,
        2,
        3,
        4,
        7,
        9
      ],
      [
        0,
        2,
        3,
        4,
        5,
        7,
        9
      ],
      [
        0,
        3,
        9
      ],
      [
        0,
        1,
        2,
        3,
        4,
        5,
        6,
        7,
        9
      ],
      [
        0,
        3
      ]
    ],
    "front": [
      [
        1,
        2,
        3,
        4,
        6,
        7,
        8
      ],
      [
        2,
        7
      ],
      [],
      [
        1,
        2,
        4,
        6,
        7
      ],
      [
        1,
        2,
        7
      ],
      [
        0,
        1,
        2,
        3,
        4,
        6,
        7,
        8,
        9
      ],
      [
        1,
        2,
        4,
        7
      ],
      [
        2
      ],
      [
        1,
        2,
        3,
        4,
        6,
        7
      ],
      [
        0,
        1,
        2,
        3,
        4,
        6,
        7,
        8
      ]
    ],
    "right": [
      [
        1,
        2,
        4,
        5,
        6,
        7,
        8,
        9
      ],
      [
        8
      ],
      [
        1,
        4,
        5,
        6,
        8
      ],
      [
        0,
        1,
        2,
        4,
        5,
        6,
        7,
        8,
        9
      ],
      [
        1,
        5,
        6,
        8
      ],
      [
        1,
        6,
        8
      ],
      [
        1,
        8
      ],
      [
        1,
        2,
        4,
        5,
        6,
        8
      ],
      [],
      [
        1,
        2,
        4,
        5,
        6,
        7,
        8
      ]
    ],
    "behind": [
      [
        5,
        9
      ],
      [
        0,
        3,
        4,
        5,
        6,
        8,
        9
      ],
      [
        0,
        1,
        3,
        4,
        5,
        6,
        7,
        8,
        9
      ],
      [
        0,
        5,
        8,
        9
      ],
      [
        0,
        3,
        5,
        6,
        8,
        9
      ],
      [],
      [
        0,
        3,
        5,
        8,
        9
      ],
      [
        0,
        1,
        3,
        4,
        5,
        6,
        8,
        9
      ],
      [
        0,
        5,
        9
      ],
      [
        5
      ]
    ]
  },
  "split": "new",
  "image_index": 167,
  "objects": [
    {
      "3d_coords": [
        -2.3900747299194336,
        -0.8677970767021179,
        0.699999988079071
      ],
      "x": 76,
      "pixel_coords": [
        98,
        85,
        12.364988327026367
      ],
      "material": "rubber",
      "size": "large",
      "width": 43,
      "height": 52,
      "color": "brown",
      "y": 60,
      "shape": "cylinder",
      "rotation": 120.0493914792226
    },
    {
      "3d_coords": [
        2.6125595569610596,
        0.26377370953559875,
        0.3499999940395355
      ],
      "x": 214,
      "pixel_coords": [
        226,
        141,
        9.742536544799805
      ],
      "material": "rubber",
      "size": "small",
      "width": 26,
      "height": 25,
      "color": "cyan",
      "y": 128,
      "shape": "sphere",
      "rotation": 299.79866919528223
    },
    {
      "3d_coords": [
        2.0497937202453613,
        -2.408299446105957,
        0.3499999940395355
      ],
      "x": 122,
      "pixel_coords": [
        137,
        167,
        8.64609146118164
      ],
      "material": "metal",
      "size": "small",
      "width": 29,
      "height": 39,
      "color": "red",
      "y": 148,
      "shape": "cylinder",
      "rotation": 150.64025369327996
    },
    {
      "3d_coords": [
        -1.8014132976531982,
        -2.0403366088867188,
        0.3499999940395355
      ],
      "x": 66,
      "pixel_coords": [
        77,
        109,
        11.479856491088867
      ],
      "material": "metal",
      "size": "small",
      "width": 22,
      "height": 21,
      "color": "cyan",
      "y": 98,
      "shape": "sphere",
      "rotation": 219.74670451765917
    },
    {
      "3d_coords": [
        0.6370112895965576,
        -0.6030184030532837,
        0.3499999940395355
      ],
      "x": 146,
      "pixel_coords": [
        158,
        124,
        10.611234664916992
      ],
      "material": "metal",
      "size": "small",
      "width": 23,
      "height": 31,
      "color": "blue",
      "y": 108,
      "shape": "cylinder",
      "rotation": 29.47918682769815
    },
    {
      "3d_coords": [
        -1.815224051475525,
        2.439974784851074,
        0.699999988079071
      ],
      "x": 161,
      "pixel_coords": [
        179,
        69,
        13.805456161499023
      ],
      "material": "metal",
      "size": "large",
      "width": 36,
      "height": 46,
      "color": "red",
      "y": 47,
      "shape": "cylinder",
      "rotation": 176.28357415173662
    },
    {
      "3d_coords": [
        1.1430847644805908,
        0.6627094149589539,
        0.699999988079071
      ],
      "x": 177,
      "pixel_coords": [
        200,
        107,
        10.800450325012207
      ],
      "material": "metal",
      "size": "large",
      "width": 48,
      "height": 60,
      "color": "gray",
      "y": 78,
      "shape": "cylinder",
      "rotation": 12.978454012533778
    },
    {
      "3d_coords": [
        1.052147388458252,
        -2.174424171447754,
        0.3499999940395355
      ],
      "x": 109,
      "pixel_coords": [
        122,
        147,
        9.456952095031738
      ],
      "material": "rubber",
      "size": "small",
      "width": 26,
      "height": 26,
      "color": "cyan",
      "y": 134,
      "shape": "sphere",
      "rotation": 36.28545825433922
    },
    {
      "3d_coords": [
        1.5345736742019653,
        2.6433064937591553,
        0.699999988079071
      ],
      "x": 221,
      "pixel_coords": [
        251,
        95,
        11.630671501159668
      ],
      "material": "rubber",
      "size": "large",
      "width": 61,
      "height": 59,
      "color": "purple",
      "y": 66,
      "shape": "cube",
      "rotation": 105.34602824519727
    },
    {
      "3d_coords": [
        -2.903272867202759,
        0.4161588251590729,
        0.3499999940395355
      ],
      "x": 112,
      "pixel_coords": [
        121,
        81,
        13.593554496765137
      ],
      "material": "metal",
      "size": "small",
      "width": 19,
      "height": 23,
      "color": "red",
      "y": 70,
      "shape": "cylinder",
      "rotation": 44.854678088523414
    }
  ]
}