{
  "image_filename": "CLEVR_new_000178.png",
  "directions": {
    "above": [
      0.0,
      0.0,
      1.0
    ],
    "behind": [
      -0.754490315914154,
      0.6563112735748291,
      0.0
    ],
    "left": [
      -0.6563112735748291,
      -0.7544902563095093,
      0.0
    ],
    "below": [
      -0.0,
      -0.0,
      -1.0
    ],
    "right": [
      0.6563112735748291,
      0.7544902563095093,
      -0.0
    ],
    "front": [
      0.754490315914154,
      -0.6563112735748291,
      -0.0
    ]
  },
  "relationships": {
    "left": [
      [
        1,
        2,
        3,
        4
      ],
      [
        3,
        4
      ],
      [
        1,
        3,
        4
      ],
      [
        4
      ],
      [],
      [
        0,
        1,
        2,
        3,
        4
      ],
      [
        0,
        1,
        2,
        3,
        4,
        5
      ]
    ],
    "front": [
      [
        3
      ],
      [
        0,
        2,
        3,
        4,
        6
      ],
      [
        0,
        3
      ],
      [],
      [
        0,
        2,
        3
      ],
      [
        0,
        1,
        2,
        3,
        4,
        6
      ],
      [
        0,
        2,
        3,
        4
      ]
    ],
    "right": [
      [
        5,
        6
      ],
      [
        0,
        2,
        5,
        6
      ],
      [
        0,
        5,
        6
      ],
      [
        0,
        1,
        2,
        5,
        6
      ],
      [
        0,
        1,
        2,
        3,
        5,
        6
      ],
      [
        6
      ],
      []
    ],
    "behind": [
      [
        1,
        2,
        4,
        5,
        6
      ],
      [
        5
      ],
      [
        1,
        4,
        5,
        6
      ],
      [
        0,
        1,
        2,
        4,
        5,
        6
      ],
      [
        1,
        5,
        6
      ],
      [],
      [
        1,
        5
      ]
    ]
  },
  "split": "new",
  "image_index": 178,
  "objects": [
    {
      "3d_coords": [
        2.05186128616333,
        -0.686286211013794,
        0.699999988079071
      ],
      "x": 162,
      "pixel_coords": [
        189,
        131,
        9.348761558532715
      ],
      "material": "metal",
      "size": "large",
      "width": 55,
      "height": 70,
      "color": "purple",
      "y": 97,
      "shape": "cylinder",
      "rotation": 269.3566830990098
    },
    {
      "3d_coords": [
        -1.1508793830871582,
        -0.05632767453789711,
        0.699999988079071
      ],
      "x": 117,
      "pixel_coords": [
        137,
        90,
        11.92093276977539
      ],
      "material": "metal",
      "size": "large",
      "width": 41,
      "height": 41,
      "color": "purple",
      "y": 70,
      "shape": "sphere",
      "rotation": 120.18100680928377
    },
    {
      "3d_coords": [
        0.7557829022407532,
        -0.9684886932373047,
        0.3499999940395355
      ],
      "x": 138,
      "pixel_coords": [
        151,
        128,
        10.243204116821289
      ],
      "material": "rubber",
      "size": "small",
      "width": 24,
      "height": 32,
      "color": "brown",
      "y": 112,
      "shape": "cylinder",
      "rotation": 230.77563227970043
    },
    {
      "3d_coords": [
        1.273635745048523,
        -2.911896228790283,
        0.699999988079071
      ],
      "x": 60,
      "pixel_coords": [
        101,
        146,
        8.629108428955078
      ],
      "material": "rubber",
      "size": "large",
      "width": 80,
      "height": 84,
      "color": "gray",
      "y": 106,
      "shape": "cube",
      "rotation": 306.4646368352692
    },
    {
      "3d_coords": [
        -1.6176154613494873,
        -2.8603458404541016,
        0.699999988079071
      ],
      "x": 26,
      "pixel_coords": [
        54,
        108,
        10.658780097961426
      ],
      "material": "metal",
      "size": "large",
      "width": 54,
      "height": 60,
      "color": "purple",
      "y": 78,
      "shape": "cylinder",
      "rotation": 227.9160912910807
    },
    {
      "3d_coords": [
        -0.5205848813056946,
        2.9006378650665283,
        0.699999988079071
      ],
      "x": 189,
      "pixel_coords": [
        211,
        77,
        13.15637493133545
      ],
      "material": "metal",
      "size": "large",
      "width": 44,
      "height": 48,
      "color": "blue",
      "y": 53,
      "shape": "cube",
      "rotation": 168.67125212464813
    },
    {
      "3d_coords": [
        2.260531425476074,
        2.9434428215026855,
        0.699999988079071
      ],
      "x": 249,
      "pixel_coords": [
        275,
        99,
        11.256246566772461
      ],
      "material": "metal",
      "size": "large",
      "width": 53,
      "height": 59,
      "color": "red",
      "y": 71,
      "shape": "cube",
      "rotation": 53.96700528292537
    }
  ]
}