{
  "image_filename": "CLEVR_new_000264.png",
  "directions": {
    "above": [
      0.0,
      0.0,
      1.0
    ],
    "behind": [
      -0.754490315914154,
      0.6563112735748291,
      0.0
    ],
    "left": [
      -0.6563112735748291,
      -0.7544902563095093,
      0.0
    ],
    "below": [
      -0.0,
      -0.0,
      -1.0
    ],
    "right": [
      0.6563112735748291,
      0.7544902563095093,
      -0.0
    ],
    "front": [
      0.754490315914154,
      -0.6563112735748291,
      -0.0
    ]
  },
  "relationships": {
    "left": [
      [
        2,
        5,
        6,
        7
      ],
      [
        0,
        2,
        3,
        5,
        6,
        7
      ],
      [],
      [
        0,
        2,
        5,
        6,
        7
      ],
      [
        0,
        1,
        2,
        3,
        5,
        6,
        7
      ],
      [
        2,
        6,
        7
      ],
      [
        2
      ],
      [
        2,
        6
      ]
    ],
    "front": [
      [
        1,
        2,
        3,
        4,
        5,
        6,
        7
      ],
      [
        2,
        3,
        4,
        5,
        6,
        7
      ],
      [
        3,
        6,
        7
      ],
      [
        7
      ],
      [
        2,
        3,
        6,
        7
      ],
      [
        2,
        3,
        4,
        6,
        7
      ],
      [
        3,
        7
      ],
      []
    ],
    "right": [
      [
        1,
        3,
        4
      ],
      [
        4
      ],
      [
        0,
        1,
        3,
        4,
        5,
        6,
        7
      ],
      [
        1,
        4
      ],
      [],
      [
        0,
        1,
        3,
        4
      ],
      [
        0,
        1,
        3,
        4,
        5,
        7
      ],
      [
        0,
        1,
        3,
        4,
        5
      ]
    ],
    "behind": [
      [],
      [
        0
      ],
      [
        0,
        1,
        4,
        5
      ],
      [
        0,
        1,
        2,
        4,
        5,
        6
      ],
      [
        0,
        1,
        5
      ],
      [
        0,
        1
      ],
      [
        0,
        1,
        2,
        4,
        5
      ],
      [
        0,
        1,
        2,
        3,
        4,
        5,
        6
      ]
    ]
  },
  "split": "new",
  "image_index": 264,
  "objects": [
    {
      "3d_coords": [
        -1.9777212142944336,
        2.1614418029785156,
        0.699999988079071
      ],
      "x": 150,
      "pixel_coords": [
        169,
        68,
        13.300104141235352
      ],
      "material": "rubber",
      "size": "large",
      "width": 37,
      "height": 37,
      "color": "red",
      "y": 49,
      "shape": "sphere",
      "rotation": 215.02130130968945
    },
    {
      "3d_coords": [
        0.14628855884075165,
        2.860924005508423,
        0.699999988079071
      ],
      "x": 199,
      "pixel_coords": [
        224,
        79,
        12.291927337646484
      ],
      "material": "metal",
      "size": "large",
      "width": 54,
      "height": 52,
      "color": "red",
      "y": 53,
      "shape": "cube",
      "rotation": 76.5211151689564
    },
    {
      "3d_coords": [
        -2.193875789642334,
        -2.751939058303833,
        0.3499999940395355
      ],
      "x": 32,
      "pixel_coords": [
        46,
        112,
        10.753288269042969
      ],
      "material": "metal",
      "size": "small",
      "width": 27,
      "height": 30,
      "color": "green",
      "y": 97,
      "shape": "cylinder",
      "rotation": 30.72770177020037
    },
    {
      "3d_coords": [
        2.6345155239105225,
        -1.0446501970291138,
        0.699999988079071
      ],
      "x": 170,
      "pixel_coords": [
        200,
        146,
        8.365777969360352
      ],
      "material": "metal",
      "size": "large",
      "width": 62,
      "height": 80,
      "color": "brown",
      "y": 108,
      "shape": "cylinder",
      "rotation": 200.58973397873538
    },
    {
      "3d_coords": [
        1.5992794036865234,
        2.4915804862976074,
        0.3499999940395355
      ],
      "x": 238,
      "pixel_coords": [
        251,
        104,
        11.27344799041748
      ],
      "material": "rubber",
      "size": "small",
      "width": 28,
      "height": 28,
      "color": "green",
      "y": 90,
      "shape": "cube",
      "rotation": 38.536921067559206
    },
    {
      "3d_coords": [
        -0.8477449417114258,
        0.5555813908576965,
        0.3499999940395355
      ],
      "x": 143,
      "pixel_coords": [
        156,
        97,
        11.778365135192871
      ],
      "material": "metal",
      "size": "small",
      "width": 26,
      "height": 28,
      "color": "red",
      "y": 83,
      "shape": "cube",
      "rotation": 119.91307631541584
    },
    {
      "3d_coords": [
        0.5761646628379822,
        -2.477844715118408,
        0.699999988079071
      ],
      "x": 73,
      "pixel_coords": [
        101,
        134,
        8.903960227966309
      ],
      "material": "metal",
      "size": "large",
      "width": 56,
      "height": 55,
      "color": "red",
      "y": 106,
      "shape": "sphere",
      "rotation": 236.37637987742156
    },
    {
      "3d_coords": [
        2.5499846935272217,
        -2.9577770233154297,
        0.699999988079071
      ],
      "x": 100,
      "pixel_coords": [
        134,
        177,
        7.310600757598877
      ],
      "material": "rubber",
      "size": "large",
      "width": 67,
      "height": 68,
      "color": "purple",
      "y": 143,
      "shape": "sphere",
      "rotation": 330.50885933378646
    }
  ]
}