{
  "image_filename": "CLEVR_new_000534.png",
  "directions": {
    "above": [
      0.0,
      0.0,
      1.0
    ],
    "behind": [
      -0.754490315914154,
      0.6563112735748291,
      0.0
    ],
    "left": [
      -0.6563112735748291,
      -0.7544902563095093,
      0.0
    ],
    "below": [
      -0.0,
      -0.0,
      -1.0
    ],
    "right": [
      0.6563112735748291,
      0.7544902563095093,
      -0.0
    ],
    "front": [
      0.754490315914154,
      -0.6563112735748291,
      -0.0
    ]
  },
  "relationships": {
    "left": [
      [
        3,
        4,
        5,
        6,
        7,
        8
      ],
      [
        0,
        2,
        3,
        4,
        5,
        6,
        7,
        8
      ],
      [
        0,
        3,
        4,
        5,
        6,
        7,
        8
      ],
      [
        6
      ],
      [
        3,
        6,
        8
      ],
      [
        3,
        4,
        6,
        8
      ],
      [],
      [
        3,
        4,
        5,
        6,
        8
      ],
      [
        3,
        6
      ]
    ],
    "front": [
      [
        4
      ],
      [
        0,
        4
      ],
      [
        0,
        1,
        3,
        4,
        6,
        7
      ],
      [
        0,
        1,
        4,
        6,
        7
      ],
      [],
      [
        0,
        1,
        2,
        3,
        4,
        6,
        7,
        8
      ],
      [
        0,
        1,
        4,
        7
      ],
      [
        0,
        1,
        4
      ],
      [
        0,
        1,
        2,
        3,
        4,
        6,
        7
      ]
    ],
    "right": [
      [
        1,
        2
      ],
      [],
      [
        1
      ],
      [
        0,
        1,
        2,
        4,
        5,
        7,
        8
      ],
      [
        0,
        1,
        2,
        5,
        7
      ],
      [
        0,
        1,
        2,
        7
      ],
      [
        0,
        1,
        2,
        3,
        4,
        5,
        7,
        8
      ],
      [
        0,
        1,
        2
      ],
      [
        0,
        1,
        2,
        4,
        5,
        7
      ]
    ],
    "behind": [
      [
        1,
        2,
        3,
        5,
        6,
        7,
        8
      ],
      [
        2,
        3,
        5,
        6,
        7,
        8
      ],
      [
        5,
        8
      ],
      [
        2,
        5,
        8
      ],
      [
        0,
        1,
        2,
        3,
        5,
        6,
        7,
        8
      ],
      [],
      [
        2,
        3,
        5,
        8
      ],
      [
        2,
        3,
        5,
        6,
        8
      ],
      [
        5
      ]
    ]
  },
  "split": "new",
  "image_index": 534,
  "objects": [
    {
      "3d_coords": [
        2.021629571914673,
        0.15535417199134827,
        0.3499999940395355
      ],
      "x": 197,
      "pixel_coords": [
        211,
        135,
        9.508840560913086
      ],
      "material": "metal",
      "size": "small",
      "width": 28,
      "height": 35,
      "color": "green",
      "y": 117,
      "shape": "cylinder",
      "rotation": 67.78679166944363
    },
    {
      "3d_coords": [
        2.8736612796783447,
        1.8881175518035889,
        0.699999988079071
      ],
      "x": 243,
      "pixel_coords": [
        278,
        116,
        9.711655616760254
      ],
      "material": "rubber",
      "size": "large",
      "width": 71,
      "height": 73,
      "color": "gray",
      "y": 81,
      "shape": "cube",
      "rotation": 111.8071256227698
    },
    {
      "3d_coords": [
        0.4127487540245056,
        2.875880002975464,
        0.699999988079071
      ],
      "x": 213,
      "pixel_coords": [
        233,
        81,
        11.942591667175293
      ],
      "material": "metal",
      "size": "large",
      "width": 42,
      "height": 41,
      "color": "purple",
      "y": 61,
      "shape": "sphere",
      "rotation": 173.10782147444982
    },
    {
      "3d_coords": [
        -1.8805334568023682,
        -0.783496081829071,
        0.3499999940395355
      ],
      "x": 96,
      "pixel_coords": [
        106,
        97,
        11.667503356933594
      ],
      "material": "rubber",
      "size": "small",
      "width": 21,
      "height": 21,
      "color": "purple",
      "y": 86,
      "shape": "sphere",
      "rotation": 107.96591206584904
    },
    {
      "3d_coords": [
        1.2616766691207886,
        -1.7081952095031738,
        0.699999988079071
      ],
      "x": 109,
      "pixel_coords": [
        139,
        134,
        8.837420463562012
      ],
      "material": "metal",
      "size": "large",
      "width": 58,
      "height": 75,
      "color": "purple",
      "y": 98,
      "shape": "cylinder",
      "rotation": 178.78560125346553
    },
    {
      "3d_coords": [
        -2.107724666595459,
        2.269333839416504,
        0.3499999940395355
      ],
      "x": 160,
      "pixel_coords": [
        172,
        74,
        13.503582000732422
      ],
      "material": "metal",
      "size": "small",
      "width": 24,
      "height": 25,
      "color": "brown",
      "y": 62,
      "shape": "cube",
      "rotation": 151.07492584486533
    },
    {
      "3d_coords": [
        -2.637763738632202,
        -2.839994192123413,
        0.699999988079071
      ],
      "x": 1,
      "pixel_coords": [
        36,
        96,
        10.888014793395996
      ],
      "material": "metal",
      "size": "large",
      "width": 65,
      "height": 58,
      "color": "purple",
      "y": 68,
      "shape": "cube",
      "rotation": 88.79779110852101
    },
    {
      "3d_coords": [
        0.8210866451263428,
        0.5110739469528198,
        0.3499999940395355
      ],
      "x": 178,
      "pixel_coords": [
        190,
        115,
        10.527753829956055
      ],
      "material": "rubber",
      "size": "small",
      "width": 24,
      "height": 31,
      "color": "gray",
      "y": 100,
      "shape": "cylinder",
      "rotation": 337.808286158636
    },
    {
      "3d_coords": [
        -2.1734938621520996,
        0.6317446231842041,
        0.699999988079071
      ],
      "x": 115,
      "pixel_coords": [
        136,
        75,
        12.480584144592285
      ],
      "material": "metal",
      "size": "large",
      "width": 41,
      "height": 51,
      "color": "cyan",
      "y": 50,
      "shape": "cylinder",
      "rotation": 89.94935770734985
    }
  ]
}