{
  "image_filename": "CLEVR_new_000600.png",
  "directions": {
    "above": [
      0.0,
      0.0,
      1.0
    ],
    "behind": [
      -0.754490315914154,
      0.6563112735748291,
      0.0
    ],
    "left": [
      -0.6563112735748291,
      -0.7544902563095093,
      0.0
    ],
    "below": [
      -0.0,
      -0.0,
      -1.0
    ],
    "right": [
      0.6563112735748291,
      0.7544902563095093,
      -0.0
    ],
    "front": [
      0.754490315914154,
      -0.6563112735748291,
      -0.0
    ]
  },
  "relationships": {
    "left": [
      [
        1,
        2,
        3,
        4,
        5,
        6,
        7,
        8
      ],
      [
        2,
        6,
        8
      ],
      [
        6
      ],
      [
        1,
        2,
        4,
        5,
        6,
        7,
        8
      ],
      [
        1,
        2,
        5,
        6,
        7,
        8
      ],
      [
        1,
        2,
        6,
        7,
        8
      ],
      [],
      [
        1,
        2,
        6,
        8
      ],
      [
        2,
        6
      ]
    ],
    "front": [
      [
        1,
        3,
        5,
        6,
        8
      ],
      [
        5
      ],
      [
        0,
        1,
        3,
        5,
        6,
        8
      ],
      [
        1,
        5
      ],
      [
        0,
        1,
        2,
        3,
        5,
        6,
        8
      ],
      [],
      [
        1,
        3,
        5,
        8
      ],
      [
        0,
        1,
        2,
        3,
        4,
        5,
        6,
        8
      ],
      [
        1,
        3,
        5
      ]
    ],
    "right": [
      [],
      [
        0,
        3,
        4,
        5,
        7
      ],
      [
        0,
        1,
        3,
        4,
        5,
        7,
        8
      ],
      [
        0
      ],
      [
        0,
        3
      ],
      [
        0,
        3,
        4
      ],
      [
        0,
        1,
        2,
        3,
        4,
        5,
        7,
        8
      ],
      [
        0,
        3,
        4,
        5
      ],
      [
        0,
        1,
        3,
        4,
        5,
        7
      ]
    ],
    "behind": [
      [
        2,
        4,
        7
      ],
      [
        0,
        2,
        3,
        4,
        6,
        7,
        8
      ],
      [
        4,
        7
      ],
      [
        0,
        2,
        4,
        6,
        7,
        8
      ],
      [
        7
      ],
      [
        0,
        1,
        2,
        3,
        4,
        6,
        7,
        8
      ],
      [
        0,
        2,
        4,
        7
      ],
      [],
      [
        0,
        2,
        4,
        6,
        7
      ]
    ]
  },
  "split": "new",
  "image_index": 600,
  "objects": [
    {
      "3d_coords": [
        1.0195780992507935,
        2.1492714881896973,
        0.699999988079071
      ],
      "x": 204,
      "pixel_coords": [
        234,
        91,
        10.91244125366211
      ],
      "material": "rubber",
      "size": "large",
      "width": 64,
      "height": 61,
      "color": "yellow",
      "y": 62,
      "shape": "cube",
      "rotation": 89.20448699168188
    },
    {
      "3d_coords": [
        1.2241321802139282,
        -2.6986076831817627,
        0.3499999940395355
      ],
      "x": 90,
      "pixel_coords": [
        106,
        160,
        8.172101020812988
      ],
      "material": "rubber",
      "size": "small",
      "width": 30,
      "height": 30,
      "color": "cyan",
      "y": 145,
      "shape": "sphere",
      "rotation": 23.182496710292888
    },
    {
      "3d_coords": [
        -2.9469120502471924,
        -1.0240660905838013,
        0.3499999940395355
      ],
      "x": 70,
      "pixel_coords": [
        81,
        89,
        11.94449520111084
      ],
      "material": "rubber",
      "size": "small",
      "width": 23,
      "height": 27,
      "color": "brown",
      "y": 76,
      "shape": "cylinder",
      "rotation": 229.15338507514664
    },
    {
      "3d_coords": [
        2.300065755844116,
        0.2928231954574585,
        0.699999988079071
      ],
      "x": 198,
      "pixel_coords": [
        227,
        124,
        8.988504409790039
      ],
      "material": "metal",
      "size": "large",
      "width": 60,
      "height": 73,
      "color": "gray",
      "y": 89,
      "shape": "cylinder",
      "rotation": 68.82079885318761
    },
    {
      "3d_coords": [
        -1.3431509733200073,
        2.136536121368408,
        0.3499999940395355
      ],
      "x": 171,
      "pixel_coords": [
        181,
        80,
        12.664484024047852
      ],
      "material": "rubber",
      "size": "small",
      "width": 20,
      "height": 25,
      "color": "purple",
      "y": 68,
      "shape": "cylinder",
      "rotation": 333.4192699096144
    },
    {
      "3d_coords": [
        2.8979756832122803,
        -2.2387256622314453,
        0.699999988079071
      ],
      "x": 132,
      "pixel_coords": [
        168,
        173,
        7.140420436859131
      ],
      "material": "metal",
      "size": "large",
      "width": 72,
      "height": 96,
      "color": "yellow",
      "y": 127,
      "shape": "cylinder",
      "rotation": 235.75768956826326
    },
    {
      "3d_coords": [
        -2.4358222484588623,
        -2.936729669570923,
        0.3499999940395355
      ],
      "x": 20,
      "pixel_coords": [
        33,
        110,
        10.508127212524414
      ],
      "material": "metal",
      "size": "small",
      "width": 25,
      "height": 23,
      "color": "cyan",
      "y": 99,
      "shape": "sphere",
      "rotation": 59.820712704298025
    },
    {
      "3d_coords": [
        -2.6317756175994873,
        1.6019760370254517,
        0.3499999940395355
      ],
      "x": 138,
      "pixel_coords": [
        147,
        74,
        13.229830741882324
      ],
      "material": "metal",
      "size": "small",
      "width": 19,
      "height": 24,
      "color": "purple",
      "y": 62,
      "shape": "cylinder",
      "rotation": 341.30280808292815
    },
    {
      "3d_coords": [
        -0.5347461700439453,
        -1.9919898509979248,
        0.3499999940395355
      ],
      "x": 80,
      "pixel_coords": [
        93,
        124,
        9.763150215148926
      ],
      "material": "rubber",
      "size": "small",
      "width": 26,
      "height": 25,
      "color": "yellow",
      "y": 111,
      "shape": "sphere",
      "rotation": 46.81612470872294
    }
  ]
}