{
  "image_filename": "CLEVR_new_000691.png",
  "directions": {
    "above": [
      0.0,
      0.0,
      1.0
    ],
    "behind": [
      -0.754490315914154,
      0.6563112735748291,
      0.0
    ],
    "left": [
      -0.6563112735748291,
      -0.7544902563095093,
      0.0
    ],
    "below": [
      -0.0,
      -0.0,
      -1.0
    ],
    "right": [
      0.6563112735748291,
      0.7544902563095093,
      -0.0
    ],
    "front": [
      0.754490315914154,
      -0.6563112735748291,
      -0.0
    ]
  },
  "relationships": {
    "left": [
      [
        4,
        8
      ],
      [
        0,
        2,
        3,
        4,
        5,
        6,
        7,
        8
      ],
      [
        0,
        3,
        4,
        7,
        8
      ],
      [
        0,
        4,
        7,
        8
      ],
      [
        8
      ],
      [
        0,
        2,
        3,
        4,
        6,
        7,
        8
      ],
      [
        0,
        2,
        3,
        4,
        7,
        8
      ],
      [
        0,
        4,
        8
      ],
      []
    ],
    "front": [
      [
        1,
        2,
        4,
        5,
        7,
        8
      ],
      [
        4,
        5,
        7
      ],
      [
        1,
        4,
        5,
        7,
        8
      ],
      [
        0,
        1,
        2,
        4,
        5,
        6,
        7,
        8
      ],
      [
        5,
        7
      ],
      [
        7
      ],
      [
        0,
        1,
        2,
        4,
        5,
        7,
        8
      ],
      [],
      [
        1,
        4,
        5,
        7
      ]
    ],
    "right": [
      [
        1,
        2,
        3,
        5,
        6,
        7
      ],
      [],
      [
        1,
        5,
        6
      ],
      [
        1,
        2,
        5,
        6
      ],
      [
        0,
        1,
        2,
        3,
        5,
        6,
        7
      ],
      [
        1
      ],
      [
        1,
        5
      ],
      [
        1,
        2,
        3,
        5,
        6
      ],
      [
        0,
        1,
        2,
        3,
        4,
        5,
        6,
        7
      ]
    ],
    "behind": [
      [
        3,
        6
      ],
      [
        0,
        2,
        3,
        6,
        8
      ],
      [
        0,
        3,
        6
      ],
      [],
      [
        0,
        1,
        2,
        3,
        6,
        8
      ],
      [
        0,
        1,
        2,
        3,
        4,
        6,
        8
      ],
      [
        3
      ],
      [
        0,
        1,
        2,
        3,
        4,
        5,
        6,
        8
      ],
      [
        0,
        2,
        3,
        6
      ]
    ]
  },
  "split": "new",
  "image_index": 691,
  "objects": [
    {
      "3d_coords": [
        -1.5017935037612915,
        -0.11297926306724548,
        0.699999988079071
      ],
      "x": 108,
      "pixel_coords": [
        129,
        88,
        12.040388107299805
      ],
      "material": "metal",
      "size": "large",
      "width": 41,
      "height": 41,
      "color": "yellow",
      "y": 68,
      "shape": "sphere",
      "rotation": 249.4462278784526
    },
    {
      "3d_coords": [
        2.4892280101776123,
        2.1268470287323,
        0.3499999940395355
      ],
      "x": 249,
      "pixel_coords": [
        265,
        116,
        10.825175285339355
      ],
      "material": "metal",
      "size": "small",
      "width": 33,
      "height": 30,
      "color": "green",
      "y": 101,
      "shape": "cube",
      "rotation": 246.1122933179444
    },
    {
      "3d_coords": [
        0.07610398530960083,
        0.9046759605407715,
        0.3499999940395355
      ],
      "x": 171,
      "pixel_coords": [
        182,
        104,
        11.729731559753418
      ],
      "material": "metal",
      "size": "small",
      "width": 21,
      "height": 27,
      "color": "green",
      "y": 90,
      "shape": "cylinder",
      "rotation": 347.4141981004247
    },
    {
      "3d_coords": [
        -2.7993056774139404,
        2.725029230117798,
        0.699999988079071
      ],
      "x": 143,
      "pixel_coords": [
        165,
        65,
        14.614386558532715
      ],
      "material": "rubber",
      "size": "large",
      "width": 44,
      "height": 43,
      "color": "red",
      "y": 44,
      "shape": "cube",
      "rotation": 141.14069896451
    },
    {
      "3d_coords": [
        -0.503690779209137,
        -2.2642977237701416,
        0.699999988079071
      ],
      "x": 53,
      "pixel_coords": [
        89,
        115,
        10.079351425170898
      ],
      "material": "metal",
      "size": "large",
      "width": 69,
      "height": 67,
      "color": "yellow",
      "y": 83,
      "shape": "cube",
      "rotation": 345.9679522480491
    },
    {
      "3d_coords": [
        2.682201862335205,
        0.18900926411151886,
        0.3499999940395355
      ],
      "x": 217,
      "pixel_coords": [
        230,
        138,
        9.537008285522461
      ],
      "material": "rubber",
      "size": "small",
      "width": 26,
      "height": 26,
      "color": "blue",
      "y": 125,
      "shape": "sphere",
      "rotation": 115.63358093653306
    },
    {
      "3d_coords": [
        -0.6377322673797607,
        2.3879761695861816,
        0.3499999940395355
      ],
      "x": 186,
      "pixel_coords": [
        197,
        88,
        13.09921646118164
      ],
      "material": "rubber",
      "size": "small",
      "width": 22,
      "height": 24,
      "color": "yellow",
      "y": 76,
      "shape": "cube",
      "rotation": 106.22505605350322
    },
    {
      "3d_coords": [
        2.1031830310821533,
        -2.7011260986328125,
        0.3499999940395355
      ],
      "x": 113,
      "pixel_coords": [
        133,
        168,
        8.202959060668945
      ],
      "material": "rubber",
      "size": "small",
      "width": 40,
      "height": 45,
      "color": "brown",
      "y": 146,
      "shape": "cube",
      "rotation": 42.32106042687242
    },
    {
      "3d_coords": [
        -2.1985161304473877,
        -2.4746217727661133,
        0.3499999940395355
      ],
      "x": 43,
      "pixel_coords": [
        57,
        110,
        11.252038955688477
      ],
      "material": "metal",
      "size": "small",
      "width": 27,
      "height": 28,
      "color": "red",
      "y": 96,
      "shape": "cube",
      "rotation": 206.7765395189921
    }
  ]
}