{
  "image_filename": "CLEVR_new_000504.png",
  "directions": {
    "above": [
      0.0,
      0.0,
      1.0
    ],
    "behind": [
      -0.754490315914154,
      0.6563112735748291,
      0.0
    ],
    "left": [
      -0.6563112735748291,
      -0.7544902563095093,
      0.0
    ],
    "below": [
      -0.0,
      -0.0,
      -1.0
    ],
    "right": [
      0.6563112735748291,
      0.7544902563095093,
      -0.0
    ],
    "front": [
      0.754490315914154,
      -0.6563112735748291,
      -0.0
    ]
  },
  "relationships": {
    "left": [
      [
        8
      ],
      [
        0,
        3,
        4,
        7,
        8
      ],
      [
        0,
        1,
        3,
        4,
        6,
        7,
        8
      ],
      [
        0,
        7,
        8
      ],
      [
        0,
        3,
        7,
        8
      ],
      [
        0,
        1,
        2,
        3,
        4,
        6,
        7,
        8
      ],
      [
        0,
        1,
        3,
        4,
        7,
        8
      ],
      [
        0,
        8
      ],
      []
    ],
    "front": [
      [
        1,
        2,
        3,
        5,
        7,
        8
      ],
      [
        7
      ],
      [
        1,
        5,
        7
      ],
      [
        1,
        2,
        5,
        7,
        8
      ],
      [
        0,
        1,
        2,
        3,
        5,
        6,
        7,
        8
      ],
      [
        1,
        7
      ],
      [
        0,
        1,
        2,
        3,
        5,
        7,
        8
      ],
      [],
      [
        1,
        2,
        5,
        7
      ]
    ],
    "right": [
      [
        1,
        2,
        3,
        4,
        5,
        6,
        7
      ],
      [
        2,
        5,
        6
      ],
      [
        5
      ],
      [
        1,
        2,
        4,
        5,
        6
      ],
      [
        1,
        2,
        5,
        6
      ],
      [],
      [
        2,
        5
      ],
      [
        1,
        2,
        3,
        4,
        5,
        6
      ],
      [
        0,
        1,
        2,
        3,
        4,
        5,
        6,
        7
      ]
    ],
    "behind": [
      [
        4,
        6
      ],
      [
        0,
        2,
        3,
        4,
        5,
        6,
        8
      ],
      [
        0,
        3,
        4,
        6,
        8
      ],
      [
        0,
        4,
        6
      ],
      [],
      [
        0,
        2,
        3,
        4,
        6,
        8
      ],
      [
        4
      ],
      [
        0,
        1,
        2,
        3,
        4,
        5,
        6,
        8
      ],
      [
        0,
        3,
        4,
        6
      ]
    ]
  },
  "split": "new",
  "image_index": 504,
  "objects": [
    {
      "3d_coords": [
        -2.509798765182495,
        -0.28865233063697815,
        0.699999988079071
      ],
      "x": 89,
      "pixel_coords": [
        110,
        79,
        12.466251373291016
      ],
      "material": "rubber",
      "size": "large",
      "width": 40,
      "height": 40,
      "color": "gray",
      "y": 59,
      "shape": "sphere",
      "rotation": 298.08733641527687
    },
    {
      "3d_coords": [
        1.2949169874191284,
        -0.27817606925964355,
        0.3499999940395355
      ],
      "x": 168,
      "pixel_coords": [
        181,
        129,
        10.046000480651855
      ],
      "material": "metal",
      "size": "small",
      "width": 25,
      "height": 33,
      "color": "green",
      "y": 113,
      "shape": "cylinder",
      "rotation": 99.53841751613564
    },
    {
      "3d_coords": [
        1.2485378980636597,
        1.2855528593063354,
        0.699999988079071
      ],
      "x": 195,
      "pixel_coords": [
        218,
        103,
        10.766400337219238
      ],
      "material": "metal",
      "size": "large",
      "width": 46,
      "height": 46,
      "color": "cyan",
      "y": 80,
      "shape": "sphere",
      "rotation": 220.20706673609178
    },
    {
      "3d_coords": [
        -0.9063450694084167,
        0.30329859256744385,
        0.699999988079071
      ],
      "x": 128,
      "pixel_coords": [
        150,
        89,
        11.697318077087402
      ],
      "material": "metal",
      "size": "large",
      "width": 43,
      "height": 55,
      "color": "purple",
      "y": 62,
      "shape": "cylinder",
      "rotation": 342.23036594539906
    },
    {
      "3d_coords": [
        -2.688246011734009,
        2.606597661972046,
        0.699999988079071
      ],
      "x": 151,
      "pixel_coords": [
        169,
        60,
        14.176495552062988
      ],
      "material": "metal",
      "size": "large",
      "width": 35,
      "height": 35,
      "color": "purple",
      "y": 43,
      "shape": "sphere",
      "rotation": 274.41969910320375
    },
    {
      "3d_coords": [
        2.956704616546631,
        2.6376454830169678,
        0.3499999940395355
      ],
      "x": 278,
      "pixel_coords": [
        290,
        120,
        10.512306213378906
      ],
      "material": "rubber",
      "size": "small",
      "width": 25,
      "height": 23,
      "color": "cyan",
      "y": 109,
      "shape": "sphere",
      "rotation": 117.11738521746807
    },
    {
      "3d_coords": [
        -1.3289916515350342,
        2.6057655811309814,
        0.3499999940395355
      ],
      "x": 182,
      "pixel_coords": [
        191,
        78,
        13.4180908203125
      ],
      "material": "metal",
      "size": "small",
      "width": 18,
      "height": 18,
      "color": "yellow",
      "y": 69,
      "shape": "sphere",
      "rotation": 190.32954553228618
    },
    {
      "3d_coords": [
        1.440991759300232,
        -2.5076611042022705,
        0.699999988079071
      ],
      "x": 88,
      "pixel_coords": [
        117,
        148,
        8.553919792175293
      ],
      "material": "metal",
      "size": "large",
      "width": 58,
      "height": 58,
      "color": "blue",
      "y": 120,
      "shape": "sphere",
      "rotation": 197.23610457503736
    },
    {
      "3d_coords": [
        -2.8882365226745605,
        -2.668402671813965,
        0.699999988079071
      ],
      "x": 14,
      "pixel_coords": [
        41,
        93,
        11.418695449829102
      ],
      "material": "rubber",
      "size": "large",
      "width": 52,
      "height": 56,
      "color": "purple",
      "y": 65,
      "shape": "cylinder",
      "rotation": 263.90483561427135
    }
  ]
}