{
  "image_filename": "CLEVR_new_000611.png",
  "directions": {
    "above": [
      0.0,
      0.0,
      1.0
    ],
    "behind": [
      -0.754490315914154,
      0.6563112735748291,
      0.0
    ],
    "left": [
      -0.6563112735748291,
      -0.7544902563095093,
      0.0
    ],
    "below": [
      -0.0,
      -0.0,
      -1.0
    ],
    "right": [
      0.6563112735748291,
      0.7544902563095093,
      -0.0
    ],
    "front": [
      0.754490315914154,
      -0.6563112735748291,
      -0.0
    ]
  },
  "relationships": {
    "left": [
      [
        1,
        2,
        3,
        4,
        5,
        6,
        7
      ],
      [
        2,
        3,
        4,
        5,
        6
      ],
      [],
      [
        2,
        5
      ],
      [
        2,
        3,
        5
      ],
      [
        2
      ],
      [
        2,
        3,
        4,
        5
      ],
      [
        1,
        2,
        3,
        4,
        5,
        6
      ]
    ],
    "front": [
      [
        2,
        3,
        5,
        6,
        7
      ],
      [
        0,
        2,
        3,
        5,
        6,
        7
      ],
      [
        3,
        6,
        7
      ],
      [
        6,
        7
      ],
      [
        0,
        1,
        2,
        3,
        5,
        6,
        7
      ],
      [
        2,
        3,
        6,
        7
      ],
      [],
      [
        6
      ]
    ],
    "right": [
      [],
      [
        0,
        7
      ],
      [
        0,
        1,
        3,
        4,
        5,
        6,
        7
      ],
      [
        0,
        1,
        4,
        6,
        7
      ],
      [
        0,
        1,
        6,
        7
      ],
      [
        0,
        1,
        3,
        4,
        6,
        7
      ],
      [
        0,
        1,
        7
      ],
      [
        0
      ]
    ],
    "behind": [
      [
        1,
        4
      ],
      [
        4
      ],
      [
        0,
        1,
        4,
        5
      ],
      [
        0,
        1,
        2,
        4,
        5
      ],
      [],
      [
        0,
        1,
        4
      ],
      [
        0,
        1,
        2,
        3,
        4,
        5,
        7
      ],
      [
        0,
        1,
        2,
        3,
        4,
        5
      ]
    ]
  },
  "split": "new",
  "image_index": 611,
  "objects": [
    {
      "3d_coords": [
        1.1120752096176147,
        2.794452667236328,
        0.699999988079071
      ],
      "x": 216,
      "pixel_coords": [
        246,
        88,
        11.581676483154297
      ],
      "material": "rubber",
      "size": "large",
      "width": 62,
      "height": 59,
      "color": "green",
      "y": 59,
      "shape": "cube",
      "rotation": 21.92300319652678
    },
    {
      "3d_coords": [
        -0.9132760167121887,
        2.843343734741211,
        0.699999988079071
      ],
      "x": 182,
      "pixel_coords": [
        203,
        71,
        12.970766067504883
      ],
      "material": "rubber",
      "size": "large",
      "width": 41,
      "height": 48,
      "color": "purple",
      "y": 47,
      "shape": "cube",
      "rotation": 178.25091622791805
    },
    {
      "3d_coords": [
        -1.1574296951293945,
        -2.200641632080078,
        0.3499999940395355
      ],
      "x": 66,
      "pixel_coords": [
        79,
        118,
        10.423500061035156
      ],
      "material": "rubber",
      "size": "small",
      "width": 24,
      "height": 23,
      "color": "green",
      "y": 106,
      "shape": "sphere",
      "rotation": 52.61911012660902
    },
    {
      "3d_coords": [
        0.4720229506492615,
        -1.3419398069381714,
        0.3499999940395355
      ],
      "x": 121,
      "pixel_coords": [
        134,
        130,
        9.818100929260254
      ],
      "material": "rubber",
      "size": "small",
      "width": 26,
      "height": 34,
      "color": "purple",
      "y": 113,
      "shape": "cylinder",
      "rotation": 231.6612705987331
    },
    {
      "3d_coords": [
        -2.948113441467285,
        2.7789909839630127,
        0.3499999940395355
      ],
      "x": 154,
      "pixel_coords": [
        165,
        66,
        14.46694278717041
      ],
      "material": "metal",
      "size": "small",
      "width": 23,
      "height": 23,
      "color": "purple",
      "y": 55,
      "shape": "cube",
      "rotation": 157.22512683977115
    },
    {
      "3d_coords": [
        -1.2942907810211182,
        -0.6264591217041016,
        0.3499999940395355
      ],
      "x": 108,
      "pixel_coords": [
        120,
        102,
        11.413259506225586
      ],
      "material": "metal",
      "size": "small",
      "width": 23,
      "height": 28,
      "color": "yellow",
      "y": 88,
      "shape": "cylinder",
      "rotation": 197.02528969197212
    },
    {
      "3d_coords": [
        2.8003387451171875,
        -1.6418836116790771,
        0.3499999940395355
      ],
      "x": 169,
      "pixel_coords": [
        184,
        172,
        8.082216262817383
      ],
      "material": "metal",
      "size": "small",
      "width": 31,
      "height": 42,
      "color": "brown",
      "y": 151,
      "shape": "cylinder",
      "rotation": 139.98407866299976
    },
    {
      "3d_coords": [
        2.7531397342681885,
        0.5808651447296143,
        0.3499999940395355
      ],
      "x": 224,
      "pixel_coords": [
        243,
        139,
        9.38160228729248
      ],
      "material": "rubber",
      "size": "small",
      "width": 38,
      "height": 38,
      "color": "purple",
      "y": 120,
      "shape": "cube",
      "rotation": 208.77128995682975
    }
  ]
}