{
  "image_filename": "CLEVR_new_000258.png",
  "directions": {
    "above": [
      0.0,
      0.0,
      1.0
    ],
    "behind": [
      -0.754490315914154,
      0.6563112735748291,
      0.0
    ],
    "left": [
      -0.6563112735748291,
      -0.7544902563095093,
      0.0
    ],
    "below": [
      -0.0,
      -0.0,
      -1.0
    ],
    "right": [
      0.6563112735748291,
      0.7544902563095093,
      -0.0
    ],
    "front": [
      0.754490315914154,
      -0.6563112735748291,
      -0.0
    ]
  },
  "relationships": {
    "left": [
      [],
      [
        0
      ],
      [
        0,
        1,
        3,
        6
      ],
      [
        0,
        1
      ],
      [
        0,
        1,
        2,
        3,
        5,
        6
      ],
      [
        0,
        1,
        2,
        3,
        6
      ],
      [
        0,
        1,
        3
      ]
    ],
    "front": [
      [
        2,
        3,
        6
      ],
      [
        0,
        2,
        3,
        4,
        6
      ],
      [
        6
      ],
      [
        2,
        6
      ],
      [
        0,
        2,
        3,
        6
      ],
      [
        0,
        1,
        2,
        3,
        4,
        6
      ],
      []
    ],
    "right": [
      [
        1,
        2,
        3,
        4,
        5,
        6
      ],
      [
        2,
        3,
        4,
        5,
        6
      ],
      [
        4,
        5
      ],
      [
        2,
        4,
        5,
        6
      ],
      [],
      [
        4
      ],
      [
        2,
        4,
        5
      ]
    ],
    "behind": [
      [
        1,
        4,
        5
      ],
      [
        5
      ],
      [
        0,
        1,
        3,
        4,
        5
      ],
      [
        0,
        1,
        4,
        5
      ],
      [
        1,
        5
      ],
      [],
      [
        0,
        1,
        2,
        3,
        4,
        5
      ]
    ]
  },
  "split": "new",
  "image_index": 258,
  "objects": [
    {
      "3d_coords": [
        -1.9425514936447144,
        -2.5578773021698,
        0.699999988079071
      ],
      "x": 25,
      "pixel_coords": [
        54,
        106,
        10.533527374267578
      ],
      "material": "rubber",
      "size": "large",
      "width": 55,
      "height": 62,
      "color": "yellow",
      "y": 76,
      "shape": "cylinder",
      "rotation": 251.3427551426518
    },
    {
      "3d_coords": [
        -2.319742441177368,
        -0.4227854907512665,
        0.3499999940395355
      ],
      "x": 94,
      "pixel_coords": [
        105,
        92,
        12.233770370483398
      ],
      "material": "rubber",
      "size": "small",
      "width": 22,
      "height": 26,
      "color": "green",
      "y": 79,
      "shape": "cylinder",
      "rotation": 168.41054026356443
    },
    {
      "3d_coords": [
        1.6213412284851074,
        -0.8843739628791809,
        0.699999988079071
      ],
      "x": 152,
      "pixel_coords": [
        179,
        130,
        9.324041366577148
      ],
      "material": "metal",
      "size": "large",
      "width": 53,
      "height": 53,
      "color": "gray",
      "y": 104,
      "shape": "sphere",
      "rotation": 263.04162798986266
    },
    {
      "3d_coords": [
        0.35456857085227966,
        -1.2837172746658325,
        0.3499999940395355
      ],
      "x": 124,
      "pixel_coords": [
        137,
        129,
        10.045557975769043
      ],
      "material": "rubber",
      "size": "small",
      "width": 25,
      "height": 33,
      "color": "green",
      "y": 113,
      "shape": "cylinder",
      "rotation": 104.70265822372835
    },
    {
      "3d_coords": [
        2.0795857906341553,
        2.840296506881714,
        0.3499999940395355
      ],
      "x": 255,
      "pixel_coords": [
        266,
        103,
        11.46512508392334
      ],
      "material": "rubber",
      "size": "small",
      "width": 22,
      "height": 21,
      "color": "brown",
      "y": 93,
      "shape": "sphere",
      "rotation": 245.4209208640789
    },
    {
      "3d_coords": [
        -1.59595787525177,
        2.623029947280884,
        0.3499999940395355
      ],
      "x": 171,
      "pixel_coords": [
        180,
        74,
        13.625255584716797
      ],
      "material": "metal",
      "size": "small",
      "width": 18,
      "height": 18,
      "color": "green",
      "y": 65,
      "shape": "sphere",
      "rotation": 257.41069667929736
    },
    {
      "3d_coords": [
        2.72747540473938,
        -2.5821943283081055,
        0.3499999940395355
      ],
      "x": 146,
      "pixel_coords": [
        162,
        190,
        7.780541896820068
      ],
      "material": "metal",
      "size": "small",
      "width": 32,
      "height": 45,
      "color": "yellow",
      "y": 168,
      "shape": "cylinder",
      "rotation": 251.39642460236797
    }
  ]
}