{
  "image_filename": "CLEVR_new_000644.png",
  "directions": {
    "above": [
      0.0,
      0.0,
      1.0
    ],
    "behind": [
      -0.754490315914154,
      0.6563112735748291,
      0.0
    ],
    "left": [
      -0.6563112735748291,
      -0.7544902563095093,
      0.0
    ],
    "below": [
      -0.0,
      -0.0,
      -1.0
    ],
    "right": [
      0.6563112735748291,
      0.7544902563095093,
      -0.0
    ],
    "front": [
      0.754490315914154,
      -0.6563112735748291,
      -0.0
    ]
  },
  "relationships": {
    "left": [
      [],
      [
        0,
        2,
        3
      ],
      [
        0,
        3
      ],
      [
        0
      ]
    ],
    "front": [
      [
        1,
        2,
        3
      ],
      [
        2,
        3
      ],
      [],
      [
        2
      ]
    ],
    "right": [
      [
        1,
        2,
        3
      ],
      [],
      [
        1
      ],
      [
        1,
        2
      ]
    ],
    "behind": [
      [],
      [
        0
      ],
      [
        0,
        1,
        3
      ],
      [
        0,
        1
      ]
    ]
  },
  "split": "new",
  "image_index": 644,
  "objects": [
    {
      "3d_coords": [
        -2.9813079833984375,
        -0.9822431802749634,
        0.699999988079071
      ],
      "x": 63,
      "pixel_coords": [
        86,
        82,
        12.593073844909668
      ],
      "material": "metal",
      "size": "large",
      "width": 43,
      "height": 50,
      "color": "blue",
      "y": 58,
      "shape": "cylinder",
      "rotation": 156.59459347530557
    },
    {
      "3d_coords": [
        0.01190964411944151,
        1.1682111024856567,
        0.699999988079071
      ],
      "x": 160,
      "pixel_coords": [
        187,
        92,
        11.79187297821045
      ],
      "material": "metal",
      "size": "large",
      "width": 56,
      "height": 56,
      "color": "yellow",
      "y": 64,
      "shape": "cube",
      "rotation": 61.093144354980005
    },
    {
      "3d_coords": [
        -0.025803323835134506,
        -1.1357663869857788,
        0.699999988079071
      ],
      "x": 107,
      "pixel_coords": [
        131,
        110,
        10.48228931427002
      ],
      "material": "metal",
      "size": "large",
      "width": 47,
      "height": 47,
      "color": "gray",
      "y": 86,
      "shape": "sphere",
      "rotation": 18.78750421894789
    },
    {
      "3d_coords": [
        -1.3184869289398193,
        -1.406834602355957,
        0.3499999940395355
      ],
      "x": 87,
      "pixel_coords": [
        101,
        109,
        11.364468574523926
      ],
      "material": "metal",
      "size": "small",
      "width": 28,
      "height": 30,
      "color": "green",
      "y": 94,
      "shape": "cube",
      "rotation": 193.00055739865024
    }
  ]
}