{
  "image_filename": "CLEVR_new_000277.png",
  "directions": {
    "above": [
      0.0,
      0.0,
      1.0
    ],
    "behind": [
      -0.754490315914154,
      0.6563112735748291,
      0.0
    ],
    "left": [
      -0.6563112735748291,
      -0.7544902563095093,
      0.0
    ],
    "below": [
      -0.0,
      -0.0,
      -1.0
    ],
    "right": [
      0.6563112735748291,
      0.7544902563095093,
      -0.0
    ],
    "front": [
      0.754490315914154,
      -0.6563112735748291,
      -0.0
    ]
  },
  "relationships": {
    "left": [
      [
        3
      ],
      [
        0,
        3
      ],
      [
        0,
        1,
        3
      ],
      [],
      [
        0,
        1,
        2,
        3
      ]
    ],
    "front": [
      [
        1,
        2,
        3,
        4
      ],
      [
        2,
        4
      ],
      [],
      [
        1,
        2,
        4
      ],
      [
        2
      ]
    ],
    "right": [
      [
        1,
        2,
        4
      ],
      [
        2,
        4
      ],
      [
        4
      ],
      [
        0,
        1,
        2,
        4
      ],
      []
    ],
    "behind": [
      [],
      [
        0,
        3
      ],
      [
        0,
        1,
        3,
        4
      ],
      [
        0
      ],
      [
        0,
        1,
        3
      ]
    ]
  },
  "split": "new",
  "image_index": 277,
  "objects": [
    {
      "3d_coords": [
        -2.696542501449585,
        2.838528871536255,
        0.699999988079071
      ],
      "x": 146,
      "pixel_coords": [
        163,
        61,
        14.233037948608398
      ],
      "material": "metal",
      "size": "large",
      "width": 35,
      "height": 43,
      "color": "purple",
      "y": 40,
      "shape": "cylinder",
      "rotation": 86.36014357530358
    },
    {
      "3d_coords": [
        0.537599503993988,
        1.789988398551941,
        0.3499999940395355
      ],
      "x": 199,
      "pixel_coords": [
        210,
        99,
        11.676353454589844
      ],
      "material": "metal",
      "size": "small",
      "width": 22,
      "height": 27,
      "color": "blue",
      "y": 85,
      "shape": "cylinder",
      "rotation": 31.789594780963306
    },
    {
      "3d_coords": [
        2.1642842292785645,
        0.9220473170280457,
        0.3499999940395355
      ],
      "x": 223,
      "pixel_coords": [
        235,
        123,
        10.098163604736328
      ],
      "material": "rubber",
      "size": "small",
      "width": 25,
      "height": 24,
      "color": "purple",
      "y": 111,
      "shape": "sphere",
      "rotation": 121.46447458891593
    },
    {
      "3d_coords": [
        -2.04424786567688,
        1.088897466659546,
        0.3499999940395355
      ],
      "x": 132,
      "pixel_coords": [
        142,
        84,
        12.883013725280762
      ],
      "material": "metal",
      "size": "small",
      "width": 19,
      "height": 24,
      "color": "brown",
      "y": 72,
      "shape": "cylinder",
      "rotation": 327.36234940816274
    },
    {
      "3d_coords": [
        1.974306583404541,
        2.3022396564483643,
        0.3499999940395355
      ],
      "x": 244,
      "pixel_coords": [
        256,
        107,
        11.081156730651855
      ],
      "material": "rubber",
      "size": "small",
      "width": 23,
      "height": 22,
      "color": "yellow",
      "y": 96,
      "shape": "sphere",
      "rotation": 8.271943394984639
    }
  ]
}