{
  "image_filename": "CLEVR_new_000296.png",
  "directions": {
    "above": [
      0.0,
      0.0,
      1.0
    ],
    "behind": [
      -0.754490315914154,
      0.6563112735748291,
      0.0
    ],
    "left": [
      -0.6563112735748291,
      -0.7544902563095093,
      0.0
    ],
    "below": [
      -0.0,
      -0.0,
      -1.0
    ],
    "right": [
      0.6563112735748291,
      0.7544902563095093,
      -0.0
    ],
    "front": [
      0.754490315914154,
      -0.6563112735748291,
      -0.0
    ]
  },
  "relationships": {
    "left": [
      [
        7
      ],
      [
        0,
        2,
        3,
        4,
        7,
        8
      ],
      [
        0,
        3,
        7
      ],
      [
        0,
        7
      ],
      [
        0,
        2,
        3,
        7,
        8
      ],
      [
        0,
        1,
        2,
        3,
        4,
        6,
        7,
        8,
        9
      ],
      [
        0,
        1,
        2,
        3,
        4,
        7,
        8
      ],
      [],
      [
        0,
        2,
        3,
        7
      ],
      [
        0,
        1,
        2,
        3,
        4,
        6,
        7,
        8
      ]
    ],
    "front": [
      [
        8
      ],
      [
        0,
        8
      ],
      [
        0,
        1,
        5,
        7,
        8,
        9
      ],
      [
        0,
        1,
        2,
        5,
        6,
        7,
        8,
        9
      ],
      [
        0,
        1,
        2,
        3,
        5,
        6,
        7,
        8,
        9
      ],
      [
        0,
        1,
        8
      ],
      [
        0,
        1,
        2,
        5,
        7,
        8,
        9
      ],
      [
        0,
        1,
        5,
        8,
        9
      ],
      [],
      [
        0,
        1,
        5,
        8
      ]
    ],
    "right": [
      [
        1,
        2,
        3,
        4,
        5,
        6,
        8,
        9
      ],
      [
        5,
        6,
        9
      ],
      [
        1,
        4,
        5,
        6,
        8,
        9
      ],
      [
        1,
        2,
        4,
        5,
        6,
        8,
        9
      ],
      [
        1,
        5,
        6,
        9
      ],
      [],
      [
        5,
        9
      ],
      [
        0,
        1,
        2,
        3,
        4,
        5,
        6,
        8,
        9
      ],
      [
        1,
        4,
        5,
        6,
        9
      ],
      [
        5
      ]
    ],
    "behind": [
      [
        1,
        2,
        3,
        4,
        5,
        6,
        7,
        9
      ],
      [
        2,
        3,
        4,
        5,
        6,
        7,
        9
      ],
      [
        3,
        4,
        6
      ],
      [
        4
      ],
      [],
      [
        2,
        3,
        4,
        6,
        7,
        9
      ],
      [
        3,
        4
      ],
      [
        2,
        3,
        4,
        6
      ],
      [
        0,
        1,
        2,
        3,
        4,
        5,
        6,
        7,
        9
      ],
      [
        2,
        3,
        4,
        6,
        7
      ]
    ]
  },
  "split": "new",
  "image_index": 296,
  "objects": [
    {
      "3d_coords": [
        -0.07294921576976776,
        -2.433948516845703,
        0.3499999940395355
      ],
      "x": 76,
      "pixel_coords": [
        90,
        134,
        9.737754821777344
      ],
      "material": "metal",
      "size": "small",
      "width": 28,
      "height": 34,
      "color": "red",
      "y": 117,
      "shape": "cylinder",
      "rotation": 287.9738930197152
    },
    {
      "3d_coords": [
        0.9729958176612854,
        0.17987903952598572,
        0.3499999940395355
      ],
      "x": 173,
      "pixel_coords": [
        185,
        120,
        10.463030815124512
      ],
      "material": "metal",
      "size": "small",
      "width": 24,
      "height": 31,
      "color": "gray",
      "y": 104,
      "shape": "cylinder",
      "rotation": 289.2885267033438
    },
    {
      "3d_coords": [
        -1.5514674186706543,
        0.5764442086219788,
        0.3499999940395355
      ],
      "x": 135,
      "pixel_coords": [
        145,
        91,
        12.421955108642578
      ],
      "material": "metal",
      "size": "small",
      "width": 20,
      "height": 26,
      "color": "green",
      "y": 78,
      "shape": "cylinder",
      "rotation": 111.54731089407412
    },
    {
      "3d_coords": [
        -2.827983856201172,
        0.7827815413475037,
        0.3499999940395355
      ],
      "x": 121,
      "pixel_coords": [
        130,
        79,
        13.415717124938965
      ],
      "material": "metal",
      "size": "small",
      "width": 18,
      "height": 18,
      "color": "blue",
      "y": 70,
      "shape": "sphere",
      "rotation": 238.1833433272384
    },
    {
      "3d_coords": [
        -2.8747458457946777,
        2.8962690830230713,
        0.3499999940395355
      ],
      "x": 163,
      "pixel_coords": [
        171,
        67,
        14.617152214050293
      ],
      "material": "metal",
      "size": "small",
      "width": 17,
      "height": 17,
      "color": "brown",
      "y": 59,
      "shape": "sphere",
      "rotation": 279.5036520771631
    },
    {
      "3d_coords": [
        2.171994686126709,
        2.242499828338623,
        0.3499999940395355
      ],
      "x": 248,
      "pixel_coords": [
        261,
        114,
        10.77790641784668
      ],
      "material": "rubber",
      "size": "small",
      "width": 26,
      "height": 30,
      "color": "cyan",
      "y": 99,
      "shape": "cylinder",
      "rotation": 132.327589967282
    },
    {
      "3d_coords": [
        -0.737703800201416,
        2.208308458328247,
        0.3499999940395355
      ],
      "x": 185,
      "pixel_coords": [
        195,
        86,
        12.763984680175781
      ],
      "material": "metal",
      "size": "small",
      "width": 21,
      "height": 24,
      "color": "yellow",
      "y": 74,
      "shape": "cube",
      "rotation": 51.12276383271006
    },
    {
      "3d_coords": [
        -2.687847852706909,
        -1.3863228559494019,
        0.699999988079071
      ],
      "x": 52,
      "pixel_coords": [
        79,
        85,
        11.955330848693848
      ],
      "material": "rubber",
      "size": "large",
      "width": 54,
      "height": 56,
      "color": "cyan",
      "y": 58,
      "shape": "cube",
      "rotation": 218.17992779516038
    },
    {
      "3d_coords": [
        2.1010940074920654,
        -2.047619581222534,
        0.699999988079071
      ],
      "x": 111,
      "pixel_coords": [
        148,
        152,
        8.289563179016113
      ],
      "material": "rubber",
      "size": "large",
      "width": 77,
      "height": 87,
      "color": "purple",
      "y": 110,
      "shape": "cube",
      "rotation": 83.00349546464248
    },
    {
      "3d_coords": [
        0.8104344606399536,
        1.5979785919189453,
        0.699999988079071
      ],
      "x": 193,
      "pixel_coords": [
        215,
        95,
        11.195721626281738
      ],
      "material": "rubber",
      "size": "large",
      "width": 44,
      "height": 44,
      "color": "cyan",
      "y": 73,
      "shape": "sphere",
      "rotation": 252.60883519076216
    }
  ]
}