{
  "image_filename": "CLEVR_new_000301.png",
  "directions": {
    "above": [
      0.0,
      0.0,
      1.0
    ],
    "behind": [
      -0.754490315914154,
      0.6563112735748291,
      0.0
    ],
    "left": [
      -0.6563112735748291,
      -0.7544902563095093,
      0.0
    ],
    "below": [
      -0.0,
      -0.0,
      -1.0
    ],
    "right": [
      0.6563112735748291,
      0.7544902563095093,
      -0.0
    ],
    "front": [
      0.754490315914154,
      -0.6563112735748291,
      -0.0
    ]
  },
  "relationships": {
    "left": [
      [
        3
      ],
      [
        0,
        2,
        3,
        4
      ],
      [
        0,
        3,
        4
      ],
      [],
      [
        0,
        3
      ]
    ],
    "front": [
      [
        1,
        2,
        3,
        4
      ],
      [
        2,
        3,
        4
      ],
      [],
      [
        2,
        4
      ],
      [
        2
      ]
    ],
    "right": [
      [
        1,
        2,
        4
      ],
      [],
      [
        1
      ],
      [
        0,
        1,
        2,
        4
      ],
      [
        1,
        2
      ]
    ],
    "behind": [
      [],
      [
        0
      ],
      [
        0,
        1,
        3,
        4
      ],
      [
        0,
        1
      ],
      [
        0,
        1,
        3
      ]
    ]
  },
  "split": "new",
  "image_index": 301,
  "objects": [
    {
      "3d_coords": [
        -2.563011884689331,
        0.34346169233322144,
        0.699999988079071
      ],
      "x": 97,
      "pixel_coords": [
        118,
        77,
        12.596753120422363
      ],
      "material": "rubber",
      "size": "large",
      "width": 41,
      "height": 49,
      "color": "cyan",
      "y": 53,
      "shape": "cylinder",
      "rotation": 64.44832860869732
    },
    {
      "3d_coords": [
        1.9025617837905884,
        2.5917675495147705,
        0.3499999940395355
      ],
      "x": 248,
      "pixel_coords": [
        259,
        105,
        11.23294734954834
      ],
      "material": "rubber",
      "size": "small",
      "width": 23,
      "height": 22,
      "color": "blue",
      "y": 94,
      "shape": "sphere",
      "rotation": 155.11756990318102
    },
    {
      "3d_coords": [
        2.6991279125213623,
        -0.0825994461774826,
        0.3499999940395355
      ],
      "x": 215,
      "pixel_coords": [
        229,
        142,
        9.060175895690918
      ],
      "material": "metal",
      "size": "small",
      "width": 30,
      "height": 36,
      "color": "purple",
      "y": 124,
      "shape": "cylinder",
      "rotation": 57.2230250628628
    },
    {
      "3d_coords": [
        -1.110093116760254,
        -1.6145517826080322,
        0.3499999940395355
      ],
      "x": 83,
      "pixel_coords": [
        96,
        114,
        10.59347915649414
      ],
      "material": "rubber",
      "size": "small",
      "width": 25,
      "height": 30,
      "color": "purple",
      "y": 99,
      "shape": "cylinder",
      "rotation": 167.01068936028136
    },
    {
      "3d_coords": [
        0.6524844765663147,
        -1.7752262353897095,
        0.699999988079071
      ],
      "x": 97,
      "pixel_coords": [
        128,
        124,
        9.192316055297852
      ],
      "material": "metal",
      "size": "large",
      "width": 63,
      "height": 73,
      "color": "blue",
      "y": 90,
      "shape": "cube",
      "rotation": 297.9618266826535
    }
  ]
}