{
  "image_filename": "CLEVR_new_000256.png",
  "directions": {
    "above": [
      0.0,
      0.0,
      1.0
    ],
    "behind": [
      -0.754490315914154,
      0.6563112735748291,
      0.0
    ],
    "left": [
      -0.6563112735748291,
      -0.7544902563095093,
      0.0
    ],
    "below": [
      -0.0,
      -0.0,
      -1.0
    ],
    "right": [
      0.6563112735748291,
      0.7544902563095093,
      -0.0
    ],
    "front": [
      0.754490315914154,
      -0.6563112735748291,
      -0.0
    ]
  },
  "relationships": {
    "left": [
      [
        1,
        2,
        3,
        4,
        6,
        7
      ],
      [],
      [
        1,
        4,
        6,
        7
      ],
      [
        1,
        2,
        4,
        6,
        7
      ],
      [
        1,
        6,
        7
      ],
      [
        0,
        1,
        2,
        3,
        4,
        6,
        7
      ],
      [
        1
      ],
      [
        1,
        6
      ]
    ],
    "front": [
      [
        3,
        6
      ],
      [
        0,
        3,
        6
      ],
      [
        0,
        1,
        3,
        5,
        6,
        7
      ],
      [],
      [
        0,
        1,
        2,
        3,
        5,
        6,
        7
      ],
      [
        0,
        1,
        3,
        6
      ],
      [
        3
      ],
      [
        0,
        1,
        3,
        5,
        6
      ]
    ],
    "right": [
      [
        5
      ],
      [
        0,
        2,
        3,
        4,
        5,
        6,
        7
      ],
      [
        0,
        3,
        5
      ],
      [
        0,
        5
      ],
      [
        0,
        2,
        3,
        5
      ],
      [],
      [
        0,
        2,
        3,
        4,
        5,
        7
      ],
      [
        0,
        2,
        3,
        4,
        5
      ]
    ],
    "behind": [
      [
        1,
        2,
        4,
        5,
        7
      ],
      [
        2,
        4,
        5,
        7
      ],
      [
        4
      ],
      [
        0,
        1,
        2,
        4,
        5,
        6,
        7
      ],
      [],
      [
        2,
        4,
        7
      ],
      [
        0,
        1,
        2,
        4,
        5,
        7
      ],
      [
        2,
        4
      ]
    ]
  },
  "split": "new",
  "image_index": 256,
  "objects": [
    {
      "3d_coords": [
        2.7521111965179443,
        0.829007625579834,
        0.3499999940395355
      ],
      "x": 231,
      "pixel_coords": [
        249,
        133,
        9.583186149597168
      ],
      "material": "rubber",
      "size": "small",
      "width": 36,
      "height": 37,
      "color": "blue",
      "y": 115,
      "shape": "cube",
      "rotation": 37.836414282664926
    },
    {
      "3d_coords": [
        -1.6564592123031616,
        -2.058394432067871,
        0.699999988079071
      ],
      "x": 39,
      "pixel_coords": [
        74,
        101,
        10.695196151733398
      ],
      "material": "metal",
      "size": "large",
      "width": 66,
      "height": 62,
      "color": "yellow",
      "y": 71,
      "shape": "cube",
      "rotation": 256.5488806067699
    },
    {
      "3d_coords": [
        -1.283447027206421,
        1.710382342338562,
        0.699999988079071
      ],
      "x": 146,
      "pixel_coords": [
        172,
        77,
        12.66646957397461
      ],
      "material": "rubber",
      "size": "large",
      "width": 51,
      "height": 52,
      "color": "blue",
      "y": 52,
      "shape": "cube",
      "rotation": 173.08116405311674
    },
    {
      "3d_coords": [
        2.753582000732422,
        -1.1262223720550537,
        0.3499999940395355
      ],
      "x": 185,
      "pixel_coords": [
        200,
        159,
        8.429104804992676
      ],
      "material": "rubber",
      "size": "small",
      "width": 31,
      "height": 40,
      "color": "gray",
      "y": 139,
      "shape": "cylinder",
      "rotation": 140.39229080953749
    },
    {
      "3d_coords": [
        -2.8119707107543945,
        0.979844331741333,
        0.3499999940395355
      ],
      "x": 121,
      "pixel_coords": [
        131,
        80,
        13.421405792236328
      ],
      "material": "metal",
      "size": "small",
      "width": 19,
      "height": 23,
      "color": "green",
      "y": 68,
      "shape": "cylinder",
      "rotation": 179.40168040578382
    },
    {
      "3d_coords": [
        1.7120952606201172,
        2.498579740524292,
        0.3499999940395355
      ],
      "x": 241,
      "pixel_coords": [
        253,
        105,
        11.268607139587402
      ],
      "material": "metal",
      "size": "small",
      "width": 25,
      "height": 28,
      "color": "blue",
      "y": 91,
      "shape": "cylinder",
      "rotation": 287.3025578254169
    },
    {
      "3d_coords": [
        0.07290437072515488,
        -2.8934760093688965,
        0.699999988079071
      ],
      "x": 36,
      "pixel_coords": [
        78,
        130,
        9.037405967712402
      ],
      "material": "rubber",
      "size": "large",
      "width": 79,
      "height": 78,
      "color": "yellow",
      "y": 92,
      "shape": "cube",
      "rotation": 249.97328116445306
    },
    {
      "3d_coords": [
        -1.8902283906936646,
        -0.5485352873802185,
        0.3499999940395355
      ],
      "x": 100,
      "pixel_coords": [
        111,
        97,
        11.898948669433594
      ],
      "material": "metal",
      "size": "small",
      "width": 22,
      "height": 27,
      "color": "green",
      "y": 84,
      "shape": "cylinder",
      "rotation": 124.86163434234814
    }
  ]
}