{
  "image_filename": "CLEVR_new_000216.png",
  "directions": {
    "above": [
      0.0,
      0.0,
      1.0
    ],
    "behind": [
      -0.754490315914154,
      0.6563112735748291,
      0.0
    ],
    "left": [
      -0.6563112735748291,
      -0.7544902563095093,
      0.0
    ],
    "below": [
      -0.0,
      -0.0,
      -1.0
    ],
    "right": [
      0.6563112735748291,
      0.7544902563095093,
      -0.0
    ],
    "front": [
      0.754490315914154,
      -0.6563112735748291,
      -0.0
    ]
  },
  "relationships": {
    "left": [
      [
        1,
        3,
        5
      ],
      [
        3,
        5
      ],
      [
        0,
        1,
        3,
        4,
        5
      ],
      [],
      [
        0,
        1,
        3,
        5
      ],
      [
        3
      ]
    ],
    "front": [
      [],
      [
        0,
        2,
        3,
        5
      ],
      [
        0,
        5
      ],
      [
        0,
        2,
        5
      ],
      [
        0,
        1,
        2,
        3,
        5
      ],
      [
        0
      ]
    ],
    "right": [
      [
        2,
        4
      ],
      [
        0,
        2,
        4
      ],
      [],
      [
        0,
        1,
        2,
        4,
        5
      ],
      [
        2
      ],
      [
        0,
        1,
        2,
        4
      ]
    ],
    "behind": [
      [
        1,
        2,
        3,
        4,
        5
      ],
      [
        4
      ],
      [
        1,
        3,
        4
      ],
      [
        1,
        4
      ],
      [],
      [
        1,
        2,
        3,
        4
      ]
    ]
  },
  "split": "new",
  "image_index": 216,
  "objects": [
    {
      "3d_coords": [
        2.5140771865844727,
        -1.5044348239898682,
        0.699999988079071
      ],
      "x": 150,
      "pixel_coords": [
        180,
        155,
        8.357802391052246
      ],
      "material": "rubber",
      "size": "large",
      "width": 61,
      "height": 81,
      "color": "purple",
      "y": 116,
      "shape": "cylinder",
      "rotation": 238.13857855926904
    },
    {
      "3d_coords": [
        -1.367274284362793,
        -0.45477283000946045,
        0.699999988079071
      ],
      "x": 99,
      "pixel_coords": [
        123,
        90,
        11.511503219604492
      ],
      "material": "metal",
      "size": "large",
      "width": 45,
      "height": 56,
      "color": "green",
      "y": 63,
      "shape": "cylinder",
      "rotation": 112.78920517826148
    },
    {
      "3d_coords": [
        2.6121063232421875,
        1.0154629945755005,
        0.3499999940395355
      ],
      "x": 235,
      "pixel_coords": [
        247,
        133,
        9.882169723510742
      ],
      "material": "metal",
      "size": "small",
      "width": 26,
      "height": 25,
      "color": "purple",
      "y": 120,
      "shape": "sphere",
      "rotation": 175.78629084174318
    },
    {
      "3d_coords": [
        -2.4540467262268066,
        -2.727623701095581,
        0.699999988079071
      ],
      "x": 15,
      "pixel_coords": [
        43,
        99,
        10.953489303588867
      ],
      "material": "rubber",
      "size": "large",
      "width": 54,
      "height": 59,
      "color": "yellow",
      "y": 70,
      "shape": "cylinder",
      "rotation": 145.8982225289652
    },
    {
      "3d_coords": [
        -0.5634315013885498,
        2.7440385818481445,
        0.3499999940395355
      ],
      "x": 194,
      "pixel_coords": [
        207,
        82,
        12.950703620910645
      ],
      "material": "rubber",
      "size": "small",
      "width": 25,
      "height": 26,
      "color": "gray",
      "y": 69,
      "shape": "cube",
      "rotation": 133.85313586174522
    },
    {
      "3d_coords": [
        0.29395830631256104,
        -2.7309939861297607,
        0.699999988079071
      ],
      "x": 48,
      "pixel_coords": [
        88,
        135,
        9.136001586914062
      ],
      "material": "rubber",
      "size": "large",
      "width": 73,
      "height": 75,
      "color": "red",
      "y": 99,
      "shape": "cube",
      "rotation": 43.044968551720245
    }
  ]
}