{
  "image_filename": "CLEVR_new_000529.png",
  "directions": {
    "above": [
      0.0,
      0.0,
      1.0
    ],
    "behind": [
      -0.754490315914154,
      0.6563112735748291,
      0.0
    ],
    "left": [
      -0.6563112735748291,
      -0.7544902563095093,
      0.0
    ],
    "below": [
      -0.0,
      -0.0,
      -1.0
    ],
    "right": [
      0.6563112735748291,
      0.7544902563095093,
      -0.0
    ],
    "front": [
      0.754490315914154,
      -0.6563112735748291,
      -0.0
    ]
  },
  "relationships": {
    "left": [
      [
        5
      ],
      [
        0,
        2,
        4,
        5,
        6
      ],
      [
        0,
        4,
        5,
        6
      ],
      [
        0,
        1,
        2,
        4,
        5,
        6
      ],
      [
        0,
        5
      ],
      [],
      [
        0,
        4,
        5
      ]
    ],
    "front": [
      [
        1,
        2,
        3,
        4,
        5,
        6
      ],
      [
        3,
        4,
        5,
        6
      ],
      [
        1,
        3,
        4,
        5,
        6
      ],
      [
        4,
        5,
        6
      ],
      [
        5,
        6
      ],
      [
        6
      ],
      []
    ],
    "right": [
      [
        1,
        2,
        3,
        4,
        6
      ],
      [
        3
      ],
      [
        1,
        3
      ],
      [],
      [
        1,
        2,
        3,
        6
      ],
      [
        0,
        1,
        2,
        3,
        4,
        6
      ],
      [
        1,
        2,
        3
      ]
    ],
    "behind": [
      [],
      [
        0,
        2
      ],
      [
        0
      ],
      [
        0,
        1,
        2
      ],
      [
        0,
        1,
        2,
        3
      ],
      [
        0,
        1,
        2,
        3,
        4
      ],
      [
        0,
        1,
        2,
        3,
        4,
        5
      ]
    ]
  },
  "split": "new",
  "image_index": 529,
  "objects": [
    {
      "3d_coords": [
        -2.951633930206299,
        0.05352924391627312,
        0.699999988079071
      ],
      "x": 94,
      "pixel_coords": [
        114,
        73,
        13.30398178100586
      ],
      "material": "rubber",
      "size": "large",
      "width": 39,
      "height": 48,
      "color": "purple",
      "y": 49,
      "shape": "cylinder",
      "rotation": 32.25634443160808
    },
    {
      "3d_coords": [
        1.3820289373397827,
        2.9087281227111816,
        0.3499999940395355
      ],
      "x": 237,
      "pixel_coords": [
        252,
        101,
        11.998994827270508
      ],
      "material": "metal",
      "size": "small",
      "width": 30,
      "height": 29,
      "color": "blue",
      "y": 87,
      "shape": "cube",
      "rotation": 232.55757263130312
    },
    {
      "3d_coords": [
        -0.315564900636673,
        1.8295539617538452,
        0.3499999940395355
      ],
      "x": 185,
      "pixel_coords": [
        195,
        93,
        12.599254608154297
      ],
      "material": "metal",
      "size": "small",
      "width": 20,
      "height": 19,
      "color": "gray",
      "y": 83,
      "shape": "sphere",
      "rotation": 79.81415282056982
    },
    {
      "3d_coords": [
        2.569195032119751,
        2.8962576389312744,
        0.3499999940395355
      ],
      "x": 268,
      "pixel_coords": [
        281,
        115,
        11.175206184387207
      ],
      "material": "metal",
      "size": "small",
      "width": 26,
      "height": 29,
      "color": "green",
      "y": 100,
      "shape": "cylinder",
      "rotation": 249.1144936645534
    },
    {
      "3d_coords": [
        0.09722592681646347,
        -1.2623498439788818,
        0.699999988079071
      ],
      "x": 105,
      "pixel_coords": [
        129,
        114,
        10.512222290039062
      ],
      "material": "rubber",
      "size": "large",
      "width": 47,
      "height": 47,
      "color": "yellow",
      "y": 90,
      "shape": "sphere",
      "rotation": 222.68544098796852
    },
    {
      "3d_coords": [
        -0.3563498258590698,
        -2.8876218795776367,
        0.3499999940395355
      ],
      "x": 59,
      "pixel_coords": [
        73,
        135,
        10.143108367919922
      ],
      "material": "rubber",
      "size": "small",
      "width": 28,
      "height": 33,
      "color": "yellow",
      "y": 119,
      "shape": "cylinder",
      "rotation": 247.1168156193861
    },
    {
      "3d_coords": [
        2.7886030673980713,
        -2.0151004791259766,
        0.3499999940395355
      ],
      "x": 149,
      "pixel_coords": [
        164,
        179,
        8.437685012817383
      ],
      "material": "metal",
      "size": "small",
      "width": 29,
      "height": 29,
      "color": "red",
      "y": 164,
      "shape": "sphere",
      "rotation": 337.01286915653753
    }
  ]
}