{
  "image_filename": "CLEVR_new_000221.png",
  "directions": {
    "above": [
      0.0,
      0.0,
      1.0
    ],
    "behind": [
      -0.754490315914154,
      0.6563112735748291,
      0.0
    ],
    "left": [
      -0.6563112735748291,
      -0.7544902563095093,
      0.0
    ],
    "below": [
      -0.0,
      -0.0,
      -1.0
    ],
    "right": [
      0.6563112735748291,
      0.7544902563095093,
      -0.0
    ],
    "front": [
      0.754490315914154,
      -0.6563112735748291,
      -0.0
    ]
  },
  "relationships": {
    "left": [
      [
        1
      ],
      [],
      [
        0,
        1,
        3
      ],
      [
        0,
        1
      ],
      [
        0,
        1,
        2,
        3,
        5
      ],
      [
        0,
        1,
        2,
        3
      ]
    ],
    "front": [
      [
        5
      ],
      [
        0,
        2,
        5
      ],
      [
        0,
        5
      ],
      [
        0,
        1,
        2,
        4,
        5
      ],
      [
        0,
        1,
        2,
        5
      ],
      []
    ],
    "right": [
      [
        2,
        3,
        4,
        5
      ],
      [
        0,
        2,
        3,
        4,
        5
      ],
      [
        4,
        5
      ],
      [
        2,
        4,
        5
      ],
      [],
      [
        4
      ]
    ],
    "behind": [
      [
        1,
        2,
        3,
        4
      ],
      [
        3,
        4
      ],
      [
        1,
        3,
        4
      ],
      [],
      [
        3
      ],
      [
        0,
        1,
        2,
        3,
        4
      ]
    ]
  },
  "split": "new",
  "image_index": 221,
  "objects": [
    {
      "3d_coords": [
        0.5206714272499084,
        -2.4514458179473877,
        0.3499999940395355
      ],
      "x": 92,
      "pixel_coords": [
        106,
        146,
        9.569442749023438
      ],
      "material": "metal",
      "size": "small",
      "width": 28,
      "height": 35,
      "color": "yellow",
      "y": 128,
      "shape": "cylinder",
      "rotation": 177.1213691339947
    },
    {
      "3d_coords": [
        -2.8650481700897217,
        -2.7317168712615967,
        0.3499999940395355
      ],
      "x": 25,
      "pixel_coords": [
        41,
        106,
        11.590433120727539
      ],
      "material": "rubber",
      "size": "small",
      "width": 31,
      "height": 30,
      "color": "blue",
      "y": 91,
      "shape": "cube",
      "rotation": 95.83399244467392
    },
    {
      "3d_coords": [
        0.8702623248100281,
        -0.6832075119018555,
        0.699999988079071
      ],
      "x": 139,
      "pixel_coords": [
        163,
        118,
        10.197148323059082
      ],
      "material": "metal",
      "size": "large",
      "width": 48,
      "height": 48,
      "color": "yellow",
      "y": 94,
      "shape": "sphere",
      "rotation": 209.60389403336706
    },
    {
      "3d_coords": [
        -2.350644111633301,
        1.5770328044891357,
        0.699999988079071
      ],
      "x": 131,
      "pixel_coords": [
        150,
        69,
        13.587389945983887
      ],
      "material": "metal",
      "size": "large",
      "width": 37,
      "height": 47,
      "color": "gray",
      "y": 46,
      "shape": "cylinder",
      "rotation": 310.7982713991458
    },
    {
      "3d_coords": [
        0.31511178612709045,
        1.995239496231079,
        0.699999988079071
      ],
      "x": 182,
      "pixel_coords": [
        209,
        87,
        12.11088752746582
      ],
      "material": "metal",
      "size": "large",
      "width": 54,
      "height": 56,
      "color": "brown",
      "y": 59,
      "shape": "cube",
      "rotation": 174.66662617835942
    },
    {
      "3d_coords": [
        2.8148040771484375,
        -1.4809337854385376,
        0.699999988079071
      ],
      "x": 163,
      "pixel_coords": [
        192,
        158,
        8.479599952697754
      ],
      "material": "rubber",
      "size": "large",
      "width": 58,
      "height": 58,
      "color": "purple",
      "y": 129,
      "shape": "sphere",
      "rotation": 262.8067009280869
    }
  ]
}