{
  "image_filename": "CLEVR_new_000577.png",
  "directions": {
    "above": [
      0.0,
      0.0,
      1.0
    ],
    "behind": [
      -0.754490315914154,
      0.6563112735748291,
      0.0
    ],
    "left": [
      -0.6563112735748291,
      -0.7544902563095093,
      0.0
    ],
    "below": [
      -0.0,
      -0.0,
      -1.0
    ],
    "right": [
      0.6563112735748291,
      0.7544902563095093,
      -0.0
    ],
    "front": [
      0.754490315914154,
      -0.6563112735748291,
      -0.0
    ]
  },
  "relationships": {
    "left": [
      [
        2
      ],
      [
        0,
        2
      ],
      []
    ],
    "front": [
      [
        1,
        2
      ],
      [
        2
      ],
      []
    ],
    "right": [
      [
        1
      ],
      [],
      [
        0,
        1
      ]
    ],
    "behind": [
      [],
      [
        0
      ],
      [
        0,
        1
      ]
    ]
  },
  "split": "new",
  "image_index": 577,
  "objects": [
    {
      "3d_coords": [
        -2.466174840927124,
        2.556370496749878,
        0.3499999940395355
      ],
      "x": 153,
      "pixel_coords": [
        163,
        73,
        14.329785346984863
      ],
      "material": "metal",
      "size": "small",
      "width": 20,
      "height": 22,
      "color": "green",
      "y": 62,
      "shape": "cube",
      "rotation": 226.76041685765725
    },
    {
      "3d_coords": [
        2.002692461013794,
        0.7335108518600464,
        0.699999988079071
      ],
      "x": 197,
      "pixel_coords": [
        226,
        113,
        10.165945053100586
      ],
      "material": "rubber",
      "size": "large",
      "width": 63,
      "height": 64,
      "color": "yellow",
      "y": 82,
      "shape": "cube",
      "rotation": 172.1640381149091
    },
    {
      "3d_coords": [
        0.8588759303092957,
        -1.6097382307052612,
        0.3499999940395355
      ],
      "x": 127,
      "pixel_coords": [
        139,
        137,
        9.613349914550781
      ],
      "material": "rubber",
      "size": "small",
      "width": 26,
      "height": 26,
      "color": "blue",
      "y": 124,
      "shape": "sphere",
      "rotation": 102.23148554367326
    }
  ]
}