{
  "image_filename": "CLEVR_new_000265.png",
  "directions": {
    "above": [
      0.0,
      0.0,
      1.0
    ],
    "behind": [
      -0.754490315914154,
      0.6563112735748291,
      0.0
    ],
    "left": [
      -0.6563112735748291,
      -0.7544902563095093,
      0.0
    ],
    "below": [
      -0.0,
      -0.0,
      -1.0
    ],
    "right": [
      0.6563112735748291,
      0.7544902563095093,
      -0.0
    ],
    "front": [
      0.754490315914154,
      -0.6563112735748291,
      -0.0
    ]
  },
  "relationships": {
    "left": [
      [
        3,
        4,
        5,
        6,
        7,
        8,
        9
      ],
      [
        0,
        3,
        4,
        5,
        6,
        7,
        8,
        9
      ],
      [
        0,
        1,
        3,
        4,
        5,
        6,
        7,
        8,
        9
      ],
      [
        5,
        6
      ],
      [
        3,
        5,
        6,
        7
      ],
      [
        6
      ],
      [],
      [
        3,
        5,
        6
      ],
      [
        3,
        4,
        5,
        6,
        7,
        9
      ],
      [
        3,
        4,
        5,
        6,
        7
      ]
    ],
    "front": [
      [
        1,
        3,
        4,
        6
      ],
      [
        3,
        4
      ],
      [
        0,
        1,
        3,
        4,
        6,
        7
      ],
      [
        4
      ],
      [],
      [
        0,
        1,
        2,
        3,
        4,
        6,
        7
      ],
      [
        1,
        3,
        4
      ],
      [
        0,
        1,
        3,
        4,
        6
      ],
      [
        0,
        1,
        2,
        3,
        4,
        5,
        6,
        7
      ],
      [
        0,
        1,
        2,
        3,
        4,
        5,
        6,
        7,
        8
      ]
    ],
    "right": [
      [
        1,
        2
      ],
      [
        2
      ],
      [],
      [
        0,
        1,
        2,
        4,
        7,
        8,
        9
      ],
      [
        0,
        1,
        2,
        8,
        9
      ],
      [
        0,
        1,
        2,
        3,
        4,
        7,
        8,
        9
      ],
      [
        0,
        1,
        2,
        3,
        4,
        5,
        7,
        8,
        9
      ],
      [
        0,
        1,
        2,
        4,
        8,
        9
      ],
      [
        0,
        1,
        2
      ],
      [
        0,
        1,
        2,
        8
      ]
    ],
    "behind": [
      [
        2,
        5,
        7,
        8,
        9
      ],
      [
        0,
        2,
        5,
        6,
        7,
        8,
        9
      ],
      [
        5,
        8,
        9
      ],
      [
        0,
        1,
        2,
        5,
        6,
        7,
        8,
        9
      ],
      [
        0,
        1,
        2,
        3,
        5,
        6,
        7,
        8,
        9
      ],
      [
        8,
        9
      ],
      [
        0,
        2,
        5,
        7,
        8,
        9
      ],
      [
        2,
        5,
        8,
        9
      ],
      [
        9
      ],
      []
    ]
  },
  "split": "new",
  "image_index": 265,
  "objects": [
    {
      "3d_coords": [
        1.1328445672988892,
        1.1104222536087036,
        0.699999988079071
      ],
      "x": 188,
      "pixel_coords": [
        210,
        102,
        11.09599494934082
      ],
      "material": "metal",
      "size": "large",
      "width": 45,
      "height": 44,
      "color": "yellow",
      "y": 80,
      "shape": "sphere",
      "rotation": 98.16795002874574
    },
    {
      "3d_coords": [
        2.8976314067840576,
        0.3464355170726776,
        0.699999988079071
      ],
      "x": 214,
      "pixel_coords": [
        240,
        132,
        9.488329887390137
      ],
      "material": "metal",
      "size": "large",
      "width": 53,
      "height": 52,
      "color": "cyan",
      "y": 106,
      "shape": "sphere",
      "rotation": 327.3999086404225
    },
    {
      "3d_coords": [
        0.7072737216949463,
        2.925110340118408,
        0.3499999940395355
      ],
      "x": 223,
      "pixel_coords": [
        234,
        93,
        12.597452163696289
      ],
      "material": "rubber",
      "size": "small",
      "width": 22,
      "height": 25,
      "color": "green",
      "y": 80,
      "shape": "cylinder",
      "rotation": 82.39661831676605
    },
    {
      "3d_coords": [
        0.8902221322059631,
        -2.597576856613159,
        0.699999988079071
      ],
      "x": 77,
      "pixel_coords": [
        108,
        140,
        9.102945327758789
      ],
      "material": "rubber",
      "size": "large",
      "width": 58,
      "height": 73,
      "color": "green",
      "y": 105,
      "shape": "cylinder",
      "rotation": 17.864600582785307
    },
    {
      "3d_coords": [
        2.718921184539795,
        -2.191525459289551,
        0.699999988079071
      ],
      "x": 135,
      "pixel_coords": [
        167,
        165,
        8.13251781463623
      ],
      "material": "rubber",
      "size": "large",
      "width": 63,
      "height": 84,
      "color": "brown",
      "y": 125,
      "shape": "cylinder",
      "rotation": 91.08402957490723
    },
    {
      "3d_coords": [
        -2.8166327476501465,
        -0.3049772083759308,
        0.699999988079071
      ],
      "x": 76,
      "pixel_coords": [
        103,
        78,
        12.879195213317871
      ],
      "material": "rubber",
      "size": "large",
      "width": 52,
      "height": 51,
      "color": "purple",
      "y": 54,
      "shape": "cube",
      "rotation": 20.919425011513496
    },
    {
      "3d_coords": [
        -1.3112586736679077,
        -2.8473727703094482,
        0.3499999940395355
      ],
      "x": 48,
      "pixel_coords": [
        61,
        124,
        10.577027320861816
      ],
      "material": "rubber",
      "size": "small",
      "width": 24,
      "height": 23,
      "color": "brown",
      "y": 112,
      "shape": "sphere",
      "rotation": 313.13589982607516
    },
    {
      "3d_coords": [
        -0.9090190529823303,
        -0.0700172632932663,
        0.3499999940395355
      ],
      "x": 127,
      "pixel_coords": [
        141,
        102,
        11.924407005310059
      ],
      "material": "metal",
      "size": "small",
      "width": 28,
      "height": 29,
      "color": "red",
      "y": 88,
      "shape": "cube",
      "rotation": 86.51764726258122
    },
    {
      "3d_coords": [
        -1.3463797569274902,
        2.4696462154388428,
        0.3499999940395355
      ],
      "x": 176,
      "pixel_coords": [
        185,
        80,
        13.687566757202148
      ],
      "material": "metal",
      "size": "small",
      "width": 18,
      "height": 23,
      "color": "blue",
      "y": 68,
      "shape": "cylinder",
      "rotation": 100.9236381818268
    },
    {
      "3d_coords": [
        -2.620818614959717,
        2.989110231399536,
        0.699999988079071
      ],
      "x": 156,
      "pixel_coords": [
        172,
        60,
        14.6627779006958
      ],
      "material": "metal",
      "size": "large",
      "width": 33,
      "height": 34,
      "color": "blue",
      "y": 43,
      "shape": "sphere",
      "rotation": 242.3814595022146
    }
  ]
}