{
  "image_filename": "CLEVR_new_000284.png",
  "directions": {
    "above": [
      0.0,
      0.0,
      1.0
    ],
    "behind": [
      -0.754490315914154,
      0.6563112735748291,
      0.0
    ],
    "left": [
      -0.6563112735748291,
      -0.7544902563095093,
      0.0
    ],
    "below": [
      -0.0,
      -0.0,
      -1.0
    ],
    "right": [
      0.6563112735748291,
      0.7544902563095093,
      -0.0
    ],
    "front": [
      0.754490315914154,
      -0.6563112735748291,
      -0.0
    ]
  },
  "relationships": {
    "left": [
      [],
      [
        0,
        2,
        3
      ],
      [
        0,
        3
      ],
      [
        0
      ],
      [
        0,
        1,
        2,
        3,
        6
      ],
      [
        0,
        1,
        2,
        3,
        4,
        6
      ],
      [
        0,
        1,
        2,
        3
      ]
    ],
    "front": [
      [
        1,
        3,
        4
      ],
      [
        3
      ],
      [
        0,
        1,
        3,
        4,
        5
      ],
      [],
      [
        1,
        3
      ],
      [
        0,
        1,
        3,
        4
      ],
      [
        0,
        1,
        2,
        3,
        4,
        5
      ]
    ],
    "right": [
      [
        1,
        2,
        3,
        4,
        5,
        6
      ],
      [
        4,
        5,
        6
      ],
      [
        1,
        4,
        5,
        6
      ],
      [
        1,
        2,
        4,
        5,
        6
      ],
      [
        5
      ],
      [],
      [
        4,
        5
      ]
    ],
    "behind": [
      [
        2,
        5,
        6
      ],
      [
        0,
        2,
        4,
        5,
        6
      ],
      [
        6
      ],
      [
        0,
        1,
        2,
        4,
        5,
        6
      ],
      [
        0,
        2,
        5,
        6
      ],
      [
        2,
        6
      ],
      []
    ]
  },
  "split": "new",
  "image_index": 284,
  "objects": [
    {
      "3d_coords": [
        -1.6195662021636963,
        -1.4046564102172852,
        0.3499999940395355
      ],
      "x": 86,
      "pixel_coords": [
        97,
        106,
        11.760457038879395
      ],
      "material": "rubber",
      "size": "small",
      "width": 21,
      "height": 21,
      "color": "blue",
      "y": 96,
      "shape": "sphere",
      "rotation": 24.376891991282896
    },
    {
      "3d_coords": [
        1.2380564212799072,
        -0.291023313999176,
        0.699999988079071
      ],
      "x": 155,
      "pixel_coords": [
        179,
        117,
        10.284139633178711
      ],
      "material": "rubber",
      "size": "large",
      "width": 49,
      "height": 63,
      "color": "cyan",
      "y": 86,
      "shape": "cylinder",
      "rotation": 266.9340459069027
    },
    {
      "3d_coords": [
        -1.3212249279022217,
        0.4351275861263275,
        0.699999988079071
      ],
      "x": 126,
      "pixel_coords": [
        146,
        86,
        12.436882972717285
      ],
      "material": "metal",
      "size": "large",
      "width": 39,
      "height": 40,
      "color": "blue",
      "y": 66,
      "shape": "sphere",
      "rotation": 26.12596885102777
    },
    {
      "3d_coords": [
        1.0432888269424438,
        -2.58208966255188,
        0.699999988079071
      ],
      "x": 82,
      "pixel_coords": [
        109,
        140,
        9.118888854980469
      ],
      "material": "rubber",
      "size": "large",
      "width": 54,
      "height": 54,
      "color": "gray",
      "y": 113,
      "shape": "sphere",
      "rotation": 305.9289210623095
    },
    {
      "3d_coords": [
        1.4413044452667236,
        1.0458096265792847,
        0.3499999940395355
      ],
      "x": 203,
      "pixel_coords": [
        215,
        117,
        11.065814018249512
      ],
      "material": "rubber",
      "size": "small",
      "width": 22,
      "height": 22,
      "color": "blue",
      "y": 106,
      "shape": "sphere",
      "rotation": 4.5722693959716265
    },
    {
      "3d_coords": [
        1.4468510150909424,
        2.775510311126709,
        0.3499999940395355
      ],
      "x": 235,
      "pixel_coords": [
        249,
        102,
        12.041830062866211
      ],
      "material": "rubber",
      "size": "small",
      "width": 28,
      "height": 29,
      "color": "blue",
      "y": 88,
      "shape": "cube",
      "rotation": 204.4332042555721
    },
    {
      "3d_coords": [
        -1.012747883796692,
        2.5178921222686768,
        0.699999988079071
      ],
      "x": 175,
      "pixel_coords": [
        194,
        75,
        13.406768798828125
      ],
      "material": "rubber",
      "size": "large",
      "width": 37,
      "height": 37,
      "color": "blue",
      "y": 56,
      "shape": "sphere",
      "rotation": 350.1636802995633
    }
  ]
}