{
  "image_filename": "CLEVR_new_000319.png",
  "directions": {
    "above": [
      0.0,
      0.0,
      1.0
    ],
    "behind": [
      -0.754490315914154,
      0.6563112735748291,
      0.0
    ],
    "left": [
      -0.6563112735748291,
      -0.7544902563095093,
      0.0
    ],
    "below": [
      -0.0,
      -0.0,
      -1.0
    ],
    "right": [
      0.6563112735748291,
      0.7544902563095093,
      -0.0
    ],
    "front": [
      0.754490315914154,
      -0.6563112735748291,
      -0.0
    ]
  },
  "relationships": {
    "left": [
      [
        3
      ],
      [
        0,
        2,
        3,
        4,
        5,
        7
      ],
      [
        0,
        3,
        4,
        5
      ],
      [],
      [
        0,
        3,
        5
      ],
      [
        0,
        3
      ],
      [
        0,
        1,
        2,
        3,
        4,
        5,
        7
      ],
      [
        0,
        2,
        3,
        4,
        5
      ],
      [
        0,
        1,
        2,
        3,
        4,
        5,
        6,
        7
      ],
      [
        0,
        1,
        2,
        3,
        4,
        5,
        6,
        7,
        8
      ]
    ],
    "front": [
      [
        4,
        6,
        7,
        8
      ],
      [
        0,
        2,
        3,
        4,
        5,
        6,
        7,
        8,
        9
      ],
      [
        0,
        3,
        4,
        6,
        7,
        8,
        9
      ],
      [
        0,
        4,
        6,
        7,
        8,
        9
      ],
      [
        6,
        7
      ],
      [
        0,
        2,
        3,
        4,
        6,
        7,
        8,
        9
      ],
      [
        7
      ],
      [],
      [
        4,
        6,
        7
      ],
      [
        0,
        4,
        6,
        7,
        8
      ]
    ],
    "right": [
      [
        1,
        2,
        4,
        5,
        6,
        7,
        8,
        9
      ],
      [
        6,
        8,
        9
      ],
      [
        1,
        6,
        7,
        8,
        9
      ],
      [
        0,
        1,
        2,
        4,
        5,
        6,
        7,
        8,
        9
      ],
      [
        1,
        2,
        6,
        7,
        8,
        9
      ],
      [
        1,
        2,
        4,
        6,
        7,
        8,
        9
      ],
      [
        8,
        9
      ],
      [
        1,
        6,
        8,
        9
      ],
      [
        9
      ],
      []
    ],
    "behind": [
      [
        1,
        2,
        3,
        5,
        9
      ],
      [],
      [
        1,
        5
      ],
      [
        1,
        2,
        5
      ],
      [
        0,
        1,
        2,
        3,
        5,
        8,
        9
      ],
      [
        1
      ],
      [
        0,
        1,
        2,
        3,
        4,
        5,
        8,
        9
      ],
      [
        0,
        1,
        2,
        3,
        4,
        5,
        6,
        8,
        9
      ],
      [
        0,
        1,
        2,
        3,
        5,
        9
      ],
      [
        1,
        2,
        3,
        5
      ]
    ]
  },
  "split": "new",
  "image_index": 319,
  "objects": [
    {
      "3d_coords": [
        -1.3366302251815796,
        -2.979144811630249,
        0.3499999940395355
      ],
      "x": 39,
      "pixel_coords": [
        51,
        122,
        10.190861701965332
      ],
      "material": "rubber",
      "size": "small",
      "width": 25,
      "height": 24,
      "color": "cyan",
      "y": 110,
      "shape": "sphere",
      "rotation": 284.42903039256487
    },
    {
      "3d_coords": [
        -2.3272693157196045,
        2.507932424545288,
        0.3499999940395355
      ],
      "x": 164,
      "pixel_coords": [
        173,
        74,
        13.943922996520996
      ],
      "material": "metal",
      "size": "small",
      "width": 18,
      "height": 22,
      "color": "blue",
      "y": 63,
      "shape": "cylinder",
      "rotation": 183.66951711474897
    },
    {
      "3d_coords": [
        -1.1180684566497803,
        0.0028148337733000517,
        0.699999988079071
      ],
      "x": 115,
      "pixel_coords": [
        139,
        89,
        11.54525089263916
      ],
      "material": "rubber",
      "size": "large",
      "width": 46,
      "height": 53,
      "color": "blue",
      "y": 63,
      "shape": "cube",
      "rotation": 85.70752145037613
    },
    {
      "3d_coords": [
        -2.9278275966644287,
        -2.9306440353393555,
        0.3499999940395355
      ],
      "x": 21,
      "pixel_coords": [
        33,
        104,
        11.32740306854248
      ],
      "material": "metal",
      "size": "small",
      "width": 23,
      "height": 22,
      "color": "blue",
      "y": 93,
      "shape": "sphere",
      "rotation": 82.54790726446457
    },
    {
      "3d_coords": [
        0.6542482376098633,
        -2.4032533168792725,
        0.3499999940395355
      ],
      "x": 85,
      "pixel_coords": [
        104,
        143,
        9.124112129211426
      ],
      "material": "metal",
      "size": "small",
      "width": 38,
      "height": 40,
      "color": "green",
      "y": 123,
      "shape": "cube",
      "rotation": 265.5814008538482
    },
    {
      "3d_coords": [
        -2.582486152648926,
        -0.488713800907135,
        0.3499999940395355
      ],
      "x": 93,
      "pixel_coords": [
        104,
        90,
        12.44944953918457
      ],
      "material": "rubber",
      "size": "small",
      "width": 21,
      "height": 25,
      "color": "gray",
      "y": 77,
      "shape": "cylinder",
      "rotation": 156.84500044103228
    },
    {
      "3d_coords": [
        2.934030055999756,
        -1.251510500907898,
        0.3499999940395355
      ],
      "x": 181,
      "pixel_coords": [
        197,
        166,
        8.1773042678833
      ],
      "material": "rubber",
      "size": "small",
      "width": 31,
      "height": 41,
      "color": "cyan",
      "y": 145,
      "shape": "cylinder",
      "rotation": 41.43185600789441
    },
    {
      "3d_coords": [
        2.7912161350250244,
        -2.7107949256896973,
        0.699999988079071
      ],
      "x": 106,
      "pixel_coords": [
        142,
        174,
        7.3050127029418945
      ],
      "material": "rubber",
      "size": "large",
      "width": 75,
      "height": 94,
      "color": "yellow",
      "y": 129,
      "shape": "cube",
      "rotation": 142.39800576897676
    },
    {
      "3d_coords": [
        2.5984623432159424,
        0.49298179149627686,
        0.3499999940395355
      ],
      "x": 221,
      "pixel_coords": [
        235,
        137,
        9.384881019592285
      ],
      "material": "rubber",
      "size": "small",
      "width": 29,
      "height": 35,
      "color": "yellow",
      "y": 120,
      "shape": "cylinder",
      "rotation": 212.59480442406542
    },
    {
      "3d_coords": [
        2.6057469844818115,
        2.3956990242004395,
        0.699999988079071
      ],
      "x": 254,
      "pixel_coords": [
        279,
        107,
        10.284260749816895
      ],
      "material": "metal",
      "size": "large",
      "width": 50,
      "height": 48,
      "color": "blue",
      "y": 83,
      "shape": "sphere",
      "rotation": 54.016224197444124
    }
  ]
}