{
  "image_filename": "CLEVR_new_000527.png",
  "directions": {
    "above": [
      0.0,
      0.0,
      1.0
    ],
    "behind": [
      -0.754490315914154,
      0.6563112735748291,
      0.0
    ],
    "left": [
      -0.6563112735748291,
      -0.7544902563095093,
      0.0
    ],
    "below": [
      -0.0,
      -0.0,
      -1.0
    ],
    "right": [
      0.6563112735748291,
      0.7544902563095093,
      -0.0
    ],
    "front": [
      0.754490315914154,
      -0.6563112735748291,
      -0.0
    ]
  },
  "relationships": {
    "left": [
      [
        1
      ],
      [],
      [
        0,
        1,
        3,
        4,
        5
      ],
      [
        0,
        1,
        5
      ],
      [
        0,
        1,
        3,
        5
      ],
      [
        0,
        1
      ]
    ],
    "front": [
      [
        1,
        2,
        3,
        5
      ],
      [
        2,
        3,
        5
      ],
      [
        3,
        5
      ],
      [
        5
      ],
      [
        0,
        1,
        2,
        3,
        5
      ],
      []
    ],
    "right": [
      [
        2,
        3,
        4,
        5
      ],
      [
        0,
        2,
        3,
        4,
        5
      ],
      [],
      [
        2,
        4
      ],
      [
        2
      ],
      [
        2,
        3,
        4
      ]
    ],
    "behind": [
      [
        4
      ],
      [
        0,
        4
      ],
      [
        0,
        1,
        4
      ],
      [
        0,
        1,
        2,
        4
      ],
      [],
      [
        0,
        1,
        2,
        3,
        4
      ]
    ]
  },
  "split": "new",
  "image_index": 527,
  "objects": [
    {
      "3d_coords": [
        -2.5876026153564453,
        1.0989571809768677,
        0.3499999940395355
      ],
      "x": 127,
      "pixel_coords": [
        139,
        79,
        13.47061824798584
      ],
      "material": "metal",
      "size": "small",
      "width": 24,
      "height": 24,
      "color": "yellow",
      "y": 67,
      "shape": "cube",
      "rotation": 151.21039981579423
    },
    {
      "3d_coords": [
        -1.3498241901397705,
        -0.7032396793365479,
        0.3499999940395355
      ],
      "x": 106,
      "pixel_coords": [
        118,
        102,
        11.609776496887207
      ],
      "material": "metal",
      "size": "small",
      "width": 24,
      "height": 28,
      "color": "purple",
      "y": 89,
      "shape": "cube",
      "rotation": 136.17069756590058
    },
    {
      "3d_coords": [
        2.4644672870635986,
        2.9849605560302734,
        0.3499999940395355
      ],
      "x": 271,
      "pixel_coords": [
        282,
        110,
        11.081430435180664
      ],
      "material": "metal",
      "size": "small",
      "width": 23,
      "height": 22,
      "color": "cyan",
      "y": 99,
      "shape": "sphere",
      "rotation": 14.900239895238006
    },
    {
      "3d_coords": [
        1.1987498998641968,
        -0.9316288828849792,
        0.699999988079071
      ],
      "x": 135,
      "pixel_coords": [
        162,
        123,
        9.577296257019043
      ],
      "material": "metal",
      "size": "large",
      "width": 53,
      "height": 68,
      "color": "blue",
      "y": 90,
      "shape": "cylinder",
      "rotation": 168.2333019530413
    },
    {
      "3d_coords": [
        -1.943038821220398,
        2.88179874420166,
        0.699999988079071
      ],
      "x": 167,
      "pixel_coords": [
        185,
        65,
        13.871902465820312
      ],
      "material": "metal",
      "size": "large",
      "width": 35,
      "height": 36,
      "color": "purple",
      "y": 47,
      "shape": "sphere",
      "rotation": 201.3914488021208
    },
    {
      "3d_coords": [
        2.10302472114563,
        -2.4217889308929443,
        0.699999988079071
      ],
      "x": 98,
      "pixel_coords": [
        137,
        157,
        8.120077133178711
      ],
      "material": "rubber",
      "size": "large",
      "width": 73,
      "height": 84,
      "color": "purple",
      "y": 116,
      "shape": "cube",
      "rotation": 181.36015212322994
    }
  ]
}