{
  "image_filename": "CLEVR_new_000388.png",
  "directions": {
    "above": [
      0.0,
      0.0,
      1.0
    ],
    "behind": [
      -0.754490315914154,
      0.6563112735748291,
      0.0
    ],
    "left": [
      -0.6563112735748291,
      -0.7544902563095093,
      0.0
    ],
    "below": [
      -0.0,
      -0.0,
      -1.0
    ],
    "right": [
      0.6563112735748291,
      0.7544902563095093,
      -0.0
    ],
    "front": [
      0.754490315914154,
      -0.6563112735748291,
      -0.0
    ]
  },
  "relationships": {
    "left": [
      [
        1,
        2,
        3,
        4,
        8
      ],
      [],
      [
        1
      ],
      [
        1,
        2,
        4,
        8
      ],
      [
        1,
        2
      ],
      [
        0,
        1,
        2,
        3,
        4,
        6,
        8
      ],
      [
        0,
        1,
        2,
        3,
        4,
        8
      ],
      [
        0,
        1,
        2,
        3,
        4,
        5,
        6,
        8
      ],
      [
        1,
        2,
        4
      ],
      [
        0,
        1,
        2,
        3,
        4,
        5,
        6,
        7,
        8
      ]
    ],
    "front": [
      [
        3,
        4,
        6,
        9
      ],
      [
        0,
        3,
        4,
        6,
        9
      ],
      [
        0,
        1,
        3,
        4,
        6,
        7,
        9
      ],
      [],
      [
        3,
        6
      ],
      [
        0,
        1,
        2,
        3,
        4,
        6,
        7,
        9
      ],
      [
        3
      ],
      [
        0,
        1,
        3,
        4,
        6,
        9
      ],
      [
        0,
        1,
        2,
        3,
        4,
        5,
        6,
        7,
        9
      ],
      [
        3,
        4,
        6
      ]
    ],
    "right": [
      [
        5,
        6,
        7,
        9
      ],
      [
        0,
        2,
        3,
        4,
        5,
        6,
        7,
        8,
        9
      ],
      [
        0,
        3,
        4,
        5,
        6,
        7,
        8,
        9
      ],
      [
        0,
        5,
        6,
        7,
        9
      ],
      [
        0,
        3,
        5,
        6,
        7,
        8,
        9
      ],
      [
        7,
        9
      ],
      [
        5,
        7,
        9
      ],
      [
        9
      ],
      [
        0,
        3,
        5,
        6,
        7,
        9
      ],
      []
    ],
    "behind": [
      [
        1,
        2,
        5,
        7,
        8
      ],
      [
        2,
        5,
        7,
        8
      ],
      [
        5,
        8
      ],
      [
        0,
        1,
        2,
        4,
        5,
        6,
        7,
        8,
        9
      ],
      [
        0,
        1,
        2,
        5,
        7,
        8,
        9
      ],
      [
        8
      ],
      [
        0,
        1,
        2,
        4,
        5,
        7,
        8,
        9
      ],
      [
        2,
        5,
        8
      ],
      [],
      [
        0,
        1,
        2,
        5,
        7,
        8
      ]
    ]
  },
  "split": "new",
  "image_index": 388,
  "objects": [
    {
      "3d_coords": [
        0.8832860589027405,
        -0.23257790505886078,
        0.699999988079071
      ],
      "x": 148,
      "pixel_coords": [
        174,
        111,
        10.273514747619629
      ],
      "material": "rubber",
      "size": "large",
      "width": 56,
      "height": 63,
      "color": "red",
      "y": 81,
      "shape": "cube",
      "rotation": 59.11086054491584
    },
    {
      "3d_coords": [
        -2.1624598503112793,
        -2.501847743988037,
        0.699999988079071
      ],
      "x": 27,
      "pixel_coords": [
        54,
        101,
        10.939135551452637
      ],
      "material": "rubber",
      "size": "large",
      "width": 52,
      "height": 58,
      "color": "purple",
      "y": 73,
      "shape": "cylinder",
      "rotation": 126.09427583694793
    },
    {
      "3d_coords": [
        -2.9444775581359863,
        -0.5938287973403931,
        0.3499999940395355
      ],
      "x": 83,
      "pixel_coords": [
        94,
        90,
        12.7586669921875
      ],
      "material": "rubber",
      "size": "small",
      "width": 21,
      "height": 25,
      "color": "blue",
      "y": 77,
      "shape": "cylinder",
      "rotation": 305.9178069215284
    },
    {
      "3d_coords": [
        2.9052367210388184,
        -2.530076503753662,
        0.3499999940395355
      ],
      "x": 147,
      "pixel_coords": [
        163,
        184,
        7.707810878753662
      ],
      "material": "metal",
      "size": "small",
      "width": 32,
      "height": 45,
      "color": "purple",
      "y": 162,
      "shape": "cylinder",
      "rotation": 47.684307569597465
    },
    {
      "3d_coords": [
        0.7045865058898926,
        -2.1147289276123047,
        0.699999988079071
      ],
      "x": 92,
      "pixel_coords": [
        118,
        129,
        9.26436710357666
      ],
      "material": "rubber",
      "size": "large",
      "width": 53,
      "height": 53,
      "color": "purple",
      "y": 103,
      "shape": "sphere",
      "rotation": 256.21381726259955
    },
    {
      "3d_coords": [
        -1.103929877281189,
        2.904494285583496,
        0.3499999940395355
      ],
      "x": 187,
      "pixel_coords": [
        196,
        80,
        13.6311674118042
      ],
      "material": "rubber",
      "size": "small",
      "width": 18,
      "height": 18,
      "color": "brown",
      "y": 71,
      "shape": "sphere",
      "rotation": 324.7793872264716
    },
    {
      "3d_coords": [
        2.67529559135437,
        -1.078453540802002,
        0.699999988079071
      ],
      "x": 171,
      "pixel_coords": [
        200,
        144,
        8.57476806640625
      ],
      "material": "metal",
      "size": "large",
      "width": 60,
      "height": 77,
      "color": "blue",
      "y": 106,
      "shape": "cylinder",
      "rotation": 349.4299782670947
    },
    {
      "3d_coords": [
        0.8959092497825623,
        2.5575199127197266,
        0.699999988079071
      ],
      "x": 211,
      "pixel_coords": [
        233,
        88,
        11.937255859375
      ],
      "material": "metal",
      "size": "large",
      "width": 45,
      "height": 53,
      "color": "gray",
      "y": 62,
      "shape": "cylinder",
      "rotation": 310.0957109905308
    },
    {
      "3d_coords": [
        -2.838209629058838,
        1.7220876216888428,
        0.3499999940395355
      ],
      "x": 136,
      "pixel_coords": [
        145,
        76,
        14.075946807861328
      ],
      "material": "metal",
      "size": "small",
      "width": 17,
      "height": 18,
      "color": "yellow",
      "y": 67,
      "shape": "sphere",
      "rotation": 238.30857953114702
    },
    {
      "3d_coords": [
        2.9000039100646973,
        1.4605696201324463,
        0.699999988079071
      ],
      "x": 239,
      "pixel_coords": [
        266,
        116,
        9.946988105773926
      ],
      "material": "rubber",
      "size": "large",
      "width": 58,
      "height": 65,
      "color": "gray",
      "y": 85,
      "shape": "cylinder",
      "rotation": 274.5482259464692
    }
  ]
}