{
  "image_filename": "CLEVR_new_000174.png",
  "directions": {
    "above": [
      0.0,
      0.0,
      1.0
    ],
    "behind": [
      -0.754490315914154,
      0.6563112735748291,
      0.0
    ],
    "left": [
      -0.6563112735748291,
      -0.7544902563095093,
      0.0
    ],
    "below": [
      -0.0,
      -0.0,
      -1.0
    ],
    "right": [
      0.6563112735748291,
      0.7544902563095093,
      -0.0
    ],
    "front": [
      0.754490315914154,
      -0.6563112735748291,
      -0.0
    ]
  },
  "relationships": {
    "left": [
      [
        1,
        2,
        6,
        7
      ],
      [
        2,
        6,
        7
      ],
      [],
      [
        0,
        1,
        2,
        4,
        5,
        6,
        7
      ],
      [
        0,
        1,
        2,
        6,
        7
      ],
      [
        0,
        1,
        2,
        4,
        6,
        7
      ],
      [
        2,
        7
      ],
      [
        2
      ]
    ],
    "front": [
      [],
      [
        0,
        2,
        3,
        4,
        5,
        6,
        7
      ],
      [
        0,
        3,
        5,
        6,
        7
      ],
      [
        0,
        7
      ],
      [
        0,
        2,
        3,
        5,
        6,
        7
      ],
      [
        0,
        3,
        6,
        7
      ],
      [
        0,
        3,
        7
      ],
      [
        0
      ]
    ],
    "right": [
      [
        3,
        4,
        5
      ],
      [
        0,
        3,
        4,
        5
      ],
      [
        0,
        1,
        3,
        4,
        5,
        6,
        7
      ],
      [],
      [
        3,
        5
      ],
      [
        3
      ],
      [
        0,
        1,
        3,
        4,
        5
      ],
      [
        0,
        1,
        3,
        4,
        5,
        6
      ]
    ],
    "behind": [
      [
        1,
        2,
        3,
        4,
        5,
        6,
        7
      ],
      [],
      [
        1,
        4
      ],
      [
        1,
        2,
        4,
        5,
        6
      ],
      [
        1
      ],
      [
        1,
        2,
        4
      ],
      [
        1,
        2,
        4,
        5
      ],
      [
        1,
        2,
        3,
        4,
        5,
        6
      ]
    ]
  },
  "split": "new",
  "image_index": 174,
  "objects": [
    {
      "3d_coords": [
        2.759965658187866,
        -1.157778263092041,
        0.699999988079071
      ],
      "x": 173,
      "pixel_coords": [
        202,
        150,
        8.403823852539062
      ],
      "material": "metal",
      "size": "large",
      "width": 59,
      "height": 59,
      "color": "gray",
      "y": 121,
      "shape": "sphere",
      "rotation": 196.1404966216311
    },
    {
      "3d_coords": [
        -1.8425297737121582,
        2.110564708709717,
        0.3499999940395355
      ],
      "x": 159,
      "pixel_coords": [
        168,
        78,
        13.499957084655762
      ],
      "material": "rubber",
      "size": "small",
      "width": 18,
      "height": 18,
      "color": "red",
      "y": 69,
      "shape": "sphere",
      "rotation": 56.14996321875158
    },
    {
      "3d_coords": [
        -2.444091558456421,
        -0.6815134882926941,
        0.699999988079071
      ],
      "x": 75,
      "pixel_coords": [
        98,
        84,
        12.07142448425293
      ],
      "material": "rubber",
      "size": "large",
      "width": 44,
      "height": 53,
      "color": "purple",
      "y": 58,
      "shape": "cylinder",
      "rotation": 98.71565015097148
    },
    {
      "3d_coords": [
        2.9604485034942627,
        2.047602891921997,
        0.3499999940395355
      ],
      "x": 265,
      "pixel_coords": [
        279,
        123,
        10.338041305541992
      ],
      "material": "rubber",
      "size": "small",
      "width": 28,
      "height": 32,
      "color": "yellow",
      "y": 107,
      "shape": "cylinder",
      "rotation": 48.5158043616891
    },
    {
      "3d_coords": [
        -0.30304664373397827,
        2.5440051555633545,
        0.3499999940395355
      ],
      "x": 196,
      "pixel_coords": [
        206,
        86,
        12.75511360168457
      ],
      "material": "metal",
      "size": "small",
      "width": 20,
      "height": 25,
      "color": "purple",
      "y": 74,
      "shape": "cylinder",
      "rotation": 99.69192865587857
    },
    {
      "3d_coords": [
        1.2290432453155518,
        1.885952115058899,
        0.3499999940395355
      ],
      "x": 217,
      "pixel_coords": [
        228,
        105,
        11.368696212768555
      ],
      "material": "rubber",
      "size": "small",
      "width": 24,
      "height": 28,
      "color": "green",
      "y": 91,
      "shape": "cylinder",
      "rotation": 90.6507136929385
    },
    {
      "3d_coords": [
        -0.13373225927352905,
        -0.7391859292984009,
        0.699999988079071
      ],
      "x": 106,
      "pixel_coords": [
        139,
        106,
        10.534241676330566
      ],
      "material": "rubber",
      "size": "large",
      "width": 63,
      "height": 65,
      "color": "red",
      "y": 74,
      "shape": "cube",
      "rotation": 248.4987540605354
    },
    {
      "3d_coords": [
        0.6831151843070984,
        -2.6029446125030518,
        0.699999988079071
      ],
      "x": 63,
      "pixel_coords": [
        102,
        138,
        8.8991117477417
      ],
      "material": "metal",
      "size": "large",
      "width": 77,
      "height": 82,
      "color": "red",
      "y": 99,
      "shape": "cube",
      "rotation": 300.0565954733766
    }
  ]
}