{
  "image_filename": "CLEVR_new_000204.png",
  "directions": {
    "above": [
      0.0,
      0.0,
      1.0
    ],
    "behind": [
      -0.754490315914154,
      0.6563112735748291,
      0.0
    ],
    "left": [
      -0.6563112735748291,
      -0.7544902563095093,
      0.0
    ],
    "below": [
      -0.0,
      -0.0,
      -1.0
    ],
    "right": [
      0.6563112735748291,
      0.7544902563095093,
      -0.0
    ],
    "front": [
      0.754490315914154,
      -0.6563112735748291,
      -0.0
    ]
  },
  "relationships": {
    "left": [
      [
        1,
        2
      ],
      [
        2
      ],
      []
    ],
    "front": [
      [
        1
      ],
      [],
      [
        0,
        1
      ]
    ],
    "right": [
      [],
      [
        0
      ],
      [
        0,
        1
      ]
    ],
    "behind": [
      [
        2
      ],
      [
        0,
        2
      ],
      []
    ]
  },
  "split": "new",
  "image_index": 204,
  "objects": [
    {
      "3d_coords": [
        2.1850225925445557,
        1.6409661769866943,
        0.699999988079071
      ],
      "x": 220,
      "pixel_coords": [
        246,
        110,
        10.852510452270508
      ],
      "material": "rubber",
      "size": "large",
      "width": 56,
      "height": 59,
      "color": "brown",
      "y": 81,
      "shape": "cube",
      "rotation": 178.3155896933196
    },
    {
      "3d_coords": [
        0.8329474925994873,
        -0.5493568181991577,
        0.3499999940395355
      ],
      "x": 152,
      "pixel_coords": [
        164,
        126,
        10.70691967010498
      ],
      "material": "rubber",
      "size": "small",
      "width": 23,
      "height": 31,
      "color": "gray",
      "y": 111,
      "shape": "cylinder",
      "rotation": 236.6057587347084
    },
    {
      "3d_coords": [
        -2.5352396965026855,
        -1.2045165300369263,
        0.699999988079071
      ],
      "x": 65,
      "pixel_coords": [
        88,
        86,
        12.415904998779297
      ],
      "material": "metal",
      "size": "large",
      "width": 44,
      "height": 52,
      "color": "green",
      "y": 61,
      "shape": "cylinder",
      "rotation": 46.98826386330951
    }
  ]
}