{
  "image_filename": "CLEVR_new_000586.png",
  "directions": {
    "above": [
      0.0,
      0.0,
      1.0
    ],
    "behind": [
      -0.754490315914154,
      0.6563112735748291,
      0.0
    ],
    "left": [
      -0.6563112735748291,
      -0.7544902563095093,
      0.0
    ],
    "below": [
      -0.0,
      -0.0,
      -1.0
    ],
    "right": [
      0.6563112735748291,
      0.7544902563095093,
      -0.0
    ],
    "front": [
      0.754490315914154,
      -0.6563112735748291,
      -0.0
    ]
  },
  "relationships": {
    "left": [
      [
        1,
        2,
        4
      ],
      [
        4
      ],
      [
        1,
        4
      ],
      [
        0,
        1,
        2,
        4
      ],
      []
    ],
    "front": [
      [
        1,
        2,
        3,
        4
      ],
      [
        2,
        3,
        4
      ],
      [],
      [
        2,
        4
      ],
      [
        2
      ]
    ],
    "right": [
      [
        3
      ],
      [
        0,
        2,
        3
      ],
      [
        0,
        3
      ],
      [],
      [
        0,
        1,
        2,
        3
      ]
    ],
    "behind": [
      [],
      [
        0
      ],
      [
        0,
        1,
        3,
        4
      ],
      [
        0,
        1
      ],
      [
        0,
        1,
        3
      ]
    ]
  },
  "split": "new",
  "image_index": 586,
  "objects": [
    {
      "3d_coords": [
        -1.1005712747573853,
        2.4757239818573,
        0.3499999940395355
      ],
      "x": 178,
      "pixel_coords": [
        188,
        82,
        13.10031795501709
      ],
      "material": "metal",
      "size": "small",
      "width": 19,
      "height": 19,
      "color": "brown",
      "y": 72,
      "shape": "sphere",
      "rotation": 193.75742896573286
    },
    {
      "3d_coords": [
        -1.1100034713745117,
        -0.9285120368003845,
        0.3499999940395355
      ],
      "x": 102,
      "pixel_coords": [
        114,
        108,
        11.00752067565918
      ],
      "material": "metal",
      "size": "small",
      "width": 24,
      "height": 29,
      "color": "cyan",
      "y": 93,
      "shape": "cylinder",
      "rotation": 211.14990768661886
    },
    {
      "3d_coords": [
        2.9089033603668213,
        -2.111586809158325,
        0.3499999940395355
      ],
      "x": 166,
      "pixel_coords": [
        182,
        179,
        7.681718349456787
      ],
      "material": "metal",
      "size": "small",
      "width": 33,
      "height": 45,
      "color": "blue",
      "y": 157,
      "shape": "cylinder",
      "rotation": 295.3865005390627
    },
    {
      "3d_coords": [
        2.5231761932373047,
        2.5428690910339355,
        0.3499999940395355
      ],
      "x": 263,
      "pixel_coords": [
        276,
        111,
        10.800630569458008
      ],
      "material": "metal",
      "size": "small",
      "width": 27,
      "height": 30,
      "color": "red",
      "y": 96,
      "shape": "cylinder",
      "rotation": 63.18811113402635
    },
    {
      "3d_coords": [
        0.13441897928714752,
        -2.908677577972412,
        0.3499999940395355
      ],
      "x": 68,
      "pixel_coords": [
        82,
        145,
        8.982697486877441
      ],
      "material": "metal",
      "size": "small",
      "width": 28,
      "height": 27,
      "color": "green",
      "y": 131,
      "shape": "sphere",
      "rotation": 279.15510705258026
    }
  ]
}