{
  "image_filename": "CLEVR_new_000578.png",
  "directions": {
    "above": [
      0.0,
      0.0,
      1.0
    ],
    "behind": [
      -0.754490315914154,
      0.6563112735748291,
      0.0
    ],
    "left": [
      -0.6563112735748291,
      -0.7544902563095093,
      0.0
    ],
    "below": [
      -0.0,
      -0.0,
      -1.0
    ],
    "right": [
      0.6563112735748291,
      0.7544902563095093,
      -0.0
    ],
    "front": [
      0.754490315914154,
      -0.6563112735748291,
      -0.0
    ]
  },
  "relationships": {
    "left": [
      [
        1,
        2
      ],
      [],
      [
        1
      ],
      [
        0,
        1,
        2
      ]
    ],
    "front": [
      [],
      [
        0
      ],
      [
        0,
        1
      ],
      [
        0,
        1,
        2
      ]
    ],
    "right": [
      [
        3
      ],
      [
        0,
        2,
        3
      ],
      [
        0,
        3
      ],
      []
    ],
    "behind": [
      [
        1,
        2,
        3
      ],
      [
        2,
        3
      ],
      [
        3
      ],
      []
    ]
  },
  "split": "new",
  "image_index": 578,
  "objects": [
    {
      "3d_coords": [
        0.48196402192115784,
        -1.3991456031799316,
        0.3499999940395355
      ],
      "x": 122,
      "pixel_coords": [
        135,
        131,
        10.02178955078125
      ],
      "material": "rubber",
      "size": "small",
      "width": 25,
      "height": 33,
      "color": "cyan",
      "y": 114,
      "shape": "cylinder",
      "rotation": 125.46472046373312
    },
    {
      "3d_coords": [
        -1.396161437034607,
        -1.8677873611450195,
        0.3499999940395355
      ],
      "x": 73,
      "pixel_coords": [
        86,
        113,
        10.98637866973877
      ],
      "material": "metal",
      "size": "small",
      "width": 25,
      "height": 30,
      "color": "purple",
      "y": 98,
      "shape": "cylinder",
      "rotation": 127.8927019401574
    },
    {
      "3d_coords": [
        -1.4813801050186157,
        -0.49520352482795715,
        0.699999988079071
      ],
      "x": 97,
      "pixel_coords": [
        119,
        90,
        11.674531936645508
      ],
      "material": "metal",
      "size": "large",
      "width": 44,
      "height": 55,
      "color": "blue",
      "y": 64,
      "shape": "cylinder",
      "rotation": 199.26347496684272
    },
    {
      "3d_coords": [
        -1.5301610231399536,
        2.064570665359497,
        0.3499999940395355
      ],
      "x": 165,
      "pixel_coords": [
        174,
        81,
        13.363311767578125
      ],
      "material": "metal",
      "size": "small",
      "width": 18,
      "height": 18,
      "color": "gray",
      "y": 71,
      "shape": "sphere",
      "rotation": 198.12864539620838
    }
  ]
}