{
  "image_filename": "CLEVR_new_000415.png",
  "directions": {
    "above": [
      0.0,
      0.0,
      1.0
    ],
    "behind": [
      -0.754490315914154,
      0.6563112735748291,
      0.0
    ],
    "left": [
      -0.6563112735748291,
      -0.7544902563095093,
      0.0
    ],
    "below": [
      -0.0,
      -0.0,
      -1.0
    ],
    "right": [
      0.6563112735748291,
      0.7544902563095093,
      -0.0
    ],
    "front": [
      0.754490315914154,
      -0.6563112735748291,
      -0.0
    ]
  },
  "relationships": {
    "left": [
      [
        1,
        3,
        4,
        5,
        6
      ],
      [
        3,
        4,
        6
      ],
      [
        0,
        1,
        3,
        4,
        5,
        6
      ],
      [
        4,
        6
      ],
      [],
      [
        1,
        3,
        4,
        6
      ],
      [
        4
      ]
    ],
    "front": [
      [
        2,
        3,
        5
      ],
      [
        0,
        2,
        3,
        4,
        5,
        6
      ],
      [
        3,
        5
      ],
      [
        5
      ],
      [
        0,
        2,
        3,
        5
      ],
      [],
      [
        0,
        2,
        3,
        4,
        5
      ]
    ],
    "right": [
      [
        2
      ],
      [
        0,
        2,
        5
      ],
      [],
      [
        0,
        1,
        2,
        5
      ],
      [
        0,
        1,
        2,
        3,
        5,
        6
      ],
      [
        0,
        2
      ],
      [
        0,
        1,
        2,
        3,
        5
      ]
    ],
    "behind": [
      [
        1,
        4,
        6
      ],
      [],
      [
        0,
        1,
        4,
        6
      ],
      [
        0,
        1,
        2,
        4,
        6
      ],
      [
        1,
        6
      ],
      [
        0,
        1,
        2,
        3,
        4,
        6
      ],
      [
        1
      ]
    ]
  },
  "split": "new",
  "image_index": 415,
  "objects": [
    {
      "3d_coords": [
        0.5699137449264526,
        1.3027044534683228,
        0.699999988079071
      ],
      "x": 181,
      "pixel_coords": [
        204,
        94,
        10.825267791748047
      ],
      "material": "metal",
      "size": "large",
      "width": 46,
      "height": 45,
      "color": "red",
      "y": 71,
      "shape": "sphere",
      "rotation": 107.85225943153142
    },
    {
      "3d_coords": [
        -2.5468552112579346,
        2.0534346103668213,
        0.699999988079071
      ],
      "x": 139,
      "pixel_coords": [
        158,
        62,
        13.323745727539062
      ],
      "material": "metal",
      "size": "large",
      "width": 37,
      "height": 37,
      "color": "blue",
      "y": 43,
      "shape": "sphere",
      "rotation": 318.77466788979314
    },
    {
      "3d_coords": [
        2.328402042388916,
        2.017892599105835,
        0.699999988079071
      ],
      "x": 239,
      "pixel_coords": [
        266,
        107,
        10.0590238571167
      ],
      "material": "rubber",
      "size": "large",
      "width": 57,
      "height": 65,
      "color": "blue",
      "y": 75,
      "shape": "cylinder",
      "rotation": 29.12746986775567
    },
    {
      "3d_coords": [
        0.8423550128936768,
        -1.667496919631958,
        0.699999988079071
      ],
      "x": 102,
      "pixel_coords": [
        132,
        129,
        8.965764999389648
      ],
      "material": "metal",
      "size": "large",
      "width": 57,
      "height": 74,
      "color": "green",
      "y": 93,
      "shape": "cylinder",
      "rotation": 207.5702298145743
    },
    {
      "3d_coords": [
        -2.3615498542785645,
        -1.0470161437988281,
        0.3499999940395355
      ],
      "x": 78,
      "pixel_coords": [
        90,
        94,
        11.619330406188965
      ],
      "material": "metal",
      "size": "small",
      "width": 23,
      "height": 28,
      "color": "red",
      "y": 81,
      "shape": "cylinder",
      "rotation": 303.7134723496224
    },
    {
      "3d_coords": [
        2.5084118843078613,
        -1.2823517322540283,
        0.699999988079071
      ],
      "x": 149,
      "pixel_coords": [
        188,
        151,
        8.074560165405273
      ],
      "material": "rubber",
      "size": "large",
      "width": 77,
      "height": 89,
      "color": "purple",
      "y": 109,
      "shape": "cube",
      "rotation": 225.09814601759325
    },
    {
      "3d_coords": [
        -2.4832613468170166,
        0.6912823915481567,
        0.3499999940395355
      ],
      "x": 120,
      "pixel_coords": [
        130,
        80,
        12.68248462677002
      ],
      "material": "rubber",
      "size": "small",
      "width": 20,
      "height": 25,
      "color": "gray",
      "y": 68,
      "shape": "cylinder",
      "rotation": 304.4206866442222
    }
  ]
}