{
  "image_filename": "CLEVR_new_000390.png",
  "directions": {
    "above": [
      0.0,
      0.0,
      1.0
    ],
    "behind": [
      -0.754490315914154,
      0.6563112735748291,
      0.0
    ],
    "left": [
      -0.6563112735748291,
      -0.7544902563095093,
      0.0
    ],
    "below": [
      -0.0,
      -0.0,
      -1.0
    ],
    "right": [
      0.6563112735748291,
      0.7544902563095093,
      -0.0
    ],
    "front": [
      0.754490315914154,
      -0.6563112735748291,
      -0.0
    ]
  },
  "relationships": {
    "left": [
      [
        1,
        2,
        3,
        6
      ],
      [
        2,
        3
      ],
      [
        3
      ],
      [],
      [
        0,
        1,
        2,
        3,
        6
      ],
      [
        0,
        1,
        2,
        3,
        4,
        6
      ],
      [
        1,
        2,
        3
      ],
      [
        0,
        1,
        2,
        3,
        4,
        5,
        6
      ]
    ],
    "front": [
      [
        1,
        2,
        3,
        4,
        5,
        6,
        7
      ],
      [
        2,
        3,
        4,
        6,
        7
      ],
      [
        4,
        6,
        7
      ],
      [
        2,
        4,
        6,
        7
      ],
      [
        6,
        7
      ],
      [
        1,
        2,
        3,
        4,
        6,
        7
      ],
      [],
      [
        6
      ]
    ],
    "right": [
      [
        4,
        5,
        7
      ],
      [
        0,
        4,
        5,
        6,
        7
      ],
      [
        0,
        1,
        4,
        5,
        6,
        7
      ],
      [
        0,
        1,
        2,
        4,
        5,
        6,
        7
      ],
      [
        5,
        7
      ],
      [
        7
      ],
      [
        0,
        4,
        5,
        7
      ],
      []
    ],
    "behind": [
      [],
      [
        0,
        5
      ],
      [
        0,
        1,
        3,
        5
      ],
      [
        0,
        1,
        5
      ],
      [
        0,
        1,
        2,
        3,
        5
      ],
      [
        0
      ],
      [
        0,
        1,
        2,
        3,
        4,
        5,
        7
      ],
      [
        0,
        1,
        2,
        3,
        4,
        5
      ]
    ]
  },
  "split": "new",
  "image_index": 390,
  "objects": [
    {
      "3d_coords": [
        -2.6941564083099365,
        2.932361125946045,
        0.3499999940395355
      ],
      "x": 162,
      "pixel_coords": [
        172,
        68,
        14.918148040771484
      ],
      "material": "metal",
      "size": "small",
      "width": 20,
      "height": 22,
      "color": "brown",
      "y": 57,
      "shape": "cube",
      "rotation": 272.8869121016327
    },
    {
      "3d_coords": [
        -1.6947294473648071,
        0.3762418329715729,
        0.3499999940395355
      ],
      "x": 128,
      "pixel_coords": [
        138,
        91,
        12.808504104614258
      ],
      "material": "rubber",
      "size": "small",
      "width": 20,
      "height": 25,
      "color": "green",
      "y": 79,
      "shape": "cylinder",
      "rotation": 27.902632137737893
    },
    {
      "3d_coords": [
        -1.2906367778778076,
        -1.6359556913375854,
        0.3499999940395355
      ],
      "x": 85,
      "pixel_coords": [
        96,
        112,
        11.403220176696777
      ],
      "material": "metal",
      "size": "small",
      "width": 22,
      "height": 21,
      "color": "brown",
      "y": 101,
      "shape": "sphere",
      "rotation": 344.86781114869126
    },
    {
      "3d_coords": [
        -2.664311170578003,
        -2.187710762023926,
        0.699999988079071
      ],
      "x": 35,
      "pixel_coords": [
        60,
        93,
        11.838836669921875
      ],
      "material": "metal",
      "size": "large",
      "width": 48,
      "height": 54,
      "color": "blue",
      "y": 66,
      "shape": "cylinder",
      "rotation": 14.26385101236793
    },
    {
      "3d_coords": [
        1.5880242586135864,
        0.10708300024271011,
        0.699999988079071
      ],
      "x": 173,
      "pixel_coords": [
        198,
        118,
        10.295228004455566
      ],
      "material": "metal",
      "size": "large",
      "width": 50,
      "height": 64,
      "color": "red",
      "y": 87,
      "shape": "cylinder",
      "rotation": 42.63683078414018
    },
    {
      "3d_coords": [
        -0.5220415592193604,
        2.9851841926574707,
        0.699999988079071
      ],
      "x": 186,
      "pixel_coords": [
        211,
        74,
        13.327974319458008
      ],
      "material": "metal",
      "size": "large",
      "width": 52,
      "height": 51,
      "color": "green",
      "y": 50,
      "shape": "cube",
      "rotation": 328.35439224968405
    },
    {
      "3d_coords": [
        2.045987367630005,
        -2.1401870250701904,
        0.699999988079071
      ],
      "x": 118,
      "pixel_coords": [
        147,
        153,
        8.721324920654297
      ],
      "material": "metal",
      "size": "large",
      "width": 58,
      "height": 77,
      "color": "gray",
      "y": 115,
      "shape": "cylinder",
      "rotation": 216.43288933107948
    },
    {
      "3d_coords": [
        2.949678897857666,
        0.7874324321746826,
        0.3499999940395355
      ],
      "x": 235,
      "pixel_coords": [
        248,
        139,
        9.940203666687012
      ],
      "material": "rubber",
      "size": "small",
      "width": 28,
      "height": 34,
      "color": "green",
      "y": 123,
      "shape": "cylinder",
      "rotation": 140.24544165399016
    }
  ]
}