{
  "image_filename": "CLEVR_new_000673.png",
  "directions": {
    "above": [
      0.0,
      0.0,
      1.0
    ],
    "behind": [
      -0.754490315914154,
      0.6563112735748291,
      0.0
    ],
    "left": [
      -0.6563112735748291,
      -0.7544902563095093,
      0.0
    ],
    "below": [
      -0.0,
      -0.0,
      -1.0
    ],
    "right": [
      0.6563112735748291,
      0.7544902563095093,
      -0.0
    ],
    "front": [
      0.754490315914154,
      -0.6563112735748291,
      -0.0
    ]
  },
  "relationships": {
    "left": [
      [
        1,
        4,
        5,
        6,
        7
      ],
      [
        5,
        7
      ],
      [
        0,
        1,
        3,
        4,
        5,
        6,
        7,
        8
      ],
      [
        0,
        1,
        4,
        5,
        6,
        7
      ],
      [
        1,
        5,
        7
      ],
      [],
      [
        1,
        4,
        5,
        7
      ],
      [
        5
      ],
      [
        0,
        1,
        3,
        4,
        5,
        6,
        7
      ]
    ],
    "front": [
      [
        1,
        2,
        3,
        4,
        5,
        6,
        7,
        8
      ],
      [
        6,
        8
      ],
      [
        1,
        6,
        8
      ],
      [
        1,
        2,
        5,
        6,
        7,
        8
      ],
      [
        1,
        2,
        3,
        5,
        6,
        7,
        8
      ],
      [
        1,
        2,
        6,
        8
      ],
      [],
      [
        1,
        2,
        5,
        6,
        8
      ],
      [
        6
      ]
    ],
    "right": [
      [
        2,
        3,
        8
      ],
      [
        0,
        2,
        3,
        4,
        6,
        8
      ],
      [],
      [
        2,
        8
      ],
      [
        0,
        2,
        3,
        6,
        8
      ],
      [
        0,
        1,
        2,
        3,
        4,
        6,
        7,
        8
      ],
      [
        0,
        2,
        3,
        8
      ],
      [
        0,
        1,
        2,
        3,
        4,
        6,
        8
      ],
      [
        2
      ]
    ],
    "behind": [
      [],
      [
        0,
        2,
        3,
        4,
        5,
        7
      ],
      [
        0,
        3,
        4,
        5,
        7
      ],
      [
        0,
        4
      ],
      [
        0
      ],
      [
        0,
        3,
        4,
        7
      ],
      [
        0,
        1,
        2,
        3,
        4,
        5,
        7,
        8
      ],
      [
        0,
        3,
        4
      ],
      [
        0,
        1,
        2,
        3,
        4,
        5,
        7
      ]
    ]
  },
  "split": "new",
  "image_index": 673,
  "objects": [
    {
      "3d_coords": [
        -2.066340446472168,
        2.6573848724365234,
        0.699999988079071
      ],
      "x": 150,
      "pixel_coords": [
        174,
        64,
        14.060365676879883
      ],
      "material": "metal",
      "size": "large",
      "width": 47,
      "height": 47,
      "color": "gray",
      "y": 41,
      "shape": "cube",
      "rotation": 138.11823917799438
    },
    {
      "3d_coords": [
        -0.47255200147628784,
        -1.7287362813949585,
        0.699999988079071
      ],
      "x": 80,
      "pixel_coords": [
        107,
        113,
        10.445244789123535
      ],
      "material": "rubber",
      "size": "large",
      "width": 51,
      "height": 63,
      "color": "red",
      "y": 83,
      "shape": "cylinder",
      "rotation": 211.7838282852534
    },
    {
      "3d_coords": [
        2.254370927810669,
        2.5905582904815674,
        0.3499999940395355
      ],
      "x": 253,
      "pixel_coords": [
        265,
        109,
        11.424574851989746
      ],
      "material": "rubber",
      "size": "small",
      "width": 26,
      "height": 29,
      "color": "red",
      "y": 95,
      "shape": "cube",
      "rotation": 87.05093253068233
    },
    {
      "3d_coords": [
        -0.4017535150051117,
        2.176934003829956,
        0.3499999940395355
      ],
      "x": 186,
      "pixel_coords": [
        196,
        88,
        12.881343841552734
      ],
      "material": "metal",
      "size": "small",
      "width": 20,
      "height": 25,
      "color": "purple",
      "y": 76,
      "shape": "cylinder",
      "rotation": 301.3876699893896
    },
    {
      "3d_coords": [
        -2.450127601623535,
        0.5743688344955444,
        0.3499999940395355
      ],
      "x": 117,
      "pixel_coords": [
        127,
        84,
        13.245604515075684
      ],
      "material": "metal",
      "size": "small",
      "width": 20,
      "height": 23,
      "color": "blue",
      "y": 72,
      "shape": "cube",
      "rotation": 289.86513820477774
    },
    {
      "3d_coords": [
        -2.8482553958892822,
        -2.4451732635498047,
        0.699999988079071
      ],
      "x": 21,
      "pixel_coords": [
        47,
        95,
        11.543286323547363
      ],
      "material": "metal",
      "size": "large",
      "width": 51,
      "height": 56,
      "color": "gray",
      "y": 68,
      "shape": "cylinder",
      "rotation": 290.67318307099515
    },
    {
      "3d_coords": [
        2.0161309242248535,
        -1.8130074739456177,
        0.699999988079071
      ],
      "x": 133,
      "pixel_coords": [
        161,
        149,
        8.801248550415039
      ],
      "material": "metal",
      "size": "large",
      "width": 58,
      "height": 77,
      "color": "green",
      "y": 111,
      "shape": "cylinder",
      "rotation": 17.155634785298403
    },
    {
      "3d_coords": [
        -2.147965908050537,
        -0.9407936334609985,
        0.699999988079071
      ],
      "x": 68,
      "pixel_coords": [
        97,
        89,
        11.98448371887207
      ],
      "material": "metal",
      "size": "large",
      "width": 58,
      "height": 58,
      "color": "green",
      "y": 61,
      "shape": "cube",
      "rotation": 348.77281965130743
    },
    {
      "3d_coords": [
        2.924908399581909,
        0.7869423031806946,
        0.3499999940395355
      ],
      "x": 237,
      "pixel_coords": [
        250,
        137,
        9.928293228149414
      ],
      "material": "rubber",
      "size": "small",
      "width": 28,
      "height": 34,
      "color": "green",
      "y": 121,
      "shape": "cylinder",
      "rotation": 17.11655653779119
    }
  ]
}