{
  "image_filename": "CLEVR_new_000404.png",
  "directions": {
    "above": [
      0.0,
      0.0,
      1.0
    ],
    "behind": [
      -0.754490315914154,
      0.6563112735748291,
      0.0
    ],
    "left": [
      -0.6563112735748291,
      -0.7544902563095093,
      0.0
    ],
    "below": [
      -0.0,
      -0.0,
      -1.0
    ],
    "right": [
      0.6563112735748291,
      0.7544902563095093,
      -0.0
    ],
    "front": [
      0.754490315914154,
      -0.6563112735748291,
      -0.0
    ]
  },
  "relationships": {
    "left": [
      [],
      [
        0,
        2,
        3,
        4,
        5
      ],
      [
        0,
        3,
        4,
        5
      ],
      [
        0,
        5
      ],
      [
        0,
        3,
        5
      ],
      [
        0
      ]
    ],
    "front": [
      [
        2,
        3
      ],
      [
        0,
        2,
        3
      ],
      [
        3
      ],
      [],
      [
        0,
        1,
        2,
        3
      ],
      [
        0,
        1,
        2,
        3,
        4
      ]
    ],
    "right": [
      [
        1,
        2,
        3,
        4,
        5
      ],
      [],
      [
        1
      ],
      [
        1,
        2,
        4
      ],
      [
        1,
        2
      ],
      [
        1,
        2,
        3,
        4
      ]
    ],
    "behind": [
      [
        1,
        4,
        5
      ],
      [
        4,
        5
      ],
      [
        0,
        1,
        4,
        5
      ],
      [
        0,
        1,
        2,
        4,
        5
      ],
      [
        5
      ],
      []
    ]
  },
  "split": "new",
  "image_index": 404,
  "objects": [
    {
      "3d_coords": [
        -1.134613037109375,
        -1.6444979906082153,
        0.3499999940395355
      ],
      "x": 81,
      "pixel_coords": [
        93,
        114,
        10.348736763000488
      ],
      "material": "rubber",
      "size": "small",
      "width": 24,
      "height": 24,
      "color": "blue",
      "y": 102,
      "shape": "sphere",
      "rotation": 209.21747480527722
    },
    {
      "3d_coords": [
        0.4042631983757019,
        1.429825782775879,
        0.3499999940395355
      ],
      "x": 191,
      "pixel_coords": [
        202,
        100,
        11.108414649963379
      ],
      "material": "metal",
      "size": "small",
      "width": 23,
      "height": 29,
      "color": "green",
      "y": 86,
      "shape": "cylinder",
      "rotation": 91.65129633905232
    },
    {
      "3d_coords": [
        2.029536485671997,
        -0.5493088960647583,
        0.699999988079071
      ],
      "x": 169,
      "pixel_coords": [
        197,
        133,
        8.741874694824219
      ],
      "material": "metal",
      "size": "large",
      "width": 56,
      "height": 56,
      "color": "yellow",
      "y": 105,
      "shape": "sphere",
      "rotation": 251.82078628059156
    },
    {
      "3d_coords": [
        1.476761817932129,
        -2.2809371948242188,
        0.699999988079071
      ],
      "x": 93,
      "pixel_coords": [
        128,
        150,
        8.109525680541992
      ],
      "material": "rubber",
      "size": "large",
      "width": 72,
      "height": 87,
      "color": "green",
      "y": 108,
      "shape": "cube",
      "rotation": 76.51953662882707
    },
    {
      "3d_coords": [
        -1.1798224449157715,
        1.0872747898101807,
        0.699999988079071
      ],
      "x": 140,
      "pixel_coords": [
        161,
        78,
        11.769373893737793
      ],
      "material": "rubber",
      "size": "large",
      "width": 42,
      "height": 42,
      "color": "purple",
      "y": 57,
      "shape": "sphere",
      "rotation": 307.6917882829635
    },
    {
      "3d_coords": [
        -2.8216373920440674,
        0.7899342775344849,
        0.699999988079071
      ],
      "x": 97,
      "pixel_coords": [
        125,
        67,
        12.668013572692871
      ],
      "material": "rubber",
      "size": "large",
      "width": 53,
      "height": 53,
      "color": "blue",
      "y": 41,
      "shape": "cube",
      "rotation": 279.87231317603187
    }
  ]
}