{
  "image_filename": "CLEVR_new_000195.png",
  "directions": {
    "above": [
      0.0,
      0.0,
      1.0
    ],
    "behind": [
      -0.754490315914154,
      0.6563112735748291,
      0.0
    ],
    "left": [
      -0.6563112735748291,
      -0.7544902563095093,
      0.0
    ],
    "below": [
      -0.0,
      -0.0,
      -1.0
    ],
    "right": [
      0.6563112735748291,
      0.7544902563095093,
      -0.0
    ],
    "front": [
      0.754490315914154,
      -0.6563112735748291,
      -0.0
    ]
  },
  "relationships": {
    "left": [
      [
        1,
        2
      ],
      [
        2
      ],
      []
    ],
    "front": [
      [
        1,
        2
      ],
      [],
      [
        1
      ]
    ],
    "right": [
      [],
      [
        0
      ],
      [
        0,
        1
      ]
    ],
    "behind": [
      [],
      [
        0,
        2
      ],
      [
        0
      ]
    ]
  },
  "split": "new",
  "image_index": 195,
  "objects": [
    {
      "3d_coords": [
        -0.020845307037234306,
        1.9023361206054688,
        0.699999988079071
      ],
      "x": 175,
      "pixel_coords": [
        202,
        84,
        11.643535614013672
      ],
      "material": "metal",
      "size": "large",
      "width": 58,
      "height": 57,
      "color": "red",
      "y": 56,
      "shape": "cube",
      "rotation": 262.07514485315437
    },
    {
      "3d_coords": [
        0.44704586267471313,
        -2.85292387008667,
        0.699999988079071
      ],
      "x": 51,
      "pixel_coords": [
        85,
        137,
        8.528793334960938
      ],
      "material": "rubber",
      "size": "large",
      "width": 64,
      "height": 78,
      "color": "yellow",
      "y": 99,
      "shape": "cylinder",
      "rotation": 77.39402885477588
    },
    {
      "3d_coords": [
        -2.452075719833374,
        -2.094224691390991,
        0.699999988079071
      ],
      "x": 29,
      "pixel_coords": [
        57,
        94,
        10.894028663635254
      ],
      "material": "metal",
      "size": "large",
      "width": 56,
      "height": 61,
      "color": "green",
      "y": 64,
      "shape": "cube",
      "rotation": 290.248101937706
    }
  ]
}