{
  "image_filename": "CLEVR_new_000375.png",
  "directions": {
    "above": [
      0.0,
      0.0,
      1.0
    ],
    "behind": [
      -0.754490315914154,
      0.6563112735748291,
      0.0
    ],
    "left": [
      -0.6563112735748291,
      -0.7544902563095093,
      0.0
    ],
    "below": [
      -0.0,
      -0.0,
      -1.0
    ],
    "right": [
      0.6563112735748291,
      0.7544902563095093,
      -0.0
    ],
    "front": [
      0.754490315914154,
      -0.6563112735748291,
      -0.0
    ]
  },
  "relationships": {
    "left": [
      [],
      [
        0,
        2
      ],
      [
        0
      ],
      [
        0,
        1,
        2
      ],
      [
        0,
        1,
        2,
        3
      ]
    ],
    "front": [
      [
        1,
        4
      ],
      [
        4
      ],
      [
        0,
        1,
        4
      ],
      [
        0,
        1,
        2,
        4
      ],
      []
    ],
    "right": [
      [
        1,
        2,
        3,
        4
      ],
      [
        3,
        4
      ],
      [
        1,
        3,
        4
      ],
      [
        4
      ],
      []
    ],
    "behind": [
      [
        2,
        3
      ],
      [
        0,
        2,
        3
      ],
      [
        3
      ],
      [],
      [
        0,
        1,
        2,
        3
      ]
    ]
  },
  "split": "new",
  "image_index": 375,
  "objects": [
    {
      "3d_coords": [
        -2.218191623687744,
        -2.85063099861145,
        0.3499999940395355
      ],
      "x": 33,
      "pixel_coords": [
        45,
        113,
        10.95028018951416
      ],
      "material": "rubber",
      "size": "small",
      "width": 24,
      "height": 22,
      "color": "gray",
      "y": 102,
      "shape": "sphere",
      "rotation": 53.426715999650014
    },
    {
      "3d_coords": [
        0.495968759059906,
        -2.262118339538574,
        0.3499999940395355
      ],
      "x": 95,
      "pixel_coords": [
        109,
        139,
        9.46943187713623
      ],
      "material": "metal",
      "size": "small",
      "width": 28,
      "height": 35,
      "color": "purple",
      "y": 122,
      "shape": "cylinder",
      "rotation": 206.58386081534948
    },
    {
      "3d_coords": [
        -2.632617712020874,
        -1.073325514793396,
        0.699999988079071
      ],
      "x": 66,
      "pixel_coords": [
        87,
        85,
        12.119328498840332
      ],
      "material": "metal",
      "size": "large",
      "width": 41,
      "height": 41,
      "color": "yellow",
      "y": 65,
      "shape": "sphere",
      "rotation": 288.47154304182476
    },
    {
      "3d_coords": [
        -1.2487038373947144,
        2.0252671241760254,
        0.3499999940395355
      ],
      "x": 169,
      "pixel_coords": [
        179,
        85,
        13.168641090393066
      ],
      "material": "rubber",
      "size": "small",
      "width": 19,
      "height": 19,
      "color": "green",
      "y": 75,
      "shape": "sphere",
      "rotation": 294.0028652431244
    },
    {
      "3d_coords": [
        2.8291428089141846,
        -0.1904163509607315,
        0.3499999940395355
      ],
      "x": 208,
      "pixel_coords": [
        226,
        147,
        9.118447303771973
      ],
      "material": "metal",
      "size": "small",
      "width": 36,
      "height": 38,
      "color": "green",
      "y": 128,
      "shape": "cube",
      "rotation": 297.9963885475678
    }
  ]
}