{
  "image_filename": "CLEVR_new_000336.png",
  "directions": {
    "above": [
      0.0,
      0.0,
      1.0
    ],
    "behind": [
      -0.754490315914154,
      0.6563112735748291,
      0.0
    ],
    "left": [
      -0.6563112735748291,
      -0.7544902563095093,
      0.0
    ],
    "below": [
      -0.0,
      -0.0,
      -1.0
    ],
    "right": [
      0.6563112735748291,
      0.7544902563095093,
      -0.0
    ],
    "front": [
      0.754490315914154,
      -0.6563112735748291,
      -0.0
    ]
  },
  "relationships": {
    "left": [
      [
        2,
        3,
        4,
        7,
        8
      ],
      [
        0,
        2,
        3,
        4,
        5,
        7,
        8
      ],
      [],
      [
        2,
        4,
        7,
        8
      ],
      [
        2,
        8
      ],
      [
        0,
        2,
        3,
        4,
        7,
        8
      ],
      [
        0,
        1,
        2,
        3,
        4,
        5,
        7,
        8
      ],
      [
        2,
        4,
        8
      ],
      [
        2
      ]
    ],
    "front": [
      [
        7
      ],
      [
        0,
        2,
        6,
        7
      ],
      [
        0,
        7
      ],
      [
        0,
        1,
        2,
        4,
        5,
        6,
        7,
        8
      ],
      [
        0,
        1,
        2,
        5,
        6,
        7,
        8
      ],
      [
        0,
        1,
        2,
        6,
        7,
        8
      ],
      [
        0,
        2,
        7
      ],
      [],
      [
        0,
        1,
        2,
        6,
        7
      ]
    ],
    "right": [
      [
        1,
        5,
        6
      ],
      [
        6
      ],
      [
        0,
        1,
        3,
        4,
        5,
        6,
        7,
        8
      ],
      [
        0,
        1,
        5,
        6
      ],
      [
        0,
        1,
        3,
        5,
        6,
        7
      ],
      [
        1,
        6
      ],
      [],
      [
        0,
        1,
        3,
        5,
        6
      ],
      [
        0,
        1,
        3,
        4,
        5,
        6,
        7
      ]
    ],
    "behind": [
      [
        1,
        2,
        3,
        4,
        5,
        6,
        8
      ],
      [
        3,
        4,
        5,
        8
      ],
      [
        1,
        3,
        4,
        5,
        6,
        8
      ],
      [],
      [
        3
      ],
      [
        3,
        4
      ],
      [
        1,
        3,
        4,
        5,
        8
      ],
      [
        0,
        1,
        2,
        3,
        4,
        5,
        6,
        8
      ],
      [
        3,
        4,
        5
      ]
    ]
  },
  "split": "new",
  "image_index": 336,
  "objects": [
    {
      "3d_coords": [
        2.334458589553833,
        -0.6638437509536743,
        0.3499999940395355
      ],
      "x": 185,
      "pixel_coords": [
        198,
        147,
        9.681062698364258
      ],
      "material": "metal",
      "size": "small",
      "width": 27,
      "height": 35,
      "color": "yellow",
      "y": 130,
      "shape": "cylinder",
      "rotation": 66.26442121819397
    },
    {
      "3d_coords": [
        1.3964855670928955,
        2.6040711402893066,
        0.3499999940395355
      ],
      "x": 231,
      "pixel_coords": [
        242,
        102,
        12.197689056396484
      ],
      "material": "rubber",
      "size": "small",
      "width": 23,
      "height": 27,
      "color": "brown",
      "y": 88,
      "shape": "cylinder",
      "rotation": 146.62626450486064
    },
    {
      "3d_coords": [
        -1.3845175504684448,
        -2.709871530532837,
        0.3499999940395355
      ],
      "x": 52,
      "pixel_coords": [
        66,
        122,
        10.917128562927246
      ],
      "material": "metal",
      "size": "small",
      "width": 26,
      "height": 30,
      "color": "blue",
      "y": 107,
      "shape": "cylinder",
      "rotation": 163.74212918105027
    },
    {
      "3d_coords": [
        -2.584632158279419,
        2.634061336517334,
        0.3499999940395355
      ],
      "x": 157,
      "pixel_coords": [
        166,
        71,
        14.814595222473145
      ],
      "material": "rubber",
      "size": "small",
      "width": 17,
      "height": 21,
      "color": "red",
      "y": 60,
      "shape": "cylinder",
      "rotation": 117.00534615782686
    },
    {
      "3d_coords": [
        -2.4989728927612305,
        0.9098221063613892,
        0.699999988079071
      ],
      "x": 114,
      "pixel_coords": [
        135,
        73,
        13.584607124328613
      ],
      "material": "rubber",
      "size": "large",
      "width": 41,
      "height": 47,
      "color": "brown",
      "y": 50,
      "shape": "cube",
      "rotation": 129.87097073016832
    },
    {
      "3d_coords": [
        0.06506359577178955,
        2.9006059169769287,
        0.699999988079071
      ],
      "x": 200,
      "pixel_coords": [
        219,
        79,
        13.07045841217041
      ],
      "material": "rubber",
      "size": "large",
      "width": 38,
      "height": 38,
      "color": "gray",
      "y": 60,
      "shape": "sphere",
      "rotation": 200.76408238826795
    },
    {
      "3d_coords": [
        2.5139307975769043,
        2.422625780105591,
        0.3499999940395355
      ],
      "x": 255,
      "pixel_coords": [
        267,
        114,
        11.362337112426758
      ],
      "material": "metal",
      "size": "small",
      "width": 25,
      "height": 29,
      "color": "red",
      "y": 100,
      "shape": "cylinder",
      "rotation": 305.8352051707211
    },
    {
      "3d_coords": [
        2.5748720169067383,
        -2.6195313930511475,
        0.3499999940395355
      ],
      "x": 135,
      "pixel_coords": [
        150,
        181,
        8.384525299072266
      ],
      "material": "rubber",
      "size": "small",
      "width": 30,
      "height": 41,
      "color": "gray",
      "y": 161,
      "shape": "cylinder",
      "rotation": 68.44732799927043
    },
    {
      "3d_coords": [
        -2.484903573989868,
        -0.8938934803009033,
        0.699999988079071
      ],
      "x": 73,
      "pixel_coords": [
        95,
        86,
        12.52441120147705
      ],
      "material": "rubber",
      "size": "large",
      "width": 43,
      "height": 51,
      "color": "purple",
      "y": 61,
      "shape": "cylinder",
      "rotation": 178.20289434542377
    }
  ]
}