{
  "image_filename": "CLEVR_new_000573.png",
  "directions": {
    "above": [
      0.0,
      0.0,
      1.0
    ],
    "behind": [
      -0.754490315914154,
      0.6563112735748291,
      0.0
    ],
    "left": [
      -0.6563112735748291,
      -0.7544902563095093,
      0.0
    ],
    "below": [
      -0.0,
      -0.0,
      -1.0
    ],
    "right": [
      0.6563112735748291,
      0.7544902563095093,
      -0.0
    ],
    "front": [
      0.754490315914154,
      -0.6563112735748291,
      -0.0
    ]
  },
  "relationships": {
    "left": [
      [
        1,
        2
      ],
      [],
      [
        1
      ]
    ],
    "front": [
      [
        1,
        2
      ],
      [
        2
      ],
      []
    ],
    "right": [
      [],
      [
        0,
        2
      ],
      [
        0
      ]
    ],
    "behind": [
      [],
      [
        0
      ],
      [
        0,
        1
      ]
    ]
  },
  "split": "new",
  "image_index": 573,
  "objects": [
    {
      "3d_coords": [
        -0.6384971737861633,
        1.856156826019287,
        0.3499999940395355
      ],
      "x": 178,
      "pixel_coords": [
        190,
        89,
        12.562682151794434
      ],
      "material": "metal",
      "size": "small",
      "width": 25,
      "height": 27,
      "color": "yellow",
      "y": 76,
      "shape": "cube",
      "rotation": 320.8751291061149
    },
    {
      "3d_coords": [
        -2.2952988147735596,
        -0.890381395816803,
        0.3499999940395355
      ],
      "x": 90,
      "pixel_coords": [
        100,
        94,
        12.24405288696289
      ],
      "material": "rubber",
      "size": "small",
      "width": 20,
      "height": 20,
      "color": "red",
      "y": 84,
      "shape": "sphere",
      "rotation": 210.07930801389983
    },
    {
      "3d_coords": [
        0.16751062870025635,
        -0.09755130112171173,
        0.3499999940395355
      ],
      "x": 149,
      "pixel_coords": [
        161,
        113,
        10.96164321899414
      ],
      "material": "metal",
      "size": "small",
      "width": 23,
      "height": 30,
      "color": "purple",
      "y": 98,
      "shape": "cylinder",
      "rotation": 266.8529273431768
    }
  ]
}