{
  "image_filename": "CLEVR_new_000464.png",
  "directions": {
    "above": [
      0.0,
      0.0,
      1.0
    ],
    "behind": [
      -0.754490315914154,
      0.6563112735748291,
      0.0
    ],
    "left": [
      -0.6563112735748291,
      -0.7544902563095093,
      0.0
    ],
    "below": [
      -0.0,
      -0.0,
      -1.0
    ],
    "right": [
      0.6563112735748291,
      0.7544902563095093,
      -0.0
    ],
    "front": [
      0.754490315914154,
      -0.6563112735748291,
      -0.0
    ]
  },
  "relationships": {
    "left": [
      [],
      [
        0,
        2,
        4,
        6,
        7,
        8
      ],
      [
        0,
        4,
        6,
        7,
        8
      ],
      [
        0,
        1,
        2,
        4,
        6,
        7,
        8,
        9
      ],
      [
        0,
        6,
        7
      ],
      [
        0,
        1,
        2,
        3,
        4,
        6,
        7,
        8,
        9
      ],
      [
        0
      ],
      [
        0,
        6
      ],
      [
        0,
        4,
        6,
        7
      ],
      [
        0,
        1,
        2,
        4,
        6,
        7,
        8
      ]
    ],
    "front": [
      [
        1,
        2,
        5,
        6,
        7,
        8,
        9
      ],
      [
        2,
        6,
        8,
        9
      ],
      [
        6,
        8,
        9
      ],
      [
        0,
        1,
        2,
        5,
        6,
        7,
        8,
        9
      ],
      [
        0,
        1,
        2,
        3,
        5,
        6,
        7,
        8,
        9
      ],
      [
        1,
        2,
        6,
        8,
        9
      ],
      [
        8,
        9
      ],
      [
        1,
        2,
        5,
        6,
        8,
        9
      ],
      [],
      [
        8
      ]
    ],
    "right": [
      [
        1,
        2,
        3,
        4,
        5,
        6,
        7,
        8,
        9
      ],
      [
        3,
        5,
        9
      ],
      [
        1,
        3,
        5,
        9
      ],
      [
        5
      ],
      [
        1,
        2,
        3,
        5,
        8,
        9
      ],
      [],
      [
        1,
        2,
        3,
        4,
        5,
        7,
        8,
        9
      ],
      [
        1,
        2,
        3,
        4,
        5,
        8,
        9
      ],
      [
        1,
        2,
        3,
        5,
        9
      ],
      [
        3,
        5
      ]
    ],
    "behind": [
      [
        3,
        4
      ],
      [
        0,
        3,
        4,
        5,
        7
      ],
      [
        0,
        1,
        3,
        4,
        5,
        7
      ],
      [
        4
      ],
      [],
      [
        0,
        3,
        4,
        7
      ],
      [
        0,
        1,
        2,
        3,
        4,
        5,
        7
      ],
      [
        0,
        3,
        4
      ],
      [
        0,
        1,
        2,
        3,
        4,
        5,
        6,
        7,
        9
      ],
      [
        0,
        1,
        2,
        3,
        4,
        5,
        6,
        7
      ]
    ]
  },
  "split": "new",
  "image_index": 464,
  "objects": [
    {
      "3d_coords": [
        -2.8007349967956543,
        -1.7065320014953613,
        0.3499999940395355
      ],
      "x": 58,
      "pixel_coords": [
        70,
        98,
        12.129849433898926
      ],
      "material": "metal",
      "size": "small",
      "width": 23,
      "height": 26,
      "color": "purple",
      "y": 85,
      "shape": "cylinder",
      "rotation": 2.5644088760382777
    },
    {
      "3d_coords": [
        1.1562650203704834,
        -0.1698208600282669,
        0.3499999940395355
      ],
      "x": 169,
      "pixel_coords": [
        181,
        124,
        10.331181526184082
      ],
      "material": "metal",
      "size": "small",
      "width": 24,
      "height": 31,
      "color": "gray",
      "y": 108,
      "shape": "cylinder",
      "rotation": 105.7637551993468
    },
    {
      "3d_coords": [
        1.2259160280227661,
        -1.2036761045455933,
        0.3499999940395355
      ],
      "x": 143,
      "pixel_coords": [
        156,
        135,
        9.674875259399414
      ],
      "material": "metal",
      "size": "small",
      "width": 25,
      "height": 25,
      "color": "gray",
      "y": 123,
      "shape": "sphere",
      "rotation": 144.9511805415012
    },
    {
      "3d_coords": [
        0.1040828600525856,
        2.3924190998077393,
        0.699999988079071
      ],
      "x": 193,
      "pixel_coords": [
        213,
        84,
        12.40748405456543
      ],
      "material": "metal",
      "size": "large",
      "width": 42,
      "height": 50,
      "color": "green",
      "y": 60,
      "shape": "cylinder",
      "rotation": 114.32045240403097
    },
    {
      "3d_coords": [
        -2.1462695598602295,
        0.5057103633880615,
        0.3499999940395355
      ],
      "x": 123,
      "pixel_coords": [
        133,
        89,
        12.985250473022461
      ],
      "material": "metal",
      "size": "small",
      "width": 20,
      "height": 24,
      "color": "purple",
      "y": 77,
      "shape": "cylinder",
      "rotation": 160.07398329568088
    },
    {
      "3d_coords": [
        2.3663330078125,
        2.154449939727783,
        0.3499999940395355
      ],
      "x": 248,
      "pixel_coords": [
        262,
        115,
        10.872950553894043
      ],
      "material": "rubber",
      "size": "small",
      "width": 29,
      "height": 31,
      "color": "gray",
      "y": 100,
      "shape": "cube",
      "rotation": 3.511911720762626
    },
    {
      "3d_coords": [
        0.3113275170326233,
        -2.9950053691864014,
        0.3499999940395355
      ],
      "x": 67,
      "pixel_coords": [
        82,
        144,
        9.245020866394043
      ],
      "material": "metal",
      "size": "small",
      "width": 29,
      "height": 36,
      "color": "gray",
      "y": 126,
      "shape": "cylinder",
      "rotation": 163.59424523360673
    },
    {
      "3d_coords": [
        -1.084128737449646,
        -0.9596523642539978,
        0.3499999940395355
      ],
      "x": 104,
      "pixel_coords": [
        116,
        108,
        11.396799087524414
      ],
      "material": "metal",
      "size": "small",
      "width": 23,
      "height": 28,
      "color": "red",
      "y": 94,
      "shape": "cylinder",
      "rotation": 100.00170183670812
    },
    {
      "3d_coords": [
        2.548668146133423,
        -2.975051164627075,
        0.699999988079071
      ],
      "x": 100,
      "pixel_coords": [
        133,
        168,
        7.577023983001709
      ],
      "material": "metal",
      "size": "large",
      "width": 65,
      "height": 65,
      "color": "red",
      "y": 136,
      "shape": "sphere",
      "rotation": 180.22583664915425
    },
    {
      "3d_coords": [
        2.9196691513061523,
        -0.7628304362297058,
        0.699999988079071
      ],
      "x": 176,
      "pixel_coords": [
        214,
        142,
        8.626077651977539
      ],
      "material": "metal",
      "size": "large",
      "width": 80,
      "height": 83,
      "color": "yellow",
      "y": 103,
      "shape": "cube",
      "rotation": 65.84329497045964
    }
  ]
}