{
  "image_filename": "CLEVR_new_000483.png",
  "directions": {
    "above": [
      0.0,
      0.0,
      1.0
    ],
    "behind": [
      -0.754490315914154,
      0.6563112735748291,
      0.0
    ],
    "left": [
      -0.6563112735748291,
      -0.7544902563095093,
      0.0
    ],
    "below": [
      -0.0,
      -0.0,
      -1.0
    ],
    "right": [
      0.6563112735748291,
      0.7544902563095093,
      -0.0
    ],
    "front": [
      0.754490315914154,
      -0.6563112735748291,
      -0.0
    ]
  },
  "relationships": {
    "left": [
      [
        2,
        3,
        4,
        6,
        7
      ],
      [
        0,
        2,
        3,
        4,
        6,
        7
      ],
      [
        4
      ],
      [
        2,
        4,
        6,
        7
      ],
      [],
      [
        0,
        1,
        2,
        3,
        4,
        6,
        7
      ],
      [
        2,
        4,
        7
      ],
      [
        2,
        4
      ]
    ],
    "front": [
      [],
      [
        0,
        2,
        4,
        5,
        7
      ],
      [
        0,
        4,
        5,
        7
      ],
      [
        0,
        1,
        2,
        4,
        5,
        6,
        7
      ],
      [
        0,
        5,
        7
      ],
      [
        0,
        7
      ],
      [
        0,
        1,
        2,
        4,
        5,
        7
      ],
      [
        0
      ]
    ],
    "right": [
      [
        1,
        5
      ],
      [
        5
      ],
      [
        0,
        1,
        3,
        5,
        6,
        7
      ],
      [
        0,
        1,
        5
      ],
      [
        0,
        1,
        2,
        3,
        5,
        6,
        7
      ],
      [],
      [
        0,
        1,
        3,
        5
      ],
      [
        0,
        1,
        3,
        5,
        6
      ]
    ],
    "behind": [
      [
        1,
        2,
        3,
        4,
        5,
        6,
        7
      ],
      [
        3,
        6
      ],
      [
        1,
        3,
        6
      ],
      [],
      [
        1,
        2,
        3,
        6
      ],
      [
        1,
        2,
        3,
        4,
        6
      ],
      [
        3
      ],
      [
        1,
        2,
        3,
        4,
        5,
        6
      ]
    ]
  },
  "split": "new",
  "image_index": 483,
  "objects": [
    {
      "3d_coords": [
        2.7600743770599365,
        -1.4270137548446655,
        0.699999988079071
      ],
      "x": 145,
      "pixel_coords": [
        185,
        156,
        8.168560028076172
      ],
      "material": "rubber",
      "size": "large",
      "width": 83,
      "height": 91,
      "color": "gray",
      "y": 113,
      "shape": "cube",
      "rotation": 182.29065141362676
    },
    {
      "3d_coords": [
        -0.15946614742279053,
        2.4823334217071533,
        0.699999988079071
      ],
      "x": 192,
      "pixel_coords": [
        213,
        80,
        12.305826187133789
      ],
      "material": "rubber",
      "size": "large",
      "width": 43,
      "height": 52,
      "color": "gray",
      "y": 55,
      "shape": "cylinder",
      "rotation": 227.3660551074273
    },
    {
      "3d_coords": [
        -2.327291488647461,
        -0.9070819616317749,
        0.699999988079071
      ],
      "x": 67,
      "pixel_coords": [
        97,
        84,
        11.953007698059082
      ],
      "material": "metal",
      "size": "large",
      "width": 57,
      "height": 56,
      "color": "red",
      "y": 57,
      "shape": "cube",
      "rotation": 344.52155040954284
    },
    {
      "3d_coords": [
        -2.6291067600250244,
        2.6510331630706787,
        0.3499999940395355
      ],
      "x": 162,
      "pixel_coords": [
        171,
        69,
        14.265279769897461
      ],
      "material": "rubber",
      "size": "small",
      "width": 17,
      "height": 17,
      "color": "cyan",
      "y": 60,
      "shape": "sphere",
      "rotation": 38.209383441663334
    },
    {
      "3d_coords": [
        -2.8744468688964844,
        -2.3244662284851074,
        0.3499999940395355
      ],
      "x": 40,
      "pixel_coords": [
        52,
        99,
        11.725980758666992
      ],
      "material": "metal",
      "size": "small",
      "width": 25,
      "height": 28,
      "color": "cyan",
      "y": 86,
      "shape": "cylinder",
      "rotation": 58.32722602512615
    },
    {
      "3d_coords": [
        2.2659988403320312,
        1.5583070516586304,
        0.3499999940395355
      ],
      "x": 236,
      "pixel_coords": [
        249,
        123,
        10.301385879516602
      ],
      "material": "metal",
      "size": "small",
      "width": 27,
      "height": 32,
      "color": "yellow",
      "y": 107,
      "shape": "cylinder",
      "rotation": 168.2329034934065
    },
    {
      "3d_coords": [
        -2.544419288635254,
        0.9544428586959839,
        0.699999988079071
      ],
      "x": 119,
      "pixel_coords": [
        138,
        70,
        13.11567497253418
      ],
      "material": "metal",
      "size": "large",
      "width": 37,
      "height": 38,
      "color": "purple",
      "y": 51,
      "shape": "sphere",
      "rotation": 185.9727376743391
    },
    {
      "3d_coords": [
        0.23527763783931732,
        -2.129641056060791,
        0.699999988079071
      ],
      "x": 75,
      "pixel_coords": [
        104,
        124,
        9.523847579956055
      ],
      "material": "rubber",
      "size": "large",
      "width": 56,
      "height": 69,
      "color": "brown",
      "y": 90,
      "shape": "cylinder",
      "rotation": 161.64790941729729
    }
  ]
}