{
  "image_filename": "CLEVR_new_000266.png",
  "directions": {
    "above": [
      0.0,
      0.0,
      1.0
    ],
    "behind": [
      -0.754490315914154,
      0.6563112735748291,
      0.0
    ],
    "left": [
      -0.6563112735748291,
      -0.7544902563095093,
      0.0
    ],
    "below": [
      -0.0,
      -0.0,
      -1.0
    ],
    "right": [
      0.6563112735748291,
      0.7544902563095093,
      -0.0
    ],
    "front": [
      0.754490315914154,
      -0.6563112735748291,
      -0.0
    ]
  },
  "relationships": {
    "left": [
      [
        6
      ],
      [
        0,
        2,
        4,
        5,
        6
      ],
      [
        0,
        4,
        5,
        6
      ],
      [
        0,
        1,
        2,
        4,
        5,
        6
      ],
      [
        0,
        6
      ],
      [
        0,
        4,
        6
      ],
      [],
      [
        0,
        1,
        2,
        3,
        4,
        5,
        6
      ]
    ],
    "front": [
      [
        1,
        2,
        3,
        4,
        5,
        6,
        7
      ],
      [
        5
      ],
      [
        1,
        4,
        5
      ],
      [
        1,
        2,
        4,
        5,
        6
      ],
      [
        1,
        5
      ],
      [],
      [
        1,
        2,
        4,
        5
      ],
      [
        1,
        2,
        3,
        4,
        5,
        6
      ]
    ],
    "right": [
      [
        1,
        2,
        3,
        4,
        5,
        7
      ],
      [
        3,
        7
      ],
      [
        1,
        3,
        7
      ],
      [
        7
      ],
      [
        1,
        2,
        3,
        5,
        7
      ],
      [
        1,
        2,
        3,
        7
      ],
      [
        0,
        1,
        2,
        3,
        4,
        5,
        7
      ],
      []
    ],
    "behind": [
      [],
      [
        0,
        2,
        3,
        4,
        6,
        7
      ],
      [
        0,
        3,
        6,
        7
      ],
      [
        0,
        7
      ],
      [
        0,
        2,
        3,
        6,
        7
      ],
      [
        0,
        1,
        2,
        3,
        4,
        6,
        7
      ],
      [
        0,
        3,
        7
      ],
      [
        0
      ]
    ]
  },
  "split": "new",
  "image_index": 266,
  "objects": [
    {
      "3d_coords": [
        -2.767702341079712,
        -0.26844581961631775,
        0.699999988079071
      ],
      "x": 83,
      "pixel_coords": [
        105,
        79,
        12.857967376708984
      ],
      "material": "metal",
      "size": "large",
      "width": 44,
      "height": 50,
      "color": "green",
      "y": 54,
      "shape": "cube",
      "rotation": 199.03448754309096
    },
    {
      "3d_coords": [
        2.552243232727051,
        -0.8347886204719543,
        0.699999988079071
      ],
      "x": 165,
      "pixel_coords": [
        201,
        141,
        9.01589584350586
      ],
      "material": "rubber",
      "size": "large",
      "width": 76,
      "height": 80,
      "color": "purple",
      "y": 103,
      "shape": "cube",
      "rotation": 318.72163719413754
    },
    {
      "3d_coords": [
        0.2515150010585785,
        -0.23870112001895905,
        0.3499999940395355
      ],
      "x": 145,
      "pixel_coords": [
        160,
        115,
        11.048002243041992
      ],
      "material": "rubber",
      "size": "small",
      "width": 28,
      "height": 31,
      "color": "green",
      "y": 100,
      "shape": "cube",
      "rotation": 115.1397387151665
    },
    {
      "3d_coords": [
        0.45703113079071045,
        1.719640851020813,
        0.3499999940395355
      ],
      "x": 196,
      "pixel_coords": [
        206,
        100,
        12.05263900756836
      ],
      "material": "metal",
      "size": "small",
      "width": 20,
      "height": 20,
      "color": "purple",
      "y": 90,
      "shape": "sphere",
      "rotation": 237.43059213790238
    },
    {
      "3d_coords": [
        -0.1402946263551712,
        -1.8405301570892334,
        0.699999988079071
      ],
      "x": 85,
      "pixel_coords": [
        109,
        117,
        10.207911491394043
      ],
      "material": "rubber",
      "size": "large",
      "width": 49,
      "height": 48,
      "color": "brown",
      "y": 93,
      "shape": "sphere",
      "rotation": 266.43226929424924
    },
    {
      "3d_coords": [
        2.2637617588043213,
        -2.988966464996338,
        0.699999988079071
      ],
      "x": 87,
      "pixel_coords": [
        127,
        170,
        7.952000141143799
      ],
      "material": "rubber",
      "size": "large",
      "width": 74,
      "height": 87,
      "color": "brown",
      "y": 128,
      "shape": "cube",
      "rotation": 256.7513340614442
    },
    {
      "3d_coords": [
        -2.3833096027374268,
        -2.64555287361145,
        0.699999988079071
      ],
      "x": 26,
      "pixel_coords": [
        49,
        100,
        11.220023155212402
      ],
      "material": "metal",
      "size": "large",
      "width": 46,
      "height": 44,
      "color": "yellow",
      "y": 78,
      "shape": "sphere",
      "rotation": 274.1519268855277
    },
    {
      "3d_coords": [
        0.6291160583496094,
        2.908837080001831,
        0.3499999940395355
      ],
      "x": 220,
      "pixel_coords": [
        232,
        92,
        12.631482124328613
      ],
      "material": "rubber",
      "size": "small",
      "width": 24,
      "height": 25,
      "color": "green",
      "y": 80,
      "shape": "cube",
      "rotation": 216.04518876863625
    }
  ]
}