{
  "image_filename": "CLEVR_new_000189.png",
  "directions": {
    "above": [
      0.0,
      0.0,
      1.0
    ],
    "behind": [
      -0.754490315914154,
      0.6563112735748291,
      0.0
    ],
    "left": [
      -0.6563112735748291,
      -0.7544902563095093,
      0.0
    ],
    "below": [
      -0.0,
      -0.0,
      -1.0
    ],
    "right": [
      0.6563112735748291,
      0.7544902563095093,
      -0.0
    ],
    "front": [
      0.754490315914154,
      -0.6563112735748291,
      -0.0
    ]
  },
  "relationships": {
    "left": [
      [
        2,
        4,
        6,
        8,
        9
      ],
      [
        0,
        2,
        4,
        6,
        8,
        9
      ],
      [
        9
      ],
      [
        0,
        1,
        2,
        4,
        6,
        8,
        9
      ],
      [
        2,
        6,
        9
      ],
      [
        0,
        1,
        2,
        3,
        4,
        6,
        7,
        8,
        9
      ],
      [
        2,
        9
      ],
      [
        0,
        1,
        2,
        3,
        4,
        6,
        8,
        9
      ],
      [
        2,
        4,
        6,
        9
      ],
      []
    ],
    "front": [
      [
        1,
        2,
        3,
        4,
        5,
        6,
        7,
        8,
        9
      ],
      [
        2,
        3,
        5,
        6,
        7,
        8,
        9
      ],
      [
        3,
        5,
        6,
        7,
        8,
        9
      ],
      [
        6,
        8
      ],
      [
        1,
        2,
        3,
        5,
        6,
        7,
        8,
        9
      ],
      [
        3,
        6,
        8,
        9
      ],
      [
        8
      ],
      [
        3,
        5,
        6,
        8,
        9
      ],
      [],
      [
        3,
        6,
        8
      ]
    ],
    "right": [
      [
        1,
        3,
        5,
        7
      ],
      [
        3,
        5,
        7
      ],
      [
        0,
        1,
        3,
        4,
        5,
        6,
        7,
        8
      ],
      [
        5,
        7
      ],
      [
        0,
        1,
        3,
        5,
        7,
        8
      ],
      [],
      [
        0,
        1,
        3,
        4,
        5,
        7,
        8
      ],
      [
        5
      ],
      [
        0,
        1,
        3,
        5,
        7
      ],
      [
        0,
        1,
        2,
        3,
        4,
        5,
        6,
        7,
        8
      ]
    ],
    "behind": [
      [],
      [
        0,
        4
      ],
      [
        0,
        1,
        4
      ],
      [
        0,
        1,
        2,
        4,
        5,
        7,
        9
      ],
      [
        0
      ],
      [
        0,
        1,
        2,
        4,
        7
      ],
      [
        0,
        1,
        2,
        3,
        4,
        5,
        7,
        9
      ],
      [
        0,
        1,
        2,
        4
      ],
      [
        0,
        1,
        2,
        3,
        4,
        5,
        6,
        7,
        9
      ],
      [
        0,
        1,
        2,
        4,
        5,
        7
      ]
    ]
  },
  "split": "new",
  "image_index": 189,
  "objects": [
    {
      "3d_coords": [
        -2.9275929927825928,
        2.947287082672119,
        0.699999988079071
      ],
      "x": 154,
      "pixel_coords": [
        171,
        59,
        14.790903091430664
      ],
      "material": "metal",
      "size": "large",
      "width": 36,
      "height": 41,
      "color": "purple",
      "y": 39,
      "shape": "cube",
      "rotation": 283.691006516287
    },
    {
      "3d_coords": [
        -0.23043763637542725,
        1.4407089948654175,
        0.3499999940395355
      ],
      "x": 178,
      "pixel_coords": [
        188,
        97,
        12.275727272033691
      ],
      "material": "metal",
      "size": "small",
      "width": 21,
      "height": 26,
      "color": "green",
      "y": 84,
      "shape": "cylinder",
      "rotation": 195.6143753603129
    },
    {
      "3d_coords": [
        -2.1019928455352783,
        -1.4782403707504272,
        0.3499999940395355
      ],
      "x": 76,
      "pixel_coords": [
        88,
        101,
        11.947824478149414
      ],
      "material": "metal",
      "size": "small",
      "width": 23,
      "height": 27,
      "color": "gray",
      "y": 88,
      "shape": "cylinder",
      "rotation": 8.52213084587509
    },
    {
      "3d_coords": [
        2.65921950340271,
        0.2783750891685486,
        0.699999988079071
      ],
      "x": 204,
      "pixel_coords": [
        230,
        130,
        9.486506462097168
      ],
      "material": "metal",
      "size": "large",
      "width": 53,
      "height": 52,
      "color": "red",
      "y": 105,
      "shape": "sphere",
      "rotation": 140.0109380450702
    },
    {
      "3d_coords": [
        -1.9693933725357056,
        0.7182831168174744,
        0.699999988079071
      ],
      "x": 123,
      "pixel_coords": [
        142,
        78,
        12.903379440307617
      ],
      "material": "metal",
      "size": "large",
      "width": 38,
      "height": 38,
      "color": "blue",
      "y": 58,
      "shape": "sphere",
      "rotation": 32.106505301304736
    },
    {
      "3d_coords": [
        2.792053461074829,
        2.760615110397339,
        0.3499999940395355
      ],
      "x": 268,
      "pixel_coords": [
        285,
        117,
        10.931686401367188
      ],
      "material": "rubber",
      "size": "small",
      "width": 34,
      "height": 31,
      "color": "yellow",
      "y": 101,
      "shape": "cube",
      "rotation": 257.30880295173677
    },
    {
      "3d_coords": [
        0.9247332215309143,
        -2.949596405029297,
        0.3499999940395355
      ],
      "x": 78,
      "pixel_coords": [
        94,
        155,
        9.060057640075684
      ],
      "material": "metal",
      "size": "small",
      "width": 30,
      "height": 37,
      "color": "brown",
      "y": 137,
      "shape": "cylinder",
      "rotation": 346.9404303769921
    },
    {
      "3d_coords": [
        1.7225439548492432,
        2.1517999172210693,
        0.3499999940395355
      ],
      "x": 233,
      "pixel_coords": [
        245,
        110,
        11.329018592834473
      ],
      "material": "metal",
      "size": "small",
      "width": 24,
      "height": 29,
      "color": "green",
      "y": 96,
      "shape": "cylinder",
      "rotation": 61.06219255267595
    },
    {
      "3d_coords": [
        2.1729094982147217,
        -2.2358646392822266,
        0.3499999940395355
      ],
      "x": 129,
      "pixel_coords": [
        145,
        167,
        8.598121643066406
      ],
      "material": "metal",
      "size": "small",
      "width": 32,
      "height": 40,
      "color": "blue",
      "y": 148,
      "shape": "cube",
      "rotation": 96.87758072530082
    },
    {
      "3d_coords": [
        -1.0614746809005737,
        -2.981388568878174,
        0.3499999940395355
      ],
      "x": 47,
      "pixel_coords": [
        59,
        126,
        10.404535293579102
      ],
      "material": "rubber",
      "size": "small",
      "width": 24,
      "height": 24,
      "color": "cyan",
      "y": 115,
      "shape": "sphere",
      "rotation": 89.49329648418947
    }
  ]
}