{
  "image_filename": "CLEVR_new_000476.png",
  "directions": {
    "above": [
      0.0,
      0.0,
      1.0
    ],
    "behind": [
      -0.754490315914154,
      0.6563112735748291,
      0.0
    ],
    "left": [
      -0.6563112735748291,
      -0.7544902563095093,
      0.0
    ],
    "below": [
      -0.0,
      -0.0,
      -1.0
    ],
    "right": [
      0.6563112735748291,
      0.7544902563095093,
      -0.0
    ],
    "front": [
      0.754490315914154,
      -0.6563112735748291,
      -0.0
    ]
  },
  "relationships": {
    "left": [
      [
        1,
        3,
        4,
        5
      ],
      [
        3,
        4,
        5
      ],
      [
        0,
        1,
        3,
        4,
        5,
        7
      ],
      [],
      [
        3,
        5
      ],
      [
        3
      ],
      [
        0,
        1,
        2,
        3,
        4,
        5,
        7,
        8,
        9
      ],
      [
        0,
        1,
        3,
        4,
        5
      ],
      [
        0,
        1,
        2,
        3,
        4,
        5,
        7
      ],
      [
        0,
        1,
        2,
        3,
        4,
        5,
        7,
        8
      ]
    ],
    "front": [
      [
        3,
        5,
        6,
        7,
        9
      ],
      [
        0,
        2,
        3,
        4,
        5,
        6,
        7,
        8,
        9
      ],
      [
        0,
        3,
        4,
        5,
        6,
        7,
        8,
        9
      ],
      [
        5,
        6,
        7,
        9
      ],
      [
        0,
        3,
        5,
        6,
        7,
        8,
        9
      ],
      [
        7
      ],
      [
        5,
        7,
        9
      ],
      [],
      [
        0,
        3,
        5,
        6,
        7,
        9
      ],
      [
        5,
        7
      ]
    ],
    "right": [
      [
        2,
        6,
        7,
        8,
        9
      ],
      [
        0,
        2,
        6,
        7,
        8,
        9
      ],
      [
        6,
        8,
        9
      ],
      [
        0,
        1,
        2,
        4,
        5,
        6,
        7,
        8,
        9
      ],
      [
        0,
        1,
        2,
        6,
        7,
        8,
        9
      ],
      [
        0,
        1,
        2,
        4,
        6,
        7,
        8,
        9
      ],
      [],
      [
        2,
        6,
        8,
        9
      ],
      [
        6,
        9
      ],
      [
        6
      ]
    ],
    "behind": [
      [
        1,
        2,
        4,
        8
      ],
      [],
      [
        1
      ],
      [
        0,
        1,
        2,
        4,
        8
      ],
      [
        1,
        2
      ],
      [
        0,
        1,
        2,
        3,
        4,
        6,
        8,
        9
      ],
      [
        0,
        1,
        2,
        3,
        4,
        8
      ],
      [
        0,
        1,
        2,
        3,
        4,
        5,
        6,
        8,
        9
      ],
      [
        1,
        2,
        4
      ],
      [
        0,
        1,
        2,
        3,
        4,
        6,
        8
      ]
    ]
  },
  "split": "new",
  "image_index": 476,
  "objects": [
    {
      "3d_coords": [
        -0.4461255967617035,
        0.5093175172805786,
        0.699999988079071
      ],
      "x": 140,
      "pixel_coords": [
        163,
        90,
        10.861109733581543
      ],
      "material": "rubber",
      "size": "large",
      "width": 45,
      "height": 45,
      "color": "purple",
      "y": 67,
      "shape": "sphere",
      "rotation": 206.56941462056793
    },
    {
      "3d_coords": [
        -2.8805999755859375,
        1.5772780179977417,
        0.699999988079071
      ],
      "x": 122,
      "pixel_coords": [
        141,
        64,
        13.117605209350586
      ],
      "material": "metal",
      "size": "large",
      "width": 38,
      "height": 47,
      "color": "green",
      "y": 41,
      "shape": "cylinder",
      "rotation": 71.95550938041013
    },
    {
      "3d_coords": [
        -0.9201943278312683,
        2.1956334114074707,
        0.699999988079071
      ],
      "x": 170,
      "pixel_coords": [
        190,
        74,
        12.161016464233398
      ],
      "material": "metal",
      "size": "large",
      "width": 40,
      "height": 41,
      "color": "brown",
      "y": 53,
      "shape": "sphere",
      "rotation": 30.129314997612653
    },
    {
      "3d_coords": [
        -2.5238518714904785,
        -2.833218574523926,
        0.699999988079071
      ],
      "x": 5,
      "pixel_coords": [
        31,
        98,
        10.310833930969238
      ],
      "material": "rubber",
      "size": "large",
      "width": 51,
      "height": 48,
      "color": "brown",
      "y": 74,
      "shape": "sphere",
      "rotation": 146.73183541168362
    },
    {
      "3d_coords": [
        -2.5676801204681396,
        -0.32366541028022766,
        0.3499999940395355
      ],
      "x": 92,
      "pixel_coords": [
        104,
        88,
        11.961464881896973
      ],
      "material": "rubber",
      "size": "small",
      "width": 22,
      "height": 26,
      "color": "red",
      "y": 75,
      "shape": "cylinder",
      "rotation": 152.0837816138236
    },
    {
      "3d_coords": [
        -0.2722541093826294,
        -2.92966890335083,
        0.3499999940395355
      ],
      "x": 50,
      "pixel_coords": [
        66,
        139,
        8.903105735778809
      ],
      "material": "rubber",
      "size": "small",
      "width": 31,
      "height": 37,
      "color": "blue",
      "y": 120,
      "shape": "cylinder",
      "rotation": 3.5416292143875694
    },
    {
      "3d_coords": [
        2.8350000381469727,
        2.708153009414673,
        0.3499999940395355
      ],
      "x": 281,
      "pixel_coords": [
        295,
        115,
        10.098006248474121
      ],
      "material": "rubber",
      "size": "small",
      "width": 30,
      "height": 32,
      "color": "purple",
      "y": 99,
      "shape": "cylinder",
      "rotation": 43.11838088546071
    },
    {
      "3d_coords": [
        2.311354160308838,
        -1.176870346069336,
        0.3499999940395355
      ],
      "x": 172,
      "pixel_coords": [
        187,
        156,
        8.188323974609375
      ],
      "material": "metal",
      "size": "small",
      "width": 30,
      "height": 30,
      "color": "red",
      "y": 141,
      "shape": "sphere",
      "rotation": 284.29955792619205
    },
    {
      "3d_coords": [
        0.3932952880859375,
        2.085695743560791,
        0.3499999940395355
      ],
      "x": 205,
      "pixel_coords": [
        216,
        95,
        11.3754243850708
      ],
      "material": "metal",
      "size": "small",
      "width": 23,
      "height": 28,
      "color": "gray",
      "y": 82,
      "shape": "cylinder",
      "rotation": 257.46849037759904
    },
    {
      "3d_coords": [
        2.597578763961792,
        1.3845864534378052,
        0.699999988079071
      ],
      "x": 236,
      "pixel_coords": [
        263,
        115,
        9.326570510864258
      ],
      "material": "rubber",
      "size": "large",
      "width": 55,
      "height": 53,
      "color": "purple",
      "y": 88,
      "shape": "sphere",
      "rotation": 47.427242831387474
    }
  ]
}