{
  "image_filename": "CLEVR_new_000516.png",
  "directions": {
    "above": [
      0.0,
      0.0,
      1.0
    ],
    "behind": [
      -0.754490315914154,
      0.6563112735748291,
      0.0
    ],
    "left": [
      -0.6563112735748291,
      -0.7544902563095093,
      0.0
    ],
    "below": [
      -0.0,
      -0.0,
      -1.0
    ],
    "right": [
      0.6563112735748291,
      0.7544902563095093,
      -0.0
    ],
    "front": [
      0.754490315914154,
      -0.6563112735748291,
      -0.0
    ]
  },
  "relationships": {
    "left": [
      [],
      [
        0,
        2,
        3,
        5
      ],
      [
        0
      ],
      [
        0,
        2
      ],
      [
        0,
        1,
        2,
        3,
        5
      ],
      [
        0,
        2,
        3
      ]
    ],
    "front": [
      [
        3,
        4,
        5
      ],
      [
        0,
        2,
        3,
        4,
        5
      ],
      [
        0,
        3,
        4,
        5
      ],
      [],
      [
        3,
        5
      ],
      [
        3
      ]
    ],
    "right": [
      [
        1,
        2,
        3,
        4,
        5
      ],
      [
        4
      ],
      [
        1,
        3,
        4,
        5
      ],
      [
        1,
        4,
        5
      ],
      [],
      [
        1,
        4
      ]
    ],
    "behind": [
      [
        1,
        2
      ],
      [],
      [
        1
      ],
      [
        0,
        1,
        2,
        4,
        5
      ],
      [
        0,
        1,
        2
      ],
      [
        0,
        1,
        2,
        4
      ]
    ]
  },
  "split": "new",
  "image_index": 516,
  "objects": [
    {
      "3d_coords": [
        -1.94818913936615,
        -2.4668571949005127,
        0.3499999940395355
      ],
      "x": 48,
      "pixel_coords": [
        60,
        114,
        10.963595390319824
      ],
      "material": "rubber",
      "size": "small",
      "width": 23,
      "height": 22,
      "color": "cyan",
      "y": 103,
      "shape": "sphere",
      "rotation": 84.68871600822224
    },
    {
      "3d_coords": [
        0.0020714306738227606,
        2.654207944869995,
        0.699999988079071
      ],
      "x": 188,
      "pixel_coords": [
        214,
        79,
        12.60706615447998
      ],
      "material": "metal",
      "size": "large",
      "width": 54,
      "height": 53,
      "color": "green",
      "y": 53,
      "shape": "cube",
      "rotation": 102.19015832025255
    },
    {
      "3d_coords": [
        -1.4431688785552979,
        -0.051792725920677185,
        0.699999988079071
      ],
      "x": 101,
      "pixel_coords": [
        130,
        88,
        11.918994903564453
      ],
      "material": "rubber",
      "size": "large",
      "width": 56,
      "height": 56,
      "color": "cyan",
      "y": 60,
      "shape": "cube",
      "rotation": 89.8547994899688
    },
    {
      "3d_coords": [
        1.7162435054779053,
        -1.7296719551086426,
        0.3499999940395355
      ],
      "x": 143,
      "pixel_coords": [
        156,
        153,
        9.03864574432373
      ],
      "material": "metal",
      "size": "small",
      "width": 27,
      "height": 27,
      "color": "red",
      "y": 139,
      "shape": "sphere",
      "rotation": 239.72425252169901
    },
    {
      "3d_coords": [
        2.923712968826294,
        1.6279795169830322,
        0.3499999940395355
      ],
      "x": 255,
      "pixel_coords": [
        268,
        126,
        10.27076244354248
      ],
      "material": "rubber",
      "size": "small",
      "width": 28,
      "height": 32,
      "color": "red",
      "y": 110,
      "shape": "cylinder",
      "rotation": 207.70534677424703
    },
    {
      "3d_coords": [
        1.9780789613723755,
        -0.208087757229805,
        0.699999988079071
      ],
      "x": 178,
      "pixel_coords": [
        203,
        125,
        9.615717887878418
      ],
      "material": "rubber",
      "size": "large",
      "width": 51,
      "height": 51,
      "color": "green",
      "y": 99,
      "shape": "sphere",
      "rotation": 107.53581135774587
    }
  ]
}