{
  "image_filename": "CLEVR_new_000606.png",
  "directions": {
    "above": [
      0.0,
      0.0,
      1.0
    ],
    "behind": [
      -0.754490315914154,
      0.6563112735748291,
      0.0
    ],
    "left": [
      -0.6563112735748291,
      -0.7544902563095093,
      0.0
    ],
    "below": [
      -0.0,
      -0.0,
      -1.0
    ],
    "right": [
      0.6563112735748291,
      0.7544902563095093,
      -0.0
    ],
    "front": [
      0.754490315914154,
      -0.6563112735748291,
      -0.0
    ]
  },
  "relationships": {
    "left": [
      [
        1
      ],
      [],
      [
        0,
        1
      ]
    ],
    "front": [
      [
        1,
        2
      ],
      [],
      [
        1
      ]
    ],
    "right": [
      [
        2
      ],
      [
        0,
        2
      ],
      []
    ],
    "behind": [
      [],
      [
        0,
        2
      ],
      [
        0
      ]
    ]
  },
  "split": "new",
  "image_index": 606,
  "objects": [
    {
      "3d_coords": [
        -0.9645037651062012,
        1.4417214393615723,
        0.3499999940395355
      ],
      "x": 161,
      "pixel_coords": [
        172,
        91,
        13.196721076965332
      ],
      "material": "rubber",
      "size": "small",
      "width": 21,
      "height": 24,
      "color": "purple",
      "y": 79,
      "shape": "cube",
      "rotation": 118.43261527546815
    },
    {
      "3d_coords": [
        0.8967205286026001,
        -1.287571668624878,
        0.699999988079071
      ],
      "x": 123,
      "pixel_coords": [
        147,
        123,
        10.194510459899902
      ],
      "material": "rubber",
      "size": "large",
      "width": 48,
      "height": 48,
      "color": "purple",
      "y": 98,
      "shape": "sphere",
      "rotation": 53.5088233886512
    },
    {
      "3d_coords": [
        2.8089394569396973,
        2.8659543991088867,
        0.699999988079071
      ],
      "x": 259,
      "pixel_coords": [
        284,
        104,
        11.338460922241211
      ],
      "material": "rubber",
      "size": "large",
      "width": 52,
      "height": 57,
      "color": "cyan",
      "y": 77,
      "shape": "cylinder",
      "rotation": 176.81035124810708
    }
  ]
}