{
  "image_filename": "CLEVR_new_000326.png",
  "directions": {
    "above": [
      0.0,
      0.0,
      1.0
    ],
    "behind": [
      -0.754490315914154,
      0.6563112735748291,
      0.0
    ],
    "left": [
      -0.6563112735748291,
      -0.7544902563095093,
      0.0
    ],
    "below": [
      -0.0,
      -0.0,
      -1.0
    ],
    "right": [
      0.6563112735748291,
      0.7544902563095093,
      -0.0
    ],
    "front": [
      0.754490315914154,
      -0.6563112735748291,
      -0.0
    ]
  },
  "relationships": {
    "left": [
      [
        1,
        2,
        3,
        4
      ],
      [
        2,
        3
      ],
      [
        3
      ],
      [],
      [
        1,
        2,
        3
      ]
    ],
    "front": [
      [
        2,
        3
      ],
      [
        0,
        2,
        3
      ],
      [],
      [
        2
      ],
      [
        0,
        1,
        2,
        3
      ]
    ],
    "right": [
      [],
      [
        0,
        4
      ],
      [
        0,
        1,
        4
      ],
      [
        0,
        1,
        2,
        4
      ],
      [
        0
      ]
    ],
    "behind": [
      [
        1,
        4
      ],
      [
        4
      ],
      [
        0,
        1,
        3,
        4
      ],
      [
        0,
        1,
        4
      ],
      []
    ]
  },
  "split": "new",
  "image_index": 326,
  "objects": [
    {
      "3d_coords": [
        1.7088947296142578,
        2.8832662105560303,
        0.3499999940395355
      ],
      "x": 245,
      "pixel_coords": [
        255,
        103,
        12.066694259643555
      ],
      "material": "rubber",
      "size": "small",
      "width": 21,
      "height": 20,
      "color": "cyan",
      "y": 92,
      "shape": "sphere",
      "rotation": 313.23827471457935
    },
    {
      "3d_coords": [
        -0.7352039217948914,
        1.1583479642868042,
        0.699999988079071
      ],
      "x": 151,
      "pixel_coords": [
        171,
        86,
        12.51951789855957
      ],
      "material": "metal",
      "size": "large",
      "width": 39,
      "height": 39,
      "color": "purple",
      "y": 66,
      "shape": "sphere",
      "rotation": 341.5635001002762
    },
    {
      "3d_coords": [
        1.3878264427185059,
        -1.3017477989196777,
        0.699999988079071
      ],
      "x": 124,
      "pixel_coords": [
        158,
        128,
        9.640156745910645
      ],
      "material": "metal",
      "size": "large",
      "width": 65,
      "height": 71,
      "color": "purple",
      "y": 94,
      "shape": "cube",
      "rotation": 306.7592760106334
    },
    {
      "3d_coords": [
        -0.8813164830207825,
        -1.772160530090332,
        0.3499999940395355
      ],
      "x": 88,
      "pixel_coords": [
        99,
        117,
        11.034462928771973
      ],
      "material": "metal",
      "size": "small",
      "width": 23,
      "height": 22,
      "color": "purple",
      "y": 106,
      "shape": "sphere",
      "rotation": 141.56571510622356
    },
    {
      "3d_coords": [
        -0.507483959197998,
        2.7295737266540527,
        0.3499999940395355
      ],
      "x": 195,
      "pixel_coords": [
        204,
        86,
        13.45687484741211
      ],
      "material": "rubber",
      "size": "small",
      "width": 18,
      "height": 18,
      "color": "red",
      "y": 77,
      "shape": "sphere",
      "rotation": 340.05733608660984
    }
  ]
}