{
  "image_filename": "CLEVR_new_000397.png",
  "directions": {
    "above": [
      0.0,
      0.0,
      1.0
    ],
    "behind": [
      -0.754490315914154,
      0.6563112735748291,
      0.0
    ],
    "left": [
      -0.6563112735748291,
      -0.7544902563095093,
      0.0
    ],
    "below": [
      -0.0,
      -0.0,
      -1.0
    ],
    "right": [
      0.6563112735748291,
      0.7544902563095093,
      -0.0
    ],
    "front": [
      0.754490315914154,
      -0.6563112735748291,
      -0.0
    ]
  },
  "relationships": {
    "left": [
      [
        3,
        5
      ],
      [
        0,
        2,
        3,
        4,
        5
      ],
      [
        0,
        3,
        4,
        5
      ],
      [
        5
      ],
      [
        0,
        3,
        5
      ],
      []
    ],
    "front": [
      [],
      [
        0,
        3,
        4
      ],
      [
        0,
        1,
        3,
        4,
        5
      ],
      [
        0,
        4
      ],
      [
        0
      ],
      [
        0,
        1,
        3,
        4
      ]
    ],
    "right": [
      [
        1,
        2,
        4
      ],
      [],
      [
        1
      ],
      [
        0,
        1,
        2,
        4
      ],
      [
        1,
        2
      ],
      [
        0,
        1,
        2,
        3,
        4
      ]
    ],
    "behind": [
      [
        1,
        2,
        3,
        4,
        5
      ],
      [
        2,
        5
      ],
      [],
      [
        1,
        2,
        5
      ],
      [
        1,
        2,
        3,
        5
      ],
      [
        2
      ]
    ]
  },
  "split": "new",
  "image_index": 397,
  "objects": [
    {
      "3d_coords": [
        2.4705991744995117,
        -2.7564005851745605,
        0.699999988079071
      ],
      "x": 108,
      "pixel_coords": [
        140,
        165,
        8.155838012695312
      ],
      "material": "metal",
      "size": "large",
      "width": 63,
      "height": 83,
      "color": "red",
      "y": 125,
      "shape": "cylinder",
      "rotation": 112.63989583174926
    },
    {
      "3d_coords": [
        1.5728192329406738,
        2.215420961380005,
        0.3499999940395355
      ],
      "x": 229,
      "pixel_coords": [
        240,
        107,
        11.816471099853516
      ],
      "material": "rubber",
      "size": "small",
      "width": 23,
      "height": 27,
      "color": "brown",
      "y": 94,
      "shape": "cylinder",
      "rotation": 342.9507369978919
    },
    {
      "3d_coords": [
        -1.3220937252044678,
        2.369198799133301,
        0.699999988079071
      ],
      "x": 166,
      "pixel_coords": [
        184,
        74,
        13.699009895324707
      ],
      "material": "metal",
      "size": "large",
      "width": 36,
      "height": 36,
      "color": "green",
      "y": 56,
      "shape": "sphere",
      "rotation": 33.3957389589045
    },
    {
      "3d_coords": [
        -0.538953423500061,
        -1.2455791234970093,
        0.699999988079071
      ],
      "x": 95,
      "pixel_coords": [
        119,
        106,
        11.065115928649902
      ],
      "material": "metal",
      "size": "large",
      "width": 47,
      "height": 58,
      "color": "red",
      "y": 78,
      "shape": "cylinder",
      "rotation": 315.6148431600816
    },
    {
      "3d_coords": [
        1.0256801843643188,
        -0.4608747661113739,
        0.699999988079071
      ],
      "x": 147,
      "pixel_coords": [
        171,
        115,
        10.467353820800781
      ],
      "material": "rubber",
      "size": "large",
      "width": 48,
      "height": 62,
      "color": "purple",
      "y": 85,
      "shape": "cylinder",
      "rotation": 7.788653244164143
    },
    {
      "3d_coords": [
        -2.891650438308716,
        -1.272983431816101,
        0.699999988079071
      ],
      "x": 53,
      "pixel_coords": [
        81,
        86,
        12.635394096374512
      ],
      "material": "metal",
      "size": "large",
      "width": 54,
      "height": 53,
      "color": "blue",
      "y": 60,
      "shape": "cube",
      "rotation": 21.978540347734974
    }
  ]
}