{
  "image_filename": "CLEVR_new_000441.png",
  "directions": {
    "above": [
      0.0,
      0.0,
      1.0
    ],
    "behind": [
      -0.754490315914154,
      0.6563112735748291,
      0.0
    ],
    "left": [
      -0.6563112735748291,
      -0.7544902563095093,
      0.0
    ],
    "below": [
      -0.0,
      -0.0,
      -1.0
    ],
    "right": [
      0.6563112735748291,
      0.7544902563095093,
      -0.0
    ],
    "front": [
      0.754490315914154,
      -0.6563112735748291,
      -0.0
    ]
  },
  "relationships": {
    "left": [
      [],
      [
        0,
        4,
        7
      ],
      [
        0,
        1,
        4,
        5,
        7
      ],
      [
        0,
        1,
        2,
        4,
        5,
        6,
        7
      ],
      [
        0
      ],
      [
        0,
        1,
        4,
        7
      ],
      [
        0,
        1,
        2,
        4,
        5,
        7
      ],
      [
        0,
        4
      ]
    ],
    "front": [
      [
        1,
        2,
        3,
        7
      ],
      [],
      [
        1
      ],
      [
        1,
        2,
        7
      ],
      [
        0,
        1,
        2,
        3,
        6,
        7
      ],
      [
        0,
        1,
        2,
        3,
        4,
        6,
        7
      ],
      [
        0,
        1,
        2,
        3,
        7
      ],
      [
        1,
        2
      ]
    ],
    "right": [
      [
        1,
        2,
        3,
        4,
        5,
        6,
        7
      ],
      [
        2,
        3,
        5,
        6
      ],
      [
        3,
        6
      ],
      [],
      [
        1,
        2,
        3,
        5,
        6,
        7
      ],
      [
        2,
        3,
        6
      ],
      [
        3
      ],
      [
        1,
        2,
        3,
        5,
        6
      ]
    ],
    "behind": [
      [
        4,
        5,
        6
      ],
      [
        0,
        2,
        3,
        4,
        5,
        6,
        7
      ],
      [
        0,
        3,
        4,
        5,
        6,
        7
      ],
      [
        0,
        4,
        5,
        6
      ],
      [
        5
      ],
      [],
      [
        4,
        5
      ],
      [
        0,
        3,
        4,
        5,
        6
      ]
    ]
  },
  "split": "new",
  "image_index": 441,
  "objects": [
    {
      "3d_coords": [
        -1.7826099395751953,
        -1.7335079908370972,
        0.699999988079071
      ],
      "x": 57,
      "pixel_coords": [
        82,
        99,
        11.168902397155762
      ],
      "material": "rubber",
      "size": "large",
      "width": 49,
      "height": 57,
      "color": "gray",
      "y": 71,
      "shape": "cylinder",
      "rotation": 130.07560281760522
    },
    {
      "3d_coords": [
        2.758981704711914,
        -2.2041172981262207,
        0.699999988079071
      ],
      "x": 142,
      "pixel_coords": [
        173,
        163,
        7.948946475982666
      ],
      "material": "metal",
      "size": "large",
      "width": 64,
      "height": 85,
      "color": "red",
      "y": 122,
      "shape": "cylinder",
      "rotation": 30.441019326549625
    },
    {
      "3d_coords": [
        2.1978914737701416,
        -0.16908986866474152,
        0.3499999940395355
      ],
      "x": 197,
      "pixel_coords": [
        210,
        137,
        9.717753410339355
      ],
      "material": "rubber",
      "size": "small",
      "width": 25,
      "height": 25,
      "color": "blue",
      "y": 124,
      "shape": "sphere",
      "rotation": 98.08002829549184
    },
    {
      "3d_coords": [
        2.176328182220459,
        1.9976550340652466,
        0.699999988079071
      ],
      "x": 230,
      "pixel_coords": [
        255,
        103,
        10.89991569519043
      ],
      "material": "metal",
      "size": "large",
      "width": 52,
      "height": 59,
      "color": "cyan",
      "y": 74,
      "shape": "cylinder",
      "rotation": 274.4709266667285
    },
    {
      "3d_coords": [
        -2.519418954849243,
        -0.05639726668596268,
        0.699999988079071
      ],
      "x": 85,
      "pixel_coords": [
        111,
        80,
        12.672250747680664
      ],
      "material": "rubber",
      "size": "large",
      "width": 50,
      "height": 50,
      "color": "gray",
      "y": 56,
      "shape": "cube",
      "rotation": 184.3760230625968
    },
    {
      "3d_coords": [
        -2.3314170837402344,
        2.874865770339966,
        0.699999988079071
      ],
      "x": 155,
      "pixel_coords": [
        172,
        64,
        14.34719181060791
      ],
      "material": "rubber",
      "size": "large",
      "width": 34,
      "height": 35,
      "color": "green",
      "y": 47,
      "shape": "sphere",
      "rotation": 346.5342860146796
    },
    {
      "3d_coords": [
        0.3645784854888916,
        2.314732789993286,
        0.699999988079071
      ],
      "x": 195,
      "pixel_coords": [
        215,
        85,
        12.263693809509277
      ],
      "material": "rubber",
      "size": "large",
      "width": 40,
      "height": 40,
      "color": "brown",
      "y": 65,
      "shape": "sphere",
      "rotation": 353.27992207926974
    },
    {
      "3d_coords": [
        0.07605089992284775,
        -1.0940210819244385,
        0.3499999940395355
      ],
      "x": 123,
      "pixel_coords": [
        135,
        122,
        10.520583152770996
      ],
      "material": "metal",
      "size": "small",
      "width": 24,
      "height": 31,
      "color": "green",
      "y": 107,
      "shape": "cylinder",
      "rotation": 330.77972569640787
    }
  ]
}