{
  "image_filename": "CLEVR_new_000662.png",
  "directions": {
    "above": [
      0.0,
      0.0,
      1.0
    ],
    "behind": [
      -0.754490315914154,
      0.6563112735748291,
      0.0
    ],
    "left": [
      -0.6563112735748291,
      -0.7544902563095093,
      0.0
    ],
    "below": [
      -0.0,
      -0.0,
      -1.0
    ],
    "right": [
      0.6563112735748291,
      0.7544902563095093,
      -0.0
    ],
    "front": [
      0.754490315914154,
      -0.6563112735748291,
      -0.0
    ]
  },
  "relationships": {
    "left": [
      [],
      [
        0,
        2
      ],
      [
        0
      ]
    ],
    "front": [
      [
        1
      ],
      [],
      [
        0,
        1
      ]
    ],
    "right": [
      [
        1,
        2
      ],
      [],
      [
        1
      ]
    ],
    "behind": [
      [
        2
      ],
      [
        0,
        2
      ],
      []
    ]
  },
  "split": "new",
  "image_index": 662,
  "objects": [
    {
      "3d_coords": [
        -2.5129024982452393,
        -2.66896390914917,
        0.699999988079071
      ],
      "x": 16,
      "pixel_coords": [
        41,
        98,
        10.76162338256836
      ],
      "material": "metal",
      "size": "large",
      "width": 48,
      "height": 46,
      "color": "purple",
      "y": 75,
      "shape": "sphere",
      "rotation": 245.92892616922813
    },
    {
      "3d_coords": [
        2.8975155353546143,
        0.4573360085487366,
        0.3499999940395355
      ],
      "x": 231,
      "pixel_coords": [
        246,
        143,
        9.15122127532959
      ],
      "material": "metal",
      "size": "small",
      "width": 30,
      "height": 37,
      "color": "purple",
      "y": 125,
      "shape": "cylinder",
      "rotation": 181.76120270602007
    },
    {
      "3d_coords": [
        -1.112249732017517,
        1.1774033308029175,
        0.3499999940395355
      ],
      "x": 154,
      "pixel_coords": [
        165,
        89,
        12.217822074890137
      ],
      "material": "rubber",
      "size": "small",
      "width": 20,
      "height": 26,
      "color": "brown",
      "y": 76,
      "shape": "cylinder",
      "rotation": 199.77940425603444
    }
  ]
}