{
  "image_filename": "CLEVR_new_000401.png",
  "directions": {
    "above": [
      0.0,
      0.0,
      1.0
    ],
    "behind": [
      -0.754490315914154,
      0.6563112735748291,
      0.0
    ],
    "left": [
      -0.6563112735748291,
      -0.7544902563095093,
      0.0
    ],
    "below": [
      -0.0,
      -0.0,
      -1.0
    ],
    "right": [
      0.6563112735748291,
      0.7544902563095093,
      -0.0
    ],
    "front": [
      0.754490315914154,
      -0.6563112735748291,
      -0.0
    ]
  },
  "relationships": {
    "left": [
      [
        1,
        2,
        3,
        4
      ],
      [
        2,
        3,
        4
      ],
      [
        3,
        4
      ],
      [],
      [
        3
      ]
    ],
    "front": [
      [
        2
      ],
      [
        0,
        2,
        3,
        4
      ],
      [],
      [
        0,
        2,
        4
      ],
      [
        0,
        2
      ]
    ],
    "right": [
      [],
      [
        0
      ],
      [
        0,
        1
      ],
      [
        0,
        1,
        2,
        4
      ],
      [
        0,
        1,
        2
      ]
    ],
    "behind": [
      [
        1,
        3,
        4
      ],
      [],
      [
        0,
        1,
        3,
        4
      ],
      [
        1
      ],
      [
        1,
        3
      ]
    ]
  },
  "split": "new",
  "image_index": 401,
  "objects": [
    {
      "3d_coords": [
        2.8993678092956543,
        0.5786719918251038,
        0.699999988079071
      ],
      "x": 225,
      "pixel_coords": [
        252,
        126,
        9.17393970489502
      ],
      "material": "rubber",
      "size": "large",
      "width": 55,
      "height": 54,
      "color": "blue",
      "y": 99,
      "shape": "sphere",
      "rotation": 335.82092556154805
    },
    {
      "3d_coords": [
        -1.1830354928970337,
        2.492295742034912,
        0.699999988079071
      ],
      "x": 168,
      "pixel_coords": [
        187,
        72,
        12.984113693237305
      ],
      "material": "metal",
      "size": "large",
      "width": 39,
      "height": 48,
      "color": "gray",
      "y": 48,
      "shape": "cylinder",
      "rotation": 48.0140774546465
    },
    {
      "3d_coords": [
        2.915501356124878,
        -2.0687296390533447,
        0.3499999940395355
      ],
      "x": 163,
      "pixel_coords": [
        183,
        179,
        7.705956935882568
      ],
      "material": "rubber",
      "size": "small",
      "width": 40,
      "height": 47,
      "color": "red",
      "y": 156,
      "shape": "cube",
      "rotation": 357.6982198336266
    },
    {
      "3d_coords": [
        -2.677140235900879,
        -0.41585835814476013,
        0.699999988079071
      ],
      "x": 78,
      "pixel_coords": [
        98,
        80,
        12.174185752868652
      ],
      "material": "metal",
      "size": "large",
      "width": 41,
      "height": 41,
      "color": "green",
      "y": 60,
      "shape": "sphere",
      "rotation": 11.833244214849245
    },
    {
      "3d_coords": [
        0.04492037370800972,
        -1.1258046627044678,
        0.699999988079071
      ],
      "x": 98,
      "pixel_coords": [
        132,
        111,
        9.979415893554688
      ],
      "material": "rubber",
      "size": "large",
      "width": 68,
      "height": 70,
      "color": "purple",
      "y": 78,
      "shape": "cube",
      "rotation": 290.6218708966826
    }
  ]
}