{
  "image_filename": "CLEVR_new_000249.png",
  "directions": {
    "above": [
      0.0,
      0.0,
      1.0
    ],
    "behind": [
      -0.754490315914154,
      0.6563112735748291,
      0.0
    ],
    "left": [
      -0.6563112735748291,
      -0.7544902563095093,
      0.0
    ],
    "below": [
      -0.0,
      -0.0,
      -1.0
    ],
    "right": [
      0.6563112735748291,
      0.7544902563095093,
      -0.0
    ],
    "front": [
      0.754490315914154,
      -0.6563112735748291,
      -0.0
    ]
  },
  "relationships": {
    "left": [
      [
        1,
        3,
        6
      ],
      [],
      [
        0,
        1,
        3,
        4,
        5,
        6
      ],
      [
        1
      ],
      [
        0,
        1,
        3,
        5,
        6
      ],
      [
        0,
        1,
        3,
        6
      ],
      [
        1,
        3
      ]
    ],
    "front": [
      [
        2,
        3,
        6
      ],
      [
        0,
        2,
        3,
        6
      ],
      [
        3,
        6
      ],
      [
        6
      ],
      [
        0,
        1,
        2,
        3,
        6
      ],
      [
        0,
        1,
        2,
        3,
        4,
        6
      ],
      []
    ],
    "right": [
      [
        2,
        4,
        5
      ],
      [
        0,
        2,
        3,
        4,
        5,
        6
      ],
      [],
      [
        0,
        2,
        4,
        5,
        6
      ],
      [
        2
      ],
      [
        2,
        4
      ],
      [
        0,
        2,
        4,
        5
      ]
    ],
    "behind": [
      [
        1,
        4,
        5
      ],
      [
        4,
        5
      ],
      [
        0,
        1,
        4,
        5
      ],
      [
        0,
        1,
        2,
        4,
        5
      ],
      [
        5
      ],
      [],
      [
        0,
        1,
        2,
        3,
        4,
        5
      ]
    ]
  },
  "split": "new",
  "image_index": 249,
  "objects": [
    {
      "3d_coords": [
        0.9535083770751953,
        -0.4084087610244751,
        0.699999988079071
      ],
      "x": 147,
      "pixel_coords": [
        171,
        116,
        10.601593971252441
      ],
      "material": "metal",
      "size": "large",
      "width": 50,
      "height": 60,
      "color": "green",
      "y": 86,
      "shape": "cube",
      "rotation": 250.64293173581476
    },
    {
      "3d_coords": [
        -2.3492252826690674,
        -2.924901247024536,
        0.699999988079071
      ],
      "x": 13,
      "pixel_coords": [
        44,
        104,
        11.32183837890625
      ],
      "material": "rubber",
      "size": "large",
      "width": 60,
      "height": 62,
      "color": "gray",
      "y": 74,
      "shape": "cube",
      "rotation": 328.1728740436147
    },
    {
      "3d_coords": [
        2.5865139961242676,
        0.814899206161499,
        0.699999988079071
      ],
      "x": 213,
      "pixel_coords": [
        239,
        123,
        10.233470916748047
      ],
      "material": "rubber",
      "size": "large",
      "width": 54,
      "height": 65,
      "color": "red",
      "y": 91,
      "shape": "cylinder",
      "rotation": 304.57742975192565
    },
    {
      "3d_coords": [
        0.7016449570655823,
        -2.9081599712371826,
        0.3499999940395355
      ],
      "x": 82,
      "pixel_coords": [
        96,
        153,
        9.506356239318848
      ],
      "material": "metal",
      "size": "small",
      "width": 28,
      "height": 36,
      "color": "brown",
      "y": 136,
      "shape": "cylinder",
      "rotation": 321.7718568124688
    },
    {
      "3d_coords": [
        0.5709501504898071,
        1.5227770805358887,
        0.699999988079071
      ],
      "x": 184,
      "pixel_coords": [
        205,
        94,
        11.958850860595703
      ],
      "material": "rubber",
      "size": "large",
      "width": 41,
      "height": 41,
      "color": "purple",
      "y": 73,
      "shape": "sphere",
      "rotation": 238.38481473497777
    },
    {
      "3d_coords": [
        -1.9549299478530884,
        2.709073305130005,
        0.3499999940395355
      ],
      "x": 170,
      "pixel_coords": [
        178,
        74,
        14.4650239944458
      ],
      "material": "metal",
      "size": "small",
      "width": 17,
      "height": 22,
      "color": "purple",
      "y": 63,
      "shape": "cylinder",
      "rotation": 327.685342050645
    },
    {
      "3d_coords": [
        2.8451054096221924,
        -2.689194440841675,
        0.3499999940395355
      ],
      "x": 139,
      "pixel_coords": [
        154,
        189,
        8.228416442871094
      ],
      "material": "metal",
      "size": "small",
      "width": 30,
      "height": 30,
      "color": "green",
      "y": 174,
      "shape": "sphere",
      "rotation": 220.5585795163798
    }
  ]
}