{
  "image_filename": "CLEVR_new_000633.png",
  "directions": {
    "above": [
      0.0,
      0.0,
      1.0
    ],
    "behind": [
      -0.754490315914154,
      0.6563112735748291,
      0.0
    ],
    "left": [
      -0.6563112735748291,
      -0.7544902563095093,
      0.0
    ],
    "below": [
      -0.0,
      -0.0,
      -1.0
    ],
    "right": [
      0.6563112735748291,
      0.7544902563095093,
      -0.0
    ],
    "front": [
      0.754490315914154,
      -0.6563112735748291,
      -0.0
    ]
  },
  "relationships": {
    "left": [
      [
        1,
        2,
        3,
        5
      ],
      [
        3,
        5
      ],
      [
        1,
        3,
        5
      ],
      [],
      [
        0,
        1,
        2,
        3,
        5,
        6
      ],
      [
        3
      ],
      [
        0,
        1,
        2,
        3,
        5
      ]
    ],
    "front": [
      [
        1,
        2,
        3,
        4,
        5,
        6
      ],
      [
        2,
        4,
        5,
        6
      ],
      [],
      [
        1,
        2,
        4,
        5,
        6
      ],
      [
        2,
        5,
        6
      ],
      [
        2
      ],
      [
        2,
        5
      ]
    ],
    "right": [
      [
        4,
        6
      ],
      [
        0,
        2,
        4,
        6
      ],
      [
        0,
        4,
        6
      ],
      [
        0,
        1,
        2,
        4,
        5,
        6
      ],
      [],
      [
        0,
        1,
        2,
        4,
        6
      ],
      [
        4
      ]
    ],
    "behind": [
      [],
      [
        0,
        3
      ],
      [
        0,
        1,
        3,
        4,
        5,
        6
      ],
      [
        0
      ],
      [
        0,
        1,
        3
      ],
      [
        0,
        1,
        3,
        4,
        6
      ],
      [
        0,
        1,
        3,
        4
      ]
    ]
  },
  "split": "new",
  "image_index": 633,
  "objects": [
    {
      "3d_coords": [
        -1.291866421699524,
        1.8287118673324585,
        0.699999988079071
      ],
      "x": 157,
      "pixel_coords": [
        175,
        76,
        13.38834285736084
      ],
      "material": "rubber",
      "size": "large",
      "width": 38,
      "height": 47,
      "color": "cyan",
      "y": 53,
      "shape": "cylinder",
      "rotation": 305.49049804077214
    },
    {
      "3d_coords": [
        -0.1997479498386383,
        -0.9476770162582397,
        0.3499999940395355
      ],
      "x": 122,
      "pixel_coords": [
        133,
        117,
        11.274585723876953
      ],
      "material": "metal",
      "size": "small",
      "width": 23,
      "height": 29,
      "color": "purple",
      "y": 103,
      "shape": "cylinder",
      "rotation": 223.40925845602854
    },
    {
      "3d_coords": [
        2.591651439666748,
        -2.3959527015686035,
        0.3499999940395355
      ],
      "x": 134,
      "pixel_coords": [
        153,
        178,
        8.594346046447754
      ],
      "material": "rubber",
      "size": "small",
      "width": 38,
      "height": 44,
      "color": "yellow",
      "y": 156,
      "shape": "cube",
      "rotation": 29.68107823498977
    },
    {
      "3d_coords": [
        -1.6283307075500488,
        -1.5947226285934448,
        0.699999988079071
      ],
      "x": 71,
      "pixel_coords": [
        92,
        98,
        11.69894790649414
      ],
      "material": "rubber",
      "size": "large",
      "width": 43,
      "height": 42,
      "color": "red",
      "y": 77,
      "shape": "sphere",
      "rotation": 234.75732558957296
    },
    {
      "3d_coords": [
        2.6505751609802246,
        1.6550028324127197,
        0.699999988079071
      ],
      "x": 232,
      "pixel_coords": [
        258,
        116,
        10.649827003479004
      ],
      "material": "metal",
      "size": "large",
      "width": 53,
      "height": 62,
      "color": "red",
      "y": 86,
      "shape": "cylinder",
      "rotation": 282.66112439544975
    },
    {
      "3d_coords": [
        0.41514649987220764,
        -2.647143602371216,
        0.699999988079071
      ],
      "x": 59,
      "pixel_coords": [
        97,
        133,
        9.741212844848633
      ],
      "material": "rubber",
      "size": "large",
      "width": 71,
      "height": 73,
      "color": "cyan",
      "y": 98,
      "shape": "cube",
      "rotation": 184.22192367371784
    },
    {
      "3d_coords": [
        1.80808424949646,
        -0.009775316342711449,
        0.699999988079071
      ],
      "x": 175,
      "pixel_coords": [
        199,
        122,
        10.283123970031738
      ],
      "material": "metal",
      "size": "large",
      "width": 50,
      "height": 64,
      "color": "purple",
      "y": 91,
      "shape": "cylinder",
      "rotation": 357.3768798272737
    }
  ]
}