{
  "image_filename": "CLEVR_new_000521.png",
  "directions": {
    "above": [
      0.0,
      0.0,
      1.0
    ],
    "behind": [
      -0.754490315914154,
      0.6563112735748291,
      0.0
    ],
    "left": [
      -0.6563112735748291,
      -0.7544902563095093,
      0.0
    ],
    "below": [
      -0.0,
      -0.0,
      -1.0
    ],
    "right": [
      0.6563112735748291,
      0.7544902563095093,
      -0.0
    ],
    "front": [
      0.754490315914154,
      -0.6563112735748291,
      -0.0
    ]
  },
  "relationships": {
    "left": [
      [
        1,
        2,
        3,
        4
      ],
      [
        3
      ],
      [
        1,
        3,
        4
      ],
      [],
      [
        1,
        3
      ]
    ],
    "front": [
      [
        2,
        4
      ],
      [
        0,
        2,
        4
      ],
      [
        4
      ],
      [
        0,
        1,
        2,
        4
      ],
      []
    ],
    "right": [
      [],
      [
        0,
        2,
        4
      ],
      [
        0
      ],
      [
        0,
        1,
        2,
        4
      ],
      [
        0,
        2
      ]
    ],
    "behind": [
      [
        1,
        3
      ],
      [
        3
      ],
      [
        0,
        1,
        3
      ],
      [],
      [
        0,
        1,
        2,
        3
      ]
    ]
  },
  "split": "new",
  "image_index": 521,
  "objects": [
    {
      "3d_coords": [
        2.3227157592773438,
        1.1510173082351685,
        0.3499999940395355
      ],
      "x": 230,
      "pixel_coords": [
        244,
        127,
        9.934826850891113
      ],
      "material": "metal",
      "size": "small",
      "width": 29,
      "height": 33,
      "color": "gray",
      "y": 110,
      "shape": "cube",
      "rotation": 57.26775403006737
    },
    {
      "3d_coords": [
        -0.5666841268539429,
        -1.0634452104568481,
        0.3499999940395355
      ],
      "x": 109,
      "pixel_coords": [
        121,
        114,
        10.583253860473633
      ],
      "material": "rubber",
      "size": "small",
      "width": 24,
      "height": 31,
      "color": "red",
      "y": 99,
      "shape": "cylinder",
      "rotation": 174.40178899959002
    },
    {
      "3d_coords": [
        2.081801176071167,
        -0.812006413936615,
        0.699999988079071
      ],
      "x": 153,
      "pixel_coords": [
        190,
        136,
        8.804182052612305
      ],
      "material": "rubber",
      "size": "large",
      "width": 74,
      "height": 82,
      "color": "brown",
      "y": 97,
      "shape": "cube",
      "rotation": 100.8445605471595
    },
    {
      "3d_coords": [
        -2.110182762145996,
        -1.0545105934143066,
        0.699999988079071
      ],
      "x": 64,
      "pixel_coords": [
        93,
        88,
        11.439005851745605
      ],
      "material": "metal",
      "size": "large",
      "width": 55,
      "height": 56,
      "color": "gray",
      "y": 60,
      "shape": "cube",
      "rotation": 44.716900519091475
    },
    {
      "3d_coords": [
        2.4736597537994385,
        -2.864285707473755,
        0.3499999940395355
      ],
      "x": 118,
      "pixel_coords": [
        134,
        190,
        7.544866561889648
      ],
      "material": "metal",
      "size": "small",
      "width": 33,
      "height": 33,
      "color": "green",
      "y": 174,
      "shape": "sphere",
      "rotation": 329.5088369089889
    }
  ]
}