{
  "image_filename": "CLEVR_new_000162.png",
  "directions": {
    "above": [
      0.0,
      0.0,
      1.0
    ],
    "behind": [
      -0.754490315914154,
      0.6563112735748291,
      0.0
    ],
    "left": [
      -0.6563112735748291,
      -0.7544902563095093,
      0.0
    ],
    "below": [
      -0.0,
      -0.0,
      -1.0
    ],
    "right": [
      0.6563112735748291,
      0.7544902563095093,
      -0.0
    ],
    "front": [
      0.754490315914154,
      -0.6563112735748291,
      -0.0
    ]
  },
  "relationships": {
    "left": [
      [
        1,
        2,
        3,
        4
      ],
      [
        2
      ],
      [],
      [
        1,
        2,
        4
      ],
      [
        1,
        2
      ]
    ],
    "front": [
      [
        3,
        4
      ],
      [
        0,
        2,
        3,
        4
      ],
      [
        0,
        3,
        4
      ],
      [],
      [
        3
      ]
    ],
    "right": [
      [],
      [
        0,
        3,
        4
      ],
      [
        0,
        1,
        3,
        4
      ],
      [
        0
      ],
      [
        0,
        3
      ]
    ],
    "behind": [
      [
        1,
        2
      ],
      [],
      [
        1
      ],
      [
        0,
        1,
        2,
        4
      ],
      [
        0,
        1,
        2
      ]
    ]
  },
  "split": "new",
  "image_index": 162,
  "objects": [
    {
      "3d_coords": [
        1.3572371006011963,
        0.8398145437240601,
        0.699999988079071
      ],
      "x": 185,
      "pixel_coords": [
        210,
        108,
        10.625103950500488
      ],
      "material": "rubber",
      "size": "large",
      "width": 55,
      "height": 60,
      "color": "brown",
      "y": 78,
      "shape": "cube",
      "rotation": 195.67453417833448
    },
    {
      "3d_coords": [
        -2.2638943195343018,
        -0.017375584691762924,
        0.699999988079071
      ],
      "x": 89,
      "pixel_coords": [
        118,
        79,
        12.476659774780273
      ],
      "material": "metal",
      "size": "large",
      "width": 55,
      "height": 55,
      "color": "gray",
      "y": 53,
      "shape": "cube",
      "rotation": 209.0624703915469
    },
    {
      "3d_coords": [
        -1.560221791267395,
        -1.8739292621612549,
        0.3499999940395355
      ],
      "x": 71,
      "pixel_coords": [
        83,
        112,
        11.131912231445312
      ],
      "material": "rubber",
      "size": "small",
      "width": 25,
      "height": 29,
      "color": "purple",
      "y": 97,
      "shape": "cylinder",
      "rotation": 174.76758664054515
    },
    {
      "3d_coords": [
        1.9993672370910645,
        -1.6582846641540527,
        0.3499999940395355
      ],
      "x": 149,
      "pixel_coords": [
        163,
        159,
        8.95212459564209
      ],
      "material": "metal",
      "size": "small",
      "width": 28,
      "height": 38,
      "color": "green",
      "y": 140,
      "shape": "cylinder",
      "rotation": 88.36514879334597
    },
    {
      "3d_coords": [
        0.5979093909263611,
        -1.3867132663726807,
        0.699999988079071
      ],
      "x": 112,
      "pixel_coords": [
        137,
        123,
        9.839116096496582
      ],
      "material": "metal",
      "size": "large",
      "width": 50,
      "height": 50,
      "color": "brown",
      "y": 98,
      "shape": "sphere",
      "rotation": 324.6585067584884
    }
  ]
}