{
  "image_filename": "CLEVR_new_000261.png",
  "directions": {
    "above": [
      0.0,
      0.0,
      1.0
    ],
    "behind": [
      -0.754490315914154,
      0.6563112735748291,
      0.0
    ],
    "left": [
      -0.6563112735748291,
      -0.7544902563095093,
      0.0
    ],
    "below": [
      -0.0,
      -0.0,
      -1.0
    ],
    "right": [
      0.6563112735748291,
      0.7544902563095093,
      -0.0
    ],
    "front": [
      0.754490315914154,
      -0.6563112735748291,
      -0.0
    ]
  },
  "relationships": {
    "left": [
      [
        4
      ],
      [
        0,
        4
      ],
      [
        0,
        1,
        3,
        4,
        5,
        6,
        7
      ],
      [
        0,
        1,
        4,
        6,
        7
      ],
      [],
      [
        0,
        1,
        3,
        4,
        6,
        7
      ],
      [
        0,
        1,
        4,
        7
      ],
      [
        0,
        1,
        4
      ]
    ],
    "front": [
      [
        1,
        5
      ],
      [],
      [
        0,
        1,
        5
      ],
      [
        0,
        1,
        2,
        4,
        5,
        6
      ],
      [
        0,
        1,
        2,
        5
      ],
      [
        1
      ],
      [
        0,
        1,
        2,
        4,
        5
      ],
      [
        0,
        1,
        2,
        3,
        4,
        5,
        6
      ]
    ],
    "right": [
      [
        1,
        2,
        3,
        5,
        6,
        7
      ],
      [
        2,
        3,
        5,
        6,
        7
      ],
      [],
      [
        2,
        5
      ],
      [
        0,
        1,
        2,
        3,
        5,
        6,
        7
      ],
      [
        2
      ],
      [
        2,
        3,
        5
      ],
      [
        2,
        3,
        5,
        6
      ]
    ],
    "behind": [
      [
        2,
        3,
        4,
        6,
        7
      ],
      [
        0,
        2,
        3,
        4,
        5,
        6,
        7
      ],
      [
        3,
        4,
        6,
        7
      ],
      [
        7
      ],
      [
        3,
        6,
        7
      ],
      [
        0,
        2,
        3,
        4,
        6,
        7
      ],
      [
        3,
        7
      ],
      []
    ]
  },
  "split": "new",
  "image_index": 261,
  "objects": [
    {
      "3d_coords": [
        -0.5857420563697815,
        -2.4525580406188965,
        0.3499999940395355
      ],
      "x": 69,
      "pixel_coords": [
        83,
        127,
        10.266578674316406
      ],
      "material": "metal",
      "size": "small",
      "width": 27,
      "height": 32,
      "color": "green",
      "y": 112,
      "shape": "cylinder",
      "rotation": 26.85453588533969
    },
    {
      "3d_coords": [
        1.05966055393219,
        -2.231935739517212,
        0.699999988079071
      ],
      "x": 92,
      "pixel_coords": [
        120,
        137,
        9.107688903808594
      ],
      "material": "metal",
      "size": "large",
      "width": 54,
      "height": 54,
      "color": "purple",
      "y": 110,
      "shape": "sphere",
      "rotation": 101.95936346852844
    },
    {
      "3d_coords": [
        2.485255002975464,
        2.591688632965088,
        0.699999988079071
      ],
      "x": 250,
      "pixel_coords": [
        276,
        104,
        10.844406127929688
      ],
      "material": "rubber",
      "size": "large",
      "width": 54,
      "height": 60,
      "color": "green",
      "y": 75,
      "shape": "cylinder",
      "rotation": 350.8371148749923
    },
    {
      "3d_coords": [
        -0.33128780126571655,
        2.339341640472412,
        0.3499999940395355
      ],
      "x": 194,
      "pixel_coords": [
        204,
        89,
        12.780121803283691
      ],
      "material": "metal",
      "size": "small",
      "width": 19,
      "height": 19,
      "color": "gray",
      "y": 79,
      "shape": "sphere",
      "rotation": 39.89839432963729
    },
    {
      "3d_coords": [
        -2.61317777633667,
        -2.6530933380126953,
        0.699999988079071
      ],
      "x": 19,
      "pixel_coords": [
        46,
        96,
        11.363592147827148
      ],
      "material": "metal",
      "size": "large",
      "width": 51,
      "height": 57,
      "color": "green",
      "y": 69,
      "shape": "cylinder",
      "rotation": 301.00746726541917
    },
    {
      "3d_coords": [
        2.608614683151245,
        0.5090366005897522,
        0.3499999940395355
      ],
      "x": 221,
      "pixel_coords": [
        234,
        138,
        9.75940990447998
      ],
      "material": "metal",
      "size": "small",
      "width": 26,
      "height": 25,
      "color": "gray",
      "y": 125,
      "shape": "sphere",
      "rotation": 308.8212291626579
    },
    {
      "3d_coords": [
        -0.49598103761672974,
        0.9278035759925842,
        0.3499999940395355
      ],
      "x": 161,
      "pixel_coords": [
        172,
        98,
        12.100600242614746
      ],
      "material": "metal",
      "size": "small",
      "width": 20,
      "height": 20,
      "color": "red",
      "y": 88,
      "shape": "sphere",
      "rotation": 346.80104911288527
    },
    {
      "3d_coords": [
        -2.1121020317077637,
        1.6190234422683716,
        0.3499999940395355
      ],
      "x": 148,
      "pixel_coords": [
        157,
        80,
        13.584601402282715
      ],
      "material": "metal",
      "size": "small",
      "width": 18,
      "height": 23,
      "color": "gray",
      "y": 68,
      "shape": "cylinder",
      "rotation": 10.560807628364103
    }
  ]
}