{
  "image_filename": "CLEVR_new_000495.png",
  "directions": {
    "above": [
      0.0,
      0.0,
      1.0
    ],
    "behind": [
      -0.754490315914154,
      0.6563112735748291,
      0.0
    ],
    "left": [
      -0.6563112735748291,
      -0.7544902563095093,
      0.0
    ],
    "below": [
      -0.0,
      -0.0,
      -1.0
    ],
    "right": [
      0.6563112735748291,
      0.7544902563095093,
      -0.0
    ],
    "front": [
      0.754490315914154,
      -0.6563112735748291,
      -0.0
    ]
  },
  "relationships": {
    "left": [
      [
        3
      ],
      [
        0,
        2,
        3
      ],
      [
        0,
        3
      ],
      []
    ],
    "front": [
      [],
      [
        0,
        2,
        3
      ],
      [
        0
      ],
      [
        0,
        2
      ]
    ],
    "right": [
      [
        1,
        2
      ],
      [],
      [
        1
      ],
      [
        0,
        1,
        2
      ]
    ],
    "behind": [
      [
        1,
        2,
        3
      ],
      [],
      [
        1,
        3
      ],
      [
        1
      ]
    ]
  },
  "split": "new",
  "image_index": 495,
  "objects": [
    {
      "3d_coords": [
        2.7810676097869873,
        -2.8334169387817383,
        0.3499999940395355
      ],
      "x": 129,
      "pixel_coords": [
        146,
        202,
        7.578641414642334
      ],
      "material": "metal",
      "size": "small",
      "width": 33,
      "height": 46,
      "color": "green",
      "y": 179,
      "shape": "cylinder",
      "rotation": 23.901566363460915
    },
    {
      "3d_coords": [
        0.3963099420070648,
        2.8827905654907227,
        0.699999988079071
      ],
      "x": 209,
      "pixel_coords": [
        230,
        79,
        12.119155883789062
      ],
      "material": "metal",
      "size": "large",
      "width": 45,
      "height": 53,
      "color": "purple",
      "y": 52,
      "shape": "cylinder",
      "rotation": 149.4938659701191
    },
    {
      "3d_coords": [
        2.820457935333252,
        -1.2065393924713135,
        0.3499999940395355
      ],
      "x": 182,
      "pixel_coords": [
        199,
        171,
        8.461952209472656
      ],
      "material": "rubber",
      "size": "small",
      "width": 35,
      "height": 43,
      "color": "yellow",
      "y": 150,
      "shape": "cube",
      "rotation": 231.46211991795954
    },
    {
      "3d_coords": [
        -2.4757626056671143,
        -1.0572501420974731,
        0.699999988079071
      ],
      "x": 64,
      "pixel_coords": [
        88,
        84,
        11.763375282287598
      ],
      "material": "rubber",
      "size": "large",
      "width": 47,
      "height": 55,
      "color": "yellow",
      "y": 57,
      "shape": "cylinder",
      "rotation": 230.0721782642726
    }
  ]
}