{
  "image_filename": "CLEVR_new_000535.png",
  "directions": {
    "above": [
      0.0,
      0.0,
      1.0
    ],
    "behind": [
      -0.754490315914154,
      0.6563112735748291,
      0.0
    ],
    "left": [
      -0.6563112735748291,
      -0.7544902563095093,
      0.0
    ],
    "below": [
      -0.0,
      -0.0,
      -1.0
    ],
    "right": [
      0.6563112735748291,
      0.7544902563095093,
      -0.0
    ],
    "front": [
      0.754490315914154,
      -0.6563112735748291,
      -0.0
    ]
  },
  "relationships": {
    "left": [
      [
        1,
        2,
        3
      ],
      [],
      [
        1
      ],
      [
        1,
        2
      ]
    ],
    "front": [
      [
        2
      ],
      [
        0,
        2
      ],
      [],
      [
        0,
        1,
        2
      ]
    ],
    "right": [
      [],
      [
        0,
        2,
        3
      ],
      [
        0,
        3
      ],
      [
        0
      ]
    ],
    "behind": [
      [
        1,
        3
      ],
      [
        3
      ],
      [
        0,
        1,
        3
      ],
      []
    ]
  },
  "split": "new",
  "image_index": 535,
  "objects": [
    {
      "3d_coords": [
        2.190547227859497,
        1.8631813526153564,
        0.3499999940395355
      ],
      "x": 246,
      "pixel_coords": [
        259,
        117,
        10.06240463256836
      ],
      "material": "metal",
      "size": "small",
      "width": 25,
      "height": 24,
      "color": "green",
      "y": 105,
      "shape": "sphere",
      "rotation": 62.53966190411827
    },
    {
      "3d_coords": [
        -1.9241769313812256,
        -1.0203444957733154,
        0.699999988079071
      ],
      "x": 72,
      "pixel_coords": [
        95,
        88,
        10.974170684814453
      ],
      "material": "metal",
      "size": "large",
      "width": 45,
      "height": 45,
      "color": "red",
      "y": 66,
      "shape": "sphere",
      "rotation": 9.00498175922715
    },
    {
      "3d_coords": [
        1.2713629007339478,
        -1.279829740524292,
        0.3499999940395355
      ],
      "x": 141,
      "pixel_coords": [
        154,
        142,
        8.876784324645996
      ],
      "material": "metal",
      "size": "small",
      "width": 28,
      "height": 28,
      "color": "brown",
      "y": 128,
      "shape": "sphere",
      "rotation": 44.86891466946906
    },
    {
      "3d_coords": [
        -1.1608805656433105,
        1.4568873643875122,
        0.3499999940395355
      ],
      "x": 160,
      "pixel_coords": [
        170,
        85,
        12.052311897277832
      ],
      "material": "metal",
      "size": "small",
      "width": 21,
      "height": 27,
      "color": "green",
      "y": 72,
      "shape": "cylinder",
      "rotation": 31.271965801692527
    }
  ]
}