{
  "image_filename": "CLEVR_new_000225.png",
  "directions": {
    "above": [
      0.0,
      0.0,
      1.0
    ],
    "behind": [
      -0.754490315914154,
      0.6563112735748291,
      0.0
    ],
    "left": [
      -0.6563112735748291,
      -0.7544902563095093,
      0.0
    ],
    "below": [
      -0.0,
      -0.0,
      -1.0
    ],
    "right": [
      0.6563112735748291,
      0.7544902563095093,
      -0.0
    ],
    "front": [
      0.754490315914154,
      -0.6563112735748291,
      -0.0
    ]
  },
  "relationships": {
    "left": [
      [],
      [
        0
      ],
      [
        0,
        1
      ],
      [
        0,
        1,
        2,
        4
      ],
      [
        0,
        1,
        2
      ]
    ],
    "front": [
      [
        4
      ],
      [
        0,
        2,
        3,
        4
      ],
      [
        0,
        3,
        4
      ],
      [
        0,
        4
      ],
      []
    ],
    "right": [
      [
        1,
        2,
        3,
        4
      ],
      [
        2,
        3,
        4
      ],
      [
        3,
        4
      ],
      [],
      [
        3
      ]
    ],
    "behind": [
      [
        1,
        2,
        3
      ],
      [],
      [
        1
      ],
      [
        1,
        2
      ],
      [
        0,
        1,
        2,
        3
      ]
    ]
  },
  "split": "new",
  "image_index": 225,
  "objects": [
    {
      "3d_coords": [
        -1.0923901796340942,
        -1.8186981678009033,
        0.699999988079071
      ],
      "x": 62,
      "pixel_coords": [
        93,
        105,
        11.010293006896973
      ],
      "material": "rubber",
      "size": "large",
      "width": 62,
      "height": 64,
      "color": "blue",
      "y": 74,
      "shape": "cube",
      "rotation": 47.12455728913257
    },
    {
      "3d_coords": [
        -2.78855299949646,
        0.4453136622905731,
        0.699999988079071
      ],
      "x": 106,
      "pixel_coords": [
        124,
        72,
        13.372801780700684
      ],
      "material": "metal",
      "size": "large",
      "width": 37,
      "height": 37,
      "color": "red",
      "y": 53,
      "shape": "sphere",
      "rotation": 291.67129360595425
    },
    {
      "3d_coords": [
        -0.7225481271743774,
        0.8037899732589722,
        0.699999988079071
      ],
      "x": 145,
      "pixel_coords": [
        165,
        87,
        12.158809661865234
      ],
      "material": "rubber",
      "size": "large",
      "width": 41,
      "height": 53,
      "color": "red",
      "y": 61,
      "shape": "cylinder",
      "rotation": 287.26475895353684
    },
    {
      "3d_coords": [
        1.3969556093215942,
        1.7139676809310913,
        0.699999988079071
      ],
      "x": 206,
      "pixel_coords": [
        229,
        102,
        11.202967643737793
      ],
      "material": "metal",
      "size": "large",
      "width": 49,
      "height": 58,
      "color": "yellow",
      "y": 73,
      "shape": "cylinder",
      "rotation": 119.4265451159396
    },
    {
      "3d_coords": [
        2.0139033794403076,
        -0.05351969599723816,
        0.3499999940395355
      ],
      "x": 189,
      "pixel_coords": [
        202,
        138,
        10.015451431274414
      ],
      "material": "rubber",
      "size": "small",
      "width": 26,
      "height": 33,
      "color": "green",
      "y": 121,
      "shape": "cylinder",
      "rotation": 289.05844569052965
    }
  ]
}