{
  "image_filename": "CLEVR_new_000262.png",
  "directions": {
    "above": [
      0.0,
      0.0,
      1.0
    ],
    "behind": [
      -0.754490315914154,
      0.6563112735748291,
      0.0
    ],
    "left": [
      -0.6563112735748291,
      -0.7544902563095093,
      0.0
    ],
    "below": [
      -0.0,
      -0.0,
      -1.0
    ],
    "right": [
      0.6563112735748291,
      0.7544902563095093,
      -0.0
    ],
    "front": [
      0.754490315914154,
      -0.6563112735748291,
      -0.0
    ]
  },
  "relationships": {
    "left": [
      [
        2
      ],
      [
        0,
        2
      ],
      []
    ],
    "front": [
      [],
      [
        0,
        2
      ],
      [
        0
      ]
    ],
    "right": [
      [
        1
      ],
      [],
      [
        0,
        1
      ]
    ],
    "behind": [
      [
        1,
        2
      ],
      [],
      [
        1
      ]
    ]
  },
  "split": "new",
  "image_index": 262,
  "objects": [
    {
      "3d_coords": [
        0.6215803623199463,
        -1.6229441165924072,
        0.3499999940395355
      ],
      "x": 117,
      "pixel_coords": [
        130,
        137,
        9.748578071594238
      ],
      "material": "metal",
      "size": "small",
      "width": 25,
      "height": 25,
      "color": "yellow",
      "y": 124,
      "shape": "sphere",
      "rotation": 54.088556978213376
    },
    {
      "3d_coords": [
        -0.33603590726852417,
        2.9948325157165527,
        0.699999988079071
      ],
      "x": 191,
      "pixel_coords": [
        217,
        73,
        12.773477554321289
      ],
      "material": "rubber",
      "size": "large",
      "width": 54,
      "height": 53,
      "color": "yellow",
      "y": 47,
      "shape": "cube",
      "rotation": 111.32913327700383
    },
    {
      "3d_coords": [
        -2.185495138168335,
        -1.4064650535583496,
        0.3499999940395355
      ],
      "x": 71,
      "pixel_coords": [
        86,
        99,
        11.717978477478027
      ],
      "material": "rubber",
      "size": "small",
      "width": 29,
      "height": 30,
      "color": "red",
      "y": 85,
      "shape": "cube",
      "rotation": 117.801842538568
    }
  ]
}