{
  "image_filename": "CLEVR_new_000363.png",
  "directions": {
    "above": [
      0.0,
      0.0,
      1.0
    ],
    "behind": [
      -0.754490315914154,
      0.6563112735748291,
      0.0
    ],
    "left": [
      -0.6563112735748291,
      -0.7544902563095093,
      0.0
    ],
    "below": [
      -0.0,
      -0.0,
      -1.0
    ],
    "right": [
      0.6563112735748291,
      0.7544902563095093,
      -0.0
    ],
    "front": [
      0.754490315914154,
      -0.6563112735748291,
      -0.0
    ]
  },
  "relationships": {
    "left": [
      [
        2,
        3,
        4,
        5,
        6,
        7,
        8
      ],
      [
        0,
        2,
        3,
        4,
        5,
        6,
        7,
        8
      ],
      [
        3,
        5,
        7,
        8
      ],
      [
        7
      ],
      [
        2,
        3,
        5,
        6,
        7,
        8
      ],
      [
        3,
        7,
        8
      ],
      [
        2,
        3,
        5,
        7,
        8
      ],
      [],
      [
        3,
        7
      ]
    ],
    "front": [
      [
        5,
        6,
        8
      ],
      [
        0,
        5,
        6,
        7,
        8
      ],
      [
        0,
        1,
        3,
        4,
        5,
        6,
        7,
        8
      ],
      [
        0,
        1,
        4,
        5,
        6,
        7,
        8
      ],
      [
        0,
        1,
        5,
        6,
        7,
        8
      ],
      [],
      [
        5
      ],
      [
        0,
        5,
        6,
        8
      ],
      [
        5,
        6
      ]
    ],
    "right": [
      [
        1
      ],
      [],
      [
        0,
        1,
        4,
        6
      ],
      [
        0,
        1,
        2,
        4,
        5,
        6,
        8
      ],
      [
        0,
        1
      ],
      [
        0,
        1,
        2,
        4,
        6
      ],
      [
        0,
        1,
        4
      ],
      [
        0,
        1,
        2,
        3,
        4,
        5,
        6,
        8
      ],
      [
        0,
        1,
        2,
        4,
        5,
        6
      ]
    ],
    "behind": [
      [
        1,
        2,
        3,
        4,
        7
      ],
      [
        2,
        3,
        4
      ],
      [],
      [
        2
      ],
      [
        2,
        3
      ],
      [
        0,
        1,
        2,
        3,
        4,
        6,
        7,
        8
      ],
      [
        0,
        1,
        2,
        3,
        4,
        7,
        8
      ],
      [
        1,
        2,
        3,
        4
      ],
      [
        0,
        1,
        2,
        3,
        4,
        7
      ]
    ]
  },
  "split": "new",
  "image_index": 363,
  "objects": [
    {
      "3d_coords": [
        2.215158224105835,
        1.0521857738494873,
        0.699999988079071
      ],
      "x": 212,
      "pixel_coords": [
        239,
        116,
        9.943429946899414
      ],
      "material": "rubber",
      "size": "large",
      "width": 60,
      "height": 65,
      "color": "cyan",
      "y": 84,
      "shape": "cube",
      "rotation": 325.9364616678362
    },
    {
      "3d_coords": [
        2.1163859367370605,
        2.9214696884155273,
        0.3499999940395355
      ],
      "x": 259,
      "pixel_coords": [
        272,
        105,
        11.249719619750977
      ],
      "material": "rubber",
      "size": "small",
      "width": 26,
      "height": 29,
      "color": "green",
      "y": 91,
      "shape": "cylinder",
      "rotation": 277.1244895767934
    },
    {
      "3d_coords": [
        -1.9569151401519775,
        2.193225860595703,
        0.699999988079071
      ],
      "x": 146,
      "pixel_coords": [
        169,
        65,
        13.294819831848145
      ],
      "material": "metal",
      "size": "large",
      "width": 45,
      "height": 49,
      "color": "brown",
      "y": 41,
      "shape": "cube",
      "rotation": 105.76306604586301
    },
    {
      "3d_coords": [
        -2.757694721221924,
        -0.7208042740821838,
        0.699999988079071
      ],
      "x": 71,
      "pixel_coords": [
        92,
        79,
        12.152698516845703
      ],
      "material": "metal",
      "size": "large",
      "width": 41,
      "height": 41,
      "color": "purple",
      "y": 59,
      "shape": "sphere",
      "rotation": 119.91088632741372
    },
    {
      "3d_coords": [
        0.2504836916923523,
        1.5055527687072754,
        0.699999988079071
      ],
      "x": 178,
      "pixel_coords": [
        200,
        89,
        11.473790168762207
      ],
      "material": "rubber",
      "size": "large",
      "width": 45,
      "height": 56,
      "color": "yellow",
      "y": 62,
      "shape": "cylinder",
      "rotation": 288.7655684537871
    },
    {
      "3d_coords": [
        2.782163619995117,
        -2.850754976272583,
        0.699999988079071
      ],
      "x": 99,
      "pixel_coords": [
        146,
        187,
        7.352215766906738
      ],
      "material": "metal",
      "size": "large",
      "width": 92,
      "height": 103,
      "color": "cyan",
      "y": 137,
      "shape": "cube",
      "rotation": 91.08941003960189
    },
    {
      "3d_coords": [
        2.471654176712036,
        -1.0222817659378052,
        0.699999988079071
      ],
      "x": 167,
      "pixel_coords": [
        195,
        148,
        8.59521770477295
      ],
      "material": "metal",
      "size": "large",
      "width": 60,
      "height": 79,
      "color": "gray",
      "y": 109,
      "shape": "cylinder",
      "rotation": 48.99117609985359
    },
    {
      "3d_coords": [
        -1.7276763916015625,
        -2.298661708831787,
        0.3499999940395355
      ],
      "x": 49,
      "pixel_coords": [
        67,
        114,
        10.76379108428955
      ],
      "material": "rubber",
      "size": "small",
      "width": 34,
      "height": 33,
      "color": "green",
      "y": 98,
      "shape": "cube",
      "rotation": 1.9288858801675834
    },
    {
      "3d_coords": [
        0.04492563381791115,
        -2.1224241256713867,
        0.699999988079071
      ],
      "x": 66,
      "pixel_coords": [
        103,
        125,
        9.53945255279541
      ],
      "material": "metal",
      "size": "large",
      "width": 71,
      "height": 76,
      "color": "brown",
      "y": 88,
      "shape": "cube",
      "rotation": 87.92865720957957
    }
  ]
}