{
  "image_filename": "CLEVR_new_000458.png",
  "directions": {
    "above": [
      0.0,
      0.0,
      1.0
    ],
    "behind": [
      -0.754490315914154,
      0.6563112735748291,
      0.0
    ],
    "left": [
      -0.6563112735748291,
      -0.7544902563095093,
      0.0
    ],
    "below": [
      -0.0,
      -0.0,
      -1.0
    ],
    "right": [
      0.6563112735748291,
      0.7544902563095093,
      -0.0
    ],
    "front": [
      0.754490315914154,
      -0.6563112735748291,
      -0.0
    ]
  },
  "relationships": {
    "left": [
      [],
      [
        0,
        2,
        4,
        5,
        6
      ],
      [
        0,
        4,
        5,
        6
      ],
      [
        0,
        1,
        2,
        4,
        5,
        6
      ],
      [
        0,
        6
      ],
      [
        0,
        4,
        6
      ],
      [
        0
      ]
    ],
    "front": [
      [
        1,
        3,
        5,
        6
      ],
      [
        5,
        6
      ],
      [
        0,
        1,
        3,
        4,
        5,
        6
      ],
      [
        1,
        5,
        6
      ],
      [
        0,
        1,
        3,
        5,
        6
      ],
      [],
      [
        5
      ]
    ],
    "right": [
      [
        1,
        2,
        3,
        4,
        5,
        6
      ],
      [
        3
      ],
      [
        1,
        3
      ],
      [],
      [
        1,
        2,
        3,
        5
      ],
      [
        1,
        2,
        3
      ],
      [
        1,
        2,
        3,
        4,
        5
      ]
    ],
    "behind": [
      [
        2,
        4
      ],
      [
        0,
        2,
        3,
        4
      ],
      [],
      [
        0,
        2,
        4
      ],
      [
        2
      ],
      [
        0,
        1,
        2,
        3,
        4,
        6
      ],
      [
        0,
        1,
        2,
        3,
        4
      ]
    ]
  },
  "split": "new",
  "image_index": 458,
  "objects": [
    {
      "3d_coords": [
        -2.9028525352478027,
        -1.8160918951034546,
        0.699999988079071
      ],
      "x": 39,
      "pixel_coords": [
        61,
        88,
        11.665348052978516
      ],
      "material": "metal",
      "size": "large",
      "width": 44,
      "height": 42,
      "color": "red",
      "y": 67,
      "shape": "sphere",
      "rotation": 60.54489430840141
    },
    {
      "3d_coords": [
        1.4639922380447388,
        0.6605919003486633,
        0.3499999940395355
      ],
      "x": 194,
      "pixel_coords": [
        209,
        120,
        10.510510444641113
      ],
      "material": "rubber",
      "size": "small",
      "width": 31,
      "height": 33,
      "color": "brown",
      "y": 104,
      "shape": "cube",
      "rotation": 235.18308361465728
    },
    {
      "3d_coords": [
        -2.581792116165161,
        2.753964900970459,
        0.699999988079071
      ],
      "x": 147,
      "pixel_coords": [
        167,
        59,
        14.149096488952637
      ],
      "material": "metal",
      "size": "large",
      "width": 38,
      "height": 44,
      "color": "cyan",
      "y": 37,
      "shape": "cube",
      "rotation": 204.9052223604685
    },
    {
      "3d_coords": [
        2.086914539337158,
        2.2600903511047363,
        0.3499999940395355
      ],
      "x": 245,
      "pixel_coords": [
        257,
        110,
        11.054107666015625
      ],
      "material": "rubber",
      "size": "small",
      "width": 26,
      "height": 30,
      "color": "cyan",
      "y": 96,
      "shape": "cylinder",
      "rotation": 244.60942198658947
    },
    {
      "3d_coords": [
        -2.2386434078216553,
        0.5083640217781067,
        0.699999988079071
      ],
      "x": 107,
      "pixel_coords": [
        128,
        76,
        12.609100341796875
      ],
      "material": "metal",
      "size": "large",
      "width": 41,
      "height": 51,
      "color": "red",
      "y": 51,
      "shape": "cylinder",
      "rotation": 148.60963892925506
    },
    {
      "3d_coords": [
        2.469820499420166,
        -2.3783645629882812,
        0.699999988079071
      ],
      "x": 126,
      "pixel_coords": [
        157,
        169,
        7.907107830047607
      ],
      "material": "rubber",
      "size": "large",
      "width": 62,
      "height": 63,
      "color": "yellow",
      "y": 138,
      "shape": "sphere",
      "rotation": 187.04986369192167
    },
    {
      "3d_coords": [
        -0.18330533802509308,
        -2.033228874206543,
        0.3499999940395355
      ],
      "x": 86,
      "pixel_coords": [
        103,
        131,
        9.976615905761719
      ],
      "material": "rubber",
      "size": "small",
      "width": 35,
      "height": 36,
      "color": "yellow",
      "y": 113,
      "shape": "cube",
      "rotation": 232.54531857758928
    }
  ]
}