{
  "image_filename": "CLEVR_new_000502.png",
  "directions": {
    "above": [
      0.0,
      0.0,
      1.0
    ],
    "behind": [
      -0.754490315914154,
      0.6563112735748291,
      0.0
    ],
    "left": [
      -0.6563112735748291,
      -0.7544902563095093,
      0.0
    ],
    "below": [
      -0.0,
      -0.0,
      -1.0
    ],
    "right": [
      0.6563112735748291,
      0.7544902563095093,
      -0.0
    ],
    "front": [
      0.754490315914154,
      -0.6563112735748291,
      -0.0
    ]
  },
  "relationships": {
    "left": [
      [
        1,
        2,
        3,
        4,
        6,
        7
      ],
      [
        3,
        6,
        7
      ],
      [
        1,
        3,
        6,
        7
      ],
      [
        6
      ],
      [
        1,
        2,
        3,
        6,
        7
      ],
      [
        0,
        1,
        2,
        3,
        4,
        6,
        7
      ],
      [],
      [
        3,
        6
      ],
      [
        0,
        1,
        2,
        3,
        4,
        5,
        6,
        7
      ]
    ],
    "front": [
      [
        2
      ],
      [
        0,
        2,
        3,
        4,
        5,
        6,
        7,
        8
      ],
      [],
      [
        0,
        2,
        8
      ],
      [
        0,
        2,
        3,
        5,
        6,
        7,
        8
      ],
      [
        0,
        2,
        3,
        6,
        8
      ],
      [
        0,
        2,
        3,
        8
      ],
      [
        0,
        2,
        3,
        5,
        6,
        8
      ],
      [
        0,
        2
      ]
    ],
    "right": [
      [
        5,
        8
      ],
      [
        0,
        2,
        4,
        5,
        8
      ],
      [
        0,
        4,
        5,
        8
      ],
      [
        0,
        1,
        2,
        4,
        5,
        7,
        8
      ],
      [
        0,
        5,
        8
      ],
      [
        8
      ],
      [
        0,
        1,
        2,
        3,
        4,
        5,
        7,
        8
      ],
      [
        0,
        1,
        2,
        4,
        5,
        8
      ],
      []
    ],
    "behind": [
      [
        1,
        3,
        4,
        5,
        6,
        7,
        8
      ],
      [],
      [
        0,
        1,
        3,
        4,
        5,
        6,
        7,
        8
      ],
      [
        1,
        4,
        5,
        6,
        7
      ],
      [
        1
      ],
      [
        1,
        4,
        7
      ],
      [
        1,
        4,
        5,
        7
      ],
      [
        1,
        4
      ],
      [
        1,
        3,
        4,
        5,
        6,
        7
      ]
    ]
  },
  "split": "new",
  "image_index": 502,
  "objects": [
    {
      "3d_coords": [
        2.744617223739624,
        -0.033164288848638535,
        0.699999988079071
      ],
      "x": 194,
      "pixel_coords": [
        230,
        135,
        9.354971885681152
      ],
      "material": "metal",
      "size": "large",
      "width": 76,
      "height": 78,
      "color": "gray",
      "y": 97,
      "shape": "cube",
      "rotation": 222.91523110376434
    },
    {
      "3d_coords": [
        -2.51354718208313,
        1.9659233093261719,
        0.3499999940395355
      ],
      "x": 143,
      "pixel_coords": [
        152,
        73,
        14.040093421936035
      ],
      "material": "metal",
      "size": "small",
      "width": 20,
      "height": 23,
      "color": "gray",
      "y": 62,
      "shape": "cube",
      "rotation": 206.78787527652665
    },
    {
      "3d_coords": [
        2.9184272289276123,
        -1.9821175336837769,
        0.699999988079071
      ],
      "x": 148,
      "pixel_coords": [
        185,
        168,
        8.079717636108398
      ],
      "material": "rubber",
      "size": "large",
      "width": 72,
      "height": 88,
      "color": "yellow",
      "y": 126,
      "shape": "cube",
      "rotation": 14.68245219952017
    },
    {
      "3d_coords": [
        -1.6720143556594849,
        -1.7231825590133667,
        0.699999988079071
      ],
      "x": 59,
      "pixel_coords": [
        84,
        100,
        11.129880905151367
      ],
      "material": "metal",
      "size": "large",
      "width": 49,
      "height": 58,
      "color": "green",
      "y": 72,
      "shape": "cylinder",
      "rotation": 111.59208654650202
    },
    {
      "3d_coords": [
        -1.0026990175247192,
        2.344623565673828,
        0.3499999940395355
      ],
      "x": 176,
      "pixel_coords": [
        187,
        82,
        13.313658714294434
      ],
      "material": "rubber",
      "size": "small",
      "width": 22,
      "height": 24,
      "color": "yellow",
      "y": 70,
      "shape": "cube",
      "rotation": 238.20542890378846
    },
    {
      "3d_coords": [
        1.0347199440002441,
        2.7190539836883545,
        0.699999988079071
      ],
      "x": 211,
      "pixel_coords": [
        238,
        86,
        12.079488754272461
      ],
      "material": "rubber",
      "size": "large",
      "width": 57,
      "height": 55,
      "color": "green",
      "y": 60,
      "shape": "cube",
      "rotation": 35.684165709280855
    },
    {
      "3d_coords": [
        -2.839911460876465,
        -2.4159677028656006,
        0.3499999940395355
      ],
      "x": 35,
      "pixel_coords": [
        48,
        105,
        11.625221252441406
      ],
      "material": "rubber",
      "size": "small",
      "width": 26,
      "height": 28,
      "color": "blue",
      "y": 91,
      "shape": "cube",
      "rotation": 107.80782892830135
    },
    {
      "3d_coords": [
        -1.8896033763885498,
        0.07578996568918228,
        0.699999988079071
      ],
      "x": 105,
      "pixel_coords": [
        125,
        83,
        12.343048095703125
      ],
      "material": "rubber",
      "size": "large",
      "width": 40,
      "height": 40,
      "color": "red",
      "y": 63,
      "shape": "sphere",
      "rotation": 209.40895668256601
    },
    {
      "3d_coords": [
        2.469604253768921,
        2.255662679672241,
        0.3499999940395355
      ],
      "x": 254,
      "pixel_coords": [
        265,
        114,
        11.070388793945312
      ],
      "material": "metal",
      "size": "small",
      "width": 23,
      "height": 22,
      "color": "gray",
      "y": 103,
      "shape": "sphere",
      "rotation": 214.7474844346582
    }
  ]
}