{
  "image_filename": "CLEVR_new_000647.png",
  "directions": {
    "above": [
      0.0,
      0.0,
      1.0
    ],
    "behind": [
      -0.754490315914154,
      0.6563112735748291,
      0.0
    ],
    "left": [
      -0.6563112735748291,
      -0.7544902563095093,
      0.0
    ],
    "below": [
      -0.0,
      -0.0,
      -1.0
    ],
    "right": [
      0.6563112735748291,
      0.7544902563095093,
      -0.0
    ],
    "front": [
      0.754490315914154,
      -0.6563112735748291,
      -0.0
    ]
  },
  "relationships": {
    "left": [
      [
        1,
        6
      ],
      [],
      [
        0,
        1,
        3,
        4,
        6
      ],
      [
        0,
        1,
        6
      ],
      [
        0,
        1,
        3,
        6
      ],
      [
        0,
        1,
        2,
        3,
        4,
        6,
        7
      ],
      [
        1
      ],
      [
        0,
        1,
        2,
        3,
        4,
        6
      ],
      [
        0,
        1,
        2,
        3,
        4,
        5,
        6,
        7
      ]
    ],
    "front": [
      [
        7
      ],
      [
        0,
        2,
        4,
        7,
        8
      ],
      [
        0,
        4,
        7,
        8
      ],
      [
        0,
        1,
        2,
        4,
        5,
        6,
        7,
        8
      ],
      [
        0,
        7
      ],
      [
        0,
        1,
        2,
        4,
        7,
        8
      ],
      [
        0,
        1,
        2,
        4,
        5,
        7,
        8
      ],
      [],
      [
        0,
        4,
        7
      ]
    ],
    "right": [
      [
        2,
        3,
        4,
        5,
        7,
        8
      ],
      [
        0,
        2,
        3,
        4,
        5,
        6,
        7,
        8
      ],
      [
        5,
        7,
        8
      ],
      [
        2,
        4,
        5,
        7,
        8
      ],
      [
        2,
        5,
        7,
        8
      ],
      [
        8
      ],
      [
        0,
        2,
        3,
        4,
        5,
        7,
        8
      ],
      [
        5,
        8
      ],
      []
    ],
    "behind": [
      [
        1,
        2,
        3,
        4,
        5,
        6,
        8
      ],
      [
        3,
        5,
        6
      ],
      [
        1,
        3,
        5,
        6
      ],
      [],
      [
        1,
        2,
        3,
        5,
        6,
        8
      ],
      [
        3,
        6
      ],
      [
        3
      ],
      [
        0,
        1,
        2,
        3,
        4,
        5,
        6,
        8
      ],
      [
        1,
        2,
        3,
        5,
        6
      ]
    ]
  },
  "split": "new",
  "image_index": 647,
  "objects": [
    {
      "3d_coords": [
        0.9570462107658386,
        -2.5876643657684326,
        0.3499999940395355
      ],
      "x": 97,
      "pixel_coords": [
        112,
        155,
        8.738059997558594
      ],
      "material": "metal",
      "size": "small",
      "width": 30,
      "height": 39,
      "color": "brown",
      "y": 136,
      "shape": "cylinder",
      "rotation": 106.74751625504408
    },
    {
      "3d_coords": [
        -2.05210542678833,
        -2.31180739402771,
        0.3499999940395355
      ],
      "x": 48,
      "pixel_coords": [
        60,
        112,
        10.808310508728027
      ],
      "material": "metal",
      "size": "small",
      "width": 24,
      "height": 23,
      "color": "cyan",
      "y": 101,
      "shape": "sphere",
      "rotation": 134.34480271147638
    },
    {
      "3d_coords": [
        0.8372105360031128,
        -0.12106654793024063,
        0.3499999940395355
      ],
      "x": 165,
      "pixel_coords": [
        177,
        121,
        10.319664001464844
      ],
      "material": "rubber",
      "size": "small",
      "width": 24,
      "height": 24,
      "color": "brown",
      "y": 109,
      "shape": "sphere",
      "rotation": 165.0827387729718
    },
    {
      "3d_coords": [
        -2.5863430500030518,
        1.320682168006897,
        0.3499999940395355
      ],
      "x": 129,
      "pixel_coords": [
        138,
        77,
        13.363603591918945
      ],
      "material": "rubber",
      "size": "small",
      "width": 18,
      "height": 18,
      "color": "purple",
      "y": 68,
      "shape": "sphere",
      "rotation": 352.2480898460473
    },
    {
      "3d_coords": [
        1.3715760707855225,
        -1.1675564050674438,
        0.3499999940395355
      ],
      "x": 151,
      "pixel_coords": [
        164,
        141,
        9.343050003051758
      ],
      "material": "metal",
      "size": "small",
      "width": 26,
      "height": 26,
      "color": "gray",
      "y": 128,
      "shape": "sphere",
      "rotation": 313.27427678138366
    },
    {
      "3d_coords": [
        0.12832757830619812,
        2.788254737854004,
        0.699999988079071
      ],
      "x": 198,
      "pixel_coords": [
        219,
        78,
        12.376775741577148
      ],
      "material": "metal",
      "size": "large",
      "width": 43,
      "height": 51,
      "color": "gray",
      "y": 53,
      "shape": "cylinder",
      "rotation": 339.15361244807116
    },
    {
      "3d_coords": [
        -2.923119306564331,
        -0.09890372306108475,
        0.699999988079071
      ],
      "x": 81,
      "pixel_coords": [
        101,
        76,
        12.54272747039795
      ],
      "material": "rubber",
      "size": "large",
      "width": 40,
      "height": 39,
      "color": "cyan",
      "y": 56,
      "shape": "sphere",
      "rotation": 109.51523481722661
    },
    {
      "3d_coords": [
        2.8580784797668457,
        -1.1913741827011108,
        0.699999988079071
      ],
      "x": 178,
      "pixel_coords": [
        208,
        152,
        8.221948623657227
      ],
      "material": "metal",
      "size": "large",
      "width": 64,
      "height": 82,
      "color": "red",
      "y": 113,
      "shape": "cylinder",
      "rotation": 289.45135264388364
    },
    {
      "3d_coords": [
        2.850698471069336,
        1.2811442613601685,
        0.699999988079071
      ],
      "x": 239,
      "pixel_coords": [
        264,
        118,
        9.736092567443848
      ],
      "material": "metal",
      "size": "large",
      "width": 53,
      "height": 50,
      "color": "gray",
      "y": 93,
      "shape": "sphere",
      "rotation": 15.45637922375905
    }
  ]
}