{
  "image_filename": "CLEVR_new_000254.png",
  "directions": {
    "above": [
      0.0,
      0.0,
      1.0
    ],
    "behind": [
      -0.754490315914154,
      0.6563112735748291,
      0.0
    ],
    "left": [
      -0.6563112735748291,
      -0.7544902563095093,
      0.0
    ],
    "below": [
      -0.0,
      -0.0,
      -1.0
    ],
    "right": [
      0.6563112735748291,
      0.7544902563095093,
      -0.0
    ],
    "front": [
      0.754490315914154,
      -0.6563112735748291,
      -0.0
    ]
  },
  "relationships": {
    "left": [
      [
        1
      ],
      [],
      [
        0,
        1,
        3
      ],
      [
        0,
        1
      ]
    ],
    "front": [
      [
        1,
        2,
        3
      ],
      [],
      [
        1,
        3
      ],
      [
        1
      ]
    ],
    "right": [
      [
        2,
        3
      ],
      [
        0,
        2,
        3
      ],
      [],
      [
        2
      ]
    ],
    "behind": [
      [],
      [
        0,
        2,
        3
      ],
      [
        0
      ],
      [
        0,
        2
      ]
    ]
  },
  "split": "new",
  "image_index": 254,
  "objects": [
    {
      "3d_coords": [
        -2.4607832431793213,
        2.590036630630493,
        0.699999988079071
      ],
      "x": 152,
      "pixel_coords": [
        170,
        61,
        13.753113746643066
      ],
      "material": "rubber",
      "size": "large",
      "width": 36,
      "height": 36,
      "color": "brown",
      "y": 43,
      "shape": "sphere",
      "rotation": 127.41158289910406
    },
    {
      "3d_coords": [
        0.11076603084802628,
        -2.8580212593078613,
        0.3499999940395355
      ],
      "x": 65,
      "pixel_coords": [
        79,
        144,
        9.122833251953125
      ],
      "material": "rubber",
      "size": "small",
      "width": 28,
      "height": 27,
      "color": "gray",
      "y": 130,
      "shape": "sphere",
      "rotation": 296.23788556632644
    },
    {
      "3d_coords": [
        0.37534692883491516,
        2.888364791870117,
        0.3499999940395355
      ],
      "x": 216,
      "pixel_coords": [
        230,
        90,
        12.184720993041992
      ],
      "material": "rubber",
      "size": "small",
      "width": 29,
      "height": 28,
      "color": "purple",
      "y": 76,
      "shape": "cube",
      "rotation": 21.909201622930436
    },
    {
      "3d_coords": [
        1.7023160457611084,
        0.04370628297328949,
        0.3499999940395355
      ],
      "x": 184,
      "pixel_coords": [
        201,
        131,
        9.68978214263916
      ],
      "material": "rubber",
      "size": "small",
      "width": 35,
      "height": 37,
      "color": "yellow",
      "y": 113,
      "shape": "cube",
      "rotation": 35.94632051196305
    }
  ]
}