{
  "image_filename": "CLEVR_new_000179.png",
  "directions": {
    "above": [
      0.0,
      0.0,
      1.0
    ],
    "behind": [
      -0.754490315914154,
      0.6563112735748291,
      0.0
    ],
    "left": [
      -0.6563112735748291,
      -0.7544902563095093,
      0.0
    ],
    "below": [
      -0.0,
      -0.0,
      -1.0
    ],
    "right": [
      0.6563112735748291,
      0.7544902563095093,
      -0.0
    ],
    "front": [
      0.754490315914154,
      -0.6563112735748291,
      -0.0
    ]
  },
  "relationships": {
    "left": [
      [
        6
      ],
      [
        0,
        2,
        3,
        4,
        5,
        6
      ],
      [
        0,
        3,
        4,
        5,
        6
      ],
      [
        0,
        4,
        6
      ],
      [
        0,
        6
      ],
      [
        0,
        3,
        4,
        6
      ],
      []
    ],
    "front": [
      [],
      [
        0,
        4,
        5
      ],
      [
        0,
        1,
        4,
        5,
        6
      ],
      [
        0,
        1,
        2,
        4,
        5,
        6
      ],
      [
        0
      ],
      [
        0,
        4
      ],
      [
        0,
        1,
        4,
        5
      ]
    ],
    "right": [
      [
        1,
        2,
        3,
        4,
        5
      ],
      [],
      [
        1
      ],
      [
        1,
        2,
        5
      ],
      [
        1,
        2,
        3,
        5
      ],
      [
        1,
        2
      ],
      [
        0,
        1,
        2,
        3,
        4,
        5
      ]
    ],
    "behind": [
      [
        1,
        2,
        3,
        4,
        5,
        6
      ],
      [
        2,
        3,
        6
      ],
      [
        3
      ],
      [],
      [
        1,
        2,
        3,
        5,
        6
      ],
      [
        1,
        2,
        3,
        6
      ],
      [
        2,
        3
      ]
    ]
  },
  "split": "new",
  "image_index": 179,
  "objects": [
    {
      "3d_coords": [
        0.9607369899749756,
        -2.9156646728515625,
        0.3499999940395355
      ],
      "x": 82,
      "pixel_coords": [
        100,
        157,
        8.832939147949219
      ],
      "material": "metal",
      "size": "small",
      "width": 36,
      "height": 41,
      "color": "brown",
      "y": 137,
      "shape": "cube",
      "rotation": 164.69231620520708
    },
    {
      "3d_coords": [
        2.5041027069091797,
        2.296990156173706,
        0.699999988079071
      ],
      "x": 239,
      "pixel_coords": [
        270,
        105,
        10.740970611572266
      ],
      "material": "metal",
      "size": "large",
      "width": 64,
      "height": 64,
      "color": "red",
      "y": 74,
      "shape": "cube",
      "rotation": 15.928642873753901
    },
    {
      "3d_coords": [
        0.005722478032112122,
        2.900486946105957,
        0.3499999940395355
      ],
      "x": 205,
      "pixel_coords": [
        219,
        87,
        12.901718139648438
      ],
      "material": "metal",
      "size": "small",
      "width": 27,
      "height": 26,
      "color": "yellow",
      "y": 74,
      "shape": "cube",
      "rotation": 345.62176495815777
    },
    {
      "3d_coords": [
        -2.460176467895508,
        2.8994088172912598,
        0.3499999940395355
      ],
      "x": 164,
      "pixel_coords": [
        172,
        70,
        14.519579887390137
      ],
      "material": "rubber",
      "size": "small",
      "width": 17,
      "height": 17,
      "color": "gray",
      "y": 61,
      "shape": "sphere",
      "rotation": 7.463538306513535
    },
    {
      "3d_coords": [
        1.368028998374939,
        -1.643413782119751,
        0.699999988079071
      ],
      "x": 111,
      "pixel_coords": [
        148,
        134,
        9.154735565185547
      ],
      "material": "metal",
      "size": "large",
      "width": 73,
      "height": 78,
      "color": "blue",
      "y": 97,
      "shape": "cube",
      "rotation": 168.29703708543508
    },
    {
      "3d_coords": [
        1.5564038753509521,
        0.5168479681015015,
        0.3499999940395355
      ],
      "x": 196,
      "pixel_coords": [
        208,
        122,
        10.473305702209473
      ],
      "material": "rubber",
      "size": "small",
      "width": 24,
      "height": 23,
      "color": "blue",
      "y": 111,
      "shape": "sphere",
      "rotation": 243.7986411315105
    },
    {
      "3d_coords": [
        -1.4983984231948853,
        -1.3922250270843506,
        0.3499999940395355
      ],
      "x": 86,
      "pixel_coords": [
        97,
        108,
        11.348559379577637
      ],
      "material": "rubber",
      "size": "small",
      "width": 22,
      "height": 22,
      "color": "purple",
      "y": 97,
      "shape": "sphere",
      "rotation": 258.62191886144393
    }
  ]
}