{
  "image_filename": "CLEVR_new_000447.png",
  "directions": {
    "above": [
      0.0,
      0.0,
      1.0
    ],
    "behind": [
      -0.754490315914154,
      0.6563112735748291,
      0.0
    ],
    "left": [
      -0.6563112735748291,
      -0.7544902563095093,
      0.0
    ],
    "below": [
      -0.0,
      -0.0,
      -1.0
    ],
    "right": [
      0.6563112735748291,
      0.7544902563095093,
      -0.0
    ],
    "front": [
      0.754490315914154,
      -0.6563112735748291,
      -0.0
    ]
  },
  "relationships": {
    "left": [
      [
        2,
        3,
        8
      ],
      [
        0,
        2,
        3,
        4,
        5,
        6,
        7,
        8,
        9
      ],
      [
        8
      ],
      [
        2,
        8
      ],
      [
        0,
        2,
        3,
        5,
        6,
        7,
        8
      ],
      [
        0,
        2,
        3,
        8
      ],
      [
        0,
        2,
        3,
        5,
        7,
        8
      ],
      [
        0,
        2,
        3,
        5,
        8
      ],
      [],
      [
        0,
        2,
        3,
        4,
        5,
        6,
        7,
        8
      ]
    ],
    "front": [
      [
        5
      ],
      [
        0,
        2,
        5,
        9
      ],
      [
        0,
        5,
        9
      ],
      [
        0,
        1,
        2,
        5,
        6,
        8,
        9
      ],
      [
        0,
        1,
        2,
        3,
        5,
        6,
        8,
        9
      ],
      [],
      [
        0,
        1,
        2,
        5,
        8,
        9
      ],
      [
        0,
        1,
        2,
        3,
        4,
        5,
        6,
        8,
        9
      ],
      [
        0,
        1,
        2,
        5,
        9
      ],
      [
        0,
        5
      ]
    ],
    "right": [
      [
        1,
        4,
        5,
        6,
        7,
        9
      ],
      [],
      [
        0,
        1,
        3,
        4,
        5,
        6,
        7,
        9
      ],
      [
        0,
        1,
        4,
        5,
        6,
        7,
        9
      ],
      [
        1,
        9
      ],
      [
        1,
        4,
        6,
        7,
        9
      ],
      [
        1,
        4,
        9
      ],
      [
        1,
        4,
        6,
        9
      ],
      [
        0,
        1,
        2,
        3,
        4,
        5,
        6,
        7,
        9
      ],
      [
        1
      ]
    ],
    "behind": [
      [
        1,
        2,
        3,
        4,
        6,
        7,
        8,
        9
      ],
      [
        3,
        4,
        6,
        7,
        8
      ],
      [
        1,
        3,
        4,
        6,
        7,
        8
      ],
      [
        4,
        7
      ],
      [
        7
      ],
      [
        0,
        1,
        2,
        3,
        4,
        6,
        7,
        8,
        9
      ],
      [
        3,
        4,
        7
      ],
      [],
      [
        3,
        4,
        6,
        7
      ],
      [
        1,
        2,
        3,
        4,
        6,
        7,
        8
      ]
    ]
  },
  "split": "new",
  "image_index": 447,
  "objects": [
    {
      "3d_coords": [
        1.3062975406646729,
        -1.9417402744293213,
        0.3499999940395355
      ],
      "x": 123,
      "pixel_coords": [
        137,
        147,
        8.95797348022461
      ],
      "material": "rubber",
      "size": "small",
      "width": 27,
      "height": 27,
      "color": "cyan",
      "y": 133,
      "shape": "sphere",
      "rotation": 153.78626023693158
    },
    {
      "3d_coords": [
        1.9856257438659668,
        2.7056710720062256,
        0.699999988079071
      ],
      "x": 239,
      "pixel_coords": [
        265,
        96,
        11.093709945678711
      ],
      "material": "metal",
      "size": "large",
      "width": 57,
      "height": 56,
      "color": "brown",
      "y": 69,
      "shape": "cube",
      "rotation": 248.9624585883576
    },
    {
      "3d_coords": [
        -1.2991704940795898,
        -1.7918013334274292,
        0.699999988079071
      ],
      "x": 61,
      "pixel_coords": [
        88,
        102,
        10.649375915527344
      ],
      "material": "metal",
      "size": "large",
      "width": 51,
      "height": 60,
      "color": "red",
      "y": 73,
      "shape": "cylinder",
      "rotation": 292.03287028669206
    },
    {
      "3d_coords": [
        -2.42868971824646,
        0.07135456055402756,
        0.3499999940395355
      ],
      "x": 107,
      "pixel_coords": [
        117,
        88,
        12.667816162109375
      ],
      "material": "rubber",
      "size": "small",
      "width": 20,
      "height": 25,
      "color": "red",
      "y": 76,
      "shape": "cylinder",
      "rotation": 251.183534308986
    },
    {
      "3d_coords": [
        -0.8214113712310791,
        2.7181315422058105,
        0.3499999940395355
      ],
      "x": 191,
      "pixel_coords": [
        200,
        83,
        13.149084091186523
      ],
      "material": "metal",
      "size": "small",
      "width": 19,
      "height": 19,
      "color": "yellow",
      "y": 74,
      "shape": "sphere",
      "rotation": 258.6431732535281
    },
    {
      "3d_coords": [
        2.7486822605133057,
        -2.49574875831604,
        0.699999988079071
      ],
      "x": 124,
      "pixel_coords": [
        157,
        167,
        7.50277042388916
      ],
      "material": "metal",
      "size": "large",
      "width": 66,
      "height": 66,
      "color": "cyan",
      "y": 135,
      "shape": "sphere",
      "rotation": 184.0670354416033
    },
    {
      "3d_coords": [
        -0.355362206697464,
        1.5253976583480835,
        0.3499999940395355
      ],
      "x": 174,
      "pixel_coords": [
        186,
        95,
        12.129319190979004
      ],
      "material": "rubber",
      "size": "small",
      "width": 24,
      "height": 26,
      "color": "purple",
      "y": 82,
      "shape": "cube",
      "rotation": 216.24670142582175
    },
    {
      "3d_coords": [
        -2.235140085220337,
        2.4857020378112793,
        0.699999988079071
      ],
      "x": 147,
      "pixel_coords": [
        170,
        67,
        13.810516357421875
      ],
      "material": "rubber",
      "size": "large",
      "width": 46,
      "height": 46,
      "color": "red",
      "y": 44,
      "shape": "cube",
      "rotation": 173.17066557587975
    },
    {
      "3d_coords": [
        -2.921205759048462,
        -2.228466749191284,
        0.3499999940395355
      ],
      "x": 41,
      "pixel_coords": [
        52,
        101,
        11.63984203338623
      ],
      "material": "rubber",
      "size": "small",
      "width": 22,
      "height": 21,
      "color": "green",
      "y": 90,
      "shape": "sphere",
      "rotation": 34.1760091243643
    },
    {
      "3d_coords": [
        2.932727575302124,
        1.034770131111145,
        0.699999988079071
      ],
      "x": 232,
      "pixel_coords": [
        260,
        122,
        9.4666748046875
      ],
      "material": "metal",
      "size": "large",
      "width": 60,
      "height": 69,
      "color": "yellow",
      "y": 89,
      "shape": "cylinder",
      "rotation": 161.67883394174288
    }
  ]
}