{
  "image_filename": "CLEVR_new_000637.png",
  "directions": {
    "above": [
      0.0,
      0.0,
      1.0
    ],
    "behind": [
      -0.754490315914154,
      0.6563112735748291,
      0.0
    ],
    "left": [
      -0.6563112735748291,
      -0.7544902563095093,
      0.0
    ],
    "below": [
      -0.0,
      -0.0,
      -1.0
    ],
    "right": [
      0.6563112735748291,
      0.7544902563095093,
      -0.0
    ],
    "front": [
      0.754490315914154,
      -0.6563112735748291,
      -0.0
    ]
  },
  "relationships": {
    "left": [
      [
        4,
        7
      ],
      [
        0,
        4,
        7,
        8
      ],
      [
        0,
        1,
        4,
        7,
        8
      ],
      [
        0,
        1,
        2,
        4,
        5,
        7,
        8
      ],
      [],
      [
        0,
        1,
        2,
        4,
        7,
        8
      ],
      [
        0,
        1,
        2,
        3,
        4,
        5,
        7,
        8
      ],
      [
        4
      ],
      [
        0,
        4,
        7
      ]
    ],
    "front": [
      [
        1,
        3,
        4,
        6,
        7,
        8
      ],
      [
        3,
        7,
        8
      ],
      [
        0,
        1,
        3,
        4,
        5,
        6,
        7,
        8
      ],
      [],
      [
        1,
        3,
        6,
        7,
        8
      ],
      [
        0,
        1,
        3,
        4,
        6,
        7,
        8
      ],
      [
        1,
        3,
        7,
        8
      ],
      [
        3
      ],
      [
        3,
        7
      ]
    ],
    "right": [
      [
        1,
        2,
        3,
        5,
        6,
        8
      ],
      [
        2,
        3,
        5,
        6
      ],
      [
        3,
        5,
        6
      ],
      [
        6
      ],
      [
        0,
        1,
        2,
        3,
        5,
        6,
        7,
        8
      ],
      [
        3,
        6
      ],
      [],
      [
        0,
        1,
        2,
        3,
        5,
        6,
        8
      ],
      [
        1,
        2,
        3,
        5,
        6
      ]
    ],
    "behind": [
      [
        2,
        5
      ],
      [
        0,
        2,
        4,
        5,
        6
      ],
      [],
      [
        0,
        1,
        2,
        4,
        5,
        6,
        7,
        8
      ],
      [
        0,
        2,
        5
      ],
      [
        2
      ],
      [
        0,
        2,
        4,
        5
      ],
      [
        0,
        1,
        2,
        4,
        5,
        6,
        8
      ],
      [
        0,
        1,
        2,
        4,
        5,
        6
      ]
    ]
  },
  "split": "new",
  "image_index": 637,
  "objects": [
    {
      "3d_coords": [
        -2.239985466003418,
        -0.1667533665895462,
        0.699999988079071
      ],
      "x": 90,
      "pixel_coords": [
        116,
        81,
        12.21014404296875
      ],
      "material": "metal",
      "size": "large",
      "width": 49,
      "height": 51,
      "color": "yellow",
      "y": 56,
      "shape": "cube",
      "rotation": 113.86499683070424
    },
    {
      "3d_coords": [
        -0.04405394569039345,
        -0.4448416829109192,
        0.3499999940395355
      ],
      "x": 136,
      "pixel_coords": [
        148,
        113,
        10.699019432067871
      ],
      "material": "metal",
      "size": "small",
      "width": 23,
      "height": 23,
      "color": "brown",
      "y": 102,
      "shape": "sphere",
      "rotation": 334.5475409994473
    },
    {
      "3d_coords": [
        -2.753885507583618,
        2.678727865219116,
        0.699999988079071
      ],
      "x": 146,
      "pixel_coords": [
        168,
        62,
        14.173142433166504
      ],
      "material": "rubber",
      "size": "large",
      "width": 45,
      "height": 45,
      "color": "green",
      "y": 40,
      "shape": "cube",
      "rotation": 211.78960363345846
    },
    {
      "3d_coords": [
        2.9158809185028076,
        -0.5205034613609314,
        0.699999988079071
      ],
      "x": 191,
      "pixel_coords": [
        220,
        143,
        8.4585599899292
      ],
      "material": "rubber",
      "size": "large",
      "width": 59,
      "height": 58,
      "color": "brown",
      "y": 114,
      "shape": "sphere",
      "rotation": 162.9201855525187
    },
    {
      "3d_coords": [
        -2.704134464263916,
        -1.9268165826797485,
        0.699999988079071
      ],
      "x": 40,
      "pixel_coords": [
        63,
        89,
        11.534623146057129
      ],
      "material": "rubber",
      "size": "large",
      "width": 44,
      "height": 43,
      "color": "green",
      "y": 68,
      "shape": "sphere",
      "rotation": 169.3776972442026
    },
    {
      "3d_coords": [
        -0.9951686859130859,
        2.081179618835449,
        0.3499999940395355
      ],
      "x": 174,
      "pixel_coords": [
        187,
        86,
        12.78254508972168
      ],
      "material": "rubber",
      "size": "small",
      "width": 25,
      "height": 26,
      "color": "gray",
      "y": 73,
      "shape": "cube",
      "rotation": 32.72032924711674
    },
    {
      "3d_coords": [
        2.233690023422241,
        2.887117385864258,
        0.699999988079071
      ],
      "x": 254,
      "pixel_coords": [
        278,
        98,
        10.855350494384766
      ],
      "material": "metal",
      "size": "large",
      "width": 48,
      "height": 45,
      "color": "blue",
      "y": 76,
      "shape": "sphere",
      "rotation": 168.19771825617678
    },
    {
      "3d_coords": [
        0.03419440612196922,
        -2.9605536460876465,
        0.3499999940395355
      ],
      "x": 59,
      "pixel_coords": [
        74,
        141,
        9.222585678100586
      ],
      "material": "metal",
      "size": "small",
      "width": 30,
      "height": 36,
      "color": "brown",
      "y": 123,
      "shape": "cylinder",
      "rotation": 25.84618849506701
    },
    {
      "3d_coords": [
        0.32932355999946594,
        -1.5926721096038818,
        0.3499999940395355
      ],
      "x": 111,
      "pixel_coords": [
        123,
        129,
        9.792771339416504
      ],
      "material": "rubber",
      "size": "small",
      "width": 25,
      "height": 25,
      "color": "blue",
      "y": 117,
      "shape": "sphere",
      "rotation": 250.53448009753558
    }
  ]
}