{
  "image_filename": "CLEVR_new_000164.png",
  "directions": {
    "above": [
      0.0,
      0.0,
      1.0
    ],
    "behind": [
      -0.754490315914154,
      0.6563112735748291,
      0.0
    ],
    "left": [
      -0.6563112735748291,
      -0.7544902563095093,
      0.0
    ],
    "below": [
      -0.0,
      -0.0,
      -1.0
    ],
    "right": [
      0.6563112735748291,
      0.7544902563095093,
      -0.0
    ],
    "front": [
      0.754490315914154,
      -0.6563112735748291,
      -0.0
    ]
  },
  "relationships": {
    "left": [
      [
        1,
        2,
        3,
        4,
        5
      ],
      [
        2
      ],
      [],
      [
        1,
        2,
        5
      ],
      [
        1,
        2,
        3,
        5
      ],
      [
        1,
        2
      ]
    ],
    "front": [
      [
        1,
        3
      ],
      [
        3
      ],
      [
        0,
        1,
        3
      ],
      [],
      [
        0,
        1,
        2,
        3
      ],
      [
        0,
        1,
        2,
        3,
        4
      ]
    ],
    "right": [
      [],
      [
        0,
        3,
        4,
        5
      ],
      [
        0,
        1,
        3,
        4,
        5
      ],
      [
        0,
        4
      ],
      [
        0
      ],
      [
        0,
        3,
        4
      ]
    ],
    "behind": [
      [
        2,
        4,
        5
      ],
      [
        0,
        2,
        4,
        5
      ],
      [
        4,
        5
      ],
      [
        0,
        1,
        2,
        4,
        5
      ],
      [
        5
      ],
      []
    ]
  },
  "split": "new",
  "image_index": 164,
  "objects": [
    {
      "3d_coords": [
        1.6535909175872803,
        1.5959045886993408,
        0.3499999940395355
      ],
      "x": 223,
      "pixel_coords": [
        236,
        112,
        10.599505424499512
      ],
      "material": "rubber",
      "size": "small",
      "width": 26,
      "height": 30,
      "color": "green",
      "y": 97,
      "shape": "cylinder",
      "rotation": 298.0569316758914
    },
    {
      "3d_coords": [
        -0.30160942673683167,
        -1.685362696647644,
        0.3499999940395355
      ],
      "x": 96,
      "pixel_coords": [
        109,
        124,
        9.881135940551758
      ],
      "material": "rubber",
      "size": "small",
      "width": 27,
      "height": 33,
      "color": "gray",
      "y": 107,
      "shape": "cylinder",
      "rotation": 47.42635435992467
    },
    {
      "3d_coords": [
        -1.6362428665161133,
        -1.5117384195327759,
        0.3499999940395355
      ],
      "x": 76,
      "pixel_coords": [
        88,
        107,
        10.860024452209473
      ],
      "material": "rubber",
      "size": "small",
      "width": 25,
      "height": 30,
      "color": "red",
      "y": 93,
      "shape": "cylinder",
      "rotation": 328.59767882631184
    },
    {
      "3d_coords": [
        2.939028263092041,
        -1.4880409240722656,
        0.699999988079071
      ],
      "x": 170,
      "pixel_coords": [
        201,
        156,
        7.724011421203613
      ],
      "material": "metal",
      "size": "large",
      "width": 64,
      "height": 64,
      "color": "cyan",
      "y": 124,
      "shape": "sphere",
      "rotation": 229.11342421588705
    },
    {
      "3d_coords": [
        -0.2036900371313095,
        2.4027469158172607,
        0.699999988079071
      ],
      "x": 186,
      "pixel_coords": [
        207,
        79,
        12.148780822753906
      ],
      "material": "metal",
      "size": "large",
      "width": 43,
      "height": 51,
      "color": "blue",
      "y": 54,
      "shape": "cylinder",
      "rotation": 3.2958921775075156
    },
    {
      "3d_coords": [
        -2.281071186065674,
        0.9755927324295044,
        0.3499999940395355
      ],
      "x": 127,
      "pixel_coords": [
        137,
        83,
        12.796142578125
      ],
      "material": "metal",
      "size": "small",
      "width": 19,
      "height": 19,
      "color": "blue",
      "y": 73,
      "shape": "sphere",
      "rotation": 87.18711364921188
    }
  ]
}