{
  "image_filename": "CLEVR_new_000621.png",
  "directions": {
    "above": [
      0.0,
      0.0,
      1.0
    ],
    "behind": [
      -0.754490315914154,
      0.6563112735748291,
      0.0
    ],
    "left": [
      -0.6563112735748291,
      -0.7544902563095093,
      0.0
    ],
    "below": [
      -0.0,
      -0.0,
      -1.0
    ],
    "right": [
      0.6563112735748291,
      0.7544902563095093,
      -0.0
    ],
    "front": [
      0.754490315914154,
      -0.6563112735748291,
      -0.0
    ]
  },
  "relationships": {
    "left": [
      [
        1,
        2,
        3,
        4,
        5,
        6,
        8,
        9
      ],
      [
        2,
        4,
        8
      ],
      [
        4,
        8
      ],
      [
        1,
        2,
        4,
        5,
        6,
        8,
        9
      ],
      [],
      [
        1,
        2,
        4,
        6,
        8
      ],
      [
        1,
        2,
        4,
        8
      ],
      [
        0,
        1,
        2,
        3,
        4,
        5,
        6,
        8,
        9
      ],
      [
        4
      ],
      [
        1,
        2,
        4,
        5,
        6,
        8
      ]
    ],
    "front": [
      [
        5
      ],
      [
        0,
        5
      ],
      [
        0,
        1,
        5,
        9
      ],
      [
        0,
        1,
        2,
        4,
        5,
        7,
        8,
        9
      ],
      [
        0,
        1,
        2,
        5,
        9
      ],
      [],
      [
        0,
        1,
        2,
        3,
        4,
        5,
        7,
        8,
        9
      ],
      [
        0,
        1,
        2,
        4,
        5,
        9
      ],
      [
        0,
        1,
        2,
        4,
        5,
        7,
        9
      ],
      [
        0,
        1,
        5
      ]
    ],
    "right": [
      [
        7
      ],
      [
        0,
        3,
        5,
        6,
        7,
        9
      ],
      [
        0,
        1,
        3,
        5,
        6,
        7,
        9
      ],
      [
        0,
        7
      ],
      [
        0,
        1,
        2,
        3,
        5,
        6,
        7,
        8,
        9
      ],
      [
        0,
        3,
        7,
        9
      ],
      [
        0,
        3,
        5,
        7,
        9
      ],
      [],
      [
        0,
        1,
        2,
        3,
        5,
        6,
        7,
        9
      ],
      [
        0,
        3,
        7
      ]
    ],
    "behind": [
      [
        1,
        2,
        3,
        4,
        6,
        7,
        8,
        9
      ],
      [
        2,
        3,
        4,
        6,
        7,
        8,
        9
      ],
      [
        3,
        4,
        6,
        7,
        8
      ],
      [
        6
      ],
      [
        3,
        6,
        7,
        8
      ],
      [
        0,
        1,
        2,
        3,
        4,
        6,
        7,
        8,
        9
      ],
      [],
      [
        3,
        6,
        8
      ],
      [
        3,
        6
      ],
      [
        2,
        3,
        4,
        6,
        7,
        8
      ]
    ]
  },
  "split": "new",
  "image_index": 621,
  "objects": [
    {
      "3d_coords": [
        2.9237794876098633,
        -0.3488847613334656,
        0.699999988079071
      ],
      "x": 198,
      "pixel_coords": [
        227,
        138,
        8.864747047424316
      ],
      "material": "metal",
      "size": "large",
      "width": 61,
      "height": 74,
      "color": "yellow",
      "y": 102,
      "shape": "cylinder",
      "rotation": 22.985899030398866
    },
    {
      "3d_coords": [
        0.39080965518951416,
        -1.9200929403305054,
        0.3499999940395355
      ],
      "x": 100,
      "pixel_coords": [
        118,
        134,
        9.766040802001953
      ],
      "material": "metal",
      "size": "small",
      "width": 35,
      "height": 36,
      "color": "brown",
      "y": 116,
      "shape": "cube",
      "rotation": 254.75326082485927
    },
    {
      "3d_coords": [
        -0.7761699557304382,
        -1.4834470748901367,
        0.3499999940395355
      ],
      "x": 95,
      "pixel_coords": [
        107,
        116,
        10.803632736206055
      ],
      "material": "metal",
      "size": "small",
      "width": 25,
      "height": 30,
      "color": "cyan",
      "y": 101,
      "shape": "cube",
      "rotation": 197.29216129218102
    },
    {
      "3d_coords": [
        -0.7318864464759827,
        2.157588005065918,
        0.699999988079071
      ],
      "x": 171,
      "pixel_coords": [
        190,
        79,
        12.796364784240723
      ],
      "material": "rubber",
      "size": "large",
      "width": 38,
      "height": 39,
      "color": "gray",
      "y": 59,
      "shape": "sphere",
      "rotation": 340.41630353524874
    },
    {
      "3d_coords": [
        -2.525937080383301,
        -2.562717914581299,
        0.699999988079071
      ],
      "x": 20,
      "pixel_coords": [
        47,
        98,
        11.165614128112793
      ],
      "material": "rubber",
      "size": "large",
      "width": 52,
      "height": 57,
      "color": "gray",
      "y": 70,
      "shape": "cylinder",
      "rotation": 315.9425458780154
    },
    {
      "3d_coords": [
        2.662616491317749,
        -2.304655075073242,
        0.699999988079071
      ],
      "x": 132,
      "pixel_coords": [
        163,
        162,
        7.868311405181885
      ],
      "material": "metal",
      "size": "large",
      "width": 62,
      "height": 63,
      "color": "brown",
      "y": 131,
      "shape": "sphere",
      "rotation": 309.72328514509786
    },
    {
      "3d_coords": [
        -2.4225239753723145,
        1.4183287620544434,
        0.699999988079071
      ],
      "x": 126,
      "pixel_coords": [
        145,
        72,
        13.478755950927734
      ],
      "material": "metal",
      "size": "large",
      "width": 37,
      "height": 46,
      "color": "green",
      "y": 49,
      "shape": "cylinder",
      "rotation": 328.97053613367575
    },
    {
      "3d_coords": [
        1.6295183897018433,
        2.862138509750366,
        0.3499999940395355
      ],
      "x": 242,
      "pixel_coords": [
        255,
        101,
        11.8032865524292
      ],
      "material": "metal",
      "size": "small",
      "width": 27,
      "height": 26,
      "color": "green",
      "y": 88,
      "shape": "cube",
      "rotation": 348.0138952342711
    },
    {
      "3d_coords": [
        -2.5177998542785645,
        -0.8198719620704651,
        0.3499999940395355
      ],
      "x": 84,
      "pixel_coords": [
        95,
        94,
        12.359289169311523
      ],
      "material": "rubber",
      "size": "small",
      "width": 22,
      "height": 26,
      "color": "red",
      "y": 82,
      "shape": "cylinder",
      "rotation": 35.65680566172375
    },
    {
      "3d_coords": [
        1.208884596824646,
        -0.08509093523025513,
        0.699999988079071
      ],
      "x": 162,
      "pixel_coords": [
        186,
        113,
        10.163420677185059
      ],
      "material": "rubber",
      "size": "large",
      "width": 50,
      "height": 63,
      "color": "cyan",
      "y": 82,
      "shape": "cylinder",
      "rotation": 201.80512931171302
    }
  ]
}