{
  "image_filename": "CLEVR_new_000560.png",
  "directions": {
    "above": [
      0.0,
      0.0,
      1.0
    ],
    "behind": [
      -0.754490315914154,
      0.6563112735748291,
      0.0
    ],
    "left": [
      -0.6563112735748291,
      -0.7544902563095093,
      0.0
    ],
    "below": [
      -0.0,
      -0.0,
      -1.0
    ],
    "right": [
      0.6563112735748291,
      0.7544902563095093,
      -0.0
    ],
    "front": [
      0.754490315914154,
      -0.6563112735748291,
      -0.0
    ]
  },
  "relationships": {
    "left": [
      [
        5
      ],
      [
        0,
        2,
        3,
        5,
        8,
        9
      ],
      [
        0,
        5,
        8,
        9
      ],
      [
        0,
        2,
        5,
        8,
        9
      ],
      [
        0,
        1,
        2,
        3,
        5,
        6,
        8,
        9
      ],
      [],
      [
        0,
        1,
        2,
        3,
        5,
        8,
        9
      ],
      [
        0,
        1,
        2,
        3,
        4,
        5,
        6,
        8,
        9
      ],
      [
        0,
        5,
        9
      ],
      [
        0,
        5
      ]
    ],
    "front": [
      [
        3,
        6,
        8
      ],
      [
        0,
        3,
        6,
        8
      ],
      [
        0,
        1,
        3,
        4,
        5,
        6,
        7,
        8,
        9
      ],
      [
        6,
        8
      ],
      [
        0,
        1,
        3,
        5,
        6,
        7,
        8
      ],
      [
        0,
        1,
        3,
        6,
        7,
        8
      ],
      [
        8
      ],
      [
        0,
        1,
        3,
        6,
        8
      ],
      [],
      [
        0,
        1,
        3,
        4,
        5,
        6,
        7,
        8
      ]
    ],
    "right": [
      [
        1,
        2,
        3,
        4,
        6,
        7,
        8,
        9
      ],
      [
        4,
        6,
        7
      ],
      [
        1,
        3,
        4,
        6,
        7
      ],
      [
        1,
        4,
        6,
        7
      ],
      [
        7
      ],
      [
        0,
        1,
        2,
        3,
        4,
        6,
        7,
        8,
        9
      ],
      [
        4,
        7
      ],
      [],
      [
        1,
        2,
        3,
        4,
        6,
        7
      ],
      [
        1,
        2,
        3,
        4,
        6,
        7,
        8
      ]
    ],
    "behind": [
      [
        1,
        2,
        4,
        5,
        7,
        9
      ],
      [
        2,
        4,
        5,
        7,
        9
      ],
      [],
      [
        0,
        1,
        2,
        4,
        5,
        7,
        9
      ],
      [
        2,
        9
      ],
      [
        2,
        4,
        9
      ],
      [
        0,
        1,
        2,
        3,
        4,
        5,
        7,
        9
      ],
      [
        2,
        4,
        5,
        9
      ],
      [
        0,
        1,
        2,
        3,
        4,
        5,
        6,
        7,
        9
      ],
      [
        2
      ]
    ]
  },
  "split": "new",
  "image_index": 560,
  "objects": [
    {
      "3d_coords": [
        -0.837059736251831,
        -2.3164219856262207,
        0.3499999940395355
      ],
      "x": 71,
      "pixel_coords": [
        84,
        127,
        10.248512268066406
      ],
      "material": "rubber",
      "size": "small",
      "width": 24,
      "height": 24,
      "color": "cyan",
      "y": 115,
      "shape": "sphere",
      "rotation": 13.543083612961668
    },
    {
      "3d_coords": [
        0.8021147847175598,
        0.6970597505569458,
        0.699999988079071
      ],
      "x": 172,
      "pixel_coords": [
        194,
        102,
        10.908687591552734
      ],
      "material": "metal",
      "size": "large",
      "width": 45,
      "height": 45,
      "color": "red",
      "y": 79,
      "shape": "sphere",
      "rotation": 194.76984962781773
    },
    {
      "3d_coords": [
        -2.9347102642059326,
        2.1309826374053955,
        0.3499999940395355
      ],
      "x": 135,
      "pixel_coords": [
        146,
        69,
        14.263653755187988
      ],
      "material": "rubber",
      "size": "small",
      "width": 22,
      "height": 23,
      "color": "purple",
      "y": 58,
      "shape": "cube",
      "rotation": 166.84786195598252
    },
    {
      "3d_coords": [
        1.4542616605758667,
        -0.692945122718811,
        0.3499999940395355
      ],
      "x": 166,
      "pixel_coords": [
        179,
        136,
        9.829259872436523
      ],
      "material": "metal",
      "size": "small",
      "width": 26,
      "height": 34,
      "color": "red",
      "y": 119,
      "shape": "cylinder",
      "rotation": 266.146844641724
    },
    {
      "3d_coords": [
        0.4109058678150177,
        2.9913699626922607,
        0.699999988079071
      ],
      "x": 206,
      "pixel_coords": [
        227,
        78,
        12.553991317749023
      ],
      "material": "metal",
      "size": "large",
      "width": 43,
      "height": 51,
      "color": "gray",
      "y": 53,
      "shape": "cylinder",
      "rotation": 315.55618710141846
    },
    {
      "3d_coords": [
        -2.6979918479919434,
        -1.479581594467163,
        0.3499999940395355
      ],
      "x": 58,
      "pixel_coords": [
        73,
        98,
        11.908075332641602
      ],
      "material": "rubber",
      "size": "small",
      "width": 29,
      "height": 28,
      "color": "purple",
      "y": 85,
      "shape": "cube",
      "rotation": 151.30861135764314
    },
    {
      "3d_coords": [
        2.767855167388916,
        -0.3392459452152252,
        0.3499999940395355
      ],
      "x": 211,
      "pixel_coords": [
        225,
        150,
        9.235774993896484
      ],
      "material": "rubber",
      "size": "small",
      "width": 27,
      "height": 27,
      "color": "brown",
      "y": 137,
      "shape": "sphere",
      "rotation": 250.81186663130745
    },
    {
      "3d_coords": [
        2.179084539413452,
        2.9243884086608887,
        0.3499999940395355
      ],
      "x": 256,
      "pixel_coords": [
        269,
        103,
        11.59610652923584
      ],
      "material": "rubber",
      "size": "small",
      "width": 27,
      "height": 28,
      "color": "purple",
      "y": 89,
      "shape": "cube",
      "rotation": 104.35982625975456
    },
    {
      "3d_coords": [
        1.7369697093963623,
        -2.9995617866516113,
        0.699999988079071
      ],
      "x": 90,
      "pixel_coords": [
        121,
        165,
        8.069981575012207
      ],
      "material": "metal",
      "size": "large",
      "width": 61,
      "height": 61,
      "color": "yellow",
      "y": 135,
      "shape": "sphere",
      "rotation": 195.7921997132735
    },
    {
      "3d_coords": [
        -2.630463123321533,
        0.15884006023406982,
        0.3499999940395355
      ],
      "x": 99,
      "pixel_coords": [
        113,
        85,
        12.869132041931152
      ],
      "material": "rubber",
      "size": "small",
      "width": 26,
      "height": 26,
      "color": "yellow",
      "y": 72,
      "shape": "cube",
      "rotation": 275.2569520363715
    }
  ]
}