{
  "image_filename": "CLEVR_new_000667.png",
  "directions": {
    "above": [
      0.0,
      0.0,
      1.0
    ],
    "behind": [
      -0.754490315914154,
      0.6563112735748291,
      0.0
    ],
    "left": [
      -0.6563112735748291,
      -0.7544902563095093,
      0.0
    ],
    "below": [
      -0.0,
      -0.0,
      -1.0
    ],
    "right": [
      0.6563112735748291,
      0.7544902563095093,
      -0.0
    ],
    "front": [
      0.754490315914154,
      -0.6563112735748291,
      -0.0
    ]
  },
  "relationships": {
    "left": [
      [
        1,
        2,
        3,
        5
      ],
      [
        2,
        3,
        5
      ],
      [],
      [
        2,
        5
      ],
      [
        0,
        1,
        2,
        3,
        5
      ],
      [
        2
      ]
    ],
    "front": [
      [
        1,
        2,
        3,
        4
      ],
      [],
      [
        1,
        3
      ],
      [
        1
      ],
      [
        1,
        2,
        3
      ],
      [
        0,
        1,
        2,
        3,
        4
      ]
    ],
    "right": [
      [
        4
      ],
      [
        0,
        4
      ],
      [
        0,
        1,
        3,
        4,
        5
      ],
      [
        0,
        1,
        4
      ],
      [],
      [
        0,
        1,
        3,
        4
      ]
    ],
    "behind": [
      [
        5
      ],
      [
        0,
        2,
        3,
        4,
        5
      ],
      [
        0,
        4,
        5
      ],
      [
        0,
        2,
        4,
        5
      ],
      [
        0,
        5
      ],
      []
    ]
  },
  "split": "new",
  "image_index": 667,
  "objects": [
    {
      "3d_coords": [
        -0.30237698554992676,
        1.8966609239578247,
        0.3499999940395355
      ],
      "x": 187,
      "pixel_coords": [
        197,
        92,
        12.137578964233398
      ],
      "material": "metal",
      "size": "small",
      "width": 20,
      "height": 20,
      "color": "purple",
      "y": 82,
      "shape": "sphere",
      "rotation": 9.445233044110415
    },
    {
      "3d_coords": [
        2.3222262859344482,
        -1.3953111171722412,
        0.3499999940395355
      ],
      "x": 161,
      "pixel_coords": [
        175,
        159,
        8.50354290008545
      ],
      "material": "metal",
      "size": "small",
      "width": 29,
      "height": 29,
      "color": "green",
      "y": 144,
      "shape": "sphere",
      "rotation": 24.89121776823528
    },
    {
      "3d_coords": [
        -1.5498313903808594,
        -2.096144199371338,
        0.3499999940395355
      ],
      "x": 64,
      "pixel_coords": [
        75,
        112,
        10.776253700256348
      ],
      "material": "rubber",
      "size": "small",
      "width": 23,
      "height": 23,
      "color": "gray",
      "y": 100,
      "shape": "sphere",
      "rotation": 238.6804533953356
    },
    {
      "3d_coords": [
        0.8173419237136841,
        -0.9298450946807861,
        0.3499999940395355
      ],
      "x": 140,
      "pixel_coords": [
        153,
        129,
        9.796895027160645
      ],
      "material": "metal",
      "size": "small",
      "width": 26,
      "height": 33,
      "color": "purple",
      "y": 113,
      "shape": "cube",
      "rotation": 236.56283423187054
    },
    {
      "3d_coords": [
        1.292870044708252,
        2.697416067123413,
        0.699999988079071
      ],
      "x": 226,
      "pixel_coords": [
        250,
        91,
        11.322222709655762
      ],
      "material": "rubber",
      "size": "large",
      "width": 49,
      "height": 56,
      "color": "gray",
      "y": 63,
      "shape": "cylinder",
      "rotation": 30.107282615189604
    },
    {
      "3d_coords": [
        -2.572571039199829,
        1.372883915901184,
        0.3499999940395355
      ],
      "x": 136,
      "pixel_coords": [
        146,
        77,
        13.407341957092285
      ],
      "material": "metal",
      "size": "small",
      "width": 19,
      "height": 23,
      "color": "red",
      "y": 66,
      "shape": "cube",
      "rotation": 316.6087174657781
    }
  ]
}