{
  "image_filename": "CLEVR_new_000217.png",
  "directions": {
    "above": [
      0.0,
      0.0,
      1.0
    ],
    "behind": [
      -0.754490315914154,
      0.6563112735748291,
      0.0
    ],
    "left": [
      -0.6563112735748291,
      -0.7544902563095093,
      0.0
    ],
    "below": [
      -0.0,
      -0.0,
      -1.0
    ],
    "right": [
      0.6563112735748291,
      0.7544902563095093,
      -0.0
    ],
    "front": [
      0.754490315914154,
      -0.6563112735748291,
      -0.0
    ]
  },
  "relationships": {
    "left": [
      [
        2,
        3,
        4,
        7
      ],
      [
        0,
        2,
        3,
        4,
        5,
        7
      ],
      [
        4
      ],
      [
        2,
        4
      ],
      [],
      [
        0,
        2,
        3,
        4,
        7
      ],
      [
        0,
        1,
        2,
        3,
        4,
        5,
        7
      ],
      [
        2,
        3,
        4
      ],
      [
        0,
        1,
        2,
        3,
        4,
        5,
        6,
        7
      ]
    ],
    "front": [
      [
        1,
        2,
        3,
        4,
        5,
        6,
        7,
        8
      ],
      [
        7
      ],
      [
        1,
        3,
        4,
        5,
        6,
        7,
        8
      ],
      [
        1,
        7
      ],
      [
        1,
        3,
        7,
        8
      ],
      [
        1,
        3,
        4,
        7,
        8
      ],
      [
        1,
        3,
        4,
        5,
        7,
        8
      ],
      [],
      [
        1,
        3,
        7
      ]
    ],
    "right": [
      [
        1,
        5,
        6,
        8
      ],
      [
        6,
        8
      ],
      [
        0,
        1,
        3,
        5,
        6,
        7,
        8
      ],
      [
        0,
        1,
        5,
        6,
        7,
        8
      ],
      [
        0,
        1,
        2,
        3,
        5,
        6,
        7,
        8
      ],
      [
        1,
        6,
        8
      ],
      [
        8
      ],
      [
        0,
        1,
        5,
        6,
        8
      ],
      []
    ],
    "behind": [
      [],
      [
        0,
        2,
        3,
        4,
        5,
        6,
        8
      ],
      [
        0
      ],
      [
        0,
        2,
        4,
        5,
        6,
        8
      ],
      [
        0,
        2,
        5,
        6
      ],
      [
        0,
        2,
        6
      ],
      [
        0,
        2
      ],
      [
        0,
        1,
        2,
        3,
        4,
        5,
        6,
        8
      ],
      [
        0,
        2,
        4,
        5,
        6
      ]
    ]
  },
  "split": "new",
  "image_index": 217,
  "objects": [
    {
      "3d_coords": [
        -2.8241913318634033,
        2.6152148246765137,
        0.699999988079071
      ],
      "x": 140,
      "pixel_coords": [
        163,
        59,
        13.988564491271973
      ],
      "material": "metal",
      "size": "large",
      "width": 46,
      "height": 46,
      "color": "red",
      "y": 37,
      "shape": "cube",
      "rotation": 75.77245707317027
    },
    {
      "3d_coords": [
        2.325144052505493,
        -0.5077122449874878,
        0.699999988079071
      ],
      "x": 178,
      "pixel_coords": [
        206,
        135,
        8.76241397857666
      ],
      "material": "metal",
      "size": "large",
      "width": 57,
      "height": 56,
      "color": "yellow",
      "y": 107,
      "shape": "sphere",
      "rotation": 316.5678719911965
    },
    {
      "3d_coords": [
        -2.76710844039917,
        0.26650935411453247,
        0.699999988079071
      ],
      "x": 91,
      "pixel_coords": [
        115,
        73,
        12.589546203613281
      ],
      "material": "metal",
      "size": "large",
      "width": 45,
      "height": 49,
      "color": "gray",
      "y": 49,
      "shape": "cube",
      "rotation": 132.7833338869036
    },
    {
      "3d_coords": [
        0.2658621668815613,
        -1.3865197896957397,
        0.699999988079071
      ],
      "x": 93,
      "pixel_coords": [
        128,
        117,
        9.619344711303711
      ],
      "material": "metal",
      "size": "large",
      "width": 67,
      "height": 71,
      "color": "cyan",
      "y": 82,
      "shape": "cube",
      "rotation": 254.94393314288737
    },
    {
      "3d_coords": [
        -2.390671491622925,
        -2.929769515991211,
        0.3499999940395355
      ],
      "x": 24,
      "pixel_coords": [
        36,
        112,
        10.65310001373291
      ],
      "material": "rubber",
      "size": "small",
      "width": 24,
      "height": 23,
      "color": "green",
      "y": 100,
      "shape": "sphere",
      "rotation": 82.30676335941743
    },
    {
      "3d_coords": [
        -0.03325363248586655,
        0.7215257883071899,
        0.699999988079071
      ],
      "x": 154,
      "pixel_coords": [
        177,
        93,
        11.039470672607422
      ],
      "material": "rubber",
      "size": "large",
      "width": 44,
      "height": 45,
      "color": "purple",
      "y": 71,
      "shape": "sphere",
      "rotation": 108.50195729506908
    },
    {
      "3d_coords": [
        0.17028667032718658,
        2.1945111751556396,
        0.3499999940395355
      ],
      "x": 201,
      "pixel_coords": [
        212,
        93,
        11.923715591430664
      ],
      "material": "metal",
      "size": "small",
      "width": 22,
      "height": 27,
      "color": "gray",
      "y": 79,
      "shape": "cylinder",
      "rotation": 81.23042875642287
    },
    {
      "3d_coords": [
        2.695734739303589,
        -2.779017925262451,
        0.3499999940395355
      ],
      "x": 123,
      "pixel_coords": [
        145,
        192,
        7.3658976554870605
      ],
      "material": "rubber",
      "size": "small",
      "width": 43,
      "height": 51,
      "color": "green",
      "y": 167,
      "shape": "cube",
      "rotation": 257.36439421950826
    },
    {
      "3d_coords": [
        2.368957996368408,
        1.6882494688034058,
        0.3499999940395355
      ],
      "x": 240,
      "pixel_coords": [
        257,
        120,
        10.171615600585938
      ],
      "material": "rubber",
      "size": "small",
      "width": 36,
      "height": 34,
      "color": "yellow",
      "y": 104,
      "shape": "cube",
      "rotation": 15.477358625969956
    }
  ]
}