{
  "image_filename": "CLEVR_new_000364.png",
  "directions": {
    "above": [
      0.0,
      0.0,
      1.0
    ],
    "behind": [
      -0.754490315914154,
      0.6563112735748291,
      0.0
    ],
    "left": [
      -0.6563112735748291,
      -0.7544902563095093,
      0.0
    ],
    "below": [
      -0.0,
      -0.0,
      -1.0
    ],
    "right": [
      0.6563112735748291,
      0.7544902563095093,
      -0.0
    ],
    "front": [
      0.754490315914154,
      -0.6563112735748291,
      -0.0
    ]
  },
  "relationships": {
    "left": [
      [
        1,
        4
      ],
      [
        4
      ],
      [
        0,
        1,
        3,
        4,
        5,
        6,
        7,
        8
      ],
      [
        0,
        1,
        4,
        5,
        6,
        7,
        8
      ],
      [],
      [
        0,
        1,
        4,
        6,
        7,
        8
      ],
      [
        0,
        1,
        4,
        8
      ],
      [
        0,
        1,
        4,
        6,
        8
      ],
      [
        0,
        1,
        4
      ]
    ],
    "front": [
      [],
      [
        0,
        2,
        3,
        4,
        5,
        7,
        8
      ],
      [
        0,
        3,
        7
      ],
      [
        0,
        7
      ],
      [
        0,
        2,
        3,
        5,
        7
      ],
      [
        0,
        2,
        3,
        7
      ],
      [
        0,
        1,
        2,
        3,
        4,
        5,
        7,
        8
      ],
      [
        0
      ],
      [
        0,
        2,
        3,
        4,
        5,
        7
      ]
    ],
    "right": [
      [
        2,
        3,
        5,
        6,
        7,
        8
      ],
      [
        0,
        2,
        3,
        5,
        6,
        7,
        8
      ],
      [],
      [
        2
      ],
      [
        0,
        1,
        2,
        3,
        5,
        6,
        7,
        8
      ],
      [
        2,
        3
      ],
      [
        2,
        3,
        5,
        7
      ],
      [
        2,
        3,
        5
      ],
      [
        2,
        3,
        5,
        6,
        7
      ]
    ],
    "behind": [
      [
        1,
        2,
        3,
        4,
        5,
        6,
        7,
        8
      ],
      [
        6
      ],
      [
        1,
        4,
        5,
        6,
        8
      ],
      [
        1,
        2,
        4,
        5,
        6,
        8
      ],
      [
        1,
        6,
        8
      ],
      [
        1,
        4,
        6,
        8
      ],
      [],
      [
        1,
        2,
        3,
        4,
        5,
        6,
        8
      ],
      [
        1,
        6
      ]
    ]
  },
  "split": "new",
  "image_index": 364,
  "objects": [
    {
      "3d_coords": [
        2.299461603164673,
        -2.561943531036377,
        0.699999988079071
      ],
      "x": 104,
      "pixel_coords": [
        140,
        163,
        7.878218173980713
      ],
      "material": "rubber",
      "size": "large",
      "width": 69,
      "height": 84,
      "color": "red",
      "y": 122,
      "shape": "cube",
      "rotation": 26.026263355338934
    },
    {
      "3d_coords": [
        -2.9169647693634033,
        0.1952364295721054,
        0.3499999940395355
      ],
      "x": 103,
      "pixel_coords": [
        113,
        83,
        13.140414237976074
      ],
      "material": "metal",
      "size": "small",
      "width": 20,
      "height": 24,
      "color": "cyan",
      "y": 71,
      "shape": "cube",
      "rotation": 167.50468610548293
    },
    {
      "3d_coords": [
        2.8805689811706543,
        2.6899685859680176,
        0.699999988079071
      ],
      "x": 256,
      "pixel_coords": [
        290,
        106,
        10.51183795928955
      ],
      "material": "metal",
      "size": "large",
      "width": 64,
      "height": 64,
      "color": "cyan",
      "y": 75,
      "shape": "cube",
      "rotation": 56.21988459609301
    },
    {
      "3d_coords": [
        2.955498456954956,
        0.7964892387390137,
        0.3499999940395355
      ],
      "x": 240,
      "pixel_coords": [
        253,
        138,
        9.53314208984375
      ],
      "material": "metal",
      "size": "small",
      "width": 27,
      "height": 26,
      "color": "yellow",
      "y": 125,
      "shape": "sphere",
      "rotation": 326.3659012020228
    },
    {
      "3d_coords": [
        -2.746262550354004,
        -1.674733281135559,
        0.3499999940395355
      ],
      "x": 60,
      "pixel_coords": [
        70,
        97,
        11.948479652404785
      ],
      "material": "rubber",
      "size": "small",
      "width": 21,
      "height": 21,
      "color": "purple",
      "y": 87,
      "shape": "sphere",
      "rotation": 354.16236165076214
    },
    {
      "3d_coords": [
        1.2348712682724,
        1.4388788938522339,
        0.699999988079071
      ],
      "x": 197,
      "pixel_coords": [
        221,
        100,
        10.89921760559082
      ],
      "material": "metal",
      "size": "large",
      "width": 49,
      "height": 59,
      "color": "green",
      "y": 71,
      "shape": "cylinder",
      "rotation": 135.19759050915803
    },
    {
      "3d_coords": [
        -1.845622181892395,
        2.822545051574707,
        0.699999988079071
      ],
      "x": 166,
      "pixel_coords": [
        184,
        66,
        13.770045280456543
      ],
      "material": "rubber",
      "size": "large",
      "width": 36,
      "height": 36,
      "color": "brown",
      "y": 48,
      "shape": "sphere",
      "rotation": 341.7872362094562
    },
    {
      "3d_coords": [
        2.8314778804779053,
        -0.6869001984596252,
        0.699999988079071
      ],
      "x": 177,
      "pixel_coords": [
        214,
        144,
        8.599977493286133
      ],
      "material": "rubber",
      "size": "large",
      "width": 73,
      "height": 83,
      "color": "blue",
      "y": 104,
      "shape": "cube",
      "rotation": 160.6178214547399
    },
    {
      "3d_coords": [
        -0.9449482560157776,
        1.1564797163009644,
        0.3499999940395355
      ],
      "x": 156,
      "pixel_coords": [
        167,
        92,
        12.366406440734863
      ],
      "material": "metal",
      "size": "small",
      "width": 23,
      "height": 26,
      "color": "purple",
      "y": 79,
      "shape": "cube",
      "rotation": 124.69565001558243
    }
  ]
}