{
  "image_filename": "CLEVR_new_000290.png",
  "directions": {
    "above": [
      0.0,
      0.0,
      1.0
    ],
    "behind": [
      -0.754490315914154,
      0.6563112735748291,
      0.0
    ],
    "left": [
      -0.6563112735748291,
      -0.7544902563095093,
      0.0
    ],
    "below": [
      -0.0,
      -0.0,
      -1.0
    ],
    "right": [
      0.6563112735748291,
      0.7544902563095093,
      -0.0
    ],
    "front": [
      0.754490315914154,
      -0.6563112735748291,
      -0.0
    ]
  },
  "relationships": {
    "left": [
      [
        2,
        5,
        6
      ],
      [
        0,
        2,
        3,
        4,
        5,
        6
      ],
      [
        5
      ],
      [
        0,
        2,
        4,
        5,
        6
      ],
      [
        0,
        2,
        5,
        6
      ],
      [],
      [
        2,
        5
      ],
      [
        0,
        1,
        2,
        3,
        4,
        5,
        6
      ]
    ],
    "front": [
      [],
      [
        0,
        2,
        3,
        5,
        7
      ],
      [
        0,
        3
      ],
      [
        0
      ],
      [
        0,
        1,
        2,
        3,
        5,
        6,
        7
      ],
      [
        0,
        2,
        3,
        7
      ],
      [
        0,
        1,
        2,
        3,
        5,
        7
      ],
      [
        0,
        2,
        3
      ]
    ],
    "right": [
      [
        1,
        3,
        4,
        7
      ],
      [
        7
      ],
      [
        0,
        1,
        3,
        4,
        6,
        7
      ],
      [
        1,
        7
      ],
      [
        1,
        3,
        7
      ],
      [
        0,
        1,
        2,
        3,
        4,
        6,
        7
      ],
      [
        0,
        1,
        3,
        4,
        7
      ],
      []
    ],
    "behind": [
      [
        1,
        2,
        3,
        4,
        5,
        6,
        7
      ],
      [
        4,
        6
      ],
      [
        1,
        4,
        5,
        6,
        7
      ],
      [
        1,
        2,
        4,
        5,
        6,
        7
      ],
      [],
      [
        1,
        4,
        6
      ],
      [
        4
      ],
      [
        1,
        4,
        5,
        6
      ]
    ]
  },
  "split": "new",
  "image_index": 290,
  "objects": [
    {
      "3d_coords": [
        2.1429500579833984,
        -1.0077548027038574,
        0.3499999940395355
      ],
      "x": 171,
      "pixel_coords": [
        185,
        156,
        8.86156177520752
      ],
      "material": "rubber",
      "size": "small",
      "width": 28,
      "height": 28,
      "color": "green",
      "y": 142,
      "shape": "sphere",
      "rotation": 307.1980731511987
    },
    {
      "3d_coords": [
        0.7715232968330383,
        2.642517328262329,
        0.699999988079071
      ],
      "x": 214,
      "pixel_coords": [
        236,
        84,
        11.584606170654297
      ],
      "material": "metal",
      "size": "large",
      "width": 43,
      "height": 43,
      "color": "red",
      "y": 62,
      "shape": "sphere",
      "rotation": 190.5966534654923
    },
    {
      "3d_coords": [
        0.3310314416885376,
        -1.016481876373291,
        0.699999988079071
      ],
      "x": 115,
      "pixel_coords": [
        140,
        116,
        9.83713436126709
      ],
      "material": "rubber",
      "size": "large",
      "width": 50,
      "height": 50,
      "color": "brown",
      "y": 91,
      "shape": "sphere",
      "rotation": 243.48176375202067
    },
    {
      "3d_coords": [
        2.361931800842285,
        0.5364716649055481,
        0.3499999940395355
      ],
      "x": 216,
      "pixel_coords": [
        231,
        137,
        9.57778549194336
      ],
      "material": "rubber",
      "size": "small",
      "width": 31,
      "height": 34,
      "color": "cyan",
      "y": 120,
      "shape": "cube",
      "rotation": 16.55144747862543
    },
    {
      "3d_coords": [
        -0.9530003070831299,
        2.7820444107055664,
        0.3499999940395355
      ],
      "x": 190,
      "pixel_coords": [
        200,
        76,
        12.955668449401855
      ],
      "material": "rubber",
      "size": "small",
      "width": 20,
      "height": 25,
      "color": "blue",
      "y": 63,
      "shape": "cylinder",
      "rotation": 321.7428913684052
    },
    {
      "3d_coords": [
        -1.6720314025878906,
        -1.9575248956680298,
        0.699999988079071
      ],
      "x": 47,
      "pixel_coords": [
        75,
        101,
        10.602893829345703
      ],
      "material": "rubber",
      "size": "large",
      "width": 53,
      "height": 62,
      "color": "gray",
      "y": 70,
      "shape": "cylinder",
      "rotation": 237.0376210550499
    },
    {
      "3d_coords": [
        -1.4619224071502686,
        1.4540096521377563,
        0.3499999940395355
      ],
      "x": 154,
      "pixel_coords": [
        164,
        81,
        12.545870780944824
      ],
      "material": "metal",
      "size": "small",
      "width": 20,
      "height": 20,
      "color": "purple",
      "y": 72,
      "shape": "sphere",
      "rotation": 228.98761422369432
    },
    {
      "3d_coords": [
        2.980137586593628,
        2.6764557361602783,
        0.3499999940395355
      ],
      "x": 278,
      "pixel_coords": [
        294,
        119,
        10.367937088012695
      ],
      "material": "rubber",
      "size": "small",
      "width": 34,
      "height": 31,
      "color": "green",
      "y": 104,
      "shape": "cube",
      "rotation": 18.132551617141445
    }
  ]
}