{
  "image_filename": "CLEVR_new_000263.png",
  "directions": {
    "above": [
      0.0,
      0.0,
      1.0
    ],
    "behind": [
      -0.754490315914154,
      0.6563112735748291,
      0.0
    ],
    "left": [
      -0.6563112735748291,
      -0.7544902563095093,
      0.0
    ],
    "below": [
      -0.0,
      -0.0,
      -1.0
    ],
    "right": [
      0.6563112735748291,
      0.7544902563095093,
      -0.0
    ],
    "front": [
      0.754490315914154,
      -0.6563112735748291,
      -0.0
    ]
  },
  "relationships": {
    "left": [
      [
        1,
        2,
        3,
        4
      ],
      [],
      [
        1,
        3,
        4
      ],
      [
        1,
        4
      ],
      [
        1
      ],
      [
        0,
        1,
        2,
        3,
        4
      ]
    ],
    "front": [
      [
        1,
        3,
        4,
        5
      ],
      [
        3
      ],
      [
        0,
        1,
        3,
        4,
        5
      ],
      [],
      [
        1,
        3,
        5
      ],
      [
        1,
        3
      ]
    ],
    "right": [
      [
        5
      ],
      [
        0,
        2,
        3,
        4,
        5
      ],
      [
        0,
        5
      ],
      [
        0,
        2,
        5
      ],
      [
        0,
        2,
        3,
        5
      ],
      []
    ],
    "behind": [
      [
        2
      ],
      [
        0,
        2,
        4,
        5
      ],
      [],
      [
        0,
        1,
        2,
        4,
        5
      ],
      [
        0,
        2
      ],
      [
        0,
        2,
        4
      ]
    ]
  },
  "split": "new",
  "image_index": 263,
  "objects": [
    {
      "3d_coords": [
        1.0810916423797607,
        2.613412857055664,
        0.699999988079071
      ],
      "x": 221,
      "pixel_coords": [
        242,
        89,
        11.48784351348877
      ],
      "material": "rubber",
      "size": "large",
      "width": 44,
      "height": 43,
      "color": "gray",
      "y": 67,
      "shape": "sphere",
      "rotation": 27.47417553713432
    },
    {
      "3d_coords": [
        0.012454002164304256,
        -2.88466215133667,
        0.3499999940395355
      ],
      "x": 59,
      "pixel_coords": [
        77,
        143,
        9.3358793258667
      ],
      "material": "metal",
      "size": "small",
      "width": 34,
      "height": 35,
      "color": "blue",
      "y": 126,
      "shape": "cube",
      "rotation": 197.20367980430768
    },
    {
      "3d_coords": [
        -0.9861156940460205,
        2.507744789123535,
        0.699999988079071
      ],
      "x": 172,
      "pixel_coords": [
        196,
        71,
        12.807903289794922
      ],
      "material": "metal",
      "size": "large",
      "width": 47,
      "height": 51,
      "color": "gray",
      "y": 46,
      "shape": "cube",
      "rotation": 143.48919721926143
    },
    {
      "3d_coords": [
        2.7840383052825928,
        -2.143080234527588,
        0.3499999940395355
      ],
      "x": 150,
      "pixel_coords": [
        166,
        184,
        7.89766788482666
      ],
      "material": "rubber",
      "size": "small",
      "width": 31,
      "height": 32,
      "color": "green",
      "y": 169,
      "shape": "sphere",
      "rotation": 313.19041327445916
    },
    {
      "3d_coords": [
        -0.3209378123283386,
        -0.41947057843208313,
        0.699999988079071
      ],
      "x": 120,
      "pixel_coords": [
        143,
        101,
        10.746109008789062
      ],
      "material": "metal",
      "size": "large",
      "width": 46,
      "height": 46,
      "color": "cyan",
      "y": 78,
      "shape": "sphere",
      "rotation": 164.61454911139978
    },
    {
      "3d_coords": [
        2.934776544570923,
        2.166025400161743,
        0.699999988079071
      ],
      "x": 256,
      "pixel_coords": [
        284,
        114,
        10.004424095153809
      ],
      "material": "metal",
      "size": "large",
      "width": 60,
      "height": 66,
      "color": "yellow",
      "y": 82,
      "shape": "cylinder",
      "rotation": 163.28732949451015
    }
  ]
}