{
  "image_filename": "CLEVR_new_000169.png",
  "directions": {
    "above": [
      0.0,
      0.0,
      1.0
    ],
    "behind": [
      -0.754490315914154,
      0.6563112735748291,
      0.0
    ],
    "left": [
      -0.6563112735748291,
      -0.7544902563095093,
      0.0
    ],
    "below": [
      -0.0,
      -0.0,
      -1.0
    ],
    "right": [
      0.6563112735748291,
      0.7544902563095093,
      -0.0
    ],
    "front": [
      0.754490315914154,
      -0.6563112735748291,
      -0.0
    ]
  },
  "relationships": {
    "left": [
      [
        1,
        2,
        4,
        5,
        6,
        7
      ],
      [],
      [
        1,
        7
      ],
      [
        0,
        1,
        2,
        4,
        5,
        6,
        7
      ],
      [
        1,
        2,
        5,
        7
      ],
      [
        1,
        2,
        7
      ],
      [
        1,
        2,
        4,
        5,
        7
      ],
      [
        1
      ]
    ],
    "front": [
      [
        1,
        2,
        3
      ],
      [
        2
      ],
      [],
      [
        1,
        2
      ],
      [
        0,
        1,
        2,
        3
      ],
      [
        0,
        1,
        2,
        3,
        4,
        6,
        7
      ],
      [
        0,
        1,
        2,
        3,
        4,
        7
      ],
      [
        0,
        1,
        2,
        3,
        4
      ]
    ],
    "right": [
      [
        3
      ],
      [
        0,
        2,
        3,
        4,
        5,
        6,
        7
      ],
      [
        0,
        3,
        4,
        5,
        6
      ],
      [],
      [
        0,
        3,
        6
      ],
      [
        0,
        3,
        4,
        6
      ],
      [
        0,
        3
      ],
      [
        0,
        2,
        3,
        4,
        5,
        6
      ]
    ],
    "behind": [
      [
        4,
        5,
        6,
        7
      ],
      [
        0,
        3,
        4,
        5,
        6,
        7
      ],
      [
        0,
        1,
        3,
        4,
        5,
        6,
        7
      ],
      [
        0,
        4,
        5,
        6,
        7
      ],
      [
        5,
        6,
        7
      ],
      [],
      [
        5
      ],
      [
        5,
        6
      ]
    ]
  },
  "split": "new",
  "image_index": 169,
  "objects": [
    {
      "3d_coords": [
        1.08286714553833,
        1.554216742515564,
        0.699999988079071
      ],
      "x": 196,
      "pixel_coords": [
        219,
        99,
        11.28862476348877
      ],
      "material": "metal",
      "size": "large",
      "width": 47,
      "height": 57,
      "color": "purple",
      "y": 71,
      "shape": "cylinder",
      "rotation": 9.548305649655706
    },
    {
      "3d_coords": [
        -0.042310625314712524,
        -2.769925594329834,
        0.3499999940395355
      ],
      "x": 70,
      "pixel_coords": [
        83,
        138,
        9.787931442260742
      ],
      "material": "metal",
      "size": "small",
      "width": 26,
      "height": 25,
      "color": "brown",
      "y": 126,
      "shape": "sphere",
      "rotation": 48.94283313372505
    },
    {
      "3d_coords": [
        2.0029213428497314,
        -2.8985865116119385,
        0.3499999940395355
      ],
      "x": 105,
      "pixel_coords": [
        120,
        175,
        8.329756736755371
      ],
      "material": "metal",
      "size": "small",
      "width": 30,
      "height": 30,
      "color": "gray",
      "y": 160,
      "shape": "sphere",
      "rotation": 156.8985572745497
    },
    {
      "3d_coords": [
        2.9328277111053467,
        2.757664442062378,
        0.699999988079071
      ],
      "x": 264,
      "pixel_coords": [
        291,
        108,
        10.711130142211914
      ],
      "material": "metal",
      "size": "large",
      "width": 56,
      "height": 61,
      "color": "cyan",
      "y": 78,
      "shape": "cylinder",
      "rotation": 275.6142504296513
    },
    {
      "3d_coords": [
        -0.4483415186405182,
        1.2500584125518799,
        0.3499999940395355
      ],
      "x": 169,
      "pixel_coords": [
        179,
        96,
        12.321436882019043
      ],
      "material": "metal",
      "size": "small",
      "width": 20,
      "height": 20,
      "color": "gray",
      "y": 86,
      "shape": "sphere",
      "rotation": 276.75016709009566
    },
    {
      "3d_coords": [
        -2.9666025638580322,
        2.4522414207458496,
        0.3499999940395355
      ],
      "x": 149,
      "pixel_coords": [
        160,
        69,
        14.703235626220703
      ],
      "material": "rubber",
      "size": "small",
      "width": 22,
      "height": 23,
      "color": "yellow",
      "y": 58,
      "shape": "cube",
      "rotation": 155.43575259356345
    },
    {
      "3d_coords": [
        -1.3034650087356567,
        2.810734987258911,
        0.3499999940395355
      ],
      "x": 185,
      "pixel_coords": [
        194,
        78,
        13.777653694152832
      ],
      "material": "metal",
      "size": "small",
      "width": 18,
      "height": 18,
      "color": "brown",
      "y": 69,
      "shape": "sphere",
      "rotation": 241.0526810947054
    },
    {
      "3d_coords": [
        -2.3444762229919434,
        0.04986214637756348,
        0.3499999940395355
      ],
      "x": 111,
      "pixel_coords": [
        121,
        88,
        12.932046890258789
      ],
      "material": "metal",
      "size": "small",
      "width": 19,
      "height": 19,
      "color": "red",
      "y": 79,
      "shape": "sphere",
      "rotation": 276.46120990703537
    }
  ]
}