{
  "image_filename": "CLEVR_new_000680.png",
  "directions": {
    "above": [
      0.0,
      0.0,
      1.0
    ],
    "behind": [
      -0.754490315914154,
      0.6563112735748291,
      0.0
    ],
    "left": [
      -0.6563112735748291,
      -0.7544902563095093,
      0.0
    ],
    "below": [
      -0.0,
      -0.0,
      -1.0
    ],
    "right": [
      0.6563112735748291,
      0.7544902563095093,
      -0.0
    ],
    "front": [
      0.754490315914154,
      -0.6563112735748291,
      -0.0
    ]
  },
  "relationships": {
    "left": [
      [
        2
      ],
      [
        0,
        2
      ],
      []
    ],
    "front": [
      [],
      [
        0
      ],
      [
        0,
        1
      ]
    ],
    "right": [
      [
        1
      ],
      [],
      [
        0,
        1
      ]
    ],
    "behind": [
      [
        1,
        2
      ],
      [
        2
      ],
      []
    ]
  },
  "split": "new",
  "image_index": 680,
  "objects": [
    {
      "3d_coords": [
        1.8764007091522217,
        -2.312878370285034,
        0.3499999940395355
      ],
      "x": 127,
      "pixel_coords": [
        141,
        163,
        8.76530933380127
      ],
      "material": "metal",
      "size": "small",
      "width": 29,
      "height": 39,
      "color": "purple",
      "y": 144,
      "shape": "cylinder",
      "rotation": 179.05284234481752
    },
    {
      "3d_coords": [
        1.6225814819335938,
        -0.8635855913162231,
        0.3499999940395355
      ],
      "x": 163,
      "pixel_coords": [
        176,
        139,
        9.78276538848877
      ],
      "material": "rubber",
      "size": "small",
      "width": 25,
      "height": 25,
      "color": "brown",
      "y": 127,
      "shape": "sphere",
      "rotation": 202.7805104995131
    },
    {
      "3d_coords": [
        -2.065521478652954,
        0.49417534470558167,
        0.3499999940395355
      ],
      "x": 121,
      "pixel_coords": [
        133,
        88,
        12.99937629699707
      ],
      "material": "rubber",
      "size": "small",
      "width": 23,
      "height": 25,
      "color": "red",
      "y": 76,
      "shape": "cube",
      "rotation": 244.14058983649986
    }
  ]
}