{
  "image_filename": "CLEVR_new_000471.png",
  "directions": {
    "above": [
      0.0,
      0.0,
      1.0
    ],
    "behind": [
      -0.754490315914154,
      0.6563112735748291,
      0.0
    ],
    "left": [
      -0.6563112735748291,
      -0.7544902563095093,
      0.0
    ],
    "below": [
      -0.0,
      -0.0,
      -1.0
    ],
    "right": [
      0.6563112735748291,
      0.7544902563095093,
      -0.0
    ],
    "front": [
      0.754490315914154,
      -0.6563112735748291,
      -0.0
    ]
  },
  "relationships": {
    "left": [
      [
        1,
        2
      ],
      [],
      [
        1
      ]
    ],
    "front": [
      [
        1
      ],
      [],
      [
        0,
        1
      ]
    ],
    "right": [
      [],
      [
        0,
        2
      ],
      [
        0
      ]
    ],
    "behind": [
      [
        2
      ],
      [
        0,
        2
      ],
      []
    ]
  },
  "split": "new",
  "image_index": 471,
  "objects": [
    {
      "3d_coords": [
        0.9014838933944702,
        1.8001112937927246,
        0.3499999940395355
      ],
      "x": 208,
      "pixel_coords": [
        219,
        105,
        11.636494636535645
      ],
      "material": "rubber",
      "size": "small",
      "width": 23,
      "height": 28,
      "color": "yellow",
      "y": 91,
      "shape": "cylinder",
      "rotation": 56.87680672984643
    },
    {
      "3d_coords": [
        -0.5506122708320618,
        -1.806085228919983,
        0.699999988079071
      ],
      "x": 75,
      "pixel_coords": [
        101,
        111,
        10.492321968078613
      ],
      "material": "metal",
      "size": "large",
      "width": 51,
      "height": 62,
      "color": "gray",
      "y": 81,
      "shape": "cylinder",
      "rotation": 264.44974559681475
    },
    {
      "3d_coords": [
        -0.838379979133606,
        2.3933818340301514,
        0.3499999940395355
      ],
      "x": 187,
      "pixel_coords": [
        196,
        84,
        13.138744354248047
      ],
      "material": "metal",
      "size": "small",
      "width": 19,
      "height": 19,
      "color": "green",
      "y": 74,
      "shape": "sphere",
      "rotation": 227.06300824954894
    }
  ]
}