{
  "image_filename": "CLEVR_new_000255.png",
  "directions": {
    "above": [
      0.0,
      0.0,
      1.0
    ],
    "behind": [
      -0.754490315914154,
      0.6563112735748291,
      0.0
    ],
    "left": [
      -0.6563112735748291,
      -0.7544902563095093,
      0.0
    ],
    "below": [
      -0.0,
      -0.0,
      -1.0
    ],
    "right": [
      0.6563112735748291,
      0.7544902563095093,
      -0.0
    ],
    "front": [
      0.754490315914154,
      -0.6563112735748291,
      -0.0
    ]
  },
  "relationships": {
    "left": [
      [
        2
      ],
      [
        0,
        2
      ],
      [],
      [
        0,
        1,
        2
      ]
    ],
    "front": [
      [],
      [
        0,
        2,
        3
      ],
      [
        0,
        3
      ],
      [
        0
      ]
    ],
    "right": [
      [
        1,
        3
      ],
      [
        3
      ],
      [
        0,
        1,
        3
      ],
      []
    ],
    "behind": [
      [
        1,
        2,
        3
      ],
      [],
      [
        1
      ],
      [
        1,
        2
      ]
    ]
  },
  "split": "new",
  "image_index": 255,
  "objects": [
    {
      "3d_coords": [
        -0.06688030064105988,
        -1.3920118808746338,
        0.699999988079071
      ],
      "x": 98,
      "pixel_coords": [
        124,
        115,
        10.26427936553955
      ],
      "material": "metal",
      "size": "large",
      "width": 50,
      "height": 64,
      "color": "brown",
      "y": 84,
      "shape": "cylinder",
      "rotation": 177.59989684263937
    },
    {
      "3d_coords": [
        -1.6558949947357178,
        2.5239968299865723,
        0.699999988079071
      ],
      "x": 159,
      "pixel_coords": [
        177,
        67,
        13.63692569732666
      ],
      "material": "metal",
      "size": "large",
      "width": 37,
      "height": 46,
      "color": "yellow",
      "y": 44,
      "shape": "cylinder",
      "rotation": 184.47114327885234
    },
    {
      "3d_coords": [
        -2.729017734527588,
        -0.5685008764266968,
        0.699999988079071
      ],
      "x": 75,
      "pixel_coords": [
        95,
        81,
        12.425320625305176
      ],
      "material": "metal",
      "size": "large",
      "width": 40,
      "height": 40,
      "color": "yellow",
      "y": 61,
      "shape": "sphere",
      "rotation": 82.81282835427413
    },
    {
      "3d_coords": [
        0.9223023653030396,
        1.0474005937576294,
        0.3499999940395355
      ],
      "x": 192,
      "pixel_coords": [
        203,
        109,
        11.302918434143066
      ],
      "material": "rubber",
      "size": "small",
      "width": 23,
      "height": 29,
      "color": "purple",
      "y": 95,
      "shape": "cylinder",
      "rotation": 189.139723787092
    }
  ]
}