{
  "image_filename": "CLEVR_new_000353.png",
  "directions": {
    "above": [
      0.0,
      0.0,
      1.0
    ],
    "behind": [
      -0.754490315914154,
      0.6563112735748291,
      0.0
    ],
    "left": [
      -0.6563112735748291,
      -0.7544902563095093,
      0.0
    ],
    "below": [
      -0.0,
      -0.0,
      -1.0
    ],
    "right": [
      0.6563112735748291,
      0.7544902563095093,
      -0.0
    ],
    "front": [
      0.754490315914154,
      -0.6563112735748291,
      -0.0
    ]
  },
  "relationships": {
    "left": [
      [
        1,
        2
      ],
      [
        2
      ],
      []
    ],
    "front": [
      [
        1,
        2
      ],
      [
        2
      ],
      []
    ],
    "right": [
      [],
      [
        0
      ],
      [
        0,
        1
      ]
    ],
    "behind": [
      [],
      [
        0
      ],
      [
        0,
        1
      ]
    ]
  },
  "split": "new",
  "image_index": 353,
  "objects": [
    {
      "3d_coords": [
        -1.603520393371582,
        1.7625948190689087,
        0.3499999940395355
      ],
      "x": 158,
      "pixel_coords": [
        169,
        79,
        12.97702407836914
      ],
      "material": "rubber",
      "size": "small",
      "width": 24,
      "height": 26,
      "color": "yellow",
      "y": 67,
      "shape": "cube",
      "rotation": 80.60869238619827
    },
    {
      "3d_coords": [
        -0.8900851011276245,
        0.43900972604751587,
        0.3499999940395355
      ],
      "x": 143,
      "pixel_coords": [
        153,
        96,
        11.783854484558105
      ],
      "material": "metal",
      "size": "small",
      "width": 21,
      "height": 28,
      "color": "cyan",
      "y": 83,
      "shape": "cylinder",
      "rotation": 0.6587238345881818
    },
    {
      "3d_coords": [
        -0.4291400611400604,
        -1.2403846979141235,
        0.699999988079071
      ],
      "x": 89,
      "pixel_coords": [
        118,
        108,
        10.38617992401123
      ],
      "material": "rubber",
      "size": "large",
      "width": 56,
      "height": 62,
      "color": "red",
      "y": 77,
      "shape": "cube",
      "rotation": 40.098783487244425
    }
  ]
}