{
  "image_filename": "CLEVR_new_000617.png",
  "directions": {
    "above": [
      0.0,
      0.0,
      1.0
    ],
    "behind": [
      -0.754490315914154,
      0.6563112735748291,
      0.0
    ],
    "left": [
      -0.6563112735748291,
      -0.7544902563095093,
      0.0
    ],
    "below": [
      -0.0,
      -0.0,
      -1.0
    ],
    "right": [
      0.6563112735748291,
      0.7544902563095093,
      -0.0
    ],
    "front": [
      0.754490315914154,
      -0.6563112735748291,
      -0.0
    ]
  },
  "relationships": {
    "left": [
      [
        2,
        3,
        4
      ],
      [
        0,
        2,
        3,
        4
      ],
      [
        4
      ],
      [
        2,
        4
      ],
      []
    ],
    "front": [
      [
        2
      ],
      [
        0,
        2,
        3,
        4
      ],
      [],
      [
        0,
        2,
        4
      ],
      [
        0,
        2
      ]
    ],
    "right": [
      [
        1
      ],
      [],
      [
        0,
        1,
        3
      ],
      [
        0,
        1
      ],
      [
        0,
        1,
        2,
        3
      ]
    ],
    "behind": [
      [
        1,
        3,
        4
      ],
      [],
      [
        0,
        1,
        3,
        4
      ],
      [
        1
      ],
      [
        1,
        3
      ]
    ]
  },
  "split": "new",
  "image_index": 617,
  "objects": [
    {
      "3d_coords": [
        0.10165908932685852,
        -1.0765247344970703,
        0.699999988079071
      ],
      "x": 103,
      "pixel_coords": [
        136,
        112,
        10.432430267333984
      ],
      "material": "metal",
      "size": "large",
      "width": 64,
      "height": 67,
      "color": "purple",
      "y": 80,
      "shape": "cube",
      "rotation": 219.88216737014335
    },
    {
      "3d_coords": [
        -1.3045333623886108,
        1.1184102296829224,
        0.3499999940395355
      ],
      "x": 148,
      "pixel_coords": [
        159,
        89,
        12.815611839294434
      ],
      "material": "rubber",
      "size": "small",
      "width": 21,
      "height": 25,
      "color": "gray",
      "y": 77,
      "shape": "cube",
      "rotation": 103.0199199588017
    },
    {
      "3d_coords": [
        -0.08091869950294495,
        -2.6180803775787354,
        0.3499999940395355
      ],
      "x": 75,
      "pixel_coords": [
        89,
        138,
        9.802536010742188
      ],
      "material": "rubber",
      "size": "small",
      "width": 28,
      "height": 34,
      "color": "purple",
      "y": 121,
      "shape": "cylinder",
      "rotation": 52.34484232417244
    },
    {
      "3d_coords": [
        -1.4658912420272827,
        -0.5467513203620911,
        0.699999988079071
      ],
      "x": 97,
      "pixel_coords": [
        119,
        92,
        11.766934394836426
      ],
      "material": "rubber",
      "size": "large",
      "width": 42,
      "height": 42,
      "color": "blue",
      "y": 71,
      "shape": "sphere",
      "rotation": 272.82583729992217
    },
    {
      "3d_coords": [
        -1.652322769165039,
        -2.2898147106170654,
        0.699999988079071
      ],
      "x": 46,
      "pixel_coords": [
        70,
        105,
        10.854180335998535
      ],
      "material": "metal",
      "size": "large",
      "width": 47,
      "height": 45,
      "color": "cyan",
      "y": 82,
      "shape": "sphere",
      "rotation": 277.90187975932236
    }
  ]
}