{
  "image_filename": "CLEVR_new_000655.png",
  "directions": {
    "above": [
      0.0,
      0.0,
      1.0
    ],
    "behind": [
      -0.754490315914154,
      0.6563112735748291,
      0.0
    ],
    "left": [
      -0.6563112735748291,
      -0.7544902563095093,
      0.0
    ],
    "below": [
      -0.0,
      -0.0,
      -1.0
    ],
    "right": [
      0.6563112735748291,
      0.7544902563095093,
      -0.0
    ],
    "front": [
      0.754490315914154,
      -0.6563112735748291,
      -0.0
    ]
  },
  "relationships": {
    "left": [
      [
        1,
        2
      ],
      [],
      [
        1
      ]
    ],
    "front": [
      [
        2
      ],
      [
        0,
        2
      ],
      []
    ],
    "right": [
      [],
      [
        0,
        2
      ],
      [
        0
      ]
    ],
    "behind": [
      [
        1
      ],
      [],
      [
        0,
        1
      ]
    ]
  },
  "split": "new",
  "image_index": 655,
  "objects": [
    {
      "3d_coords": [
        1.3800365924835205,
        0.6450331807136536,
        0.3499999940395355
      ],
      "x": 194,
      "pixel_coords": [
        206,
        120,
        10.788191795349121
      ],
      "material": "rubber",
      "size": "small",
      "width": 25,
      "height": 30,
      "color": "purple",
      "y": 105,
      "shape": "cube",
      "rotation": 109.16189713039496
    },
    {
      "3d_coords": [
        -2.6008195877075195,
        -2.533067226409912,
        0.3499999940395355
      ],
      "x": 38,
      "pixel_coords": [
        50,
        108,
        11.48068904876709
      ],
      "material": "metal",
      "size": "small",
      "width": 22,
      "height": 21,
      "color": "brown",
      "y": 97,
      "shape": "sphere",
      "rotation": 25.560185928756095
    },
    {
      "3d_coords": [
        2.8121497631073,
        -2.1176843643188477,
        0.699999988079071
      ],
      "x": 143,
      "pixel_coords": [
        174,
        169,
        8.080038070678711
      ],
      "material": "rubber",
      "size": "large",
      "width": 63,
      "height": 85,
      "color": "green",
      "y": 128,
      "shape": "cylinder",
      "rotation": 21.15661982583161
    }
  ]
}