{
  "image_filename": "CLEVR_new_000159.png",
  "directions": {
    "above": [
      0.0,
      0.0,
      1.0
    ],
    "behind": [
      -0.754490315914154,
      0.6563112735748291,
      0.0
    ],
    "left": [
      -0.6563112735748291,
      -0.7544902563095093,
      0.0
    ],
    "below": [
      -0.0,
      -0.0,
      -1.0
    ],
    "right": [
      0.6563112735748291,
      0.7544902563095093,
      -0.0
    ],
    "front": [
      0.754490315914154,
      -0.6563112735748291,
      -0.0
    ]
  },
  "relationships": {
    "left": [
      [
        1,
        3,
        4,
        5,
        6,
        7,
        9
      ],
      [
        3,
        4,
        5,
        6,
        7
      ],
      [
        0,
        1,
        3,
        4,
        5,
        6,
        7,
        9
      ],
      [],
      [
        3,
        5,
        7
      ],
      [
        3
      ],
      [
        3,
        4,
        5,
        7
      ],
      [
        3,
        5
      ],
      [
        0,
        1,
        2,
        3,
        4,
        5,
        6,
        7,
        9
      ],
      [
        1,
        3,
        4,
        5,
        6,
        7
      ]
    ],
    "front": [
      [
        6,
        7,
        9
      ],
      [
        0,
        4,
        5,
        6,
        7,
        8,
        9
      ],
      [
        0,
        1,
        3,
        4,
        5,
        6,
        7,
        8,
        9
      ],
      [
        0,
        1,
        4,
        5,
        6,
        7,
        8,
        9
      ],
      [
        0,
        6,
        7,
        9
      ],
      [
        0,
        4,
        6,
        7,
        8,
        9
      ],
      [],
      [
        6,
        9
      ],
      [
        0,
        4,
        6,
        7,
        9
      ],
      [
        6
      ]
    ],
    "right": [
      [
        2,
        8
      ],
      [
        0,
        2,
        8,
        9
      ],
      [
        8
      ],
      [
        0,
        1,
        2,
        4,
        5,
        6,
        7,
        8,
        9
      ],
      [
        0,
        1,
        2,
        6,
        8,
        9
      ],
      [
        0,
        1,
        2,
        4,
        6,
        7,
        8,
        9
      ],
      [
        0,
        1,
        2,
        8,
        9
      ],
      [
        0,
        1,
        2,
        4,
        6,
        8,
        9
      ],
      [],
      [
        0,
        2,
        8
      ]
    ],
    "behind": [
      [
        1,
        2,
        3,
        4,
        5,
        8
      ],
      [
        2,
        3
      ],
      [],
      [
        2
      ],
      [
        1,
        2,
        3,
        5,
        8
      ],
      [
        1,
        2,
        3
      ],
      [
        0,
        1,
        2,
        3,
        4,
        5,
        7,
        8,
        9
      ],
      [
        0,
        1,
        2,
        3,
        4,
        5,
        8
      ],
      [
        1,
        2,
        3,
        5
      ],
      [
        0,
        1,
        2,
        3,
        4,
        5,
        7,
        8
      ]
    ]
  },
  "split": "new",
  "image_index": 159,
  "objects": [
    {
      "3d_coords": [
        2.7000019550323486,
        -0.31004297733306885,
        0.3499999940395355
      ],
      "x": 203,
      "pixel_coords": [
        221,
        151,
        9.019110679626465
      ],
      "material": "metal",
      "size": "small",
      "width": 38,
      "height": 40,
      "color": "green",
      "y": 132,
      "shape": "cube",
      "rotation": 21.728348672145895
    },
    {
      "3d_coords": [
        -0.14841970801353455,
        0.42681968212127686,
        0.699999988079071
      ],
      "x": 145,
      "pixel_coords": [
        167,
        95,
        11.097357749938965
      ],
      "material": "metal",
      "size": "large",
      "width": 44,
      "height": 44,
      "color": "red",
      "y": 72,
      "shape": "sphere",
      "rotation": 240.236626798024
    },
    {
      "3d_coords": [
        -0.021285057067871094,
        2.9408233165740967,
        0.3499999940395355
      ],
      "x": 209,
      "pixel_coords": [
        220,
        84,
        12.648844718933105
      ],
      "material": "rubber",
      "size": "small",
      "width": 21,
      "height": 26,
      "color": "yellow",
      "y": 71,
      "shape": "cube",
      "rotation": 338.37721981140277
    },
    {
      "3d_coords": [
        -2.37925386428833,
        -1.506875991821289,
        0.3499999940395355
      ],
      "x": 63,
      "pixel_coords": [
        78,
        99,
        11.583436012268066
      ],
      "material": "rubber",
      "size": "small",
      "width": 30,
      "height": 30,
      "color": "purple",
      "y": 85,
      "shape": "cube",
      "rotation": 76.9484948124881
    },
    {
      "3d_coords": [
        0.3518999516963959,
        -1.6257344484329224,
        0.3499999940395355
      ],
      "x": 112,
      "pixel_coords": [
        125,
        133,
        9.762688636779785
      ],
      "material": "metal",
      "size": "small",
      "width": 28,
      "height": 34,
      "color": "gray",
      "y": 117,
      "shape": "cube",
      "rotation": 41.83442420983298
    },
    {
      "3d_coords": [
        -1.0024590492248535,
        -1.67137610912323,
        0.3499999940395355
      ],
      "x": 84,
      "pixel_coords": [
        97,
        116,
        10.60496711730957
      ],
      "material": "metal",
      "size": "small",
      "width": 25,
      "height": 31,
      "color": "brown",
      "y": 101,
      "shape": "cylinder",
      "rotation": 269.1421953554184
    },
    {
      "3d_coords": [
        2.7025866508483887,
        -2.9993085861206055,
        0.699999988079071
      ],
      "x": 96,
      "pixel_coords": [
        140,
        188,
        7.282835006713867
      ],
      "material": "rubber",
      "size": "large",
      "width": 88,
      "height": 101,
      "color": "purple",
      "y": 139,
      "shape": "cube",
      "rotation": 181.94586859656675
    },
    {
      "3d_coords": [
        1.0535768270492554,
        -2.831498146057129,
        0.699999988079071
      ],
      "x": 69,
      "pixel_coords": [
        102,
        151,
        8.437829971313477
      ],
      "material": "rubber",
      "size": "large",
      "width": 63,
      "height": 80,
      "color": "blue",
      "y": 112,
      "shape": "cylinder",
      "rotation": 68.85918134007935
    },
    {
      "3d_coords": [
        2.7574081420898438,
        1.8803666830062866,
        0.699999988079071
      ],
      "x": 239,
      "pixel_coords": [
        273,
        113,
        10.075936317443848
      ],
      "material": "metal",
      "size": "large",
      "width": 70,
      "height": 71,
      "color": "cyan",
      "y": 79,
      "shape": "cube",
      "rotation": 113.25611459108858
    },
    {
      "3d_coords": [
        2.988720178604126,
        -1.3158167600631714,
        0.3499999940395355
      ],
      "x": 188,
      "pixel_coords": [
        204,
        173,
        8.250968933105469
      ],
      "material": "rubber",
      "size": "small",
      "width": 32,
      "height": 42,
      "color": "purple",
      "y": 153,
      "shape": "cylinder",
      "rotation": 56.357003948963055
    }
  ]
}