{
  "image_filename": "CLEVR_new_000629.png",
  "directions": {
    "above": [
      0.0,
      0.0,
      1.0
    ],
    "behind": [
      -0.754490315914154,
      0.6563112735748291,
      0.0
    ],
    "left": [
      -0.6563112735748291,
      -0.7544902563095093,
      0.0
    ],
    "below": [
      -0.0,
      -0.0,
      -1.0
    ],
    "right": [
      0.6563112735748291,
      0.7544902563095093,
      -0.0
    ],
    "front": [
      0.754490315914154,
      -0.6563112735748291,
      -0.0
    ]
  },
  "relationships": {
    "left": [
      [
        1,
        2,
        3,
        4,
        5
      ],
      [],
      [
        1,
        3,
        4
      ],
      [
        1,
        4
      ],
      [
        1
      ],
      [
        1,
        2,
        3,
        4
      ],
      [
        0,
        1,
        2,
        3,
        4,
        5
      ]
    ],
    "front": [
      [
        2,
        4,
        5
      ],
      [
        0,
        2,
        4,
        5
      ],
      [],
      [
        0,
        1,
        2,
        4,
        5
      ],
      [
        2,
        5
      ],
      [
        2
      ],
      [
        0,
        1,
        2,
        3,
        4,
        5
      ]
    ],
    "right": [
      [
        6
      ],
      [
        0,
        2,
        3,
        4,
        5,
        6
      ],
      [
        0,
        5,
        6
      ],
      [
        0,
        2,
        5,
        6
      ],
      [
        0,
        2,
        3,
        5,
        6
      ],
      [
        0,
        6
      ],
      []
    ],
    "behind": [
      [
        1,
        3,
        6
      ],
      [
        3,
        6
      ],
      [
        0,
        1,
        3,
        4,
        5,
        6
      ],
      [
        6
      ],
      [
        0,
        1,
        3,
        6
      ],
      [
        0,
        1,
        3,
        4,
        6
      ],
      []
    ]
  },
  "split": "new",
  "image_index": 629,
  "objects": [
    {
      "3d_coords": [
        1.9608780145645142,
        0.5151076912879944,
        0.3499999940395355
      ],
      "x": 207,
      "pixel_coords": [
        219,
        129,
        9.822786331176758
      ],
      "material": "rubber",
      "size": "small",
      "width": 25,
      "height": 25,
      "color": "blue",
      "y": 116,
      "shape": "sphere",
      "rotation": 24.915337512023562
    },
    {
      "3d_coords": [
        -2.749629020690918,
        -2.773653030395508,
        0.699999988079071
      ],
      "x": 11,
      "pixel_coords": [
        35,
        96,
        10.915032386779785
      ],
      "material": "rubber",
      "size": "large",
      "width": 48,
      "height": 45,
      "color": "brown",
      "y": 73,
      "shape": "sphere",
      "rotation": 238.72745019193604
    },
    {
      "3d_coords": [
        1.6904124021530151,
        -2.096620559692383,
        0.3499999940395355
      ],
      "x": 125,
      "pixel_coords": [
        140,
        159,
        8.507146835327148
      ],
      "material": "rubber",
      "size": "small",
      "width": 29,
      "height": 29,
      "color": "yellow",
      "y": 145,
      "shape": "sphere",
      "rotation": 248.8633158557077
    },
    {
      "3d_coords": [
        -1.590613842010498,
        -0.11549388617277145,
        0.3499999940395355
      ],
      "x": 116,
      "pixel_coords": [
        127,
        95,
        11.831085205078125
      ],
      "material": "rubber",
      "size": "small",
      "width": 21,
      "height": 21,
      "color": "cyan",
      "y": 85,
      "shape": "sphere",
      "rotation": 32.12233070777977
    },
    {
      "3d_coords": [
        -0.23474615812301636,
        -2.8286001682281494,
        0.3499999940395355
      ],
      "x": 55,
      "pixel_coords": [
        74,
        138,
        9.372294425964355
      ],
      "material": "metal",
      "size": "small",
      "width": 38,
      "height": 39,
      "color": "brown",
      "y": 119,
      "shape": "cube",
      "rotation": 42.623812517363724
    },
    {
      "3d_coords": [
        2.045262575149536,
        -0.8939852118492126,
        0.3499999940395355
      ],
      "x": 167,
      "pixel_coords": [
        186,
        148,
        8.959306716918945
      ],
      "material": "metal",
      "size": "small",
      "width": 38,
      "height": 41,
      "color": "blue",
      "y": 128,
      "shape": "cube",
      "rotation": 196.37934902868741
    },
    {
      "3d_coords": [
        0.35218799114227295,
        2.957343578338623,
        0.699999988079071
      ],
      "x": 210,
      "pixel_coords": [
        231,
        79,
        12.12844467163086
      ],
      "material": "metal",
      "size": "large",
      "width": 45,
      "height": 52,
      "color": "green",
      "y": 54,
      "shape": "cylinder",
      "rotation": 167.95247430755543
    }
  ]
}