{
  "image_filename": "CLEVR_new_000583.png",
  "directions": {
    "above": [
      0.0,
      0.0,
      1.0
    ],
    "behind": [
      -0.754490315914154,
      0.6563112735748291,
      0.0
    ],
    "left": [
      -0.6563112735748291,
      -0.7544902563095093,
      0.0
    ],
    "below": [
      -0.0,
      -0.0,
      -1.0
    ],
    "right": [
      0.6563112735748291,
      0.7544902563095093,
      -0.0
    ],
    "front": [
      0.754490315914154,
      -0.6563112735748291,
      -0.0
    ]
  },
  "relationships": {
    "left": [
      [
        2,
        3
      ],
      [
        0,
        2,
        3
      ],
      [],
      [
        2
      ]
    ],
    "front": [
      [],
      [
        0,
        2,
        3
      ],
      [
        0,
        3
      ],
      [
        0
      ]
    ],
    "right": [
      [
        1
      ],
      [],
      [
        0,
        1,
        3
      ],
      [
        0,
        1
      ]
    ],
    "behind": [
      [
        1,
        2,
        3
      ],
      [],
      [
        1
      ],
      [
        1,
        2
      ]
    ]
  },
  "split": "new",
  "image_index": 583,
  "objects": [
    {
      "3d_coords": [
        1.2765369415283203,
        -2.4541335105895996,
        0.699999988079071
      ],
      "x": 91,
      "pixel_coords": [
        119,
        145,
        8.988821029663086
      ],
      "material": "metal",
      "size": "large",
      "width": 55,
      "height": 55,
      "color": "green",
      "y": 118,
      "shape": "sphere",
      "rotation": 261.2147817883752
    },
    {
      "3d_coords": [
        -0.9061565399169922,
        2.992227792739868,
        0.699999988079071
      ],
      "x": 186,
      "pixel_coords": [
        204,
        71,
        13.496245384216309
      ],
      "material": "rubber",
      "size": "large",
      "width": 39,
      "height": 47,
      "color": "brown",
      "y": 48,
      "shape": "cylinder",
      "rotation": 11.941985765607512
    },
    {
      "3d_coords": [
        -2.6753311157226562,
        -2.9396862983703613,
        0.3499999940395355
      ],
      "x": 26,
      "pixel_coords": [
        39,
        108,
        11.526418685913086
      ],
      "material": "metal",
      "size": "small",
      "width": 26,
      "height": 28,
      "color": "yellow",
      "y": 94,
      "shape": "cylinder",
      "rotation": 139.23299141505416
    },
    {
      "3d_coords": [
        -0.32268205285072327,
        -1.7788316011428833,
        0.699999988079071
      ],
      "x": 75,
      "pixel_coords": [
        107,
        114,
        10.434515953063965
      ],
      "material": "rubber",
      "size": "large",
      "width": 64,
      "height": 68,
      "color": "yellow",
      "y": 82,
      "shape": "cube",
      "rotation": 177.43805604472854
    }
  ]
}