{
  "image_filename": "CLEVR_new_000398.png",
  "directions": {
    "above": [
      0.0,
      0.0,
      1.0
    ],
    "behind": [
      -0.754490315914154,
      0.6563112735748291,
      0.0
    ],
    "left": [
      -0.6563112735748291,
      -0.7544902563095093,
      0.0
    ],
    "below": [
      -0.0,
      -0.0,
      -1.0
    ],
    "right": [
      0.6563112735748291,
      0.7544902563095093,
      -0.0
    ],
    "front": [
      0.754490315914154,
      -0.6563112735748291,
      -0.0
    ]
  },
  "relationships": {
    "left": [
      [
        7,
        9
      ],
      [
        0,
        2,
        7,
        9
      ],
      [
        0,
        7,
        9
      ],
      [
        0,
        1,
        2,
        4,
        5,
        7,
        8,
        9
      ],
      [
        0,
        1,
        2,
        7,
        9
      ],
      [
        0,
        1,
        2,
        4,
        7,
        8,
        9
      ],
      [
        0,
        1,
        2,
        3,
        4,
        5,
        7,
        8,
        9
      ],
      [
        9
      ],
      [
        0,
        1,
        2,
        4,
        7,
        9
      ],
      []
    ],
    "front": [
      [
        2,
        3,
        4,
        5,
        6,
        7,
        9
      ],
      [
        0,
        2,
        3,
        4,
        5,
        6,
        7,
        9
      ],
      [],
      [
        2,
        7
      ],
      [
        2,
        3,
        6,
        7
      ],
      [
        2,
        3,
        4,
        6,
        7,
        9
      ],
      [
        2,
        3,
        7
      ],
      [
        2
      ],
      [
        0,
        1,
        2,
        3,
        4,
        5,
        6,
        7,
        9
      ],
      [
        2,
        3,
        4,
        6,
        7
      ]
    ],
    "right": [
      [
        1,
        2,
        3,
        4,
        5,
        6,
        8
      ],
      [
        3,
        4,
        5,
        6,
        8
      ],
      [
        1,
        3,
        4,
        5,
        6,
        8
      ],
      [
        6
      ],
      [
        3,
        5,
        6,
        8
      ],
      [
        3,
        6
      ],
      [],
      [
        0,
        1,
        2,
        3,
        4,
        5,
        6,
        8
      ],
      [
        3,
        5,
        6
      ],
      [
        0,
        1,
        2,
        3,
        4,
        5,
        6,
        7,
        8
      ]
    ],
    "behind": [
      [
        1,
        8
      ],
      [
        8
      ],
      [
        0,
        1,
        3,
        4,
        5,
        6,
        7,
        8,
        9
      ],
      [
        0,
        1,
        4,
        5,
        6,
        8,
        9
      ],
      [
        0,
        1,
        5,
        8,
        9
      ],
      [
        0,
        1,
        8
      ],
      [
        0,
        1,
        4,
        5,
        8,
        9
      ],
      [
        0,
        1,
        3,
        4,
        5,
        6,
        8,
        9
      ],
      [],
      [
        0,
        1,
        5,
        8
      ]
    ]
  },
  "split": "new",
  "image_index": 398,
  "objects": [
    {
      "3d_coords": [
        -2.6879842281341553,
        -0.09950276464223862,
        0.3499999940395355
      ],
      "x": 94,
      "pixel_coords": [
        108,
        85,
        12.254820823669434
      ],
      "material": "rubber",
      "size": "small",
      "width": 28,
      "height": 27,
      "color": "blue",
      "y": 72,
      "shape": "cube",
      "rotation": 169.73087130338195
    },
    {
      "3d_coords": [
        -1.7481859922409058,
        1.622780203819275,
        0.3499999940395355
      ],
      "x": 154,
      "pixel_coords": [
        163,
        81,
        12.5992431640625
      ],
      "material": "rubber",
      "size": "small",
      "width": 20,
      "height": 25,
      "color": "gray",
      "y": 69,
      "shape": "cylinder",
      "rotation": 272.5282657316116
    },
    {
      "3d_coords": [
        1.3728362321853638,
        -1.939858317375183,
        0.699999988079071
      ],
      "x": 93,
      "pixel_coords": [
        134,
        138,
        8.27682876586914
      ],
      "material": "rubber",
      "size": "large",
      "width": 80,
      "height": 86,
      "color": "gray",
      "y": 98,
      "shape": "cube",
      "rotation": 198.33197728982
    },
    {
      "3d_coords": [
        2.8264272212982178,
        1.362350583076477,
        0.3499999940395355
      ],
      "x": 254,
      "pixel_coords": [
        267,
        130,
        9.334583282470703
      ],
      "material": "rubber",
      "size": "small",
      "width": 27,
      "height": 26,
      "color": "brown",
      "y": 117,
      "shape": "sphere",
      "rotation": 202.57667526074678
    },
    {
      "3d_coords": [
        0.36410635709762573,
        0.3270876705646515,
        0.3499999940395355
      ],
      "x": 164,
      "pixel_coords": [
        176,
        111,
        10.41988468170166
      ],
      "material": "rubber",
      "size": "small",
      "width": 24,
      "height": 31,
      "color": "purple",
      "y": 95,
      "shape": "cylinder",
      "rotation": 44.78669648957493
    },
    {
      "3d_coords": [
        0.2185315489768982,
        2.479907989501953,
        0.699999988079071
      ],
      "x": 199,
      "pixel_coords": [
        222,
        81,
        11.589537620544434
      ],
      "material": "metal",
      "size": "large",
      "width": 46,
      "height": 54,
      "color": "green",
      "y": 55,
      "shape": "cylinder",
      "rotation": 55.64279368521732
    },
    {
      "3d_coords": [
        2.734848737716675,
        2.3682918548583984,
        0.3499999940395355
      ],
      "x": 271,
      "pixel_coords": [
        285,
        118,
        9.971992492675781
      ],
      "material": "metal",
      "size": "small",
      "width": 30,
      "height": 33,
      "color": "red",
      "y": 102,
      "shape": "cylinder",
      "rotation": 121.05499357274329
    },
    {
      "3d_coords": [
        -0.20591102540493011,
        -2.8512327671051025,
        0.3499999940395355
      ],
      "x": 52,
      "pixel_coords": [
        70,
        138,
        8.991276741027832
      ],
      "material": "metal",
      "size": "small",
      "width": 36,
      "height": 39,
      "color": "green",
      "y": 118,
      "shape": "cube",
      "rotation": 37.51144794329999
    },
    {
      "3d_coords": [
        -1.3849167823791504,
        2.9201362133026123,
        0.3499999940395355
      ],
      "x": 186,
      "pixel_coords": [
        196,
        76,
        13.093437194824219
      ],
      "material": "rubber",
      "size": "small",
      "width": 20,
      "height": 24,
      "color": "purple",
      "y": 64,
      "shape": "cylinder",
      "rotation": 283.7936333651301
    },
    {
      "3d_coords": [
        -2.190910816192627,
        -1.8542591333389282,
        0.3499999940395355
      ],
      "x": 56,
      "pixel_coords": [
        69,
        103,
        10.913176536560059
      ],
      "material": "rubber",
      "size": "small",
      "width": 26,
      "height": 29,
      "color": "red",
      "y": 88,
      "shape": "cylinder",
      "rotation": 330.4255287185183
    }
  ]
}