{
  "image_filename": "CLEVR_new_000599.png",
  "directions": {
    "above": [
      0.0,
      0.0,
      1.0
    ],
    "behind": [
      -0.754490315914154,
      0.6563112735748291,
      0.0
    ],
    "left": [
      -0.6563112735748291,
      -0.7544902563095093,
      0.0
    ],
    "below": [
      -0.0,
      -0.0,
      -1.0
    ],
    "right": [
      0.6563112735748291,
      0.7544902563095093,
      -0.0
    ],
    "front": [
      0.754490315914154,
      -0.6563112735748291,
      -0.0
    ]
  },
  "relationships": {
    "left": [
      [
        2,
        3,
        4
      ],
      [
        0,
        2,
        3,
        4
      ],
      [
        3,
        4
      ],
      [
        4
      ],
      [],
      [
        0,
        1,
        2,
        3,
        4
      ]
    ],
    "front": [
      [],
      [
        0,
        2,
        3,
        4,
        5
      ],
      [
        0
      ],
      [
        0,
        2,
        4,
        5
      ],
      [
        0,
        2
      ],
      [
        0,
        2,
        4
      ]
    ],
    "right": [
      [
        1,
        5
      ],
      [
        5
      ],
      [
        0,
        1,
        5
      ],
      [
        0,
        1,
        2,
        5
      ],
      [
        0,
        1,
        2,
        3,
        5
      ],
      []
    ],
    "behind": [
      [
        1,
        2,
        3,
        4,
        5
      ],
      [],
      [
        1,
        3,
        4,
        5
      ],
      [
        1
      ],
      [
        1,
        3,
        5
      ],
      [
        1,
        3
      ]
    ]
  },
  "split": "new",
  "image_index": 599,
  "objects": [
    {
      "3d_coords": [
        2.1718099117279053,
        -1.2274202108383179,
        0.699999988079071
      ],
      "x": 148,
      "pixel_coords": [
        180,
        137,
        8.873320579528809
      ],
      "material": "rubber",
      "size": "large",
      "width": 68,
      "height": 76,
      "color": "purple",
      "y": 101,
      "shape": "cube",
      "rotation": 315.23297958611346
    },
    {
      "3d_coords": [
        -1.2898505926132202,
        2.418268918991089,
        0.699999988079071
      ],
      "x": 163,
      "pixel_coords": [
        185,
        75,
        13.388527870178223
      ],
      "material": "rubber",
      "size": "large",
      "width": 48,
      "height": 48,
      "color": "purple",
      "y": 52,
      "shape": "cube",
      "rotation": 53.06312952864636
    },
    {
      "3d_coords": [
        0.5398328304290771,
        -0.8980079889297485,
        0.3499999940395355
      ],
      "x": 134,
      "pixel_coords": [
        149,
        124,
        10.328974723815918
      ],
      "material": "metal",
      "size": "small",
      "width": 30,
      "height": 33,
      "color": "brown",
      "y": 108,
      "shape": "cube",
      "rotation": 81.36600659395533
    },
    {
      "3d_coords": [
        -1.9195716381072998,
        -0.14178575575351715,
        0.699999988079071
      ],
      "x": 101,
      "pixel_coords": [
        121,
        85,
        12.298095703125
      ],
      "material": "rubber",
      "size": "large",
      "width": 40,
      "height": 40,
      "color": "green",
      "y": 65,
      "shape": "sphere",
      "rotation": 33.44182057358933
    },
    {
      "3d_coords": [
        -1.3665122985839844,
        -1.5641876459121704,
        0.3499999940395355
      ],
      "x": 83,
      "pixel_coords": [
        95,
        110,
        11.229558944702148
      ],
      "material": "rubber",
      "size": "small",
      "width": 24,
      "height": 29,
      "color": "cyan",
      "y": 96,
      "shape": "cube",
      "rotation": 140.8346965816778
    },
    {
      "3d_coords": [
        1.5531551837921143,
        2.6774661540985107,
        0.3499999940395355
      ],
      "x": 239,
      "pixel_coords": [
        250,
        103,
        11.760952949523926
      ],
      "material": "metal",
      "size": "small",
      "width": 24,
      "height": 27,
      "color": "green",
      "y": 90,
      "shape": "cylinder",
      "rotation": 304.4936148242681
    }
  ]
}