{
  "image_filename": "CLEVR_new_000682.png",
  "directions": {
    "above": [
      0.0,
      0.0,
      1.0
    ],
    "behind": [
      -0.754490315914154,
      0.6563112735748291,
      0.0
    ],
    "left": [
      -0.6563112735748291,
      -0.7544902563095093,
      0.0
    ],
    "below": [
      -0.0,
      -0.0,
      -1.0
    ],
    "right": [
      0.6563112735748291,
      0.7544902563095093,
      -0.0
    ],
    "front": [
      0.754490315914154,
      -0.6563112735748291,
      -0.0
    ]
  },
  "relationships": {
    "left": [
      [
        1,
        2
      ],
      [
        2
      ],
      []
    ],
    "front": [
      [],
      [
        0,
        2
      ],
      [
        0
      ]
    ],
    "right": [
      [],
      [
        0
      ],
      [
        0,
        1
      ]
    ],
    "behind": [
      [
        1,
        2
      ],
      [],
      [
        1
      ]
    ]
  },
  "split": "new",
  "image_index": 682,
  "objects": [
    {
      "3d_coords": [
        0.19107568264007568,
        1.279771089553833,
        0.699999988079071
      ],
      "x": 171,
      "pixel_coords": [
        193,
        91,
        11.55317497253418
      ],
      "material": "metal",
      "size": "large",
      "width": 46,
      "height": 54,
      "color": "cyan",
      "y": 65,
      "shape": "cube",
      "rotation": 330.6821666183419
    },
    {
      "3d_coords": [
        -2.594609022140503,
        2.318066120147705,
        0.3499999940395355
      ],
      "x": 151,
      "pixel_coords": [
        159,
        71,
        14.14919662475586
      ],
      "material": "rubber",
      "size": "small",
      "width": 18,
      "height": 22,
      "color": "red",
      "y": 60,
      "shape": "cylinder",
      "rotation": 287.8954210555751
    },
    {
      "3d_coords": [
        -2.4539592266082764,
        -0.04403414577245712,
        0.699999988079071
      ],
      "x": 91,
      "pixel_coords": [
        113,
        79,
        12.496062278747559
      ],
      "material": "metal",
      "size": "large",
      "width": 42,
      "height": 51,
      "color": "blue",
      "y": 54,
      "shape": "cylinder",
      "rotation": 55.94547548298179
    }
  ]
}