{
  "image_filename": "CLEVR_new_000328.png",
  "directions": {
    "above": [
      0.0,
      0.0,
      1.0
    ],
    "behind": [
      -0.754490315914154,
      0.6563112735748291,
      0.0
    ],
    "left": [
      -0.6563112735748291,
      -0.7544902563095093,
      0.0
    ],
    "below": [
      -0.0,
      -0.0,
      -1.0
    ],
    "right": [
      0.6563112735748291,
      0.7544902563095093,
      -0.0
    ],
    "front": [
      0.754490315914154,
      -0.6563112735748291,
      -0.0
    ]
  },
  "relationships": {
    "left": [
      [
        1,
        2,
        3,
        4,
        5,
        6,
        7,
        8,
        9
      ],
      [
        2,
        4,
        5,
        7,
        8
      ],
      [
        4,
        5,
        7,
        8
      ],
      [
        1,
        2,
        4,
        5,
        7,
        8
      ],
      [
        5,
        8
      ],
      [],
      [
        1,
        2,
        3,
        4,
        5,
        7,
        8
      ],
      [
        4,
        5,
        8
      ],
      [
        5
      ],
      [
        1,
        2,
        3,
        4,
        5,
        6,
        7,
        8
      ]
    ],
    "front": [
      [
        2,
        4,
        6,
        7
      ],
      [
        0,
        2,
        3,
        4,
        5,
        6,
        7,
        8,
        9
      ],
      [
        7
      ],
      [
        0,
        2,
        4,
        5,
        6,
        7,
        8,
        9
      ],
      [
        2,
        6,
        7
      ],
      [
        0,
        2,
        4,
        6,
        7
      ],
      [
        2,
        7
      ],
      [],
      [
        0,
        2,
        4,
        5,
        6,
        7,
        9
      ],
      [
        0,
        2,
        4,
        5,
        6,
        7
      ]
    ],
    "right": [
      [],
      [
        0,
        3,
        6,
        9
      ],
      [
        0,
        1,
        3,
        6,
        9
      ],
      [
        0,
        6,
        9
      ],
      [
        0,
        1,
        2,
        3,
        6,
        7,
        9
      ],
      [
        0,
        1,
        2,
        3,
        4,
        6,
        7,
        8,
        9
      ],
      [
        0,
        9
      ],
      [
        0,
        1,
        2,
        3,
        6,
        9
      ],
      [
        0,
        1,
        2,
        3,
        4,
        6,
        7,
        9
      ],
      [
        0
      ]
    ],
    "behind": [
      [
        1,
        3,
        5,
        8,
        9
      ],
      [],
      [
        0,
        1,
        3,
        4,
        5,
        6,
        8,
        9
      ],
      [
        1
      ],
      [
        0,
        1,
        3,
        5,
        8,
        9
      ],
      [
        1,
        3,
        8,
        9
      ],
      [
        0,
        1,
        3,
        4,
        5,
        8,
        9
      ],
      [
        0,
        1,
        2,
        3,
        4,
        5,
        6,
        8,
        9
      ],
      [
        1,
        3
      ],
      [
        1,
        3,
        8
      ]
    ]
  },
  "split": "new",
  "image_index": 328,
  "objects": [
    {
      "3d_coords": [
        2.2303390502929688,
        2.1900551319122314,
        0.3499999940395355
      ],
      "x": 245,
      "pixel_coords": [
        261,
        113,
        10.8134183883667
      ],
      "material": "rubber",
      "size": "small",
      "width": 32,
      "height": 32,
      "color": "purple",
      "y": 97,
      "shape": "cube",
      "rotation": 322.1249866337352
    },
    {
      "3d_coords": [
        -2.970449924468994,
        2.8180527687072754,
        0.699999988079071
      ],
      "x": 139,
      "pixel_coords": [
        162,
        59,
        14.434261322021484
      ],
      "material": "metal",
      "size": "large",
      "width": 46,
      "height": 45,
      "color": "red",
      "y": 37,
      "shape": "cube",
      "rotation": 70.62116352132438
    },
    {
      "3d_coords": [
        1.1428334712982178,
        -1.6281853914260864,
        0.699999988079071
      ],
      "x": 116,
      "pixel_coords": [
        143,
        131,
        9.084507942199707
      ],
      "material": "metal",
      "size": "large",
      "width": 54,
      "height": 54,
      "color": "gray",
      "y": 104,
      "shape": "sphere",
      "rotation": 111.27807127046
    },
    {
      "3d_coords": [
        -1.24624502658844,
        2.8261818885803223,
        0.699999988079071
      ],
      "x": 174,
      "pixel_coords": [
        193,
        69,
        13.309298515319824
      ],
      "material": "metal",
      "size": "large",
      "width": 37,
      "height": 37,
      "color": "blue",
      "y": 51,
      "shape": "sphere",
      "rotation": 297.4555232197571
    },
    {
      "3d_coords": [
        -0.565530002117157,
        -1.7438968420028687,
        0.699999988079071
      ],
      "x": 75,
      "pixel_coords": [
        102,
        111,
        10.134861946105957
      ],
      "material": "rubber",
      "size": "large",
      "width": 56,
      "height": 65,
      "color": "purple",
      "y": 79,
      "shape": "cube",
      "rotation": 244.55537049757643
    },
    {
      "3d_coords": [
        -2.8732621669769287,
        -2.3557186126708984,
        0.699999988079071
      ],
      "x": 12,
      "pixel_coords": [
        46,
        93,
        11.281780242919922
      ],
      "material": "metal",
      "size": "large",
      "width": 63,
      "height": 57,
      "color": "gray",
      "y": 66,
      "shape": "cube",
      "rotation": 285.00010740144734
    },
    {
      "3d_coords": [
        2.299243927001953,
        0.8157510757446289,
        0.699999988079071
      ],
      "x": 210,
      "pixel_coords": [
        237,
        117,
        9.785805702209473
      ],
      "material": "metal",
      "size": "large",
      "width": 56,
      "height": 67,
      "color": "cyan",
      "y": 85,
      "shape": "cylinder",
      "rotation": 281.41371629950163
    },
    {
      "3d_coords": [
        1.5293205976486206,
        -2.9728481769561768,
        0.3499999940395355
      ],
      "x": 95,
      "pixel_coords": [
        110,
        169,
        8.19046401977539
      ],
      "material": "metal",
      "size": "small",
      "width": 30,
      "height": 30,
      "color": "cyan",
      "y": 154,
      "shape": "sphere",
      "rotation": 242.32576500676848
    },
    {
      "3d_coords": [
        -2.745587110519409,
        -0.44306930899620056,
        0.699999988079071
      ],
      "x": 76,
      "pixel_coords": [
        98,
        80,
        12.339990615844727
      ],
      "material": "metal",
      "size": "large",
      "width": 43,
      "height": 51,
      "color": "purple",
      "y": 55,
      "shape": "cylinder",
      "rotation": 120.20807570847246
    },
    {
      "3d_coords": [
        0.632485568523407,
        2.822948694229126,
        0.699999988079071
      ],
      "x": 206,
      "pixel_coords": [
        233,
        83,
        12.076297760009766
      ],
      "material": "rubber",
      "size": "large",
      "width": 56,
      "height": 54,
      "color": "red",
      "y": 57,
      "shape": "cube",
      "rotation": 153.48659064603524
    }
  ]
}