{
  "image_filename": "CLEVR_new_000543.png",
  "directions": {
    "above": [
      0.0,
      0.0,
      1.0
    ],
    "behind": [
      -0.754490315914154,
      0.6563112735748291,
      0.0
    ],
    "left": [
      -0.6563112735748291,
      -0.7544902563095093,
      0.0
    ],
    "below": [
      -0.0,
      -0.0,
      -1.0
    ],
    "right": [
      0.6563112735748291,
      0.7544902563095093,
      -0.0
    ],
    "front": [
      0.754490315914154,
      -0.6563112735748291,
      -0.0
    ]
  },
  "relationships": {
    "left": [
      [
        3
      ],
      [
        0,
        2,
        3
      ],
      [
        0,
        3
      ],
      []
    ],
    "front": [
      [
        1
      ],
      [],
      [
        0,
        1,
        3
      ],
      [
        0,
        1
      ]
    ],
    "right": [
      [
        1,
        2
      ],
      [],
      [
        1
      ],
      [
        0,
        1,
        2
      ]
    ],
    "behind": [
      [
        2,
        3
      ],
      [
        0,
        2,
        3
      ],
      [],
      [
        2
      ]
    ]
  },
  "split": "new",
  "image_index": 543,
  "objects": [
    {
      "3d_coords": [
        -0.539466142654419,
        -0.09297826886177063,
        0.3499999940395355
      ],
      "x": 132,
      "pixel_coords": [
        146,
        106,
        11.317359924316406
      ],
      "material": "rubber",
      "size": "small",
      "width": 29,
      "height": 30,
      "color": "brown",
      "y": 91,
      "shape": "cube",
      "rotation": 164.87360927204148
    },
    {
      "3d_coords": [
        2.4724953174591064,
        1.0480620861053467,
        0.3499999940395355
      ],
      "x": 228,
      "pixel_coords": [
        246,
        126,
        10.053525924682617
      ],
      "material": "rubber",
      "size": "small",
      "width": 36,
      "height": 34,
      "color": "cyan",
      "y": 109,
      "shape": "cube",
      "rotation": 75.13136035379479
    },
    {
      "3d_coords": [
        -1.6051076650619507,
        2.393164873123169,
        0.699999988079071
      ],
      "x": 159,
      "pixel_coords": [
        177,
        71,
        13.381227493286133
      ],
      "material": "rubber",
      "size": "large",
      "width": 37,
      "height": 37,
      "color": "brown",
      "y": 52,
      "shape": "sphere",
      "rotation": 249.55113003636973
    },
    {
      "3d_coords": [
        -2.93325138092041,
        -1.9649336338043213,
        0.3499999940395355
      ],
      "x": 43,
      "pixel_coords": [
        57,
        100,
        11.72978687286377
      ],
      "material": "metal",
      "size": "small",
      "width": 28,
      "height": 29,
      "color": "purple",
      "y": 86,
      "shape": "cube",
      "rotation": 299.78009498468396
    }
  ]
}