{
  "image_filename": "CLEVR_new_000165.png",
  "directions": {
    "above": [
      0.0,
      0.0,
      1.0
    ],
    "behind": [
      -0.754490315914154,
      0.6563112735748291,
      0.0
    ],
    "left": [
      -0.6563112735748291,
      -0.7544902563095093,
      0.0
    ],
    "below": [
      -0.0,
      -0.0,
      -1.0
    ],
    "right": [
      0.6563112735748291,
      0.7544902563095093,
      -0.0
    ],
    "front": [
      0.754490315914154,
      -0.6563112735748291,
      -0.0
    ]
  },
  "relationships": {
    "left": [
      [],
      [
        0
      ],
      [
        0,
        1
      ],
      [
        0,
        1,
        2
      ]
    ],
    "front": [
      [
        2,
        3
      ],
      [
        0,
        2,
        3
      ],
      [],
      [
        2
      ]
    ],
    "right": [
      [
        1,
        2,
        3
      ],
      [
        2,
        3
      ],
      [
        3
      ],
      []
    ],
    "behind": [
      [
        1
      ],
      [],
      [
        0,
        1,
        3
      ],
      [
        0,
        1
      ]
    ]
  },
  "split": "new",
  "image_index": 165,
  "objects": [
    {
      "3d_coords": [
        -2.4426326751708984,
        -2.031012535095215,
        0.699999988079071
      ],
      "x": 35,
      "pixel_coords": [
        63,
        96,
        11.431715965270996
      ],
      "material": "rubber",
      "size": "large",
      "width": 53,
      "height": 56,
      "color": "blue",
      "y": 68,
      "shape": "cube",
      "rotation": 148.5753324633609
    },
    {
      "3d_coords": [
        -2.4665069580078125,
        1.50315523147583,
        0.699999988079071
      ],
      "x": 125,
      "pixel_coords": [
        144,
        69,
        13.577112197875977
      ],
      "material": "metal",
      "size": "large",
      "width": 37,
      "height": 47,
      "color": "brown",
      "y": 46,
      "shape": "cylinder",
      "rotation": 213.6370115531524
    },
    {
      "3d_coords": [
        0.8909861445426941,
        -0.22120948135852814,
        0.699999988079071
      ],
      "x": 152,
      "pixel_coords": [
        175,
        113,
        10.418998718261719
      ],
      "material": "metal",
      "size": "large",
      "width": 49,
      "height": 63,
      "color": "cyan",
      "y": 82,
      "shape": "cylinder",
      "rotation": 179.90457255496472
    },
    {
      "3d_coords": [
        1.1803224086761475,
        1.252336025238037,
        0.3499999940395355
      ],
      "x": 202,
      "pixel_coords": [
        213,
        110,
        11.295552253723145
      ],
      "material": "rubber",
      "size": "small",
      "width": 22,
      "height": 22,
      "color": "cyan",
      "y": 100,
      "shape": "sphere",
      "rotation": 304.8060855081317
    }
  ]
}