{
  "image_filename": "CLEVR_new_000699.png",
  "directions": {
    "above": [
      0.0,
      0.0,
      1.0
    ],
    "behind": [
      -0.754490315914154,
      0.6563112735748291,
      0.0
    ],
    "left": [
      -0.6563112735748291,
      -0.7544902563095093,
      0.0
    ],
    "below": [
      -0.0,
      -0.0,
      -1.0
    ],
    "right": [
      0.6563112735748291,
      0.7544902563095093,
      -0.0
    ],
    "front": [
      0.754490315914154,
      -0.6563112735748291,
      -0.0
    ]
  },
  "relationships": {
    "left": [
      [],
      [
        0,
        3,
        4
      ],
      [
        0,
        1,
        3,
        4,
        5
      ],
      [
        0,
        4
      ],
      [
        0
      ],
      [
        0,
        1,
        3,
        4
      ]
    ],
    "front": [
      [
        2
      ],
      [
        0,
        2
      ],
      [],
      [
        0,
        1,
        2
      ],
      [
        0,
        1,
        2,
        3,
        5
      ],
      [
        0,
        1,
        2,
        3
      ]
    ],
    "right": [
      [
        1,
        2,
        3,
        4,
        5
      ],
      [
        2,
        5
      ],
      [],
      [
        1,
        2,
        5
      ],
      [
        1,
        2,
        3,
        5
      ],
      [
        2
      ]
    ],
    "behind": [
      [
        1,
        3,
        4,
        5
      ],
      [
        3,
        4,
        5
      ],
      [
        0,
        1,
        3,
        4,
        5
      ],
      [
        4,
        5
      ],
      [],
      [
        4
      ]
    ]
  },
  "split": "new",
  "image_index": 699,
  "objects": [
    {
      "3d_coords": [
        -1.1856342554092407,
        -2.603792667388916,
        0.699999988079071
      ],
      "x": 29,
      "pixel_coords": [
        65,
        112,
        10.121556282043457
      ],
      "material": "metal",
      "size": "large",
      "width": 67,
      "height": 65,
      "color": "cyan",
      "y": 81,
      "shape": "cube",
      "rotation": 195.49558007935417
    },
    {
      "3d_coords": [
        0.14869539439678192,
        1.0181883573532104,
        0.699999988079071
      ],
      "x": 164,
      "pixel_coords": [
        187,
        93,
        11.32036304473877
      ],
      "material": "rubber",
      "size": "large",
      "width": 47,
      "height": 56,
      "color": "gray",
      "y": 66,
      "shape": "cube",
      "rotation": 228.57445827500095
    },
    {
      "3d_coords": [
        2.9613518714904785,
        1.3544697761535645,
        0.699999988079071
      ],
      "x": 241,
      "pixel_coords": [
        268,
        121,
        9.649142265319824
      ],
      "material": "metal",
      "size": "large",
      "width": 53,
      "height": 51,
      "color": "gray",
      "y": 96,
      "shape": "sphere",
      "rotation": 143.9557192311346
    },
    {
      "3d_coords": [
        -1.2447969913482666,
        0.6620380878448486,
        0.3499999940395355
      ],
      "x": 137,
      "pixel_coords": [
        151,
        92,
        12.207037925720215
      ],
      "material": "metal",
      "size": "small",
      "width": 27,
      "height": 28,
      "color": "brown",
      "y": 79,
      "shape": "cube",
      "rotation": 1.86049607156622
    },
    {
      "3d_coords": [
        -2.864314556121826,
        0.7912307381629944,
        0.3499999940395355
      ],
      "x": 114,
      "pixel_coords": [
        126,
        78,
        13.355011940002441
      ],
      "material": "rubber",
      "size": "small",
      "width": 25,
      "height": 25,
      "color": "purple",
      "y": 66,
      "shape": "cube",
      "rotation": 116.64772826084885
    },
    {
      "3d_coords": [
        0.012587587349116802,
        2.824526786804199,
        0.699999988079071
      ],
      "x": 199,
      "pixel_coords": [
        220,
        78,
        12.449621200561523
      ],
      "material": "rubber",
      "size": "large",
      "width": 43,
      "height": 51,
      "color": "green",
      "y": 53,
      "shape": "cylinder",
      "rotation": 275.6859843379979
    }
  ]
}