{
  "image_filename": "CLEVR_new_000657.png",
  "directions": {
    "above": [
      0.0,
      0.0,
      1.0
    ],
    "behind": [
      -0.754490315914154,
      0.6563112735748291,
      0.0
    ],
    "left": [
      -0.6563112735748291,
      -0.7544902563095093,
      0.0
    ],
    "below": [
      -0.0,
      -0.0,
      -1.0
    ],
    "right": [
      0.6563112735748291,
      0.7544902563095093,
      -0.0
    ],
    "front": [
      0.754490315914154,
      -0.6563112735748291,
      -0.0
    ]
  },
  "relationships": {
    "left": [
      [
        2,
        3,
        4,
        6,
        7
      ],
      [
        0,
        2,
        3,
        4,
        6,
        7
      ],
      [
        3
      ],
      [],
      [
        2,
        3,
        6,
        7
      ],
      [
        0,
        1,
        2,
        3,
        4,
        6,
        7
      ],
      [
        2,
        3
      ],
      [
        2,
        3,
        6
      ],
      [
        0,
        1,
        2,
        3,
        4,
        5,
        6,
        7
      ]
    ],
    "front": [
      [
        1,
        2,
        3,
        4,
        5,
        6,
        7,
        8
      ],
      [
        4,
        7
      ],
      [
        1,
        4,
        7
      ],
      [
        1,
        2,
        4,
        7,
        8
      ],
      [],
      [
        1,
        2,
        3,
        4,
        6,
        7,
        8
      ],
      [
        1,
        2,
        3,
        4,
        7,
        8
      ],
      [
        4
      ],
      [
        1,
        2,
        4,
        7
      ]
    ],
    "right": [
      [
        1,
        5,
        8
      ],
      [
        5,
        8
      ],
      [
        0,
        1,
        4,
        5,
        6,
        7,
        8
      ],
      [
        0,
        1,
        2,
        4,
        5,
        6,
        7,
        8
      ],
      [
        0,
        1,
        5,
        8
      ],
      [
        8
      ],
      [
        0,
        1,
        4,
        5,
        7,
        8
      ],
      [
        0,
        1,
        4,
        5,
        8
      ],
      []
    ],
    "behind": [
      [],
      [
        0,
        2,
        3,
        5,
        6,
        8
      ],
      [
        0,
        3,
        5,
        6,
        8
      ],
      [
        0,
        5,
        6
      ],
      [
        0,
        1,
        2,
        3,
        5,
        6,
        7,
        8
      ],
      [
        0
      ],
      [
        0,
        5
      ],
      [
        0,
        1,
        2,
        3,
        5,
        6,
        8
      ],
      [
        0,
        3,
        5,
        6
      ]
    ]
  },
  "split": "new",
  "image_index": 657,
  "objects": [
    {
      "3d_coords": [
        -1.4430221319198608,
        1.9674009084701538,
        0.3499999940395355
      ],
      "x": 164,
      "pixel_coords": [
        176,
        80,
        12.670907020568848
      ],
      "material": "rubber",
      "size": "small",
      "width": 24,
      "height": 26,
      "color": "green",
      "y": 67,
      "shape": "cube",
      "rotation": 200.0209120014484
    },
    {
      "3d_coords": [
        2.1477200984954834,
        -0.2840368151664734,
        0.699999988079071
      ],
      "x": 178,
      "pixel_coords": [
        206,
        131,
        8.836509704589844
      ],
      "material": "rubber",
      "size": "large",
      "width": 59,
      "height": 75,
      "color": "brown",
      "y": 95,
      "shape": "cylinder",
      "rotation": 306.60433979487556
    },
    {
      "3d_coords": [
        -0.9977713823318481,
        -2.8955180644989014,
        0.699999988079071
      ],
      "x": 15,
      "pixel_coords": [
        54,
        117,
        9.476518630981445
      ],
      "material": "metal",
      "size": "large",
      "width": 74,
      "height": 70,
      "color": "brown",
      "y": 83,
      "shape": "cube",
      "rotation": 68.26440052377484
    },
    {
      "3d_coords": [
        -2.983574151992798,
        -2.935755729675293,
        0.699999988079071
      ],
      "x": 0,
      "pixel_coords": [
        25,
        94,
        10.782093048095703
      ],
      "material": "rubber",
      "size": "large",
      "width": 49,
      "height": 46,
      "color": "red",
      "y": 71,
      "shape": "sphere",
      "rotation": 298.3837647231991
    },
    {
      "3d_coords": [
        2.8916735649108887,
        -2.942744255065918,
        0.699999988079071
      ],
      "x": 101,
      "pixel_coords": [
        140,
        191,
        6.848743438720703
      ],
      "material": "metal",
      "size": "large",
      "width": 75,
      "height": 98,
      "color": "gray",
      "y": 142,
      "shape": "cylinder",
      "rotation": 40.41626772936334
    },
    {
      "3d_coords": [
        -0.2333272248506546,
        2.440100908279419,
        0.3499999940395355
      ],
      "x": 199,
      "pixel_coords": [
        210,
        87,
        12.12679672241211
      ],
      "material": "metal",
      "size": "small",
      "width": 20,
      "height": 20,
      "color": "red",
      "y": 76,
      "shape": "sphere",
      "rotation": 24.989361670637557
    },
    {
      "3d_coords": [
        -2.367846727371216,
        -1.1252561807632446,
        0.699999988079071
      ],
      "x": 64,
      "pixel_coords": [
        87,
        85,
        11.38507080078125
      ],
      "material": "metal",
      "size": "large",
      "width": 44,
      "height": 43,
      "color": "blue",
      "y": 63,
      "shape": "sphere",
      "rotation": 71.93085992364985
    },
    {
      "3d_coords": [
        0.7861839532852173,
        -2.950751543045044,
        0.699999988079071
      ],
      "x": 55,
      "pixel_coords": [
        85,
        146,
        8.25243091583252
      ],
      "material": "metal",
      "size": "large",
      "width": 61,
      "height": 60,
      "color": "gray",
      "y": 116,
      "shape": "sphere",
      "rotation": 39.222549238192045
    },
    {
      "3d_coords": [
        2.05131196975708,
        1.3260860443115234,
        0.3499999940395355
      ],
      "x": 226,
      "pixel_coords": [
        242,
        122,
        9.97439956665039
      ],
      "material": "rubber",
      "size": "small",
      "width": 32,
      "height": 33,
      "color": "blue",
      "y": 106,
      "shape": "cube",
      "rotation": 242.8516473925814
    }
  ]
}