{
  "image_filename": "CLEVR_new_000241.png",
  "directions": {
    "above": [
      0.0,
      0.0,
      1.0
    ],
    "behind": [
      -0.754490315914154,
      0.6563112735748291,
      0.0
    ],
    "left": [
      -0.6563112735748291,
      -0.7544902563095093,
      0.0
    ],
    "below": [
      -0.0,
      -0.0,
      -1.0
    ],
    "right": [
      0.6563112735748291,
      0.7544902563095093,
      -0.0
    ],
    "front": [
      0.754490315914154,
      -0.6563112735748291,
      -0.0
    ]
  },
  "relationships": {
    "left": [
      [
        1,
        2,
        3,
        4
      ],
      [
        4
      ],
      [
        1,
        3,
        4
      ],
      [
        1,
        4
      ],
      []
    ],
    "front": [
      [
        3
      ],
      [
        0,
        2,
        3,
        4
      ],
      [
        0,
        3
      ],
      [],
      [
        0,
        2,
        3
      ]
    ],
    "right": [
      [],
      [
        0,
        2,
        3
      ],
      [
        0
      ],
      [
        0,
        2
      ],
      [
        0,
        1,
        2,
        3
      ]
    ],
    "behind": [
      [
        1,
        2,
        4
      ],
      [],
      [
        1,
        4
      ],
      [
        0,
        1,
        2,
        4
      ],
      [
        1
      ]
    ]
  },
  "split": "new",
  "image_index": 241,
  "objects": [
    {
      "3d_coords": [
        2.8927621841430664,
        1.4786181449890137,
        0.699999988079071
      ],
      "x": 240,
      "pixel_coords": [
        269,
        120,
        9.742439270019531
      ],
      "material": "metal",
      "size": "large",
      "width": 60,
      "height": 68,
      "color": "blue",
      "y": 87,
      "shape": "cylinder",
      "rotation": 310.997778228393
    },
    {
      "3d_coords": [
        -2.974536180496216,
        0.281292200088501,
        0.699999988079071
      ],
      "x": 91,
      "pixel_coords": [
        112,
        71,
        12.863832473754883
      ],
      "material": "rubber",
      "size": "large",
      "width": 41,
      "height": 49,
      "color": "purple",
      "y": 46,
      "shape": "cylinder",
      "rotation": 225.29448448996484
    },
    {
      "3d_coords": [
        0.3992515802383423,
        0.33501842617988586,
        0.699999988079071
      ],
      "x": 154,
      "pixel_coords": [
        177,
        101,
        10.705059051513672
      ],
      "material": "metal",
      "size": "large",
      "width": 46,
      "height": 46,
      "color": "brown",
      "y": 78,
      "shape": "sphere",
      "rotation": 257.9851499453142
    },
    {
      "3d_coords": [
        1.9463684558868408,
        -1.949015736579895,
        0.699999988079071
      ],
      "x": 124,
      "pixel_coords": [
        153,
        152,
        8.391480445861816
      ],
      "material": "rubber",
      "size": "large",
      "width": 59,
      "height": 59,
      "color": "gray",
      "y": 123,
      "shape": "sphere",
      "rotation": 165.6235000679585
    },
    {
      "3d_coords": [
        -2.4066011905670166,
        -1.7677826881408691,
        0.699999988079071
      ],
      "x": 39,
      "pixel_coords": [
        70,
        91,
        11.320448875427246
      ],
      "material": "rubber",
      "size": "large",
      "width": 58,
      "height": 56,
      "color": "gray",
      "y": 64,
      "shape": "cube",
      "rotation": 41.62006432619577
    }
  ]
}