{
  "image_filename": "CLEVR_new_000514.png",
  "directions": {
    "above": [
      0.0,
      0.0,
      1.0
    ],
    "behind": [
      -0.754490315914154,
      0.6563112735748291,
      0.0
    ],
    "left": [
      -0.6563112735748291,
      -0.7544902563095093,
      0.0
    ],
    "below": [
      -0.0,
      -0.0,
      -1.0
    ],
    "right": [
      0.6563112735748291,
      0.7544902563095093,
      -0.0
    ],
    "front": [
      0.754490315914154,
      -0.6563112735748291,
      -0.0
    ]
  },
  "relationships": {
    "left": [
      [],
      [
        0
      ],
      [
        0,
        1
      ],
      [
        0,
        1,
        2,
        4,
        5
      ],
      [
        0,
        1,
        2,
        5
      ],
      [
        0,
        1,
        2
      ]
    ],
    "front": [
      [
        1,
        2,
        3
      ],
      [
        2
      ],
      [],
      [
        1,
        2
      ],
      [
        0,
        1,
        2,
        3
      ],
      [
        0,
        1,
        2,
        3,
        4
      ]
    ],
    "right": [
      [
        1,
        2,
        3,
        4,
        5
      ],
      [
        2,
        3,
        4,
        5
      ],
      [
        3,
        4,
        5
      ],
      [],
      [
        3
      ],
      [
        3,
        4
      ]
    ],
    "behind": [
      [
        4,
        5
      ],
      [
        0,
        3,
        4,
        5
      ],
      [
        0,
        1,
        3,
        4,
        5
      ],
      [
        0,
        4,
        5
      ],
      [
        5
      ],
      []
    ]
  },
  "split": "new",
  "image_index": 514,
  "objects": [
    {
      "3d_coords": [
        -1.7912629842758179,
        -1.3984153270721436,
        0.699999988079071
      ],
      "x": 67,
      "pixel_coords": [
        90,
        93,
        11.078489303588867
      ],
      "material": "rubber",
      "size": "large",
      "width": 45,
      "height": 44,
      "color": "blue",
      "y": 71,
      "shape": "sphere",
      "rotation": 63.921150653504526
    },
    {
      "3d_coords": [
        0.0199107863008976,
        -1.5921577215194702,
        0.699999988079071
      ],
      "x": 88,
      "pixel_coords": [
        116,
        115,
        9.73869514465332
      ],
      "material": "metal",
      "size": "large",
      "width": 54,
      "height": 67,
      "color": "gray",
      "y": 83,
      "shape": "cylinder",
      "rotation": 258.1435269732714
    },
    {
      "3d_coords": [
        2.611271381378174,
        -2.513927936553955,
        0.699999988079071
      ],
      "x": 111,
      "pixel_coords": [
        146,
        172,
        7.463559150695801
      ],
      "material": "metal",
      "size": "large",
      "width": 69,
      "height": 92,
      "color": "red",
      "y": 128,
      "shape": "cylinder",
      "rotation": 181.79950054008034
    },
    {
      "3d_coords": [
        2.9379587173461914,
        2.8074235916137695,
        0.699999988079071
      ],
      "x": 263,
      "pixel_coords": [
        298,
        107,
        10.1985502243042
      ],
      "material": "rubber",
      "size": "large",
      "width": 57,
      "height": 66,
      "color": "green",
      "y": 75,
      "shape": "cube",
      "rotation": 139.3965229754035
    },
    {
      "3d_coords": [
        0.721294641494751,
        2.9138457775115967,
        0.699999988079071
      ],
      "x": 214,
      "pixel_coords": [
        241,
        83,
        11.765669822692871
      ],
      "material": "metal",
      "size": "large",
      "width": 54,
      "height": 57,
      "color": "cyan",
      "y": 56,
      "shape": "cube",
      "rotation": 305.1386674685432
    },
    {
      "3d_coords": [
        -0.806174099445343,
        2.0780251026153564,
        0.3499999940395355
      ],
      "x": 181,
      "pixel_coords": [
        191,
        85,
        12.507560729980469
      ],
      "material": "metal",
      "size": "small",
      "width": 20,
      "height": 25,
      "color": "brown",
      "y": 73,
      "shape": "cylinder",
      "rotation": 334.7005211746537
    }
  ]
}