{
  "image_filename": "CLEVR_new_000384.png",
  "directions": {
    "above": [
      0.0,
      0.0,
      1.0
    ],
    "behind": [
      -0.754490315914154,
      0.6563112735748291,
      0.0
    ],
    "left": [
      -0.6563112735748291,
      -0.7544902563095093,
      0.0
    ],
    "below": [
      -0.0,
      -0.0,
      -1.0
    ],
    "right": [
      0.6563112735748291,
      0.7544902563095093,
      -0.0
    ],
    "front": [
      0.754490315914154,
      -0.6563112735748291,
      -0.0
    ]
  },
  "relationships": {
    "left": [
      [
        5
      ],
      [
        0,
        3,
        5
      ],
      [
        0,
        1,
        3,
        5
      ],
      [
        0,
        5
      ],
      [
        0,
        1,
        2,
        3,
        5
      ],
      []
    ],
    "front": [
      [
        3
      ],
      [
        0,
        3,
        4,
        5
      ],
      [
        0,
        1,
        3,
        4,
        5
      ],
      [],
      [
        0,
        3,
        5
      ],
      [
        0,
        3
      ]
    ],
    "right": [
      [
        1,
        2,
        3,
        4
      ],
      [
        2,
        4
      ],
      [
        4
      ],
      [
        1,
        2,
        4
      ],
      [],
      [
        0,
        1,
        2,
        3,
        4
      ]
    ],
    "behind": [
      [
        1,
        2,
        4,
        5
      ],
      [
        2
      ],
      [],
      [
        0,
        1,
        2,
        4,
        5
      ],
      [
        1,
        2
      ],
      [
        1,
        2,
        4
      ]
    ]
  },
  "split": "new",
  "image_index": 384,
  "objects": [
    {
      "3d_coords": [
        -0.5510053634643555,
        -2.346817970275879,
        0.699999988079071
      ],
      "x": 60,
      "pixel_coords": [
        85,
        119,
        9.874866485595703
      ],
      "material": "metal",
      "size": "large",
      "width": 51,
      "height": 50,
      "color": "purple",
      "y": 94,
      "shape": "sphere",
      "rotation": 27.390688251061203
    },
    {
      "3d_coords": [
        -1.8447275161743164,
        0.2708815038204193,
        0.699999988079071
      ],
      "x": 109,
      "pixel_coords": [
        130,
        81,
        12.241477966308594
      ],
      "material": "rubber",
      "size": "large",
      "width": 42,
      "height": 52,
      "color": "green",
      "y": 55,
      "shape": "cylinder",
      "rotation": 292.8096091561594
    },
    {
      "3d_coords": [
        -2.2340855598449707,
        2.170109510421753,
        0.699999988079071
      ],
      "x": 139,
      "pixel_coords": [
        163,
        65,
        13.604534149169922
      ],
      "material": "rubber",
      "size": "large",
      "width": 48,
      "height": 49,
      "color": "blue",
      "y": 41,
      "shape": "cube",
      "rotation": 65.79869020915028
    },
    {
      "3d_coords": [
        0.868919849395752,
        -2.967599868774414,
        0.3499999940395355
      ],
      "x": 80,
      "pixel_coords": [
        96,
        160,
        8.768338203430176
      ],
      "material": "rubber",
      "size": "small",
      "width": 31,
      "height": 39,
      "color": "brown",
      "y": 141,
      "shape": "cylinder",
      "rotation": 3.8149981150116474
    },
    {
      "3d_coords": [
        0.900484561920166,
        2.800015926361084,
        0.699999988079071
      ],
      "x": 215,
      "pixel_coords": [
        238,
        85,
        11.953222274780273
      ],
      "material": "rubber",
      "size": "large",
      "width": 50,
      "height": 52,
      "color": "gray",
      "y": 59,
      "shape": "cube",
      "rotation": 33.77935351224919
    },
    {
      "3d_coords": [
        -2.7067410945892334,
        -2.899989604949951,
        0.699999988079071
      ],
      "x": 4,
      "pixel_coords": [
        33,
        100,
        10.94027328491211
      ],
      "material": "rubber",
      "size": "large",
      "width": 55,
      "height": 59,
      "color": "red",
      "y": 71,
      "shape": "cylinder",
      "rotation": 80.88922671951775
    }
  ]
}