{
  "image_filename": "CLEVR_new_000648.png",
  "directions": {
    "above": [
      0.0,
      0.0,
      1.0
    ],
    "behind": [
      -0.754490315914154,
      0.6563112735748291,
      0.0
    ],
    "left": [
      -0.6563112735748291,
      -0.7544902563095093,
      0.0
    ],
    "below": [
      -0.0,
      -0.0,
      -1.0
    ],
    "right": [
      0.6563112735748291,
      0.7544902563095093,
      -0.0
    ],
    "front": [
      0.754490315914154,
      -0.6563112735748291,
      -0.0
    ]
  },
  "relationships": {
    "left": [
      [
        1,
        2,
        3
      ],
      [],
      [
        1,
        3
      ],
      [
        1
      ],
      [
        0,
        1,
        2,
        3
      ],
      [
        0,
        1,
        2,
        3,
        4,
        6
      ],
      [
        0,
        1,
        2,
        3,
        4
      ]
    ],
    "front": [
      [
        2
      ],
      [
        0,
        2,
        3,
        5,
        6
      ],
      [],
      [
        0,
        2
      ],
      [
        0,
        1,
        2,
        3,
        5,
        6
      ],
      [
        0,
        2,
        3,
        6
      ],
      [
        0,
        2,
        3
      ]
    ],
    "right": [
      [
        4,
        5,
        6
      ],
      [
        0,
        2,
        3,
        4,
        5,
        6
      ],
      [
        0,
        4,
        5,
        6
      ],
      [
        0,
        2,
        4,
        5,
        6
      ],
      [
        5,
        6
      ],
      [],
      [
        5
      ]
    ],
    "behind": [
      [
        1,
        3,
        4,
        5,
        6
      ],
      [
        4
      ],
      [
        0,
        1,
        3,
        4,
        5,
        6
      ],
      [
        1,
        4,
        5,
        6
      ],
      [],
      [
        1,
        4
      ],
      [
        1,
        4,
        5
      ]
    ]
  },
  "split": "new",
  "image_index": 648,
  "objects": [
    {
      "3d_coords": [
        2.545372247695923,
        -0.7421950101852417,
        0.699999988079071
      ],
      "x": 174,
      "pixel_coords": [
        201,
        141,
        9.163126945495605
      ],
      "material": "metal",
      "size": "large",
      "width": 54,
      "height": 54,
      "color": "cyan",
      "y": 115,
      "shape": "sphere",
      "rotation": 326.6792039950354
    },
    {
      "3d_coords": [
        -2.317038059234619,
        -1.7005354166030884,
        0.699999988079071
      ],
      "x": 54,
      "pixel_coords": [
        78,
        92,
        11.885706901550293
      ],
      "material": "metal",
      "size": "large",
      "width": 47,
      "height": 54,
      "color": "green",
      "y": 66,
      "shape": "cylinder",
      "rotation": 323.1911756136296
    },
    {
      "3d_coords": [
        2.0140256881713867,
        -2.7563366889953613,
        0.3499999940395355
      ],
      "x": 112,
      "pixel_coords": [
        127,
        173,
        8.554915428161621
      ],
      "material": "metal",
      "size": "small",
      "width": 29,
      "height": 29,
      "color": "brown",
      "y": 159,
      "shape": "sphere",
      "rotation": 222.15045066229203
    },
    {
      "3d_coords": [
        0.36378467082977295,
        -2.585718870162964,
        0.3499999940395355
      ],
      "x": 85,
      "pixel_coords": [
        97,
        143,
        9.758025169372559
      ],
      "material": "metal",
      "size": "small",
      "width": 25,
      "height": 25,
      "color": "yellow",
      "y": 130,
      "shape": "sphere",
      "rotation": 311.54663478409515
    },
    {
      "3d_coords": [
        0.23266948759555817,
        2.089596748352051,
        0.3499999940395355
      ],
      "x": 197,
      "pixel_coords": [
        209,
        96,
        12.477505683898926
      ],
      "material": "rubber",
      "size": "small",
      "width": 25,
      "height": 27,
      "color": "cyan",
      "y": 82,
      "shape": "cube",
      "rotation": 61.73274691310715
    },
    {
      "3d_coords": [
        2.37042498588562,
        2.9345152378082275,
        0.699999988079071
      ],
      "x": 248,
      "pixel_coords": [
        276,
        100,
        11.349944114685059
      ],
      "material": "rubber",
      "size": "large",
      "width": 57,
      "height": 60,
      "color": "purple",
      "y": 71,
      "shape": "cube",
      "rotation": 89.93960420623253
    },
    {
      "3d_coords": [
        2.105501890182495,
        1.0453236103057861,
        0.3499999940395355
      ],
      "x": 217,
      "pixel_coords": [
        231,
        125,
        10.633328437805176
      ],
      "material": "metal",
      "size": "small",
      "width": 29,
      "height": 30,
      "color": "green",
      "y": 110,
      "shape": "cube",
      "rotation": 333.91978784307634
    }
  ]
}