{
  "image_filename": "CLEVR_new_000428.png",
  "directions": {
    "above": [
      0.0,
      0.0,
      1.0
    ],
    "behind": [
      -0.754490315914154,
      0.6563112735748291,
      0.0
    ],
    "left": [
      -0.6563112735748291,
      -0.7544902563095093,
      0.0
    ],
    "below": [
      -0.0,
      -0.0,
      -1.0
    ],
    "right": [
      0.6563112735748291,
      0.7544902563095093,
      -0.0
    ],
    "front": [
      0.754490315914154,
      -0.6563112735748291,
      -0.0
    ]
  },
  "relationships": {
    "left": [
      [
        5
      ],
      [
        0,
        3,
        4,
        5,
        9
      ],
      [
        0,
        1,
        3,
        4,
        5,
        7,
        8,
        9
      ],
      [
        0,
        5
      ],
      [
        0,
        3,
        5
      ],
      [],
      [
        0,
        1,
        2,
        3,
        4,
        5,
        7,
        8,
        9
      ],
      [
        0,
        1,
        3,
        4,
        5,
        8,
        9
      ],
      [
        0,
        1,
        3,
        4,
        5,
        9
      ],
      [
        0,
        3,
        4,
        5
      ]
    ],
    "front": [
      [
        1,
        4,
        5,
        6,
        7
      ],
      [],
      [
        0,
        1,
        4,
        5,
        6,
        7
      ],
      [
        0,
        1,
        2,
        4,
        5,
        6,
        7
      ],
      [
        1,
        7
      ],
      [
        1,
        4,
        6,
        7
      ],
      [
        1,
        4,
        7
      ],
      [
        1
      ],
      [
        0,
        1,
        2,
        3,
        4,
        5,
        6,
        7
      ],
      [
        0,
        1,
        2,
        3,
        4,
        5,
        6,
        7,
        8
      ]
    ],
    "right": [
      [
        1,
        2,
        3,
        4,
        6,
        7,
        8,
        9
      ],
      [
        2,
        6,
        7,
        8
      ],
      [
        6
      ],
      [
        1,
        2,
        4,
        6,
        7,
        8,
        9
      ],
      [
        1,
        2,
        6,
        7,
        8,
        9
      ],
      [
        0,
        1,
        2,
        3,
        4,
        6,
        7,
        8,
        9
      ],
      [],
      [
        2,
        6
      ],
      [
        2,
        6,
        7
      ],
      [
        1,
        2,
        6,
        7,
        8
      ]
    ],
    "behind": [
      [
        2,
        3,
        8,
        9
      ],
      [
        0,
        2,
        3,
        4,
        5,
        6,
        7,
        8,
        9
      ],
      [
        3,
        8,
        9
      ],
      [
        8,
        9
      ],
      [
        0,
        2,
        3,
        5,
        6,
        8,
        9
      ],
      [
        0,
        2,
        3,
        8,
        9
      ],
      [
        0,
        2,
        3,
        5,
        8,
        9
      ],
      [
        0,
        2,
        3,
        4,
        5,
        6,
        8,
        9
      ],
      [
        9
      ],
      []
    ]
  },
  "split": "new",
  "image_index": 428,
  "objects": [
    {
      "3d_coords": [
        -1.4768022298812866,
        -1.7075928449630737,
        0.3499999940395355
      ],
      "x": 74,
      "pixel_coords": [
        87,
        111,
        10.745767593383789
      ],
      "material": "rubber",
      "size": "small",
      "width": 25,
      "height": 30,
      "color": "purple",
      "y": 96,
      "shape": "cylinder",
      "rotation": 167.4813852824618
    },
    {
      "3d_coords": [
        1.9894393682479858,
        -1.7901718616485596,
        0.3499999940395355
      ],
      "x": 147,
      "pixel_coords": [
        162,
        162,
        8.489712715148926
      ],
      "material": "metal",
      "size": "small",
      "width": 29,
      "height": 29,
      "color": "red",
      "y": 147,
      "shape": "sphere",
      "rotation": 120.81774471058584
    },
    {
      "3d_coords": [
        0.809303343296051,
        2.0852317810058594,
        0.3499999940395355
      ],
      "x": 212,
      "pixel_coords": [
        223,
        98,
        11.536433219909668
      ],
      "material": "rubber",
      "size": "small",
      "width": 23,
      "height": 28,
      "color": "gray",
      "y": 84,
      "shape": "cylinder",
      "rotation": 107.73240539994116
    },
    {
      "3d_coords": [
        -2.0689821243286133,
        -0.3435065746307373,
        0.699999988079071
      ],
      "x": 87,
      "pixel_coords": [
        111,
        83,
        11.757935523986816
      ],
      "material": "metal",
      "size": "large",
      "width": 48,
      "height": 56,
      "color": "gray",
      "y": 56,
      "shape": "cube",
      "rotation": 233.54341506108676
    },
    {
      "3d_coords": [
        0.5289208889007568,
        -2.0290017127990723,
        0.699999988079071
      ],
      "x": 78,
      "pixel_coords": [
        117,
        130,
        9.105450630187988
      ],
      "material": "rubber",
      "size": "large",
      "width": 72,
      "height": 77,
      "color": "gray",
      "y": 93,
      "shape": "cube",
      "rotation": 58.582289199801714
    },
    {
      "3d_coords": [
        -1.6551902294158936,
        -2.807790517807007,
        0.3499999940395355
      ],
      "x": 34,
      "pixel_coords": [
        51,
        121,
        10.207749366760254
      ],
      "material": "rubber",
      "size": "small",
      "width": 34,
      "height": 35,
      "color": "green",
      "y": 104,
      "shape": "cube",
      "rotation": 309.3745545772355
    },
    {
      "3d_coords": [
        2.8626837730407715,
        1.5942151546478271,
        0.699999988079071
      ],
      "x": 243,
      "pixel_coords": [
        272,
        116,
        9.765317916870117
      ],
      "material": "metal",
      "size": "large",
      "width": 60,
      "height": 67,
      "color": "brown",
      "y": 83,
      "shape": "cylinder",
      "rotation": 307.21524391032244
    },
    {
      "3d_coords": [
        2.7400221824645996,
        -0.22210803627967834,
        0.699999988079071
      ],
      "x": 199,
      "pixel_coords": [
        228,
        138,
        8.767679214477539
      ],
      "material": "rubber",
      "size": "large",
      "width": 62,
      "height": 76,
      "color": "purple",
      "y": 101,
      "shape": "cylinder",
      "rotation": 292.39799511257604
    },
    {
      "3d_coords": [
        -1.5698922872543335,
        2.055894136428833,
        0.3499999940395355
      ],
      "x": 159,
      "pixel_coords": [
        172,
        78,
        13.034021377563477
      ],
      "material": "rubber",
      "size": "small",
      "width": 25,
      "height": 26,
      "color": "gray",
      "y": 65,
      "shape": "cube",
      "rotation": 303.21862114515295
    },
    {
      "3d_coords": [
        -2.9474809169769287,
        1.9292025566101074,
        0.3499999940395355
      ],
      "x": 135,
      "pixel_coords": [
        145,
        69,
        13.836173057556152
      ],
      "material": "metal",
      "size": "small",
      "width": 19,
      "height": 22,
      "color": "gray",
      "y": 58,
      "shape": "cube",
      "rotation": 167.31595828669754
    }
  ]
}