{
  "image_filename": "CLEVR_new_000473.png",
  "directions": {
    "above": [
      0.0,
      0.0,
      1.0
    ],
    "behind": [
      -0.754490315914154,
      0.6563112735748291,
      0.0
    ],
    "left": [
      -0.6563112735748291,
      -0.7544902563095093,
      0.0
    ],
    "below": [
      -0.0,
      -0.0,
      -1.0
    ],
    "right": [
      0.6563112735748291,
      0.7544902563095093,
      -0.0
    ],
    "front": [
      0.754490315914154,
      -0.6563112735748291,
      -0.0
    ]
  },
  "relationships": {
    "left": [
      [],
      [
        0,
        4
      ],
      [
        0,
        1,
        4,
        5
      ],
      [
        0,
        1,
        2,
        4,
        5
      ],
      [
        0
      ],
      [
        0,
        1,
        4
      ],
      [
        0,
        1,
        2,
        3,
        4,
        5
      ]
    ],
    "front": [
      [
        1,
        4,
        5,
        6
      ],
      [
        4,
        5,
        6
      ],
      [
        0,
        1,
        3,
        4,
        5,
        6
      ],
      [
        0,
        1,
        4,
        5,
        6
      ],
      [
        5
      ],
      [],
      [
        4,
        5
      ]
    ],
    "right": [
      [
        1,
        2,
        3,
        4,
        5,
        6
      ],
      [
        2,
        3,
        5,
        6
      ],
      [
        3,
        6
      ],
      [
        6
      ],
      [
        1,
        2,
        3,
        5,
        6
      ],
      [
        2,
        3,
        6
      ],
      []
    ],
    "behind": [
      [
        2,
        3
      ],
      [
        0,
        2,
        3
      ],
      [],
      [
        2
      ],
      [
        0,
        1,
        2,
        3,
        6
      ],
      [
        0,
        1,
        2,
        3,
        4,
        6
      ],
      [
        0,
        1,
        2,
        3
      ]
    ]
  },
  "split": "new",
  "image_index": 473,
  "objects": [
    {
      "3d_coords": [
        -1.8317147493362427,
        -0.8716285228729248,
        0.699999988079071
      ],
      "x": 84,
      "pixel_coords": [
        105,
        90,
        11.830610275268555
      ],
      "material": "metal",
      "size": "large",
      "width": 42,
      "height": 42,
      "color": "blue",
      "y": 69,
      "shape": "sphere",
      "rotation": 354.25961807561725
    },
    {
      "3d_coords": [
        0.06952625513076782,
        -0.03255707025527954,
        0.699999988079071
      ],
      "x": 130,
      "pixel_coords": [
        161,
        101,
        11.004010200500488
      ],
      "material": "metal",
      "size": "large",
      "width": 61,
      "height": 62,
      "color": "yellow",
      "y": 71,
      "shape": "cube",
      "rotation": 267.0725535883917
    },
    {
      "3d_coords": [
        -1.3221672773361206,
        2.8212735652923584,
        0.3499999940395355
      ],
      "x": 184,
      "pixel_coords": [
        194,
        80,
        13.756425857543945
      ],
      "material": "rubber",
      "size": "small",
      "width": 19,
      "height": 23,
      "color": "purple",
      "y": 69,
      "shape": "cylinder",
      "rotation": 62.157416557294546
    },
    {
      "3d_coords": [
        0.8591859936714172,
        2.9549713134765625,
        0.3499999940395355
      ],
      "x": 229,
      "pixel_coords": [
        240,
        96,
        12.331798553466797
      ],
      "material": "rubber",
      "size": "small",
      "width": 23,
      "height": 26,
      "color": "gray",
      "y": 83,
      "shape": "cube",
      "rotation": 173.53913304404685
    },
    {
      "3d_coords": [
        0.5221361517906189,
        -1.6966499090194702,
        0.3499999940395355
      ],
      "x": 113,
      "pixel_coords": [
        126,
        132,
        9.891520500183105
      ],
      "material": "metal",
      "size": "small",
      "width": 25,
      "height": 25,
      "color": "gray",
      "y": 120,
      "shape": "sphere",
      "rotation": 335.7868551805579
    },
    {
      "3d_coords": [
        2.6519131660461426,
        -1.3689857721328735,
        0.3499999940395355
      ],
      "x": 171,
      "pixel_coords": [
        186,
        160,
        8.613823890686035
      ],
      "material": "metal",
      "size": "small",
      "width": 31,
      "height": 39,
      "color": "gray",
      "y": 140,
      "shape": "cube",
      "rotation": 129.52959729294165
    },
    {
      "3d_coords": [
        2.9210071563720703,
        1.878710389137268,
        0.699999988079071
      ],
      "x": 249,
      "pixel_coords": [
        274,
        114,
        10.139313697814941
      ],
      "material": "rubber",
      "size": "large",
      "width": 51,
      "height": 48,
      "color": "yellow",
      "y": 90,
      "shape": "sphere",
      "rotation": 128.05845309550403
    }
  ]
}