{
  "image_filename": "CLEVR_new_000539.png",
  "directions": {
    "above": [
      0.0,
      0.0,
      1.0
    ],
    "behind": [
      -0.754490315914154,
      0.6563112735748291,
      0.0
    ],
    "left": [
      -0.6563112735748291,
      -0.7544902563095093,
      0.0
    ],
    "below": [
      -0.0,
      -0.0,
      -1.0
    ],
    "right": [
      0.6563112735748291,
      0.7544902563095093,
      -0.0
    ],
    "front": [
      0.754490315914154,
      -0.6563112735748291,
      -0.0
    ]
  },
  "relationships": {
    "left": [
      [
        1,
        2,
        3
      ],
      [],
      [
        1
      ],
      [
        1,
        2
      ]
    ],
    "front": [
      [
        2
      ],
      [
        0,
        2
      ],
      [],
      [
        0,
        1,
        2
      ]
    ],
    "right": [
      [],
      [
        0,
        2,
        3
      ],
      [
        0,
        3
      ],
      [
        0
      ]
    ],
    "behind": [
      [
        1,
        3
      ],
      [
        3
      ],
      [
        0,
        1,
        3
      ],
      []
    ]
  },
  "split": "new",
  "image_index": 539,
  "objects": [
    {
      "3d_coords": [
        2.4375429153442383,
        1.172916054725647,
        0.699999988079071
      ],
      "x": 218,
      "pixel_coords": [
        245,
        119,
        10.058154106140137
      ],
      "material": "rubber",
      "size": "large",
      "width": 55,
      "height": 65,
      "color": "yellow",
      "y": 87,
      "shape": "cylinder",
      "rotation": 225.52079233528144
    },
    {
      "3d_coords": [
        -0.5352019667625427,
        -0.5939279794692993,
        0.699999988079071
      ],
      "x": 106,
      "pixel_coords": [
        135,
        100,
        11.146133422851562
      ],
      "material": "rubber",
      "size": "large",
      "width": 55,
      "height": 59,
      "color": "purple",
      "y": 71,
      "shape": "cube",
      "rotation": 138.88248167095486
    },
    {
      "3d_coords": [
        1.70543372631073,
        -1.51547372341156,
        0.699999988079071
      ],
      "x": 128,
      "pixel_coords": [
        155,
        139,
        9.106023788452148
      ],
      "material": "rubber",
      "size": "large",
      "width": 54,
      "height": 54,
      "color": "cyan",
      "y": 112,
      "shape": "sphere",
      "rotation": 66.50902898721054
    },
    {
      "3d_coords": [
        -1.136368989944458,
        2.885061502456665,
        0.699999988079071
      ],
      "x": 178,
      "pixel_coords": [
        201,
        70,
        13.44338321685791
      ],
      "material": "rubber",
      "size": "large",
      "width": 46,
      "height": 49,
      "color": "gray",
      "y": 47,
      "shape": "cube",
      "rotation": 44.461818941205394
    }
  ]
}