{
  "image_filename": "CLEVR_new_000286.png",
  "directions": {
    "above": [
      0.0,
      0.0,
      1.0
    ],
    "behind": [
      -0.754490315914154,
      0.6563112735748291,
      0.0
    ],
    "left": [
      -0.6563112735748291,
      -0.7544902563095093,
      0.0
    ],
    "below": [
      -0.0,
      -0.0,
      -1.0
    ],
    "right": [
      0.6563112735748291,
      0.7544902563095093,
      -0.0
    ],
    "front": [
      0.754490315914154,
      -0.6563112735748291,
      -0.0
    ]
  },
  "relationships": {
    "left": [
      [
        4,
        6,
        8,
        9
      ],
      [
        0,
        2,
        4,
        5,
        6,
        8,
        9
      ],
      [
        0,
        4,
        5,
        6,
        8,
        9
      ],
      [
        0,
        1,
        2,
        4,
        5,
        6,
        7,
        8,
        9
      ],
      [
        6,
        8,
        9
      ],
      [
        0,
        4,
        6,
        8,
        9
      ],
      [],
      [
        0,
        1,
        2,
        4,
        5,
        6,
        8,
        9
      ],
      [
        6
      ],
      [
        6,
        8
      ]
    ],
    "front": [
      [
        1,
        3,
        4,
        5,
        6,
        8,
        9
      ],
      [
        5,
        9
      ],
      [
        0,
        1,
        3,
        4,
        5,
        6,
        7,
        8,
        9
      ],
      [
        1,
        4,
        5,
        6,
        9
      ],
      [
        1,
        5,
        9
      ],
      [],
      [
        1,
        4,
        5,
        9
      ],
      [
        0,
        1,
        3,
        4,
        5,
        6,
        8,
        9
      ],
      [
        1,
        3,
        4,
        5,
        6,
        9
      ],
      [
        5
      ]
    ],
    "right": [
      [
        1,
        2,
        3,
        5,
        7
      ],
      [
        3,
        7
      ],
      [
        1,
        3,
        7
      ],
      [],
      [
        0,
        1,
        2,
        3,
        5,
        7
      ],
      [
        1,
        2,
        3,
        7
      ],
      [
        0,
        1,
        2,
        3,
        4,
        5,
        7,
        8,
        9
      ],
      [
        3
      ],
      [
        0,
        1,
        2,
        3,
        4,
        5,
        7,
        9
      ],
      [
        0,
        1,
        2,
        3,
        4,
        5,
        7
      ]
    ],
    "behind": [
      [
        2,
        7
      ],
      [
        0,
        2,
        3,
        4,
        6,
        7,
        8
      ],
      [],
      [
        0,
        2,
        7,
        8
      ],
      [
        0,
        2,
        3,
        6,
        7,
        8
      ],
      [
        0,
        1,
        2,
        3,
        4,
        6,
        7,
        8,
        9
      ],
      [
        0,
        2,
        3,
        7,
        8
      ],
      [
        2
      ],
      [
        0,
        2,
        7
      ],
      [
        0,
        1,
        2,
        3,
        4,
        6,
        7,
        8
      ]
    ]
  },
  "split": "new",
  "image_index": 286,
  "objects": [
    {
      "3d_coords": [
        -1.6291565895080566,
        0.4186955988407135,
        0.699999988079071
      ],
      "x": 110,
      "pixel_coords": [
        137,
        83,
        12.321763038635254
      ],
      "material": "metal",
      "size": "large",
      "width": 50,
      "height": 53,
      "color": "brown",
      "y": 57,
      "shape": "cube",
      "rotation": 272.25646068693595
    },
    {
      "3d_coords": [
        1.9777013063430786,
        -0.592419445514679,
        0.699999988079071
      ],
      "x": 169,
      "pixel_coords": [
        195,
        129,
        9.392257690429688
      ],
      "material": "rubber",
      "size": "large",
      "width": 53,
      "height": 52,
      "color": "blue",
      "y": 103,
      "shape": "sphere",
      "rotation": 269.44210903502386
    },
    {
      "3d_coords": [
        -2.013347625732422,
        2.126081943511963,
        0.699999988079071
      ],
      "x": 146,
      "pixel_coords": [
        164,
        69,
        13.60977554321289
      ],
      "material": "metal",
      "size": "large",
      "width": 37,
      "height": 46,
      "color": "yellow",
      "y": 47,
      "shape": "cylinder",
      "rotation": 336.1456416247385
    },
    {
      "3d_coords": [
        1.7852205038070679,
        1.944972038269043,
        0.699999988079071
      ],
      "x": 217,
      "pixel_coords": [
        244,
        100,
        11.063737869262695
      ],
      "material": "rubber",
      "size": "large",
      "width": 52,
      "height": 60,
      "color": "gray",
      "y": 71,
      "shape": "cube",
      "rotation": 124.60672268985597
    },
    {
      "3d_coords": [
        -0.09988172352313995,
        -1.6061265468597412,
        0.699999988079071
      ],
      "x": 82,
      "pixel_coords": [
        117,
        115,
        10.105884552001953
      ],
      "material": "rubber",
      "size": "large",
      "width": 67,
      "height": 68,
      "color": "yellow",
      "y": 82,
      "shape": "cube",
      "rotation": 45.88324551565991
    },
    {
      "3d_coords": [
        2.583142042160034,
        -2.626310348510742,
        0.3499999940395355
      ],
      "x": 136,
      "pixel_coords": [
        155,
        182,
        7.926102161407471
      ],
      "material": "rubber",
      "size": "small",
      "width": 37,
      "height": 46,
      "color": "blue",
      "y": 160,
      "shape": "cube",
      "rotation": 244.56686423829953
    },
    {
      "3d_coords": [
        -1.7943774461746216,
        -2.7916417121887207,
        0.3499999940395355
      ],
      "x": 37,
      "pixel_coords": [
        53,
        119,
        10.63198471069336
      ],
      "material": "metal",
      "size": "small",
      "width": 30,
      "height": 33,
      "color": "blue",
      "y": 103,
      "shape": "cube",
      "rotation": 323.3211540974117
    },
    {
      "3d_coords": [
        -0.2782481908798218,
        2.9394707679748535,
        0.3499999940395355
      ],
      "x": 199,
      "pixel_coords": [
        212,
        84,
        13.15644359588623
      ],
      "material": "metal",
      "size": "small",
      "width": 25,
      "height": 25,
      "color": "yellow",
      "y": 72,
      "shape": "cube",
      "rotation": 150.366388039211
    },
    {
      "3d_coords": [
        -1.9932702779769897,
        -1.3885830640792847,
        0.699999988079071
      ],
      "x": 59,
      "pixel_coords": [
        87,
        94,
        11.45259952545166
      ],
      "material": "metal",
      "size": "large",
      "width": 56,
      "height": 59,
      "color": "blue",
      "y": 66,
      "shape": "cube",
      "rotation": 111.2501901301097
    },
    {
      "3d_coords": [
        0.5895084738731384,
        -2.884164571762085,
        0.3499999940395355
      ],
      "x": 75,
      "pixel_coords": [
        95,
        152,
        9.047050476074219
      ],
      "material": "metal",
      "size": "small",
      "width": 38,
      "height": 40,
      "color": "blue",
      "y": 132,
      "shape": "cube",
      "rotation": 275.2211614574896
    }
  ]
}