{
  "image_filename": "CLEVR_new_000443.png",
  "directions": {
    "above": [
      0.0,
      0.0,
      1.0
    ],
    "behind": [
      -0.754490315914154,
      0.6563112735748291,
      0.0
    ],
    "left": [
      -0.6563112735748291,
      -0.7544902563095093,
      0.0
    ],
    "below": [
      -0.0,
      -0.0,
      -1.0
    ],
    "right": [
      0.6563112735748291,
      0.7544902563095093,
      -0.0
    ],
    "front": [
      0.754490315914154,
      -0.6563112735748291,
      -0.0
    ]
  },
  "relationships": {
    "left": [
      [
        2,
        3,
        4,
        5,
        6,
        7
      ],
      [
        0,
        2,
        3,
        4,
        5,
        6,
        7
      ],
      [],
      [
        2,
        4,
        5,
        6
      ],
      [
        2
      ],
      [
        2,
        4
      ],
      [
        2,
        4,
        5
      ],
      [
        2,
        3,
        4,
        5,
        6
      ]
    ],
    "front": [
      [
        6
      ],
      [
        0,
        4,
        6
      ],
      [
        0,
        1,
        4,
        6,
        7
      ],
      [
        0,
        1,
        2,
        4,
        6,
        7
      ],
      [
        0,
        6
      ],
      [
        0,
        1,
        2,
        3,
        4,
        6,
        7
      ],
      [],
      [
        0,
        1,
        4,
        6
      ]
    ],
    "right": [
      [
        1
      ],
      [],
      [
        0,
        1,
        3,
        4,
        5,
        6,
        7
      ],
      [
        0,
        1,
        7
      ],
      [
        0,
        1,
        3,
        5,
        6,
        7
      ],
      [
        0,
        1,
        3,
        6,
        7
      ],
      [
        0,
        1,
        3,
        7
      ],
      [
        0,
        1
      ]
    ],
    "behind": [
      [
        1,
        2,
        3,
        4,
        5,
        7
      ],
      [
        2,
        3,
        5,
        7
      ],
      [
        3,
        5
      ],
      [
        5
      ],
      [
        1,
        2,
        3,
        5,
        7
      ],
      [],
      [
        0,
        1,
        2,
        3,
        4,
        5,
        7
      ],
      [
        2,
        3,
        5
      ]
    ]
  },
  "split": "new",
  "image_index": 443,
  "objects": [
    {
      "3d_coords": [
        2.9651267528533936,
        -0.28091004490852356,
        0.3499999940395355
      ],
      "x": 215,
      "pixel_coords": [
        228,
        152,
        9.391465187072754
      ],
      "material": "metal",
      "size": "small",
      "width": 27,
      "height": 26,
      "color": "yellow",
      "y": 139,
      "shape": "sphere",
      "rotation": 14.301000626838626
    },
    {
      "3d_coords": [
        2.5256545543670654,
        1.4147331714630127,
        0.3499999940395355
      ],
      "x": 238,
      "pixel_coords": [
        250,
        124,
        10.679760932922363
      ],
      "material": "rubber",
      "size": "small",
      "width": 26,
      "height": 31,
      "color": "yellow",
      "y": 109,
      "shape": "cylinder",
      "rotation": 171.22177277242184
    },
    {
      "3d_coords": [
        -2.0607821941375732,
        -1.7603238821029663,
        0.699999988079071
      ],
      "x": 53,
      "pixel_coords": [
        78,
        97,
        11.519295692443848
      ],
      "material": "metal",
      "size": "large",
      "width": 48,
      "height": 56,
      "color": "yellow",
      "y": 70,
      "shape": "cylinder",
      "rotation": 179.09032206068588
    },
    {
      "3d_coords": [
        -1.12691068649292,
        1.4985101222991943,
        0.3499999940395355
      ],
      "x": 159,
      "pixel_coords": [
        169,
        87,
        13.042230606079102
      ],
      "material": "metal",
      "size": "small",
      "width": 19,
      "height": 19,
      "color": "green",
      "y": 78,
      "shape": "sphere",
      "rotation": 129.9459009992219
    },
    {
      "3d_coords": [
        0.4832169711589813,
        -1.9864684343338013,
        0.699999988079071
      ],
      "x": 95,
      "pixel_coords": [
        120,
        129,
        9.773893356323242
      ],
      "material": "rubber",
      "size": "large",
      "width": 51,
      "height": 50,
      "color": "brown",
      "y": 103,
      "shape": "sphere",
      "rotation": 3.8978676838113513
    },
    {
      "3d_coords": [
        -2.114975690841675,
        1.1129404306411743,
        0.3499999940395355
      ],
      "x": 134,
      "pixel_coords": [
        143,
        82,
        13.438135147094727
      ],
      "material": "rubber",
      "size": "small",
      "width": 18,
      "height": 18,
      "color": "yellow",
      "y": 73,
      "shape": "sphere",
      "rotation": 146.94915172304604
    },
    {
      "3d_coords": [
        2.4573769569396973,
        -2.193276882171631,
        0.699999988079071
      ],
      "x": 134,
      "pixel_coords": [
        164,
        162,
        8.400793075561523
      ],
      "material": "rubber",
      "size": "large",
      "width": 58,
      "height": 59,
      "color": "purple",
      "y": 133,
      "shape": "sphere",
      "rotation": 280.64024204203236
    },
    {
      "3d_coords": [
        0.7331635355949402,
        0.7764703035354614,
        0.699999988079071
      ],
      "x": 171,
      "pixel_coords": [
        193,
        101,
        11.261454582214355
      ],
      "material": "metal",
      "size": "large",
      "width": 44,
      "height": 44,
      "color": "brown",
      "y": 79,
      "shape": "sphere",
      "rotation": 50.836039647211415
    }
  ]
}