{
  "image_filename": "CLEVR_new_000486.png",
  "directions": {
    "above": [
      0.0,
      0.0,
      1.0
    ],
    "behind": [
      -0.754490315914154,
      0.6563112735748291,
      0.0
    ],
    "left": [
      -0.6563112735748291,
      -0.7544902563095093,
      0.0
    ],
    "below": [
      -0.0,
      -0.0,
      -1.0
    ],
    "right": [
      0.6563112735748291,
      0.7544902563095093,
      -0.0
    ],
    "front": [
      0.754490315914154,
      -0.6563112735748291,
      -0.0
    ]
  },
  "relationships": {
    "left": [
      [],
      [
        0,
        7
      ],
      [
        0,
        1,
        7,
        9
      ],
      [
        0,
        1,
        2,
        7,
        9
      ],
      [
        0,
        1,
        2,
        3,
        5,
        6,
        7,
        8,
        9
      ],
      [
        0,
        1,
        2,
        3,
        6,
        7,
        9
      ],
      [
        0,
        1,
        2,
        3,
        7,
        9
      ],
      [
        0
      ],
      [
        0,
        1,
        2,
        3,
        5,
        6,
        7,
        9
      ],
      [
        0,
        1,
        7
      ]
    ],
    "front": [
      [
        2,
        3,
        4,
        5,
        8,
        9
      ],
      [
        0,
        2,
        3,
        4,
        5,
        8,
        9
      ],
      [],
      [
        2
      ],
      [
        2,
        3,
        8
      ],
      [
        2,
        3,
        4,
        8
      ],
      [
        0,
        1,
        2,
        3,
        4,
        5,
        7,
        8,
        9
      ],
      [
        0,
        1,
        2,
        3,
        4,
        5,
        8,
        9
      ],
      [
        2,
        3
      ],
      [
        2,
        3,
        4,
        5,
        8
      ]
    ],
    "right": [
      [
        1,
        2,
        3,
        4,
        5,
        6,
        7,
        8,
        9
      ],
      [
        2,
        3,
        4,
        5,
        6,
        8,
        9
      ],
      [
        3,
        4,
        5,
        6,
        8
      ],
      [
        4,
        5,
        6,
        8
      ],
      [],
      [
        4,
        8
      ],
      [
        4,
        5,
        8
      ],
      [
        1,
        2,
        3,
        4,
        5,
        6,
        8,
        9
      ],
      [
        4
      ],
      [
        2,
        3,
        4,
        5,
        6,
        8
      ]
    ],
    "behind": [
      [
        1,
        6,
        7
      ],
      [
        6,
        7
      ],
      [
        0,
        1,
        3,
        4,
        5,
        6,
        7,
        8,
        9
      ],
      [
        0,
        1,
        4,
        5,
        6,
        7,
        8,
        9
      ],
      [
        0,
        1,
        5,
        6,
        7,
        9
      ],
      [
        0,
        1,
        6,
        7,
        9
      ],
      [],
      [
        6
      ],
      [
        0,
        1,
        4,
        5,
        6,
        7,
        9
      ],
      [
        0,
        1,
        6,
        7
      ]
    ]
  },
  "split": "new",
  "image_index": 486,
  "objects": [
    {
      "3d_coords": [
        -2.2304062843322754,
        -2.465524911880493,
        0.3499999940395355
      ],
      "x": 34,
      "pixel_coords": [
        52,
        112,
        10.732921600341797
      ],
      "material": "rubber",
      "size": "small",
      "width": 34,
      "height": 31,
      "color": "green",
      "y": 97,
      "shape": "cube",
      "rotation": 336.6595564818756
    },
    {
      "3d_coords": [
        -1.6224894523620605,
        -0.7385968565940857,
        0.3499999940395355
      ],
      "x": 97,
      "pixel_coords": [
        109,
        102,
        11.435855865478516
      ],
      "material": "rubber",
      "size": "small",
      "width": 23,
      "height": 28,
      "color": "gray",
      "y": 88,
      "shape": "cylinder",
      "rotation": 105.97735353486442
    },
    {
      "3d_coords": [
        2.3331515789031982,
        -2.8299503326416016,
        0.3499999940395355
      ],
      "x": 121,
      "pixel_coords": [
        143,
        181,
        7.613711833953857
      ],
      "material": "rubber",
      "size": "small",
      "width": 44,
      "height": 50,
      "color": "green",
      "y": 157,
      "shape": "cube",
      "rotation": 142.87682995080544
    },
    {
      "3d_coords": [
        2.056682586669922,
        -1.568085789680481,
        0.3499999940395355
      ],
      "x": 158,
      "pixel_coords": [
        174,
        154,
        8.583675384521484
      ],
      "material": "metal",
      "size": "small",
      "width": 31,
      "height": 39,
      "color": "green",
      "y": 135,
      "shape": "cube",
      "rotation": 175.03770397628952
    },
    {
      "3d_coords": [
        2.9157559871673584,
        0.9511510729789734,
        0.3499999940395355
      ],
      "x": 245,
      "pixel_coords": [
        259,
        131,
        9.626688003540039
      ],
      "material": "rubber",
      "size": "small",
      "width": 29,
      "height": 34,
      "color": "green",
      "y": 115,
      "shape": "cylinder",
      "rotation": 300.5787989143196
    },
    {
      "3d_coords": [
        1.5892733335494995,
        0.27035844326019287,
        0.3499999940395355
      ],
      "x": 193,
      "pixel_coords": [
        206,
        124,
        10.037755012512207
      ],
      "material": "rubber",
      "size": "small",
      "width": 26,
      "height": 32,
      "color": "blue",
      "y": 108,
      "shape": "cylinder",
      "rotation": 66.51014861485321
    },
    {
      "3d_coords": [
        -1.873568058013916,
        2.449690341949463,
        0.3499999940395355
      ],
      "x": 160,
      "pixel_coords": [
        171,
        77,
        13.603280067443848
      ],
      "material": "metal",
      "size": "small",
      "width": 21,
      "height": 23,
      "color": "cyan",
      "y": 65,
      "shape": "cube",
      "rotation": 21.390912331128085
    },
    {
      "3d_coords": [
        -2.7611327171325684,
        -1.171806812286377,
        0.3499999940395355
      ],
      "x": 64,
      "pixel_coords": [
        78,
        96,
        11.883946418762207
      ],
      "material": "metal",
      "size": "small",
      "width": 28,
      "height": 27,
      "color": "gray",
      "y": 83,
      "shape": "cube",
      "rotation": 2.1849960527409262
    },
    {
      "3d_coords": [
        2.6491026878356934,
        0.01546898577362299,
        0.3499999940395355
      ],
      "x": 217,
      "pixel_coords": [
        231,
        140,
        9.206106185913086
      ],
      "material": "rubber",
      "size": "small",
      "width": 29,
      "height": 36,
      "color": "gray",
      "y": 122,
      "shape": "cylinder",
      "rotation": 354.04867094408297
    },
    {
      "3d_coords": [
        -0.41694775223731995,
        -1.0487263202667236,
        0.3499999940395355
      ],
      "x": 114,
      "pixel_coords": [
        125,
        116,
        10.477144241333008
      ],
      "material": "metal",
      "size": "small",
      "width": 23,
      "height": 23,
      "color": "yellow",
      "y": 105,
      "shape": "sphere",
      "rotation": 68.25326548992223
    }
  ]
}