{
  "image_filename": "CLEVR_new_000358.png",
  "directions": {
    "above": [
      0.0,
      0.0,
      1.0
    ],
    "behind": [
      -0.754490315914154,
      0.6563112735748291,
      0.0
    ],
    "left": [
      -0.6563112735748291,
      -0.7544902563095093,
      0.0
    ],
    "below": [
      -0.0,
      -0.0,
      -1.0
    ],
    "right": [
      0.6563112735748291,
      0.7544902563095093,
      -0.0
    ],
    "front": [
      0.754490315914154,
      -0.6563112735748291,
      -0.0
    ]
  },
  "relationships": {
    "left": [
      [
        1,
        2,
        4,
        5,
        6,
        7,
        9
      ],
      [
        2,
        4,
        5,
        7,
        9
      ],
      [
        4,
        5,
        9
      ],
      [
        0,
        1,
        2,
        4,
        5,
        6,
        7,
        8,
        9
      ],
      [],
      [
        4,
        9
      ],
      [
        1,
        2,
        4,
        5,
        7,
        9
      ],
      [
        2,
        4,
        5,
        9
      ],
      [
        0,
        1,
        2,
        4,
        5,
        6,
        7,
        9
      ],
      [
        4
      ]
    ],
    "front": [
      [
        2,
        3,
        4,
        6,
        7,
        8,
        9
      ],
      [
        0,
        2,
        3,
        4,
        5,
        6,
        7,
        8,
        9
      ],
      [],
      [
        2,
        4,
        6,
        8,
        9
      ],
      [
        2,
        6,
        9
      ],
      [
        0,
        2,
        3,
        4,
        6,
        7,
        8,
        9
      ],
      [
        2,
        9
      ],
      [
        2,
        3,
        4,
        6,
        8,
        9
      ],
      [
        2,
        4,
        6,
        9
      ],
      [
        2
      ]
    ],
    "right": [
      [
        3,
        8
      ],
      [
        0,
        3,
        6,
        8
      ],
      [
        0,
        1,
        3,
        6,
        7,
        8
      ],
      [],
      [
        0,
        1,
        2,
        3,
        5,
        6,
        7,
        8,
        9
      ],
      [
        0,
        1,
        2,
        3,
        6,
        7,
        8
      ],
      [
        0,
        3,
        8
      ],
      [
        0,
        1,
        3,
        6,
        8
      ],
      [
        3
      ],
      [
        0,
        1,
        2,
        3,
        5,
        6,
        7,
        8
      ]
    ],
    "behind": [
      [
        1,
        5
      ],
      [],
      [
        0,
        1,
        3,
        4,
        5,
        6,
        7,
        8,
        9
      ],
      [
        0,
        1,
        5,
        7
      ],
      [
        0,
        1,
        3,
        5,
        7,
        8
      ],
      [
        1
      ],
      [
        0,
        1,
        3,
        4,
        5,
        7,
        8
      ],
      [
        0,
        1,
        5
      ],
      [
        0,
        1,
        3,
        5,
        7
      ],
      [
        0,
        1,
        3,
        4,
        5,
        6,
        7,
        8
      ]
    ]
  },
  "split": "new",
  "image_index": 358,
  "objects": [
    {
      "3d_coords": [
        0.35221946239471436,
        2.7954976558685303,
        0.699999988079071
      ],
      "x": 206,
      "pixel_coords": [
        225,
        82,
        12.53602409362793
      ],
      "material": "rubber",
      "size": "large",
      "width": 40,
      "height": 39,
      "color": "red",
      "y": 63,
      "shape": "sphere",
      "rotation": 121.2942800150723
    },
    {
      "3d_coords": [
        -1.7207305431365967,
        2.9373135566711426,
        0.699999988079071
      ],
      "x": 165,
      "pixel_coords": [
        187,
        67,
        14.005982398986816
      ],
      "material": "rubber",
      "size": "large",
      "width": 47,
      "height": 46,
      "color": "yellow",
      "y": 45,
      "shape": "cube",
      "rotation": 216.53679407445458
    },
    {
      "3d_coords": [
        2.9859066009521484,
        -2.5204992294311523,
        0.3499999940395355
      ],
      "x": 146,
      "pixel_coords": [
        162,
        187,
        7.8549113273620605
      ],
      "material": "metal",
      "size": "small",
      "width": 32,
      "height": 44,
      "color": "blue",
      "y": 166,
      "shape": "cylinder",
      "rotation": 107.57192100456922
    },
    {
      "3d_coords": [
        2.9266276359558105,
        2.957857370376587,
        0.3499999940395355
      ],
      "x": 275,
      "pixel_coords": [
        291,
        114,
        11.06928825378418
      ],
      "material": "rubber",
      "size": "small",
      "width": 34,
      "height": 31,
      "color": "yellow",
      "y": 99,
      "shape": "cube",
      "rotation": 150.47083856040302
    },
    {
      "3d_coords": [
        -0.8966901302337646,
        -2.8500754833221436,
        0.699999988079071
      ],
      "x": 39,
      "pixel_coords": [
        65,
        118,
        10.100537300109863
      ],
      "material": "rubber",
      "size": "large",
      "width": 50,
      "height": 49,
      "color": "purple",
      "y": 93,
      "shape": "sphere",
      "rotation": 44.50069378295097
    },
    {
      "3d_coords": [
        -2.344726800918579,
        1.2901406288146973,
        0.3499999940395355
      ],
      "x": 133,
      "pixel_coords": [
        146,
        81,
        13.63185977935791
      ],
      "material": "metal",
      "size": "small",
      "width": 24,
      "height": 25,
      "color": "purple",
      "y": 69,
      "shape": "cube",
      "rotation": 319.0335367394195
    },
    {
      "3d_coords": [
        2.4089488983154297,
        0.3030785322189331,
        0.699999988079071
      ],
      "x": 199,
      "pixel_coords": [
        225,
        125,
        9.714757919311523
      ],
      "material": "rubber",
      "size": "large",
      "width": 55,
      "height": 68,
      "color": "gray",
      "y": 92,
      "shape": "cylinder",
      "rotation": 258.0488495397702
    },
    {
      "3d_coords": [
        -0.15590545535087585,
        0.8331647515296936,
        0.699999988079071
      ],
      "x": 155,
      "pixel_coords": [
        176,
        92,
        11.739031791687012
      ],
      "material": "rubber",
      "size": "large",
      "width": 43,
      "height": 54,
      "color": "green",
      "y": 66,
      "shape": "cylinder",
      "rotation": 200.1993597888072
    },
    {
      "3d_coords": [
        2.373461961746216,
        1.6906132698059082,
        0.3499999940395355
      ],
      "x": 240,
      "pixel_coords": [
        253,
        120,
        10.705251693725586
      ],
      "material": "metal",
      "size": "small",
      "width": 26,
      "height": 31,
      "color": "green",
      "y": 105,
      "shape": "cylinder",
      "rotation": 340.5263060021669
    },
    {
      "3d_coords": [
        1.2080227136611938,
        -2.3764777183532715,
        0.3499999940395355
      ],
      "x": 108,
      "pixel_coords": [
        121,
        152,
        9.128609657287598
      ],
      "material": "rubber",
      "size": "small",
      "width": 27,
      "height": 27,
      "color": "purple",
      "y": 139,
      "shape": "sphere",
      "rotation": 197.30700454405684
    }
  ]
}