{
  "image_filename": "CLEVR_new_000669.png",
  "directions": {
    "above": [
      0.0,
      0.0,
      1.0
    ],
    "behind": [
      -0.754490315914154,
      0.6563112735748291,
      0.0
    ],
    "left": [
      -0.6563112735748291,
      -0.7544902563095093,
      0.0
    ],
    "below": [
      -0.0,
      -0.0,
      -1.0
    ],
    "right": [
      0.6563112735748291,
      0.7544902563095093,
      -0.0
    ],
    "front": [
      0.754490315914154,
      -0.6563112735748291,
      -0.0
    ]
  },
  "relationships": {
    "left": [
      [
        1,
        2,
        3
      ],
      [],
      [
        1,
        3
      ],
      [
        1
      ]
    ],
    "front": [
      [
        1,
        3
      ],
      [],
      [
        0,
        1,
        3
      ],
      [
        1
      ]
    ],
    "right": [
      [],
      [
        0,
        2,
        3
      ],
      [
        0
      ],
      [
        0,
        2
      ]
    ],
    "behind": [
      [
        2
      ],
      [
        0,
        2,
        3
      ],
      [],
      [
        0,
        2
      ]
    ]
  },
  "split": "new",
  "image_index": 669,
  "objects": [
    {
      "3d_coords": [
        -0.4176959693431854,
        2.3260817527770996,
        0.3499999940395355
      ],
      "x": 189,
      "pixel_coords": [
        199,
        90,
        13.142484664916992
      ],
      "material": "metal",
      "size": "small",
      "width": 20,
      "height": 24,
      "color": "red",
      "y": 78,
      "shape": "cylinder",
      "rotation": 208.4990617595867
    },
    {
      "3d_coords": [
        -2.6311182975769043,
        -2.8630847930908203,
        0.699999988079071
      ],
      "x": 13,
      "pixel_coords": [
        40,
        100,
        11.351079940795898
      ],
      "material": "rubber",
      "size": "large",
      "width": 51,
      "height": 56,
      "color": "yellow",
      "y": 73,
      "shape": "cylinder",
      "rotation": 85.238097398703
    },
    {
      "3d_coords": [
        -2.8723995685577393,
        2.6250898838043213,
        0.3499999940395355
      ],
      "x": 153,
      "pixel_coords": [
        161,
        73,
        14.96242618560791
      ],
      "material": "rubber",
      "size": "small",
      "width": 16,
      "height": 17,
      "color": "yellow",
      "y": 64,
      "shape": "sphere",
      "rotation": 270.8753278713425
    },
    {
      "3d_coords": [
        -1.6098926067352295,
        0.007684218231588602,
        0.699999988079071
      ],
      "x": 106,
      "pixel_coords": [
        130,
        87,
        12.392984390258789
      ],
      "material": "metal",
      "size": "large",
      "width": 48,
      "height": 52,
      "color": "gray",
      "y": 62,
      "shape": "cube",
      "rotation": 153.55409898585825
    }
  ]
}