{
  "image_filename": "CLEVR_new_000420.png",
  "directions": {
    "above": [
      0.0,
      0.0,
      1.0
    ],
    "behind": [
      -0.754490315914154,
      0.6563112735748291,
      0.0
    ],
    "left": [
      -0.6563112735748291,
      -0.7544902563095093,
      0.0
    ],
    "below": [
      -0.0,
      -0.0,
      -1.0
    ],
    "right": [
      0.6563112735748291,
      0.7544902563095093,
      -0.0
    ],
    "front": [
      0.754490315914154,
      -0.6563112735748291,
      -0.0
    ]
  },
  "relationships": {
    "left": [
      [
        2,
        6,
        8,
        9
      ],
      [
        0,
        2,
        6,
        7,
        8,
        9
      ],
      [
        6,
        8,
        9
      ],
      [
        0,
        1,
        2,
        4,
        6,
        7,
        8,
        9
      ],
      [
        0,
        1,
        2,
        6,
        7,
        8,
        9
      ],
      [
        0,
        1,
        2,
        3,
        4,
        6,
        7,
        8,
        9
      ],
      [
        8
      ],
      [
        0,
        2,
        6,
        8,
        9
      ],
      [],
      [
        6,
        8
      ]
    ],
    "front": [
      [
        1,
        2,
        3,
        5,
        6,
        8,
        9
      ],
      [],
      [
        1,
        3,
        5,
        8,
        9
      ],
      [
        1,
        9
      ],
      [
        0,
        1,
        2,
        3,
        5,
        6,
        8,
        9
      ],
      [
        1,
        3,
        9
      ],
      [
        1,
        2,
        3,
        5,
        8,
        9
      ],
      [
        0,
        1,
        2,
        3,
        4,
        5,
        6,
        8,
        9
      ],
      [
        1,
        3,
        5,
        9
      ],
      [
        1
      ]
    ],
    "right": [
      [
        1,
        3,
        4,
        5,
        7
      ],
      [
        3,
        4,
        5
      ],
      [
        0,
        1,
        3,
        4,
        5,
        7
      ],
      [
        5
      ],
      [
        3,
        5
      ],
      [],
      [
        0,
        1,
        2,
        3,
        4,
        5,
        7,
        9
      ],
      [
        1,
        3,
        4,
        5
      ],
      [
        0,
        1,
        2,
        3,
        4,
        5,
        6,
        7,
        9
      ],
      [
        0,
        1,
        2,
        3,
        4,
        5,
        7
      ]
    ],
    "behind": [
      [
        4,
        7
      ],
      [
        0,
        2,
        3,
        4,
        5,
        6,
        7,
        8,
        9
      ],
      [
        0,
        4,
        6,
        7
      ],
      [
        0,
        2,
        4,
        5,
        6,
        7,
        8
      ],
      [
        7
      ],
      [
        0,
        2,
        4,
        6,
        7,
        8
      ],
      [
        0,
        4,
        7
      ],
      [],
      [
        0,
        2,
        4,
        6,
        7
      ],
      [
        0,
        2,
        3,
        4,
        5,
        6,
        7,
        8
      ]
    ]
  },
  "split": "new",
  "image_index": 420,
  "objects": [
    {
      "3d_coords": [
        -1.5703269243240356,
        0.6853376030921936,
        0.3499999940395355
      ],
      "x": 138,
      "pixel_coords": [
        148,
        90,
        12.480406761169434
      ],
      "material": "metal",
      "size": "small",
      "width": 20,
      "height": 25,
      "color": "red",
      "y": 78,
      "shape": "cylinder",
      "rotation": 45.90678369315859
    },
    {
      "3d_coords": [
        1.9595224857330322,
        -0.9547634124755859,
        0.3499999940395355
      ],
      "x": 164,
      "pixel_coords": [
        178,
        145,
        9.109098434448242
      ],
      "material": "metal",
      "size": "small",
      "width": 27,
      "height": 27,
      "color": "green",
      "y": 132,
      "shape": "sphere",
      "rotation": 110.22511443074065
    },
    {
      "3d_coords": [
        -0.9557995796203613,
        -0.42309772968292236,
        0.3499999940395355
      ],
      "x": 119,
      "pixel_coords": [
        132,
        104,
        11.440260887145996
      ],
      "material": "metal",
      "size": "small",
      "width": 24,
      "height": 28,
      "color": "cyan",
      "y": 90,
      "shape": "cube",
      "rotation": 203.46284608002014
    },
    {
      "3d_coords": [
        2.300693988800049,
        1.2891016006469727,
        0.3499999940395355
      ],
      "x": 231,
      "pixel_coords": [
        244,
        125,
        10.106382369995117
      ],
      "material": "rubber",
      "size": "small",
      "width": 27,
      "height": 32,
      "color": "brown",
      "y": 109,
      "shape": "cylinder",
      "rotation": 121.00679516888678
    },
    {
      "3d_coords": [
        -0.77443927526474,
        2.4093546867370605,
        0.699999988079071
      ],
      "x": 179,
      "pixel_coords": [
        199,
        77,
        12.713899612426758
      ],
      "material": "rubber",
      "size": "large",
      "width": 41,
      "height": 49,
      "color": "blue",
      "y": 52,
      "shape": "cylinder",
      "rotation": 334.3621236745718
    },
    {
      "3d_coords": [
        2.7773308753967285,
        2.509613275527954,
        0.3499999940395355
      ],
      "x": 267,
      "pixel_coords": [
        284,
        119,
        10.445332527160645
      ],
      "material": "rubber",
      "size": "small",
      "width": 34,
      "height": 31,
      "color": "red",
      "y": 104,
      "shape": "cube",
      "rotation": 85.86556577333339
    },
    {
      "3d_coords": [
        -2.382385015487671,
        -1.1135156154632568,
        0.699999988079071
      ],
      "x": 64,
      "pixel_coords": [
        91,
        86,
        11.897900581359863
      ],
      "material": "metal",
      "size": "large",
      "width": 50,
      "height": 52,
      "color": "yellow",
      "y": 60,
      "shape": "cube",
      "rotation": 77.89960738829305
    },
    {
      "3d_coords": [
        -2.8526437282562256,
        2.4542667865753174,
        0.3499999940395355
      ],
      "x": 155,
      "pixel_coords": [
        164,
        71,
        14.351231575012207
      ],
      "material": "metal",
      "size": "small",
      "width": 17,
      "height": 22,
      "color": "cyan",
      "y": 60,
      "shape": "cylinder",
      "rotation": 34.3496351155689
    },
    {
      "3d_coords": [
        -2.6135060787200928,
        -2.9737019538879395,
        0.3499999940395355
      ],
      "x": 23,
      "pixel_coords": [
        36,
        107,
        11.194536209106445
      ],
      "material": "metal",
      "size": "small",
      "width": 26,
      "height": 29,
      "color": "green",
      "y": 93,
      "shape": "cylinder",
      "rotation": 159.31448414218883
    },
    {
      "3d_coords": [
        -0.039141468703746796,
        -2.330375909805298,
        0.3499999940395355
      ],
      "x": 81,
      "pixel_coords": [
        93,
        132,
        9.7489013671875
      ],
      "material": "metal",
      "size": "small",
      "width": 26,
      "height": 25,
      "color": "green",
      "y": 119,
      "shape": "sphere",
      "rotation": 100.68499250820172
    }
  ]
}