{
  "image_filename": "CLEVR_new_000239.png",
  "directions": {
    "above": [
      0.0,
      0.0,
      1.0
    ],
    "behind": [
      -0.754490315914154,
      0.6563112735748291,
      0.0
    ],
    "left": [
      -0.6563112735748291,
      -0.7544902563095093,
      0.0
    ],
    "below": [
      -0.0,
      -0.0,
      -1.0
    ],
    "right": [
      0.6563112735748291,
      0.7544902563095093,
      -0.0
    ],
    "front": [
      0.754490315914154,
      -0.6563112735748291,
      -0.0
    ]
  },
  "relationships": {
    "left": [
      [
        1,
        2,
        3,
        4
      ],
      [],
      [
        1
      ],
      [
        1,
        2,
        4
      ],
      [
        1,
        2
      ]
    ],
    "front": [
      [
        2
      ],
      [
        0,
        2,
        3
      ],
      [],
      [
        0,
        2
      ],
      [
        0,
        1,
        2,
        3
      ]
    ],
    "right": [
      [],
      [
        0,
        2,
        3,
        4
      ],
      [
        0,
        3,
        4
      ],
      [
        0
      ],
      [
        0,
        3
      ]
    ],
    "behind": [
      [
        1,
        3,
        4
      ],
      [
        4
      ],
      [
        0,
        1,
        3,
        4
      ],
      [
        1,
        4
      ],
      []
    ]
  },
  "split": "new",
  "image_index": 239,
  "objects": [
    {
      "3d_coords": [
        2.110541820526123,
        2.0486562252044678,
        0.3499999940395355
      ],
      "x": 240,
      "pixel_coords": [
        254,
        113,
        10.953418731689453
      ],
      "material": "rubber",
      "size": "small",
      "width": 28,
      "height": 31,
      "color": "blue",
      "y": 98,
      "shape": "cube",
      "rotation": 168.5124395187414
    },
    {
      "3d_coords": [
        -2.616590976715088,
        -1.4063678979873657,
        0.699999988079071
      ],
      "x": 49,
      "pixel_coords": [
        78,
        88,
        11.910733222961426
      ],
      "material": "rubber",
      "size": "large",
      "width": 55,
      "height": 53,
      "color": "yellow",
      "y": 62,
      "shape": "cube",
      "rotation": 305.4490940050818
    },
    {
      "3d_coords": [
        -0.1931997537612915,
        -2.200888156890869,
        0.699999988079071
      ],
      "x": 71,
      "pixel_coords": [
        97,
        119,
        9.82296371459961
      ],
      "material": "rubber",
      "size": "large",
      "width": 51,
      "height": 50,
      "color": "purple",
      "y": 94,
      "shape": "sphere",
      "rotation": 231.8526502738797
    },
    {
      "3d_coords": [
        0.011123234406113625,
        0.7544749975204468,
        0.3499999940395355
      ],
      "x": 167,
      "pixel_coords": [
        177,
        104,
        11.590904235839844
      ],
      "material": "rubber",
      "size": "small",
      "width": 22,
      "height": 28,
      "color": "blue",
      "y": 90,
      "shape": "cylinder",
      "rotation": 272.4063355719601
    },
    {
      "3d_coords": [
        -2.3047666549682617,
        2.0686748027801514,
        0.699999988079071
      ],
      "x": 138,
      "pixel_coords": [
        161,
        68,
        13.755415916442871
      ],
      "material": "rubber",
      "size": "large",
      "width": 46,
      "height": 47,
      "color": "gray",
      "y": 46,
      "shape": "cube",
      "rotation": 255.7619299936923
    }
  ]
}