{
  "image_filename": "CLEVR_new_000385.png",
  "directions": {
    "above": [
      0.0,
      0.0,
      1.0
    ],
    "behind": [
      -0.754490315914154,
      0.6563112735748291,
      0.0
    ],
    "left": [
      -0.6563112735748291,
      -0.7544902563095093,
      0.0
    ],
    "below": [
      -0.0,
      -0.0,
      -1.0
    ],
    "right": [
      0.6563112735748291,
      0.7544902563095093,
      -0.0
    ],
    "front": [
      0.754490315914154,
      -0.6563112735748291,
      -0.0
    ]
  },
  "relationships": {
    "left": [
      [
        1,
        5,
        7
      ],
      [
        7
      ],
      [
        0,
        1,
        3,
        4,
        5,
        6,
        7,
        8
      ],
      [
        0,
        1,
        5,
        6,
        7,
        8
      ],
      [
        0,
        1,
        3,
        5,
        6,
        7,
        8
      ],
      [
        1,
        7
      ],
      [
        0,
        1,
        5,
        7,
        8
      ],
      [],
      [
        0,
        1,
        5,
        7
      ]
    ],
    "front": [
      [
        4,
        8
      ],
      [
        0,
        2,
        3,
        4,
        7,
        8
      ],
      [
        0,
        4,
        8
      ],
      [
        0,
        2,
        4,
        8
      ],
      [
        8
      ],
      [
        0,
        1,
        2,
        3,
        4,
        6,
        7,
        8
      ],
      [
        0,
        1,
        2,
        3,
        4,
        7,
        8
      ],
      [
        0,
        2,
        3,
        4,
        8
      ],
      []
    ],
    "right": [
      [
        2,
        3,
        4,
        6,
        8
      ],
      [
        0,
        2,
        3,
        4,
        5,
        6,
        8
      ],
      [],
      [
        2,
        4
      ],
      [
        2
      ],
      [
        0,
        2,
        3,
        4,
        6,
        8
      ],
      [
        2,
        3,
        4
      ],
      [
        0,
        1,
        2,
        3,
        4,
        5,
        6,
        8
      ],
      [
        2,
        3,
        4,
        6
      ]
    ],
    "behind": [
      [
        1,
        2,
        3,
        5,
        6,
        7
      ],
      [
        5,
        6
      ],
      [
        1,
        3,
        5,
        6,
        7
      ],
      [
        1,
        5,
        6,
        7
      ],
      [
        0,
        1,
        2,
        3,
        5,
        6,
        7
      ],
      [],
      [
        5
      ],
      [
        1,
        5,
        6
      ],
      [
        0,
        1,
        2,
        3,
        4,
        5,
        6,
        7
      ]
    ]
  },
  "split": "new",
  "image_index": 385,
  "objects": [
    {
      "3d_coords": [
        1.0484801530838013,
        -1.3755549192428589,
        0.699999988079071
      ],
      "x": 120,
      "pixel_coords": [
        147,
        126,
        9.349889755249023
      ],
      "material": "metal",
      "size": "large",
      "width": 53,
      "height": 53,
      "color": "purple",
      "y": 100,
      "shape": "sphere",
      "rotation": 75.24322056360191
    },
    {
      "3d_coords": [
        -2.014735460281372,
        -0.3365880846977234,
        0.3499999940395355
      ],
      "x": 104,
      "pixel_coords": [
        115,
        94,
        12.167984962463379
      ],
      "material": "metal",
      "size": "small",
      "width": 21,
      "height": 26,
      "color": "gray",
      "y": 81,
      "shape": "cylinder",
      "rotation": 135.9574261370182
    },
    {
      "3d_coords": [
        2.4070801734924316,
        1.9553372859954834,
        0.699999988079071
      ],
      "x": 239,
      "pixel_coords": [
        263,
        107,
        10.376214981079102
      ],
      "material": "metal",
      "size": "large",
      "width": 49,
      "height": 47,
      "color": "green",
      "y": 84,
      "shape": "sphere",
      "rotation": 245.78075525447468
    },
    {
      "3d_coords": [
        0.6703344583511353,
        1.0491849184036255,
        0.3499999940395355
      ],
      "x": 188,
      "pixel_coords": [
        199,
        108,
        11.17458438873291
      ],
      "material": "rubber",
      "size": "small",
      "width": 22,
      "height": 22,
      "color": "gray",
      "y": 97,
      "shape": "sphere",
      "rotation": 357.54768419018336
    },
    {
      "3d_coords": [
        2.9807183742523193,
        0.036169786006212234,
        0.3499999940395355
      ],
      "x": 223,
      "pixel_coords": [
        237,
        148,
        9.037537574768066
      ],
      "material": "rubber",
      "size": "small",
      "width": 28,
      "height": 27,
      "color": "green",
      "y": 134,
      "shape": "sphere",
      "rotation": 301.49866605527853
    },
    {
      "3d_coords": [
        -2.9836347103118896,
        1.324898600578308,
        0.3499999940395355
      ],
      "x": 126,
      "pixel_coords": [
        136,
        76,
        13.783211708068848
      ],
      "material": "metal",
      "size": "small",
      "width": 18,
      "height": 23,
      "color": "yellow",
      "y": 64,
      "shape": "cylinder",
      "rotation": 304.3737288097915
    },
    {
      "3d_coords": [
        -0.9829809069633484,
        1.5300265550613403,
        0.699999988079071
      ],
      "x": 155,
      "pixel_coords": [
        174,
        80,
        12.400422096252441
      ],
      "material": "metal",
      "size": "large",
      "width": 40,
      "height": 40,
      "color": "purple",
      "y": 60,
      "shape": "sphere",
      "rotation": 204.54531976393832
    },
    {
      "3d_coords": [
        -2.4017233848571777,
        -1.6356827020645142,
        0.3499999940395355
      ],
      "x": 65,
      "pixel_coords": [
        76,
        100,
        11.671964645385742
      ],
      "material": "rubber",
      "size": "small",
      "width": 22,
      "height": 21,
      "color": "green",
      "y": 90,
      "shape": "sphere",
      "rotation": 320.03332936760603
    },
    {
      "3d_coords": [
        2.3053226470947266,
        -1.9045519828796387,
        0.3499999940395355
      ],
      "x": 148,
      "pixel_coords": [
        163,
        165,
        8.361708641052246
      ],
      "material": "rubber",
      "size": "small",
      "width": 29,
      "height": 30,
      "color": "gray",
      "y": 150,
      "shape": "sphere",
      "rotation": 159.48733318475263
    }
  ]
}