{
  "image_filename": "CLEVR_new_000449.png",
  "directions": {
    "above": [
      0.0,
      0.0,
      1.0
    ],
    "behind": [
      -0.754490315914154,
      0.6563112735748291,
      0.0
    ],
    "left": [
      -0.6563112735748291,
      -0.7544902563095093,
      0.0
    ],
    "below": [
      -0.0,
      -0.0,
      -1.0
    ],
    "right": [
      0.6563112735748291,
      0.7544902563095093,
      -0.0
    ],
    "front": [
      0.754490315914154,
      -0.6563112735748291,
      -0.0
    ]
  },
  "relationships": {
    "left": [
      [],
      [
        0,
        2,
        4,
        5
      ],
      [
        0,
        4,
        5
      ],
      [
        0,
        1,
        2,
        4,
        5
      ],
      [
        0,
        5
      ],
      [
        0
      ]
    ],
    "front": [
      [
        2,
        3
      ],
      [
        0,
        2,
        3,
        4,
        5
      ],
      [],
      [
        2
      ],
      [
        0,
        2,
        3
      ],
      [
        0,
        2,
        3,
        4
      ]
    ],
    "right": [
      [
        1,
        2,
        3,
        4,
        5
      ],
      [
        3
      ],
      [
        1,
        3
      ],
      [],
      [
        1,
        2,
        3
      ],
      [
        1,
        2,
        3,
        4
      ]
    ],
    "behind": [
      [
        1,
        4,
        5
      ],
      [],
      [
        0,
        1,
        3,
        4,
        5
      ],
      [
        0,
        1,
        4,
        5
      ],
      [
        1,
        5
      ],
      [
        1
      ]
    ]
  },
  "split": "new",
  "image_index": 449,
  "objects": [
    {
      "3d_coords": [
        -1.925351619720459,
        -2.7793257236480713,
        0.699999988079071
      ],
      "x": 27,
      "pixel_coords": [
        54,
        105,
        11.152531623840332
      ],
      "material": "rubber",
      "size": "large",
      "width": 52,
      "height": 59,
      "color": "gray",
      "y": 76,
      "shape": "cylinder",
      "rotation": 188.39610705937636
    },
    {
      "3d_coords": [
        -2.1663806438446045,
        2.388936758041382,
        0.699999988079071
      ],
      "x": 155,
      "pixel_coords": [
        172,
        66,
        14.144429206848145
      ],
      "material": "metal",
      "size": "large",
      "width": 35,
      "height": 45,
      "color": "brown",
      "y": 44,
      "shape": "cylinder",
      "rotation": 126.03799718888506
    },
    {
      "3d_coords": [
        2.0961384773254395,
        -1.966611623764038,
        0.699999988079071
      ],
      "x": 115,
      "pixel_coords": [
        152,
        152,
        8.888931274414062
      ],
      "material": "rubber",
      "size": "large",
      "width": 74,
      "height": 83,
      "color": "cyan",
      "y": 113,
      "shape": "cube",
      "rotation": 227.6524916870876
    },
    {
      "3d_coords": [
        2.2550466060638428,
        -0.2583271265029907,
        0.699999988079071
      ],
      "x": 174,
      "pixel_coords": [
        204,
        132,
        9.717168807983398
      ],
      "material": "rubber",
      "size": "large",
      "width": 64,
      "height": 70,
      "color": "brown",
      "y": 99,
      "shape": "cube",
      "rotation": 192.70706414910046
    },
    {
      "3d_coords": [
        -0.6860454082489014,
        -0.21286532282829285,
        0.3499999940395355
      ],
      "x": 132,
      "pixel_coords": [
        142,
        105,
        11.896756172180176
      ],
      "material": "rubber",
      "size": "small",
      "width": 21,
      "height": 21,
      "color": "green",
      "y": 95,
      "shape": "sphere",
      "rotation": 316.43339661629597
    },
    {
      "3d_coords": [
        -2.615769147872925,
        0.34258902072906494,
        0.699999988079071
      ],
      "x": 102,
      "pixel_coords": [
        124,
        75,
        13.326750755310059
      ],
      "material": "rubber",
      "size": "large",
      "width": 40,
      "height": 47,
      "color": "green",
      "y": 52,
      "shape": "cube",
      "rotation": 37.042738199917736
    }
  ]
}