{
  "image_filename": "CLEVR_new_000546.png",
  "directions": {
    "above": [
      0.0,
      0.0,
      1.0
    ],
    "behind": [
      -0.754490315914154,
      0.6563112735748291,
      0.0
    ],
    "left": [
      -0.6563112735748291,
      -0.7544902563095093,
      0.0
    ],
    "below": [
      -0.0,
      -0.0,
      -1.0
    ],
    "right": [
      0.6563112735748291,
      0.7544902563095093,
      -0.0
    ],
    "front": [
      0.754490315914154,
      -0.6563112735748291,
      -0.0
    ]
  },
  "relationships": {
    "left": [
      [
        1,
        2,
        3,
        4,
        5,
        6,
        7,
        9
      ],
      [
        5,
        7,
        9
      ],
      [
        1,
        3,
        4,
        5,
        6,
        7,
        9
      ],
      [
        1,
        4,
        5,
        6,
        7,
        9
      ],
      [
        1,
        5,
        6,
        7,
        9
      ],
      [
        9
      ],
      [
        1,
        5,
        7,
        9
      ],
      [
        5,
        9
      ],
      [
        0,
        1,
        2,
        3,
        4,
        5,
        6,
        7,
        9
      ],
      []
    ],
    "front": [
      [
        1,
        5,
        6,
        8
      ],
      [],
      [
        0,
        1,
        3,
        5,
        6,
        7,
        8,
        9
      ],
      [
        0,
        1,
        5,
        6,
        8
      ],
      [
        0,
        1,
        2,
        3,
        5,
        6,
        7,
        8,
        9
      ],
      [
        1,
        6
      ],
      [
        1
      ],
      [
        0,
        1,
        3,
        5,
        6,
        8,
        9
      ],
      [
        1,
        5,
        6
      ],
      [
        0,
        1,
        3,
        5,
        6,
        8
      ]
    ],
    "right": [
      [
        8
      ],
      [
        0,
        2,
        3,
        4,
        6,
        8
      ],
      [
        0,
        8
      ],
      [
        0,
        2,
        8
      ],
      [
        0,
        2,
        3,
        8
      ],
      [
        0,
        1,
        2,
        3,
        4,
        6,
        7,
        8
      ],
      [
        0,
        2,
        3,
        4,
        8
      ],
      [
        0,
        1,
        2,
        3,
        4,
        6,
        8
      ],
      [],
      [
        0,
        1,
        2,
        3,
        4,
        5,
        6,
        7,
        8
      ]
    ],
    "behind": [
      [
        2,
        3,
        4,
        7,
        9
      ],
      [
        0,
        2,
        3,
        4,
        5,
        6,
        7,
        8,
        9
      ],
      [
        4
      ],
      [
        2,
        4,
        7,
        9
      ],
      [],
      [
        0,
        2,
        3,
        4,
        7,
        8,
        9
      ],
      [
        0,
        2,
        3,
        4,
        5,
        7,
        8,
        9
      ],
      [
        2,
        4
      ],
      [
        0,
        2,
        3,
        4,
        7,
        9
      ],
      [
        2,
        4,
        7
      ]
    ]
  },
  "split": "new",
  "image_index": 546,
  "objects": [
    {
      "3d_coords": [
        1.2940744161605835,
        1.7176278829574585,
        0.3499999940395355
      ],
      "x": 217,
      "pixel_coords": [
        230,
        109,
        10.787044525146484
      ],
      "material": "rubber",
      "size": "small",
      "width": 25,
      "height": 30,
      "color": "gray",
      "y": 94,
      "shape": "cylinder",
      "rotation": 109.79313816845837
    },
    {
      "3d_coords": [
        2.359875202178955,
        -2.85153865814209,
        0.699999988079071
      ],
      "x": 93,
      "pixel_coords": [
        127,
        176,
        7.360840320587158
      ],
      "material": "rubber",
      "size": "large",
      "width": 67,
      "height": 68,
      "color": "gray",
      "y": 143,
      "shape": "sphere",
      "rotation": 139.38172652715082
    },
    {
      "3d_coords": [
        -1.2025593519210815,
        2.9489240646362305,
        0.699999988079071
      ],
      "x": 182,
      "pixel_coords": [
        201,
        66,
        12.973857879638672
      ],
      "material": "metal",
      "size": "large",
      "width": 38,
      "height": 38,
      "color": "brown",
      "y": 47,
      "shape": "sphere",
      "rotation": 94.83003233015255
    },
    {
      "3d_coords": [
        0.197865828871727,
        1.1865068674087524,
        0.3499999940395355
      ],
      "x": 181,
      "pixel_coords": [
        192,
        101,
        11.227045059204102
      ],
      "material": "rubber",
      "size": "small",
      "width": 22,
      "height": 22,
      "color": "red",
      "y": 90,
      "shape": "sphere",
      "rotation": 119.1728036704401
    },
    {
      "3d_coords": [
        -2.7108936309814453,
        2.735882520675659,
        0.3499999940395355
      ],
      "x": 159,
      "pixel_coords": [
        169,
        65,
        14.038971900939941
      ],
      "material": "metal",
      "size": "small",
      "width": 20,
      "height": 23,
      "color": "gray",
      "y": 54,
      "shape": "cube",
      "rotation": 94.88382944391549
    },
    {
      "3d_coords": [
        -0.2430003583431244,
        -2.450193166732788,
        0.3499999940395355
      ],
      "x": 70,
      "pixel_coords": [
        85,
        134,
        9.501494407653809
      ],
      "material": "rubber",
      "size": "small",
      "width": 29,
      "height": 35,
      "color": "brown",
      "y": 116,
      "shape": "cylinder",
      "rotation": 153.66162835882943
    },
    {
      "3d_coords": [
        1.2987101078033447,
        -1.2938876152038574,
        0.3499999940395355
      ],
      "x": 140,
      "pixel_coords": [
        154,
        143,
        9.11017894744873
      ],
      "material": "metal",
      "size": "small",
      "width": 27,
      "height": 27,
      "color": "red",
      "y": 129,
      "shape": "sphere",
      "rotation": 280.5143065679286
    },
    {
      "3d_coords": [
        -2.4469852447509766,
        0.14576393365859985,
        0.3499999940395355
      ],
      "x": 109,
      "pixel_coords": [
        119,
        84,
        12.4224271774292
      ],
      "material": "rubber",
      "size": "small",
      "width": 20,
      "height": 20,
      "color": "green",
      "y": 74,
      "shape": "sphere",
      "rotation": 68.6182235588245
    },
    {
      "3d_coords": [
        2.5067360401153564,
        1.8647816181182861,
        0.3499999940395355
      ],
      "x": 252,
      "pixel_coords": [
        266,
        122,
        10.05553913116455
      ],
      "material": "rubber",
      "size": "small",
      "width": 29,
      "height": 33,
      "color": "purple",
      "y": 106,
      "shape": "cylinder",
      "rotation": 212.33464269668258
    },
    {
      "3d_coords": [
        -2.815340757369995,
        -1.448337435722351,
        0.699999988079071
      ],
      "x": 50,
      "pixel_coords": [
        72,
        83,
        11.61156177520752
      ],
      "material": "rubber",
      "size": "large",
      "width": 44,
      "height": 42,
      "color": "purple",
      "y": 62,
      "shape": "sphere",
      "rotation": 279.56188569321296
    }
  ]
}