{
  "image_filename": "CLEVR_new_000592.png",
  "directions": {
    "above": [
      0.0,
      0.0,
      1.0
    ],
    "behind": [
      -0.754490315914154,
      0.6563112735748291,
      0.0
    ],
    "left": [
      -0.6563112735748291,
      -0.7544902563095093,
      0.0
    ],
    "below": [
      -0.0,
      -0.0,
      -1.0
    ],
    "right": [
      0.6563112735748291,
      0.7544902563095093,
      -0.0
    ],
    "front": [
      0.754490315914154,
      -0.6563112735748291,
      -0.0
    ]
  },
  "relationships": {
    "left": [
      [
        2,
        3,
        4
      ],
      [
        0,
        2,
        3,
        4
      ],
      [
        3,
        4
      ],
      [],
      [
        3
      ]
    ],
    "front": [
      [],
      [
        0,
        2
      ],
      [
        0
      ],
      [
        0,
        1,
        2,
        4
      ],
      [
        0,
        1,
        2
      ]
    ],
    "right": [
      [
        1
      ],
      [],
      [
        0,
        1
      ],
      [
        0,
        1,
        2,
        4
      ],
      [
        0,
        1,
        2
      ]
    ],
    "behind": [
      [
        1,
        2,
        3,
        4
      ],
      [
        3,
        4
      ],
      [
        1,
        3,
        4
      ],
      [],
      [
        3
      ]
    ]
  },
  "split": "new",
  "image_index": 592,
  "objects": [
    {
      "3d_coords": [
        2.861424684524536,
        -0.6191184520721436,
        0.3499999940395355
      ],
      "x": 196,
      "pixel_coords": [
        213,
        153,
        9.37558650970459
      ],
      "material": "rubber",
      "size": "small",
      "width": 36,
      "height": 39,
      "color": "red",
      "y": 134,
      "shape": "cube",
      "rotation": 259.29379199611446
    },
    {
      "3d_coords": [
        1.9840278625488281,
        1.9374675750732422,
        0.3499999940395355
      ],
      "x": 233,
      "pixel_coords": [
        245,
        113,
        11.450355529785156
      ],
      "material": "metal",
      "size": "small",
      "width": 24,
      "height": 28,
      "color": "purple",
      "y": 99,
      "shape": "cylinder",
      "rotation": 202.04020818132975
    },
    {
      "3d_coords": [
        1.4708638191223145,
        -0.43598511815071106,
        0.699999988079071
      ],
      "x": 158,
      "pixel_coords": [
        182,
        121,
        10.237201690673828
      ],
      "material": "rubber",
      "size": "large",
      "width": 52,
      "height": 62,
      "color": "blue",
      "y": 91,
      "shape": "cube",
      "rotation": 263.19460648780756
    },
    {
      "3d_coords": [
        -2.571668863296509,
        0.03268695995211601,
        0.699999988079071
      ],
      "x": 89,
      "pixel_coords": [
        115,
        79,
        13.183333396911621
      ],
      "material": "rubber",
      "size": "large",
      "width": 50,
      "height": 50,
      "color": "red",
      "y": 55,
      "shape": "cube",
      "rotation": 357.05172322208443
    },
    {
      "3d_coords": [
        -0.8519777059555054,
        -0.0300629660487175,
        0.3499999940395355
      ],
      "x": 133,
      "pixel_coords": [
        143,
        103,
        12.174551010131836
      ],
      "material": "rubber",
      "size": "small",
      "width": 20,
      "height": 20,
      "color": "cyan",
      "y": 93,
      "shape": "sphere",
      "rotation": 264.77124525484317
    }
  ]
}