{
  "image_filename": "CLEVR_new_000355.png",
  "directions": {
    "above": [
      0.0,
      0.0,
      1.0
    ],
    "behind": [
      -0.754490315914154,
      0.6563112735748291,
      0.0
    ],
    "left": [
      -0.6563112735748291,
      -0.7544902563095093,
      0.0
    ],
    "below": [
      -0.0,
      -0.0,
      -1.0
    ],
    "right": [
      0.6563112735748291,
      0.7544902563095093,
      -0.0
    ],
    "front": [
      0.754490315914154,
      -0.6563112735748291,
      -0.0
    ]
  },
  "relationships": {
    "left": [
      [
        1,
        2,
        3,
        6,
        7
      ],
      [
        2,
        3,
        6,
        7
      ],
      [
        3,
        6,
        7
      ],
      [
        6,
        7
      ],
      [
        0,
        1,
        2,
        3,
        5,
        6,
        7
      ],
      [
        0,
        1,
        2,
        3,
        6,
        7
      ],
      [],
      [
        6
      ]
    ],
    "front": [
      [
        3,
        5
      ],
      [
        0,
        2,
        3,
        4,
        5,
        6,
        7
      ],
      [
        0,
        3,
        5,
        6
      ],
      [],
      [
        0,
        2,
        3,
        5,
        6
      ],
      [
        3
      ],
      [
        0,
        3,
        5
      ],
      [
        0,
        2,
        3,
        4,
        5,
        6
      ]
    ],
    "right": [
      [
        4,
        5
      ],
      [
        0,
        4,
        5
      ],
      [
        0,
        1,
        4,
        5
      ],
      [
        0,
        1,
        2,
        4,
        5
      ],
      [],
      [
        4
      ],
      [
        0,
        1,
        2,
        3,
        4,
        5,
        7
      ],
      [
        0,
        1,
        2,
        3,
        4,
        5
      ]
    ],
    "behind": [
      [
        1,
        2,
        4,
        6,
        7
      ],
      [],
      [
        1,
        4,
        7
      ],
      [
        0,
        1,
        2,
        4,
        5,
        6,
        7
      ],
      [
        1,
        7
      ],
      [
        0,
        1,
        2,
        4,
        6,
        7
      ],
      [
        1,
        2,
        4,
        7
      ],
      [
        1
      ]
    ]
  },
  "split": "new",
  "image_index": 355,
  "objects": [
    {
      "3d_coords": [
        1.7343696355819702,
        0.38114503026008606,
        0.3499999940395355
      ],
      "x": 192,
      "pixel_coords": [
        207,
        126,
        10.707975387573242
      ],
      "material": "rubber",
      "size": "small",
      "width": 29,
      "height": 32,
      "color": "purple",
      "y": 110,
      "shape": "cube",
      "rotation": 49.1094898788123
    },
    {
      "3d_coords": [
        -2.5600287914276123,
        2.8511106967926025,
        0.699999988079071
      ],
      "x": 155,
      "pixel_coords": [
        171,
        65,
        14.88537883758545
      ],
      "material": "rubber",
      "size": "large",
      "width": 34,
      "height": 42,
      "color": "green",
      "y": 44,
      "shape": "cylinder",
      "rotation": 326.1690721144832
    },
    {
      "3d_coords": [
        -0.32592740654945374,
        0.23701822757720947,
        0.699999988079071
      ],
      "x": 138,
      "pixel_coords": [
        159,
        96,
        11.854544639587402
      ],
      "material": "rubber",
      "size": "large",
      "width": 42,
      "height": 54,
      "color": "gray",
      "y": 70,
      "shape": "cylinder",
      "rotation": 92.99877807350373
    },
    {
      "3d_coords": [
        2.2144103050231934,
        -2.7053589820861816,
        0.699999988079071
      ],
      "x": 94,
      "pixel_coords": [
        135,
        159,
        8.425780296325684
      ],
      "material": "metal",
      "size": "large",
      "width": 81,
      "height": 88,
      "color": "gray",
      "y": 117,
      "shape": "cube",
      "rotation": 128.93712129478874
    },
    {
      "3d_coords": [
        1.1434035301208496,
        2.8481805324554443,
        0.699999988079071
      ],
      "x": 222,
      "pixel_coords": [
        242,
        90,
        12.386558532714844
      ],
      "material": "rubber",
      "size": "large",
      "width": 41,
      "height": 40,
      "color": "gray",
      "y": 70,
      "shape": "sphere",
      "rotation": 309.1365988303576
    },
    {
      "3d_coords": [
        2.876140832901001,
        0.43172165751457214,
        0.3499999940395355
      ],
      "x": 221,
      "pixel_coords": [
        238,
        139,
        9.967608451843262
      ],
      "material": "metal",
      "size": "small",
      "width": 33,
      "height": 36,
      "color": "gray",
      "y": 122,
      "shape": "cube",
      "rotation": 83.51475953725088
    },
    {
      "3d_coords": [
        -2.2836384773254395,
        -2.6857991218566895,
        0.699999988079071
      ],
      "x": 24,
      "pixel_coords": [
        52,
        101,
        11.470084190368652
      ],
      "material": "metal",
      "size": "large",
      "width": 57,
      "height": 59,
      "color": "gray",
      "y": 73,
      "shape": "cube",
      "rotation": 125.4593324280728
    },
    {
      "3d_coords": [
        -2.9415342807769775,
        -0.47116366028785706,
        0.3499999940395355
      ],
      "x": 89,
      "pixel_coords": [
        100,
        89,
        13.36375904083252
      ],
      "material": "rubber",
      "size": "small",
      "width": 23,
      "height": 25,
      "color": "cyan",
      "y": 77,
      "shape": "cube",
      "rotation": 111.1968681849657
    }
  ]
}