{
  "image_filename": "CLEVR_new_000340.png",
  "directions": {
    "above": [
      0.0,
      0.0,
      1.0
    ],
    "behind": [
      -0.754490315914154,
      0.6563112735748291,
      0.0
    ],
    "left": [
      -0.6563112735748291,
      -0.7544902563095093,
      0.0
    ],
    "below": [
      -0.0,
      -0.0,
      -1.0
    ],
    "right": [
      0.6563112735748291,
      0.7544902563095093,
      -0.0
    ],
    "front": [
      0.754490315914154,
      -0.6563112735748291,
      -0.0
    ]
  },
  "relationships": {
    "left": [
      [
        3,
        4
      ],
      [
        0,
        3,
        4,
        6
      ],
      [
        0,
        1,
        3,
        4,
        6
      ],
      [],
      [
        3
      ],
      [
        0,
        1,
        2,
        3,
        4,
        6
      ],
      [
        0,
        3,
        4
      ]
    ],
    "front": [
      [],
      [
        0
      ],
      [
        0,
        1,
        5
      ],
      [
        0,
        1,
        2,
        5
      ],
      [
        0,
        1,
        2,
        3,
        5,
        6
      ],
      [
        0,
        1
      ],
      [
        0,
        1,
        2,
        3,
        5
      ]
    ],
    "right": [
      [
        1,
        2,
        5,
        6
      ],
      [
        2,
        5
      ],
      [
        5
      ],
      [
        0,
        1,
        2,
        4,
        5,
        6
      ],
      [
        0,
        1,
        2,
        5,
        6
      ],
      [],
      [
        1,
        2,
        5
      ]
    ],
    "behind": [
      [
        1,
        2,
        3,
        4,
        5,
        6
      ],
      [
        2,
        3,
        4,
        5,
        6
      ],
      [
        3,
        4,
        6
      ],
      [
        4,
        6
      ],
      [],
      [
        2,
        3,
        4,
        6
      ],
      [
        4
      ]
    ]
  },
  "split": "new",
  "image_index": 340,
  "objects": [
    {
      "3d_coords": [
        0.9472066760063171,
        -1.3700387477874756,
        0.3499999940395355
      ],
      "x": 132,
      "pixel_coords": [
        145,
        139,
        9.438020706176758
      ],
      "material": "rubber",
      "size": "small",
      "width": 26,
      "height": 26,
      "color": "gray",
      "y": 126,
      "shape": "sphere",
      "rotation": 186.13827119372237
    },
    {
      "3d_coords": [
        1.22506844997406,
        -0.2666665017604828,
        0.3499999940395355
      ],
      "x": 165,
      "pixel_coords": [
        181,
        129,
        9.881046295166016
      ],
      "material": "metal",
      "size": "small",
      "width": 33,
      "height": 36,
      "color": "gray",
      "y": 111,
      "shape": "cube",
      "rotation": 215.0145991893637
    },
    {
      "3d_coords": [
        0.6982606053352356,
        0.9260112047195435,
        0.3499999940395355
      ],
      "x": 186,
      "pixel_coords": [
        197,
        109,
        10.899736404418945
      ],
      "material": "rubber",
      "size": "small",
      "width": 24,
      "height": 30,
      "color": "red",
      "y": 94,
      "shape": "cylinder",
      "rotation": 188.17359556913254
    },
    {
      "3d_coords": [
        -2.0711565017700195,
        -1.2371487617492676,
        0.3499999940395355
      ],
      "x": 78,
      "pixel_coords": [
        90,
        99,
        11.483015060424805
      ],
      "material": "rubber",
      "size": "small",
      "width": 25,
      "height": 29,
      "color": "brown",
      "y": 85,
      "shape": "cube",
      "rotation": 40.40844568424892
    },
    {
      "3d_coords": [
        -2.927086114883423,
        0.3998357653617859,
        0.699999988079071
      ],
      "x": 96,
      "pixel_coords": [
        116,
        69,
        12.791547775268555
      ],
      "material": "rubber",
      "size": "large",
      "width": 39,
      "height": 39,
      "color": "yellow",
      "y": 50,
      "shape": "sphere",
      "rotation": 278.2327016635529
    },
    {
      "3d_coords": [
        1.8742778301239014,
        1.414419412612915,
        0.3499999940395355
      ],
      "x": 222,
      "pixel_coords": [
        237,
        118,
        10.408635139465332
      ],
      "material": "metal",
      "size": "small",
      "width": 31,
      "height": 31,
      "color": "yellow",
      "y": 103,
      "shape": "cube",
      "rotation": 19.790129775618162
    },
    {
      "3d_coords": [
        -1.3008970022201538,
        1.3212714195251465,
        0.3499999940395355
      ],
      "x": 151,
      "pixel_coords": [
        164,
        85,
        12.428058624267578
      ],
      "material": "metal",
      "size": "small",
      "width": 27,
      "height": 28,
      "color": "green",
      "y": 72,
      "shape": "cube",
      "rotation": 218.51228716599172
    }
  ]
}