{
  "image_filename": "CLEVR_new_000430.png",
  "directions": {
    "above": [
      0.0,
      0.0,
      1.0
    ],
    "behind": [
      -0.754490315914154,
      0.6563112735748291,
      0.0
    ],
    "left": [
      -0.6563112735748291,
      -0.7544902563095093,
      0.0
    ],
    "below": [
      -0.0,
      -0.0,
      -1.0
    ],
    "right": [
      0.6563112735748291,
      0.7544902563095093,
      -0.0
    ],
    "front": [
      0.754490315914154,
      -0.6563112735748291,
      -0.0
    ]
  },
  "relationships": {
    "left": [
      [
        1,
        2,
        7,
        9
      ],
      [
        2,
        7,
        9
      ],
      [],
      [
        0,
        1,
        2,
        5,
        6,
        7,
        9
      ],
      [
        0,
        1,
        2,
        3,
        5,
        6,
        7,
        9
      ],
      [
        0,
        1,
        2,
        6,
        7,
        9
      ],
      [
        0,
        1,
        2,
        7,
        9
      ],
      [
        2
      ],
      [
        0,
        1,
        2,
        3,
        4,
        5,
        6,
        7,
        9
      ],
      [
        2,
        7
      ]
    ],
    "front": [
      [
        3,
        6,
        9
      ],
      [
        0,
        2,
        3,
        4,
        6,
        8,
        9
      ],
      [
        0,
        3,
        6,
        8,
        9
      ],
      [
        6
      ],
      [
        0,
        2,
        3,
        6,
        8,
        9
      ],
      [
        0,
        1,
        2,
        3,
        4,
        6,
        7,
        8,
        9
      ],
      [],
      [
        0,
        1,
        2,
        3,
        4,
        6,
        8,
        9
      ],
      [
        0,
        3,
        6,
        9
      ],
      [
        3,
        6
      ]
    ],
    "right": [
      [
        3,
        4,
        5,
        6,
        8
      ],
      [
        0,
        3,
        4,
        5,
        6,
        8
      ],
      [
        0,
        1,
        3,
        4,
        5,
        6,
        7,
        8,
        9
      ],
      [
        4,
        8
      ],
      [
        8
      ],
      [
        3,
        4,
        8
      ],
      [
        3,
        4,
        5,
        8
      ],
      [
        0,
        1,
        3,
        4,
        5,
        6,
        8,
        9
      ],
      [],
      [
        0,
        1,
        3,
        4,
        5,
        6,
        8
      ]
    ],
    "behind": [
      [
        1,
        2,
        4,
        5,
        7,
        8
      ],
      [
        5,
        7
      ],
      [
        1,
        4,
        5,
        7
      ],
      [
        0,
        1,
        2,
        4,
        5,
        7,
        8,
        9
      ],
      [
        1,
        5,
        7
      ],
      [],
      [
        0,
        1,
        2,
        3,
        4,
        5,
        7,
        8,
        9
      ],
      [
        5
      ],
      [
        1,
        2,
        4,
        5,
        7
      ],
      [
        0,
        1,
        2,
        4,
        5,
        7,
        8
      ]
    ]
  },
  "split": "new",
  "image_index": 430,
  "objects": [
    {
      "3d_coords": [
        0.5503072142601013,
        -0.6170737147331238,
        0.3499999940395355
      ],
      "x": 144,
      "pixel_coords": [
        156,
        123,
        10.346646308898926
      ],
      "material": "rubber",
      "size": "small",
      "width": 25,
      "height": 31,
      "color": "blue",
      "y": 107,
      "shape": "cube",
      "rotation": 324.53505948724387
    },
    {
      "3d_coords": [
        -1.717960238456726,
        -0.01036890596151352,
        0.3499999940395355
      ],
      "x": 118,
      "pixel_coords": [
        128,
        93,
        12.214932441711426
      ],
      "material": "rubber",
      "size": "small",
      "width": 20,
      "height": 20,
      "color": "red",
      "y": 83,
      "shape": "sphere",
      "rotation": 15.901256874023307
    },
    {
      "3d_coords": [
        -1.7284951210021973,
        -1.7691729068756104,
        0.699999988079071
      ],
      "x": 59,
      "pixel_coords": [
        82,
        98,
        11.056020736694336
      ],
      "material": "metal",
      "size": "large",
      "width": 45,
      "height": 44,
      "color": "blue",
      "y": 76,
      "shape": "sphere",
      "rotation": 276.2587854044321
    },
    {
      "3d_coords": [
        2.7212085723876953,
        -0.3737385869026184,
        0.699999988079071
      ],
      "x": 187,
      "pixel_coords": [
        218,
        139,
        8.860555648803711
      ],
      "material": "metal",
      "size": "large",
      "width": 63,
      "height": 76,
      "color": "purple",
      "y": 102,
      "shape": "cube",
      "rotation": 80.80515867685872
    },
    {
      "3d_coords": [
        1.0269668102264404,
        2.189842939376831,
        0.3499999940395355
      ],
      "x": 215,
      "pixel_coords": [
        230,
        102,
        11.621870040893555
      ],
      "material": "rubber",
      "size": "small",
      "width": 30,
      "height": 30,
      "color": "purple",
      "y": 87,
      "shape": "cube",
      "rotation": 83.23122729400404
    },
    {
      "3d_coords": [
        -2.0071840286254883,
        2.9956634044647217,
        0.699999988079071
      ],
      "x": 167,
      "pixel_coords": [
        185,
        63,
        13.951388359069824
      ],
      "material": "metal",
      "size": "large",
      "width": 36,
      "height": 45,
      "color": "gray",
      "y": 41,
      "shape": "cylinder",
      "rotation": 259.14054302678403
    },
    {
      "3d_coords": [
        2.9219017028808594,
        -1.9137569665908813,
        0.3499999940395355
      ],
      "x": 163,
      "pixel_coords": [
        179,
        178,
        8.01679801940918
      ],
      "material": "rubber",
      "size": "small",
      "width": 31,
      "height": 31,
      "color": "blue",
      "y": 163,
      "shape": "sphere",
      "rotation": 217.69106184678037
    },
    {
      "3d_coords": [
        -2.6646008491516113,
        -0.35736265778541565,
        0.3499999940395355
      ],
      "x": 94,
      "pixel_coords": [
        105,
        88,
        12.653511047363281
      ],
      "material": "metal",
      "size": "small",
      "width": 21,
      "height": 25,
      "color": "purple",
      "y": 75,
      "shape": "cylinder",
      "rotation": 231.30581136536395
    },
    {
      "3d_coords": [
        2.8747217655181885,
        2.7497854232788086,
        0.3499999940395355
      ],
      "x": 273,
      "pixel_coords": [
        289,
        116,
        10.699103355407715
      ],
      "material": "metal",
      "size": "small",
      "width": 33,
      "height": 33,
      "color": "purple",
      "y": 100,
      "shape": "cube",
      "rotation": 165.14380730764287
    },
    {
      "3d_coords": [
        0.0007531086448580027,
        -2.110790729522705,
        0.699999988079071
      ],
      "x": 76,
      "pixel_coords": [
        102,
        121,
        9.700428009033203
      ],
      "material": "rubber",
      "size": "large",
      "width": 51,
      "height": 51,
      "color": "blue",
      "y": 96,
      "shape": "sphere",
      "rotation": 358.30035280599884
    }
  ]
}