{
  "image_filename": "CLEVR_new_000379.png",
  "directions": {
    "above": [
      0.0,
      0.0,
      1.0
    ],
    "behind": [
      -0.754490315914154,
      0.6563112735748291,
      0.0
    ],
    "left": [
      -0.6563112735748291,
      -0.7544902563095093,
      0.0
    ],
    "below": [
      -0.0,
      -0.0,
      -1.0
    ],
    "right": [
      0.6563112735748291,
      0.7544902563095093,
      -0.0
    ],
    "front": [
      0.754490315914154,
      -0.6563112735748291,
      -0.0
    ]
  },
  "relationships": {
    "left": [
      [],
      [
        0
      ],
      [
        0,
        1,
        3
      ],
      [
        0,
        1
      ]
    ],
    "front": [
      [
        1
      ],
      [],
      [
        0,
        1
      ],
      [
        0,
        1,
        2
      ]
    ],
    "right": [
      [
        1,
        2,
        3
      ],
      [
        2,
        3
      ],
      [],
      [
        2
      ]
    ],
    "behind": [
      [
        2,
        3
      ],
      [
        0,
        2,
        3
      ],
      [
        3
      ],
      []
    ]
  },
  "split": "new",
  "image_index": 379,
  "objects": [
    {
      "3d_coords": [
        -0.9400838613510132,
        -1.617430567741394,
        0.3499999940395355
      ],
      "x": 90,
      "pixel_coords": [
        102,
        114,
        11.061868667602539
      ],
      "material": "rubber",
      "size": "small",
      "width": 24,
      "height": 29,
      "color": "cyan",
      "y": 100,
      "shape": "cylinder",
      "rotation": 95.72664564122407
    },
    {
      "3d_coords": [
        2.4493045806884766,
        -2.448725461959839,
        0.3499999940395355
      ],
      "x": 132,
      "pixel_coords": [
        148,
        168,
        8.226226806640625
      ],
      "material": "rubber",
      "size": "small",
      "width": 30,
      "height": 41,
      "color": "cyan",
      "y": 148,
      "shape": "cylinder",
      "rotation": 97.852978044289
    },
    {
      "3d_coords": [
        0.6447324752807617,
        2.689704656600952,
        0.699999988079071
      ],
      "x": 204,
      "pixel_coords": [
        230,
        87,
        12.333538055419922
      ],
      "material": "rubber",
      "size": "large",
      "width": 55,
      "height": 52,
      "color": "red",
      "y": 62,
      "shape": "cube",
      "rotation": 9.040011514023846
    },
    {
      "3d_coords": [
        -1.223190426826477,
        1.3980436325073242,
        0.3499999940395355
      ],
      "x": 158,
      "pixel_coords": [
        168,
        91,
        13.020918846130371
      ],
      "material": "rubber",
      "size": "small",
      "width": 19,
      "height": 24,
      "color": "brown",
      "y": 79,
      "shape": "cylinder",
      "rotation": 320.1112658762623
    }
  ]
}