{
  "image_filename": "CLEVR_new_000472.png",
  "directions": {
    "above": [
      0.0,
      0.0,
      1.0
    ],
    "behind": [
      -0.754490315914154,
      0.6563112735748291,
      0.0
    ],
    "left": [
      -0.6563112735748291,
      -0.7544902563095093,
      0.0
    ],
    "below": [
      -0.0,
      -0.0,
      -1.0
    ],
    "right": [
      0.6563112735748291,
      0.7544902563095093,
      -0.0
    ],
    "front": [
      0.754490315914154,
      -0.6563112735748291,
      -0.0
    ]
  },
  "relationships": {
    "left": [
      [],
      [
        0,
        5
      ],
      [
        0,
        1,
        3,
        4,
        5,
        6,
        7
      ],
      [
        0,
        1,
        5,
        7
      ],
      [
        0,
        1,
        3,
        5,
        7
      ],
      [
        0
      ],
      [
        0,
        1,
        3,
        4,
        5,
        7
      ],
      [
        0,
        1,
        5
      ]
    ],
    "front": [
      [
        1,
        2,
        3,
        5,
        6,
        7
      ],
      [],
      [
        1,
        3,
        5,
        6,
        7
      ],
      [
        1
      ],
      [
        0,
        1,
        2,
        3,
        5,
        6,
        7
      ],
      [
        1,
        3,
        6
      ],
      [
        1,
        3
      ],
      [
        1,
        3,
        5,
        6
      ]
    ],
    "right": [
      [
        1,
        2,
        3,
        4,
        5,
        6,
        7
      ],
      [
        2,
        3,
        4,
        6,
        7
      ],
      [],
      [
        2,
        4,
        6
      ],
      [
        2,
        6
      ],
      [
        1,
        2,
        3,
        4,
        6,
        7
      ],
      [
        2
      ],
      [
        2,
        3,
        4,
        6
      ]
    ],
    "behind": [
      [
        4
      ],
      [
        0,
        2,
        3,
        4,
        5,
        6,
        7
      ],
      [
        0,
        4
      ],
      [
        0,
        2,
        4,
        5,
        6,
        7
      ],
      [],
      [
        0,
        2,
        4,
        7
      ],
      [
        0,
        2,
        4,
        5,
        7
      ],
      [
        0,
        2,
        4
      ]
    ]
  },
  "split": "new",
  "image_index": 472,
  "objects": [
    {
      "3d_coords": [
        -2.6470253467559814,
        -1.259893774986267,
        0.3499999940395355
      ],
      "x": 70,
      "pixel_coords": [
        83,
        96,
        12.423158645629883
      ],
      "material": "rubber",
      "size": "small",
      "width": 27,
      "height": 28,
      "color": "blue",
      "y": 83,
      "shape": "cube",
      "rotation": 20.320296961703374
    },
    {
      "3d_coords": [
        2.062636375427246,
        -2.9349052906036377,
        0.699999988079071
      ],
      "x": 94,
      "pixel_coords": [
        128,
        168,
        8.255988121032715
      ],
      "material": "metal",
      "size": "large",
      "width": 69,
      "height": 86,
      "color": "gray",
      "y": 126,
      "shape": "cube",
      "rotation": 41.914908013111464
    },
    {
      "3d_coords": [
        1.452590823173523,
        2.476602792739868,
        0.3499999940395355
      ],
      "x": 230,
      "pixel_coords": [
        242,
        102,
        12.01369857788086
      ],
      "material": "metal",
      "size": "small",
      "width": 23,
      "height": 27,
      "color": "yellow",
      "y": 89,
      "shape": "cylinder",
      "rotation": 136.1584415085646
    },
    {
      "3d_coords": [
        1.8481847047805786,
        -1.3971034288406372,
        0.3499999940395355
      ],
      "x": 155,
      "pixel_coords": [
        168,
        151,
        9.473846435546875
      ],
      "material": "rubber",
      "size": "small",
      "width": 26,
      "height": 36,
      "color": "green",
      "y": 133,
      "shape": "cylinder",
      "rotation": 352.8239664276441
    },
    {
      "3d_coords": [
        -0.8323597311973572,
        2.7997186183929443,
        0.699999988079071
      ],
      "x": 179,
      "pixel_coords": [
        199,
        72,
        13.489527702331543
      ],
      "material": "metal",
      "size": "large",
      "width": 42,
      "height": 46,
      "color": "green",
      "y": 49,
      "shape": "cube",
      "rotation": 236.5004794489455
    },
    {
      "3d_coords": [
        -0.19520534574985504,
        -2.0545687675476074,
        0.3499999940395355
      ],
      "x": 93,
      "pixel_coords": [
        105,
        131,
        10.389451026916504
      ],
      "material": "rubber",
      "size": "small",
      "width": 24,
      "height": 24,
      "color": "brown",
      "y": 119,
      "shape": "sphere",
      "rotation": 120.9609932350219
    },
    {
      "3d_coords": [
        2.7942166328430176,
        0.4499610662460327,
        0.3499999940395355
      ],
      "x": 224,
      "pixel_coords": [
        238,
        140,
        9.960901260375977
      ],
      "material": "metal",
      "size": "small",
      "width": 28,
      "height": 35,
      "color": "brown",
      "y": 123,
      "shape": "cube",
      "rotation": 140.38653429371684
    },
    {
      "3d_coords": [
        -0.18078307807445526,
        -0.2551308572292328,
        0.3499999940395355
      ],
      "x": 137,
      "pixel_coords": [
        151,
        111,
        11.442821502685547
      ],
      "material": "rubber",
      "size": "small",
      "width": 28,
      "height": 31,
      "color": "blue",
      "y": 96,
      "shape": "cube",
      "rotation": 258.9528532185734
    }
  ]
}