{
  "image_filename": "CLEVR_new_000185.png",
  "directions": {
    "above": [
      0.0,
      0.0,
      1.0
    ],
    "behind": [
      -0.754490315914154,
      0.6563112735748291,
      0.0
    ],
    "left": [
      -0.6563112735748291,
      -0.7544902563095093,
      0.0
    ],
    "below": [
      -0.0,
      -0.0,
      -1.0
    ],
    "right": [
      0.6563112735748291,
      0.7544902563095093,
      -0.0
    ],
    "front": [
      0.754490315914154,
      -0.6563112735748291,
      -0.0
    ]
  },
  "relationships": {
    "left": [
      [
        2
      ],
      [
        0,
        2
      ],
      []
    ],
    "front": [
      [],
      [
        0
      ],
      [
        0,
        1
      ]
    ],
    "right": [
      [
        1
      ],
      [],
      [
        0,
        1
      ]
    ],
    "behind": [
      [
        1,
        2
      ],
      [
        2
      ],
      []
    ]
  },
  "split": "new",
  "image_index": 185,
  "objects": [
    {
      "3d_coords": [
        1.096396565437317,
        -1.5556265115737915,
        0.3499999940395355
      ],
      "x": 128,
      "pixel_coords": [
        144,
        141,
        10.044586181640625
      ],
      "material": "rubber",
      "size": "small",
      "width": 32,
      "height": 36,
      "color": "gray",
      "y": 123,
      "shape": "cube",
      "rotation": 265.8930501839644
    },
    {
      "3d_coords": [
        1.910908818244934,
        1.2762422561645508,
        0.699999988079071
      ],
      "x": 208,
      "pixel_coords": [
        231,
        110,
        10.9548921585083
      ],
      "material": "rubber",
      "size": "large",
      "width": 46,
      "height": 45,
      "color": "blue",
      "y": 88,
      "shape": "sphere",
      "rotation": 180.13661894098243
    },
    {
      "3d_coords": [
        -1.8684465885162354,
        0.34605467319488525,
        0.3499999940395355
      ],
      "x": 124,
      "pixel_coords": [
        134,
        90,
        13.085566520690918
      ],
      "material": "rubber",
      "size": "small",
      "width": 19,
      "height": 25,
      "color": "gray",
      "y": 78,
      "shape": "cylinder",
      "rotation": 13.581124239372233
    }
  ]
}