{
  "image_filename": "CLEVR_new_000389.png",
  "directions": {
    "above": [
      0.0,
      0.0,
      1.0
    ],
    "behind": [
      -0.754490315914154,
      0.6563112735748291,
      0.0
    ],
    "left": [
      -0.6563112735748291,
      -0.7544902563095093,
      0.0
    ],
    "below": [
      -0.0,
      -0.0,
      -1.0
    ],
    "right": [
      0.6563112735748291,
      0.7544902563095093,
      -0.0
    ],
    "front": [
      0.754490315914154,
      -0.6563112735748291,
      -0.0
    ]
  },
  "relationships": {
    "left": [
      [
        2,
        4,
        7
      ],
      [
        0,
        2,
        3,
        4,
        5,
        6,
        7
      ],
      [
        4
      ],
      [
        0,
        2,
        4,
        5,
        6,
        7
      ],
      [],
      [
        0,
        2,
        4,
        7
      ],
      [
        0,
        2,
        4,
        5,
        7
      ],
      [
        2,
        4
      ]
    ],
    "front": [
      [
        6,
        7
      ],
      [
        0,
        4,
        6,
        7
      ],
      [
        0,
        1,
        4,
        5,
        6,
        7
      ],
      [
        0,
        1,
        2,
        4,
        5,
        6,
        7
      ],
      [
        0,
        6,
        7
      ],
      [
        0,
        1,
        4,
        6,
        7
      ],
      [],
      [
        6
      ]
    ],
    "right": [
      [
        1,
        3,
        5,
        6
      ],
      [],
      [
        0,
        1,
        3,
        5,
        6,
        7
      ],
      [
        1
      ],
      [
        0,
        1,
        2,
        3,
        5,
        6,
        7
      ],
      [
        1,
        3,
        6
      ],
      [
        1,
        3
      ],
      [
        0,
        1,
        3,
        5,
        6
      ]
    ],
    "behind": [
      [
        1,
        2,
        3,
        4,
        5
      ],
      [
        2,
        3,
        5
      ],
      [
        3
      ],
      [],
      [
        1,
        2,
        3,
        5
      ],
      [
        2,
        3
      ],
      [
        0,
        1,
        2,
        3,
        4,
        5,
        7
      ],
      [
        0,
        1,
        2,
        3,
        4,
        5
      ]
    ]
  },
  "split": "new",
  "image_index": 389,
  "objects": [
    {
      "3d_coords": [
        0.5545585751533508,
        -1.268521785736084,
        0.3499999940395355
      ],
      "x": 125,
      "pixel_coords": [
        138,
        130,
        9.491132736206055
      ],
      "material": "metal",
      "size": "small",
      "width": 26,
      "height": 26,
      "color": "blue",
      "y": 117,
      "shape": "sphere",
      "rotation": 301.8431691953839
    },
    {
      "3d_coords": [
        2.0782909393310547,
        2.7363853454589844,
        0.699999988079071
      ],
      "x": 247,
      "pixel_coords": [
        273,
        96,
        10.643505096435547
      ],
      "material": "rubber",
      "size": "large",
      "width": 54,
      "height": 60,
      "color": "red",
      "y": 67,
      "shape": "cylinder",
      "rotation": 81.38476801808491
    },
    {
      "3d_coords": [
        -2.628786563873291,
        -0.9039791822433472,
        0.699999988079071
      ],
      "x": 66,
      "pixel_coords": [
        88,
        82,
        11.67190170288086
      ],
      "material": "rubber",
      "size": "large",
      "width": 43,
      "height": 42,
      "color": "brown",
      "y": 61,
      "shape": "sphere",
      "rotation": 178.15639629930865
    },
    {
      "3d_coords": [
        -0.8682714104652405,
        2.507969617843628,
        0.3499999940395355
      ],
      "x": 187,
      "pixel_coords": [
        197,
        82,
        12.643367767333984
      ],
      "material": "metal",
      "size": "small",
      "width": 19,
      "height": 19,
      "color": "gray",
      "y": 72,
      "shape": "sphere",
      "rotation": 93.33035920197092
    },
    {
      "3d_coords": [
        -1.7826964855194092,
        -2.640275478363037,
        0.699999988079071
      ],
      "x": 24,
      "pixel_coords": [
        50,
        105,
        10.094206809997559
      ],
      "material": "metal",
      "size": "large",
      "width": 51,
      "height": 49,
      "color": "red",
      "y": 80,
      "shape": "sphere",
      "rotation": 283.7490695376742
    },
    {
      "3d_coords": [
        -0.7195769548416138,
        0.38646620512008667,
        0.699999988079071
      ],
      "x": 126,
      "pixel_coords": [
        154,
        89,
        11.146353721618652
      ],
      "material": "rubber",
      "size": "large",
      "width": 55,
      "height": 59,
      "color": "blue",
      "y": 61,
      "shape": "cube",
      "rotation": 281.7095572933641
    },
    {
      "3d_coords": [
        2.864375114440918,
        -2.1298298835754395,
        0.699999988079071
      ],
      "x": 127,
      "pixel_coords": [
        173,
        169,
        7.2823991775512695
      ],
      "material": "metal",
      "size": "large",
      "width": 93,
      "height": 103,
      "color": "brown",
      "y": 121,
      "shape": "cube",
      "rotation": 99.14228299762647
    },
    {
      "3d_coords": [
        0.5479104518890381,
        -2.3982677459716797,
        0.3499999940395355
      ],
      "x": 88,
      "pixel_coords": [
        103,
        144,
        8.837366104125977
      ],
      "material": "metal",
      "size": "small",
      "width": 28,
      "height": 28,
      "color": "red",
      "y": 130,
      "shape": "sphere",
      "rotation": 249.19904837979902
    }
  ]
}