{
  "image_filename": "CLEVR_new_000383.png",
  "directions": {
    "above": [
      0.0,
      0.0,
      1.0
    ],
    "behind": [
      -0.754490315914154,
      0.6563112735748291,
      0.0
    ],
    "left": [
      -0.6563112735748291,
      -0.7544902563095093,
      0.0
    ],
    "below": [
      -0.0,
      -0.0,
      -1.0
    ],
    "right": [
      0.6563112735748291,
      0.7544902563095093,
      -0.0
    ],
    "front": [
      0.754490315914154,
      -0.6563112735748291,
      -0.0
    ]
  },
  "relationships": {
    "left": [
      [
        2,
        4,
        5,
        6,
        7
      ],
      [
        0,
        2,
        4,
        5,
        6,
        7,
        8
      ],
      [
        5,
        6,
        7
      ],
      [
        0,
        1,
        2,
        4,
        5,
        6,
        7,
        8
      ],
      [
        2,
        5,
        6,
        7
      ],
      [
        7
      ],
      [
        5,
        7
      ],
      [],
      [
        0,
        2,
        4,
        5,
        6,
        7
      ]
    ],
    "front": [
      [
        2,
        8
      ],
      [
        0,
        2,
        3,
        5,
        6,
        7,
        8
      ],
      [],
      [
        0,
        2,
        5,
        8
      ],
      [
        0,
        1,
        2,
        3,
        5,
        6,
        7,
        8
      ],
      [
        0,
        2,
        8
      ],
      [
        0,
        2,
        3,
        5,
        7,
        8
      ],
      [
        0,
        2,
        3,
        5,
        8
      ],
      [
        2
      ]
    ],
    "right": [
      [
        1,
        3,
        8
      ],
      [
        3
      ],
      [
        0,
        1,
        3,
        4,
        8
      ],
      [],
      [
        0,
        1,
        3,
        8
      ],
      [
        0,
        1,
        2,
        3,
        4,
        6,
        8
      ],
      [
        0,
        1,
        2,
        3,
        4,
        8
      ],
      [
        0,
        1,
        2,
        3,
        4,
        5,
        6,
        8
      ],
      [
        1,
        3
      ]
    ],
    "behind": [
      [
        1,
        3,
        4,
        5,
        6,
        7
      ],
      [
        4
      ],
      [
        0,
        1,
        3,
        4,
        5,
        6,
        7,
        8
      ],
      [
        1,
        4,
        6,
        7
      ],
      [],
      [
        1,
        3,
        4,
        6,
        7
      ],
      [
        1,
        4
      ],
      [
        1,
        4,
        6
      ],
      [
        0,
        1,
        3,
        4,
        5,
        6,
        7
      ]
    ]
  },
  "split": "new",
  "image_index": 383,
  "objects": [
    {
      "3d_coords": [
        1.3739173412322998,
        -0.20523685216903687,
        0.699999988079071
      ],
      "x": 160,
      "pixel_coords": [
        185,
        118,
        9.81396198272705
      ],
      "material": "rubber",
      "size": "large",
      "width": 50,
      "height": 50,
      "color": "gray",
      "y": 93,
      "shape": "sphere",
      "rotation": 170.46470951878487
    },
    {
      "3d_coords": [
        -0.1615229696035385,
        2.915428638458252,
        0.699999988079071
      ],
      "x": 201,
      "pixel_coords": [
        221,
        78,
        12.604339599609375
      ],
      "material": "metal",
      "size": "large",
      "width": 39,
      "height": 39,
      "color": "brown",
      "y": 58,
      "shape": "sphere",
      "rotation": 101.21395435976885
    },
    {
      "3d_coords": [
        2.2667062282562256,
        -2.69736909866333,
        0.3499999940395355
      ],
      "x": 114,
      "pixel_coords": [
        129,
        176,
        7.978487014770508
      ],
      "material": "rubber",
      "size": "small",
      "width": 31,
      "height": 31,
      "color": "green",
      "y": 161,
      "shape": "sphere",
      "rotation": 69.2753361109856
    },
    {
      "3d_coords": [
        2.0371875762939453,
        2.0388247966766357,
        0.699999988079071
      ],
      "x": 229,
      "pixel_coords": [
        255,
        104,
        10.5902738571167
      ],
      "material": "rubber",
      "size": "large",
      "width": 53,
      "height": 61,
      "color": "cyan",
      "y": 75,
      "shape": "cylinder",
      "rotation": 1.663038349701238
    },
    {
      "3d_coords": [
        -2.687952756881714,
        2.4193291664123535,
        0.3499999940395355
      ],
      "x": 157,
      "pixel_coords": [
        166,
        72,
        14.250056266784668
      ],
      "material": "metal",
      "size": "small",
      "width": 17,
      "height": 22,
      "color": "red",
      "y": 61,
      "shape": "cylinder",
      "rotation": 144.0207090017774
    },
    {
      "3d_coords": [
        -0.7359830141067505,
        -1.9653400182724,
        0.3499999940395355
      ],
      "x": 81,
      "pixel_coords": [
        93,
        119,
        10.472421646118164
      ],
      "material": "rubber",
      "size": "small",
      "width": 24,
      "height": 23,
      "color": "blue",
      "y": 108,
      "shape": "sphere",
      "rotation": 112.1031475885752
    },
    {
      "3d_coords": [
        -1.3262050151824951,
        -0.13845627009868622,
        0.3499999940395355
      ],
      "x": 120,
      "pixel_coords": [
        133,
        98,
        11.891108512878418
      ],
      "material": "metal",
      "size": "small",
      "width": 25,
      "height": 28,
      "color": "cyan",
      "y": 84,
      "shape": "cube",
      "rotation": 60.93757227723225
    },
    {
      "3d_coords": [
        -2.422382116317749,
        -2.2292118072509766,
        0.699999988079071
      ],
      "x": 34,
      "pixel_coords": [
        60,
        94,
        11.339884757995605
      ],
      "material": "rubber",
      "size": "large",
      "width": 50,
      "height": 56,
      "color": "green",
      "y": 66,
      "shape": "cylinder",
      "rotation": 35.67633984539497
    },
    {
      "3d_coords": [
        2.811135768890381,
        -0.7796983122825623,
        0.3499999940395355
      ],
      "x": 192,
      "pixel_coords": [
        206,
        157,
        8.657458305358887
      ],
      "material": "metal",
      "size": "small",
      "width": 29,
      "height": 28,
      "color": "cyan",
      "y": 143,
      "shape": "sphere",
      "rotation": 231.9635680666027
    }
  ]
}