{
  "image_filename": "CLEVR_new_000283.png",
  "directions": {
    "above": [
      0.0,
      0.0,
      1.0
    ],
    "behind": [
      -0.754490315914154,
      0.6563112735748291,
      0.0
    ],
    "left": [
      -0.6563112735748291,
      -0.7544902563095093,
      0.0
    ],
    "below": [
      -0.0,
      -0.0,
      -1.0
    ],
    "right": [
      0.6563112735748291,
      0.7544902563095093,
      -0.0
    ],
    "front": [
      0.754490315914154,
      -0.6563112735748291,
      -0.0
    ]
  },
  "relationships": {
    "left": [
      [
        1,
        4,
        8
      ],
      [],
      [
        0,
        1,
        4,
        5,
        6,
        7,
        8,
        9
      ],
      [
        0,
        1,
        2,
        4,
        5,
        6,
        7,
        8,
        9
      ],
      [
        1,
        8
      ],
      [
        0,
        1,
        4,
        7,
        8
      ],
      [
        0,
        1,
        4,
        5,
        7,
        8
      ],
      [
        0,
        1,
        4,
        8
      ],
      [
        1
      ],
      [
        0,
        1,
        4,
        5,
        6,
        7,
        8
      ]
    ],
    "front": [
      [
        1,
        2,
        3,
        4,
        5,
        6,
        7,
        8,
        9
      ],
      [
        2,
        3,
        4,
        6,
        7,
        8
      ],
      [
        6,
        7,
        8
      ],
      [
        2,
        4,
        6,
        7,
        8
      ],
      [
        2,
        6,
        7,
        8
      ],
      [
        1,
        2,
        3,
        4,
        6,
        7,
        8
      ],
      [
        7
      ],
      [],
      [
        6,
        7
      ],
      [
        1,
        2,
        3,
        4,
        5,
        6,
        7,
        8
      ]
    ],
    "right": [
      [
        2,
        3,
        5,
        6,
        7,
        9
      ],
      [
        0,
        2,
        3,
        4,
        5,
        6,
        7,
        8,
        9
      ],
      [
        3
      ],
      [],
      [
        0,
        2,
        3,
        5,
        6,
        7,
        9
      ],
      [
        2,
        3,
        6,
        9
      ],
      [
        2,
        3,
        9
      ],
      [
        2,
        3,
        5,
        6,
        9
      ],
      [
        0,
        2,
        3,
        4,
        5,
        6,
        7,
        9
      ],
      [
        2,
        3
      ]
    ],
    "behind": [
      [],
      [
        0,
        5,
        9
      ],
      [
        0,
        1,
        3,
        4,
        5,
        9
      ],
      [
        0,
        1,
        5,
        9
      ],
      [
        0,
        1,
        3,
        5,
        9
      ],
      [
        0,
        9
      ],
      [
        0,
        1,
        2,
        3,
        4,
        5,
        8,
        9
      ],
      [
        0,
        1,
        2,
        3,
        4,
        5,
        6,
        8,
        9
      ],
      [
        0,
        1,
        2,
        3,
        4,
        5,
        9
      ],
      [
        0
      ]
    ]
  },
  "split": "new",
  "image_index": 283,
  "objects": [
    {
      "3d_coords": [
        -2.6927716732025146,
        1.6340365409851074,
        0.699999988079071
      ],
      "x": 128,
      "pixel_coords": [
        145,
        69,
        14.020543098449707
      ],
      "material": "metal",
      "size": "large",
      "width": 35,
      "height": 35,
      "color": "green",
      "y": 51,
      "shape": "sphere",
      "rotation": 227.35706325469388
    },
    {
      "3d_coords": [
        -2.0584146976470947,
        -0.9130789637565613,
        0.699999988079071
      ],
      "x": 78,
      "pixel_coords": [
        100,
        90,
        12.091900825500488
      ],
      "material": "metal",
      "size": "large",
      "width": 44,
      "height": 53,
      "color": "green",
      "y": 64,
      "shape": "cylinder",
      "rotation": 247.86737572585875
    },
    {
      "3d_coords": [
        2.600945234298706,
        0.5713223814964294,
        0.699999988079071
      ],
      "x": 209,
      "pixel_coords": [
        237,
        123,
        9.909367561340332
      ],
      "material": "rubber",
      "size": "large",
      "width": 60,
      "height": 65,
      "color": "brown",
      "y": 92,
      "shape": "cube",
      "rotation": 289.79979084420717
    },
    {
      "3d_coords": [
        1.3985018730163574,
        2.1904354095458984,
        0.699999988079071
      ],
      "x": 214,
      "pixel_coords": [
        237,
        95,
        11.660799980163574
      ],
      "material": "metal",
      "size": "large",
      "width": 47,
      "height": 55,
      "color": "green",
      "y": 69,
      "shape": "cylinder",
      "rotation": 49.28005708029559
    },
    {
      "3d_coords": [
        -0.29141122102737427,
        -1.027168869972229,
        0.699999988079071
      ],
      "x": 105,
      "pixel_coords": [
        129,
        107,
        10.862424850463867
      ],
      "material": "metal",
      "size": "large",
      "width": 47,
      "height": 59,
      "color": "purple",
      "y": 78,
      "shape": "cylinder",
      "rotation": 234.21685304698096
    },
    {
      "3d_coords": [
        -0.8750158548355103,
        1.216177225112915,
        0.3499999940395355
      ],
      "x": 159,
      "pixel_coords": [
        169,
        93,
        12.739923477172852
      ],
      "material": "rubber",
      "size": "small",
      "width": 19,
      "height": 19,
      "color": "cyan",
      "y": 83,
      "shape": "sphere",
      "rotation": 17.6288619056334
    },
    {
      "3d_coords": [
        2.769589900970459,
        -1.0085777044296265,
        0.3499999940395355
      ],
      "x": 189,
      "pixel_coords": [
        203,
        157,
        9.023402214050293
      ],
      "material": "rubber",
      "size": "small",
      "width": 29,
      "height": 37,
      "color": "green",
      "y": 139,
      "shape": "cylinder",
      "rotation": 316.4428037205185
    },
    {
      "3d_coords": [
        2.7298853397369385,
        -2.515697479248047,
        0.3499999940395355
      ],
      "x": 143,
      "pixel_coords": [
        158,
        181,
        8.155119895935059
      ],
      "material": "metal",
      "size": "small",
      "width": 31,
      "height": 42,
      "color": "purple",
      "y": 160,
      "shape": "cylinder",
      "rotation": 229.0112299598025
    },
    {
      "3d_coords": [
        0.8500613570213318,
        -2.570140838623047,
        0.699999988079071
      ],
      "x": 79,
      "pixel_coords": [
        109,
        138,
        9.196264266967773
      ],
      "material": "rubber",
      "size": "large",
      "width": 57,
      "height": 72,
      "color": "blue",
      "y": 103,
      "shape": "cylinder",
      "rotation": 95.60990357964424
    },
    {
      "3d_coords": [
        -0.6047605872154236,
        2.5858142375946045,
        0.3499999940395355
      ],
      "x": 190,
      "pixel_coords": [
        200,
        85,
        13.375035285949707
      ],
      "material": "metal",
      "size": "small",
      "width": 19,
      "height": 24,
      "color": "yellow",
      "y": 74,
      "shape": "cylinder",
      "rotation": 289.3120665425827
    }
  ]
}