{
  "image_filename": "CLEVR_new_000454.png",
  "directions": {
    "above": [
      0.0,
      0.0,
      1.0
    ],
    "behind": [
      -0.754490315914154,
      0.6563112735748291,
      0.0
    ],
    "left": [
      -0.6563112735748291,
      -0.7544902563095093,
      0.0
    ],
    "below": [
      -0.0,
      -0.0,
      -1.0
    ],
    "right": [
      0.6563112735748291,
      0.7544902563095093,
      -0.0
    ],
    "front": [
      0.754490315914154,
      -0.6563112735748291,
      -0.0
    ]
  },
  "relationships": {
    "left": [
      [
        1,
        2,
        3,
        4,
        5,
        6,
        7
      ],
      [
        4,
        6
      ],
      [
        1,
        4,
        6
      ],
      [
        1,
        2,
        4,
        6
      ],
      [
        6
      ],
      [
        1,
        2,
        3,
        4,
        6,
        7
      ],
      [],
      [
        1,
        2,
        3,
        4,
        6
      ]
    ],
    "front": [
      [
        2,
        4,
        5
      ],
      [
        0,
        2,
        3,
        4,
        5,
        6
      ],
      [],
      [
        0,
        2,
        4,
        5
      ],
      [
        2,
        5
      ],
      [
        2
      ],
      [
        0,
        2,
        3,
        4,
        5
      ],
      [
        0,
        1,
        2,
        3,
        4,
        5,
        6
      ]
    ],
    "right": [
      [],
      [
        0,
        2,
        3,
        5,
        7
      ],
      [
        0,
        3,
        5,
        7
      ],
      [
        0,
        5,
        7
      ],
      [
        0,
        1,
        2,
        3,
        5,
        7
      ],
      [
        0
      ],
      [
        0,
        1,
        2,
        3,
        4,
        5,
        7
      ],
      [
        0,
        5
      ]
    ],
    "behind": [
      [
        1,
        3,
        6,
        7
      ],
      [
        7
      ],
      [
        0,
        1,
        3,
        4,
        5,
        6,
        7
      ],
      [
        1,
        6,
        7
      ],
      [
        0,
        1,
        3,
        6,
        7
      ],
      [
        0,
        1,
        3,
        4,
        6,
        7
      ],
      [
        1,
        7
      ],
      []
    ]
  },
  "split": "new",
  "image_index": 454,
  "objects": [
    {
      "3d_coords": [
        2.8509278297424316,
        2.43991756439209,
        0.699999988079071
      ],
      "x": 253,
      "pixel_coords": [
        281,
        107,
        10.748647689819336
      ],
      "material": "rubber",
      "size": "large",
      "width": 61,
      "height": 60,
      "color": "purple",
      "y": 78,
      "shape": "cube",
      "rotation": 35.271274401373795
    },
    {
      "3d_coords": [
        -1.8794078826904297,
        -0.17444969713687897,
        0.699999988079071
      ],
      "x": 98,
      "pixel_coords": [
        120,
        85,
        12.246801376342773
      ],
      "material": "rubber",
      "size": "large",
      "width": 42,
      "height": 52,
      "color": "purple",
      "y": 59,
      "shape": "cylinder",
      "rotation": 88.85146458243071
    },
    {
      "3d_coords": [
        2.163362741470337,
        -2.458247423171997,
        0.3499999940395355
      ],
      "x": 131,
      "pixel_coords": [
        146,
        173,
        8.473319053649902
      ],
      "material": "metal",
      "size": "small",
      "width": 29,
      "height": 29,
      "color": "blue",
      "y": 159,
      "shape": "sphere",
      "rotation": 279.71851593892563
    },
    {
      "3d_coords": [
        0.09916612505912781,
        0.19758090376853943,
        0.699999988079071
      ],
      "x": 145,
      "pixel_coords": [
        167,
        100,
        11.194709777832031
      ],
      "material": "metal",
      "size": "large",
      "width": 44,
      "height": 44,
      "color": "red",
      "y": 78,
      "shape": "sphere",
      "rotation": 306.1147849891799
    },
    {
      "3d_coords": [
        -0.5002852082252502,
        -2.059994697570801,
        0.3499999940395355
      ],
      "x": 81,
      "pixel_coords": [
        98,
        127,
        10.419879913330078
      ],
      "material": "rubber",
      "size": "small",
      "width": 34,
      "height": 34,
      "color": "blue",
      "y": 110,
      "shape": "cube",
      "rotation": 36.36596856905407
    },
    {
      "3d_coords": [
        2.6225929260253906,
        -0.6347138285636902,
        0.3499999940395355
      ],
      "x": 196,
      "pixel_coords": [
        209,
        152,
        9.253523826599121
      ],
      "material": "rubber",
      "size": "small",
      "width": 27,
      "height": 27,
      "color": "gray",
      "y": 139,
      "shape": "sphere",
      "rotation": 131.0680428341533
    },
    {
      "3d_coords": [
        -2.9287493228912354,
        -2.5208582878112793,
        0.699999988079071
      ],
      "x": 17,
      "pixel_coords": [
        44,
        95,
        11.537481307983398
      ],
      "material": "metal",
      "size": "large",
      "width": 51,
      "height": 56,
      "color": "blue",
      "y": 67,
      "shape": "cylinder",
      "rotation": 240.4123165586012
    },
    {
      "3d_coords": [
        -1.5742754936218262,
        2.3990094661712646,
        0.699999988079071
      ],
      "x": 160,
      "pixel_coords": [
        178,
        69,
        13.568254470825195
      ],
      "material": "rubber",
      "size": "large",
      "width": 37,
      "height": 47,
      "color": "gray",
      "y": 46,
      "shape": "cylinder",
      "rotation": 255.4143392779163
    }
  ]
}