{
  "image_filename": "CLEVR_new_000289.png",
  "directions": {
    "above": [
      0.0,
      0.0,
      1.0
    ],
    "behind": [
      -0.754490315914154,
      0.6563112735748291,
      0.0
    ],
    "left": [
      -0.6563112735748291,
      -0.7544902563095093,
      0.0
    ],
    "below": [
      -0.0,
      -0.0,
      -1.0
    ],
    "right": [
      0.6563112735748291,
      0.7544902563095093,
      -0.0
    ],
    "front": [
      0.754490315914154,
      -0.6563112735748291,
      -0.0
    ]
  },
  "relationships": {
    "left": [
      [
        1,
        2,
        3,
        4,
        5
      ],
      [],
      [
        1,
        3,
        5
      ],
      [
        1,
        5
      ],
      [
        1,
        2,
        3,
        5
      ],
      [
        1
      ]
    ],
    "front": [
      [
        1,
        3,
        4,
        5
      ],
      [
        3,
        4,
        5
      ],
      [
        0,
        1,
        3,
        4,
        5
      ],
      [],
      [
        3
      ],
      [
        3,
        4
      ]
    ],
    "right": [
      [],
      [
        0,
        2,
        3,
        4,
        5
      ],
      [
        0,
        4
      ],
      [
        0,
        2,
        4
      ],
      [
        0
      ],
      [
        0,
        2,
        3,
        4
      ]
    ],
    "behind": [
      [
        2
      ],
      [
        0,
        2
      ],
      [],
      [
        0,
        1,
        2,
        4,
        5
      ],
      [
        0,
        1,
        2,
        5
      ],
      [
        0,
        1,
        2
      ]
    ]
  },
  "split": "new",
  "image_index": 289,
  "objects": [
    {
      "3d_coords": [
        0.6410377025604248,
        2.790245294570923,
        0.3499999940395355
      ],
      "x": 223,
      "pixel_coords": [
        233,
        91,
        11.96095085144043
      ],
      "material": "rubber",
      "size": "small",
      "width": 21,
      "height": 21,
      "color": "cyan",
      "y": 80,
      "shape": "sphere",
      "rotation": 263.75669729890814
    },
    {
      "3d_coords": [
        -2.4216089248657227,
        -2.2921197414398193,
        0.699999988079071
      ],
      "x": 28,
      "pixel_coords": [
        52,
        96,
        10.80443286895752
      ],
      "material": "metal",
      "size": "large",
      "width": 48,
      "height": 46,
      "color": "brown",
      "y": 73,
      "shape": "sphere",
      "rotation": 194.99552926198317
    },
    {
      "3d_coords": [
        -2.6773622035980225,
        2.0044801235198975,
        0.699999988079071
      ],
      "x": 127,
      "pixel_coords": [
        152,
        61,
        13.455472946166992
      ],
      "material": "metal",
      "size": "large",
      "width": 50,
      "height": 50,
      "color": "cyan",
      "y": 36,
      "shape": "cube",
      "rotation": 47.08488246883779
    },
    {
      "3d_coords": [
        1.8960951566696167,
        -2.613727569580078,
        0.699999988079071
      ],
      "x": 99,
      "pixel_coords": [
        130,
        164,
        7.852118015289307
      ],
      "material": "rubber",
      "size": "large",
      "width": 63,
      "height": 63,
      "color": "gray",
      "y": 133,
      "shape": "sphere",
      "rotation": 328.25693396184136
    },
    {
      "3d_coords": [
        1.9301244020462036,
        -0.3684099614620209,
        0.699999988079071
      ],
      "x": 172,
      "pixel_coords": [
        199,
        129,
        9.130073547363281
      ],
      "material": "metal",
      "size": "large",
      "width": 54,
      "height": 54,
      "color": "gray",
      "y": 102,
      "shape": "sphere",
      "rotation": 254.78194715761722
    },
    {
      "3d_coords": [
        -0.7444332242012024,
        -0.9783919453620911,
        0.699999988079071
      ],
      "x": 93,
      "pixel_coords": [
        119,
        102,
        10.49043083190918
      ],
      "material": "rubber",
      "size": "large",
      "width": 50,
      "height": 62,
      "color": "brown",
      "y": 71,
      "shape": "cylinder",
      "rotation": 292.6869254211186
    }
  ]
}