{
  "image_filename": "CLEVR_new_000496.png",
  "directions": {
    "above": [
      0.0,
      0.0,
      1.0
    ],
    "behind": [
      -0.754490315914154,
      0.6563112735748291,
      0.0
    ],
    "left": [
      -0.6563112735748291,
      -0.7544902563095093,
      0.0
    ],
    "below": [
      -0.0,
      -0.0,
      -1.0
    ],
    "right": [
      0.6563112735748291,
      0.7544902563095093,
      -0.0
    ],
    "front": [
      0.754490315914154,
      -0.6563112735748291,
      -0.0
    ]
  },
  "relationships": {
    "left": [
      [],
      [
        0,
        2,
        3,
        4,
        5,
        6
      ],
      [
        0
      ],
      [
        0,
        2,
        4,
        5
      ],
      [
        0,
        2,
        5
      ],
      [
        0,
        2
      ],
      [
        0,
        2,
        3,
        4,
        5
      ]
    ],
    "front": [
      [
        4,
        5,
        6
      ],
      [
        0,
        4,
        5,
        6
      ],
      [
        0,
        1,
        3,
        4,
        5,
        6
      ],
      [
        0,
        1,
        4,
        5,
        6
      ],
      [
        5,
        6
      ],
      [],
      [
        5
      ]
    ],
    "right": [
      [
        1,
        2,
        3,
        4,
        5,
        6
      ],
      [],
      [
        1,
        3,
        4,
        5,
        6
      ],
      [
        1,
        6
      ],
      [
        1,
        3,
        6
      ],
      [
        1,
        3,
        4,
        6
      ],
      [
        1
      ]
    ],
    "behind": [
      [
        1,
        2,
        3
      ],
      [
        2,
        3
      ],
      [],
      [
        2
      ],
      [
        0,
        1,
        2,
        3
      ],
      [
        0,
        1,
        2,
        3,
        4,
        6
      ],
      [
        0,
        1,
        2,
        3,
        4
      ]
    ]
  },
  "split": "new",
  "image_index": 496,
  "objects": [
    {
      "3d_coords": [
        -1.206571102142334,
        -1.8201868534088135,
        0.3499999940395355
      ],
      "x": 72,
      "pixel_coords": [
        89,
        114,
        10.639657974243164
      ],
      "material": "metal",
      "size": "small",
      "width": 32,
      "height": 31,
      "color": "purple",
      "y": 98,
      "shape": "cube",
      "rotation": 60.27730426601331
    },
    {
      "3d_coords": [
        0.9839956164360046,
        1.9462708234786987,
        0.3499999940395355
      ],
      "x": 214,
      "pixel_coords": [
        225,
        103,
        11.349248886108398
      ],
      "material": "rubber",
      "size": "small",
      "width": 24,
      "height": 28,
      "color": "blue",
      "y": 89,
      "shape": "cylinder",
      "rotation": 19.299650191911923
    },
    {
      "3d_coords": [
        -2.6782472133636475,
        0.5980569124221802,
        0.3499999940395355
      ],
      "x": 115,
      "pixel_coords": [
        125,
        83,
        13.048779487609863
      ],
      "material": "rubber",
      "size": "small",
      "width": 20,
      "height": 24,
      "color": "yellow",
      "y": 71,
      "shape": "cylinder",
      "rotation": 106.08725119798181
    },
    {
      "3d_coords": [
        -0.7239664793014526,
        2.077688217163086,
        0.699999988079071
      ],
      "x": 171,
      "pixel_coords": [
        191,
        78,
        12.428948402404785
      ],
      "material": "metal",
      "size": "large",
      "width": 40,
      "height": 40,
      "color": "purple",
      "y": 58,
      "shape": "sphere",
      "rotation": 91.23603058069084
    },
    {
      "3d_coords": [
        0.9507641792297363,
        -0.8441858887672424,
        0.3499999940395355
      ],
      "x": 147,
      "pixel_coords": [
        159,
        129,
        9.744525909423828
      ],
      "material": "metal",
      "size": "small",
      "width": 25,
      "height": 25,
      "color": "yellow",
      "y": 117,
      "shape": "sphere",
      "rotation": 168.23560119422234
    },
    {
      "3d_coords": [
        2.3118815422058105,
        -2.9034311771392822,
        0.699999988079071
      ],
      "x": 94,
      "pixel_coords": [
        127,
        167,
        7.463578701019287
      ],
      "material": "metal",
      "size": "large",
      "width": 66,
      "height": 66,
      "color": "red",
      "y": 134,
      "shape": "sphere",
      "rotation": 302.2231745190833
    },
    {
      "3d_coords": [
        2.656599998474121,
        -0.22932365536689758,
        0.699999988079071
      ],
      "x": 194,
      "pixel_coords": [
        222,
        134,
        8.789029121398926
      ],
      "material": "rubber",
      "size": "large",
      "width": 57,
      "height": 56,
      "color": "yellow",
      "y": 106,
      "shape": "sphere",
      "rotation": 129.72046440074837
    }
  ]
}