{
  "image_filename": "CLEVR_new_000556.png",
  "directions": {
    "above": [
      0.0,
      0.0,
      1.0
    ],
    "behind": [
      -0.754490315914154,
      0.6563112735748291,
      0.0
    ],
    "left": [
      -0.6563112735748291,
      -0.7544902563095093,
      0.0
    ],
    "below": [
      -0.0,
      -0.0,
      -1.0
    ],
    "right": [
      0.6563112735748291,
      0.7544902563095093,
      -0.0
    ],
    "front": [
      0.754490315914154,
      -0.6563112735748291,
      -0.0
    ]
  },
  "relationships": {
    "left": [
      [
        4
      ],
      [
        0,
        4,
        5
      ],
      [
        0,
        1,
        4,
        5
      ],
      [
        0,
        1,
        2,
        4,
        5
      ],
      [],
      [
        0,
        4
      ]
    ],
    "front": [
      [
        1,
        2,
        3,
        4,
        5
      ],
      [],
      [
        1,
        5
      ],
      [
        1,
        2,
        4,
        5
      ],
      [
        1,
        2,
        5
      ],
      [
        1
      ]
    ],
    "right": [
      [
        1,
        2,
        3,
        5
      ],
      [
        2,
        3
      ],
      [
        3
      ],
      [],
      [
        0,
        1,
        2,
        3,
        5
      ],
      [
        1,
        2,
        3
      ]
    ],
    "behind": [
      [],
      [
        0,
        2,
        3,
        4,
        5
      ],
      [
        0,
        3,
        4
      ],
      [
        0
      ],
      [
        0,
        3
      ],
      [
        0,
        2,
        3,
        4
      ]
    ]
  },
  "split": "new",
  "image_index": 556,
  "objects": [
    {
      "3d_coords": [
        -2.4753811359405518,
        0.320637971162796,
        0.699999988079071
      ],
      "x": 103,
      "pixel_coords": [
        123,
        78,
        13.117125511169434
      ],
      "material": "metal",
      "size": "large",
      "width": 39,
      "height": 48,
      "color": "blue",
      "y": 54,
      "shape": "cylinder",
      "rotation": 192.0655966460045
    },
    {
      "3d_coords": [
        2.4271962642669678,
        -1.830304741859436,
        0.3499999940395355
      ],
      "x": 154,
      "pixel_coords": [
        168,
        163,
        8.729988098144531
      ],
      "material": "rubber",
      "size": "small",
      "width": 29,
      "height": 39,
      "color": "red",
      "y": 144,
      "shape": "cylinder",
      "rotation": 139.991257728299
    },
    {
      "3d_coords": [
        1.6106250286102295,
        0.6098398566246033,
        0.699999988079071
      ],
      "x": 184,
      "pixel_coords": [
        210,
        112,
        10.533061027526855
      ],
      "material": "rubber",
      "size": "large",
      "width": 52,
      "height": 62,
      "color": "gray",
      "y": 82,
      "shape": "cube",
      "rotation": 310.13689880053073
    },
    {
      "3d_coords": [
        0.5014275908470154,
        2.3818349838256836,
        0.699999988079071
      ],
      "x": 194,
      "pixel_coords": [
        221,
        87,
        12.306746482849121
      ],
      "material": "metal",
      "size": "large",
      "width": 55,
      "height": 55,
      "color": "brown",
      "y": 61,
      "shape": "cube",
      "rotation": 358.3245841371849
    },
    {
      "3d_coords": [
        -2.4225053787231445,
        -2.140657424926758,
        0.699999988079071
      ],
      "x": 32,
      "pixel_coords": [
        64,
        95,
        11.65540599822998
      ],
      "material": "rubber",
      "size": "large",
      "width": 60,
      "height": 56,
      "color": "red",
      "y": 68,
      "shape": "cube",
      "rotation": 349.3371465511818
    },
    {
      "3d_coords": [
        0.5270056128501892,
        -1.4910730123519897,
        0.699999988079071
      ],
      "x": 108,
      "pixel_coords": [
        133,
        120,
        10.045500755310059
      ],
      "material": "rubber",
      "size": "large",
      "width": 49,
      "height": 49,
      "color": "blue",
      "y": 96,
      "shape": "sphere",
      "rotation": 314.6645447501575
    }
  ]
}