{
  "image_filename": "CLEVR_new_000530.png",
  "directions": {
    "above": [
      0.0,
      0.0,
      1.0
    ],
    "behind": [
      -0.754490315914154,
      0.6563112735748291,
      0.0
    ],
    "left": [
      -0.6563112735748291,
      -0.7544902563095093,
      0.0
    ],
    "below": [
      -0.0,
      -0.0,
      -1.0
    ],
    "right": [
      0.6563112735748291,
      0.7544902563095093,
      -0.0
    ],
    "front": [
      0.754490315914154,
      -0.6563112735748291,
      -0.0
    ]
  },
  "relationships": {
    "left": [
      [
        1,
        2,
        5
      ],
      [
        2,
        5
      ],
      [
        5
      ],
      [
        0,
        1,
        2,
        4,
        5,
        6
      ],
      [
        0,
        1,
        2,
        5,
        6
      ],
      [],
      [
        0,
        1,
        2,
        5
      ]
    ],
    "front": [
      [],
      [
        0,
        2,
        3,
        4,
        5,
        6
      ],
      [
        0,
        3,
        4,
        5
      ],
      [
        0,
        4
      ],
      [
        0
      ],
      [
        0,
        3,
        4
      ],
      [
        0,
        2,
        3,
        4,
        5
      ]
    ],
    "right": [
      [
        3,
        4,
        6
      ],
      [
        0,
        3,
        4,
        6
      ],
      [
        0,
        1,
        3,
        4,
        6
      ],
      [],
      [
        3
      ],
      [
        0,
        1,
        2,
        3,
        4,
        6
      ],
      [
        3,
        4
      ]
    ],
    "behind": [
      [
        1,
        2,
        3,
        4,
        5,
        6
      ],
      [],
      [
        1,
        6
      ],
      [
        1,
        2,
        5,
        6
      ],
      [
        1,
        2,
        3,
        5,
        6
      ],
      [
        1,
        2,
        6
      ],
      [
        1
      ]
    ]
  },
  "split": "new",
  "image_index": 530,
  "objects": [
    {
      "3d_coords": [
        2.224942445755005,
        -2.2380733489990234,
        0.3499999940395355
      ],
      "x": 123,
      "pixel_coords": [
        144,
        172,
        8.35719108581543
      ],
      "material": "metal",
      "size": "small",
      "width": 40,
      "height": 46,
      "color": "red",
      "y": 149,
      "shape": "cube",
      "rotation": 314.228264378372
    },
    {
      "3d_coords": [
        -2.054494857788086,
        0.4403038024902344,
        0.699999988079071
      ],
      "x": 114,
      "pixel_coords": [
        134,
        77,
        12.560678482055664
      ],
      "material": "metal",
      "size": "large",
      "width": 40,
      "height": 51,
      "color": "blue",
      "y": 52,
      "shape": "cylinder",
      "rotation": 100.01777401434761
    },
    {
      "3d_coords": [
        -2.0931596755981445,
        -1.2961065769195557,
        0.3499999940395355
      ],
      "x": 80,
      "pixel_coords": [
        92,
        99,
        11.826988220214844
      ],
      "material": "rubber",
      "size": "small",
      "width": 23,
      "height": 27,
      "color": "yellow",
      "y": 85,
      "shape": "cylinder",
      "rotation": 189.8975919722866
    },
    {
      "3d_coords": [
        2.6847267150878906,
        1.995051622390747,
        0.699999988079071
      ],
      "x": 241,
      "pixel_coords": [
        271,
        114,
        10.141809463500977
      ],
      "material": "rubber",
      "size": "large",
      "width": 60,
      "height": 68,
      "color": "cyan",
      "y": 81,
      "shape": "cube",
      "rotation": 157.61128819227437
    },
    {
      "3d_coords": [
        2.1626760959625244,
        0.09918835759162903,
        0.3499999940395355
      ],
      "x": 194,
      "pixel_coords": [
        211,
        138,
        9.654367446899414
      ],
      "material": "rubber",
      "size": "small",
      "width": 36,
      "height": 38,
      "color": "brown",
      "y": 120,
      "shape": "cube",
      "rotation": 350.2943519254854
    },
    {
      "3d_coords": [
        -1.9272381067276,
        -2.3472328186035156,
        0.3499999940395355
      ],
      "x": 49,
      "pixel_coords": [
        65,
        109,
        11.148938179016113
      ],
      "material": "metal",
      "size": "small",
      "width": 32,
      "height": 32,
      "color": "green",
      "y": 94,
      "shape": "cube",
      "rotation": 75.47727448322625
    },
    {
      "3d_coords": [
        -0.48940083384513855,
        1.534685492515564,
        0.3499999940395355
      ],
      "x": 176,
      "pixel_coords": [
        186,
        93,
        12.245375633239746
      ],
      "material": "metal",
      "size": "small",
      "width": 21,
      "height": 26,
      "color": "yellow",
      "y": 80,
      "shape": "cylinder",
      "rotation": 343.8105999133711
    }
  ]
}