{
  "image_filename": "CLEVR_new_000477.png",
  "directions": {
    "above": [
      0.0,
      0.0,
      1.0
    ],
    "behind": [
      -0.754490315914154,
      0.6563112735748291,
      0.0
    ],
    "left": [
      -0.6563112735748291,
      -0.7544902563095093,
      0.0
    ],
    "below": [
      -0.0,
      -0.0,
      -1.0
    ],
    "right": [
      0.6563112735748291,
      0.7544902563095093,
      -0.0
    ],
    "front": [
      0.754490315914154,
      -0.6563112735748291,
      -0.0
    ]
  },
  "relationships": {
    "left": [
      [
        1,
        3
      ],
      [
        3
      ],
      [
        0,
        1,
        3
      ],
      [],
      [
        0,
        1,
        2,
        3
      ]
    ],
    "front": [
      [],
      [
        0,
        2,
        3,
        4
      ],
      [
        0,
        3,
        4
      ],
      [
        0,
        4
      ],
      [
        0
      ]
    ],
    "right": [
      [
        2,
        4
      ],
      [
        0,
        2,
        4
      ],
      [
        4
      ],
      [
        0,
        1,
        2,
        4
      ],
      []
    ],
    "behind": [
      [
        1,
        2,
        3,
        4
      ],
      [],
      [
        1
      ],
      [
        1,
        2
      ],
      [
        1,
        2,
        3
      ]
    ]
  },
  "split": "new",
  "image_index": 477,
  "objects": [
    {
      "3d_coords": [
        1.8204195499420166,
        -1.5531864166259766,
        0.3499999940395355
      ],
      "x": 149,
      "pixel_coords": [
        162,
        152,
        9.300918579101562
      ],
      "material": "rubber",
      "size": "small",
      "width": 26,
      "height": 26,
      "color": "gray",
      "y": 138,
      "shape": "sphere",
      "rotation": 218.34321378263837
    },
    {
      "3d_coords": [
        -1.5903903245925903,
        0.5699635148048401,
        0.3499999940395355
      ],
      "x": 133,
      "pixel_coords": [
        143,
        91,
        12.774946212768555
      ],
      "material": "metal",
      "size": "small",
      "width": 20,
      "height": 25,
      "color": "blue",
      "y": 79,
      "shape": "cylinder",
      "rotation": 225.89664597678305
    },
    {
      "3d_coords": [
        0.11852513998746872,
        1.7273911237716675,
        0.699999988079071
      ],
      "x": 179,
      "pixel_coords": [
        199,
        88,
        12.16356086730957
      ],
      "material": "rubber",
      "size": "large",
      "width": 43,
      "height": 53,
      "color": "green",
      "y": 62,
      "shape": "cylinder",
      "rotation": 240.713175148798
    },
    {
      "3d_coords": [
        -1.11710524559021,
        -0.6280537843704224,
        0.3499999940395355
      ],
      "x": 113,
      "pixel_coords": [
        124,
        105,
        11.765356063842773
      ],
      "material": "metal",
      "size": "small",
      "width": 22,
      "height": 28,
      "color": "brown",
      "y": 91,
      "shape": "cylinder",
      "rotation": 343.2437073884184
    },
    {
      "3d_coords": [
        2.1829025745391846,
        2.4053757190704346,
        0.699999988079071
      ],
      "x": 239,
      "pixel_coords": [
        261,
        101,
        11.207195281982422
      ],
      "material": "metal",
      "size": "large",
      "width": 46,
      "height": 44,
      "color": "brown",
      "y": 79,
      "shape": "sphere",
      "rotation": 12.043390961265882
    }
  ]
}