{
  "image_filename": "CLEVR_new_000424.png",
  "directions": {
    "above": [
      0.0,
      0.0,
      1.0
    ],
    "behind": [
      -0.754490315914154,
      0.6563112735748291,
      0.0
    ],
    "left": [
      -0.6563112735748291,
      -0.7544902563095093,
      0.0
    ],
    "below": [
      -0.0,
      -0.0,
      -1.0
    ],
    "right": [
      0.6563112735748291,
      0.7544902563095093,
      -0.0
    ],
    "front": [
      0.754490315914154,
      -0.6563112735748291,
      -0.0
    ]
  },
  "relationships": {
    "left": [
      [],
      [
        0,
        2,
        3
      ],
      [
        0
      ],
      [
        0,
        2
      ]
    ],
    "front": [
      [
        1,
        2,
        3
      ],
      [
        2
      ],
      [],
      [
        1,
        2
      ]
    ],
    "right": [
      [
        1,
        2,
        3
      ],
      [],
      [
        1,
        3
      ],
      [
        1
      ]
    ],
    "behind": [
      [],
      [
        0,
        3
      ],
      [
        0,
        1,
        3
      ],
      [
        0
      ]
    ]
  },
  "split": "new",
  "image_index": 424,
  "objects": [
    {
      "3d_coords": [
        -2.6796720027923584,
        1.6726148128509521,
        0.699999988079071
      ],
      "x": 129,
      "pixel_coords": [
        148,
        62,
        13.117338180541992
      ],
      "material": "metal",
      "size": "large",
      "width": 37,
      "height": 38,
      "color": "cyan",
      "y": 43,
      "shape": "sphere",
      "rotation": 170.21833283304764
    },
    {
      "3d_coords": [
        1.827938437461853,
        2.1786534786224365,
        0.3499999940395355
      ],
      "x": 240,
      "pixel_coords": [
        254,
        110,
        10.60766315460205
      ],
      "material": "metal",
      "size": "small",
      "width": 29,
      "height": 30,
      "color": "blue",
      "y": 95,
      "shape": "cube",
      "rotation": 324.39041793472944
    },
    {
      "3d_coords": [
        1.2744578123092651,
        -0.9099878668785095,
        0.3499999940395355
      ],
      "x": 152,
      "pixel_coords": [
        165,
        138,
        9.247369766235352
      ],
      "material": "rubber",
      "size": "small",
      "width": 26,
      "height": 27,
      "color": "cyan",
      "y": 125,
      "shape": "sphere",
      "rotation": 343.7262611952242
    },
    {
      "3d_coords": [
        -0.4892919659614563,
        2.626131534576416,
        0.3499999940395355
      ],
      "x": 197,
      "pixel_coords": [
        208,
        82,
        12.383721351623535
      ],
      "material": "rubber",
      "size": "small",
      "width": 21,
      "height": 26,
      "color": "brown",
      "y": 69,
      "shape": "cylinder",
      "rotation": 260.42664517957877
    }
  ]
}