{
  "image_filename": "CLEVR_new_000627.png",
  "directions": {
    "above": [
      0.0,
      0.0,
      1.0
    ],
    "behind": [
      -0.754490315914154,
      0.6563112735748291,
      0.0
    ],
    "left": [
      -0.6563112735748291,
      -0.7544902563095093,
      0.0
    ],
    "below": [
      -0.0,
      -0.0,
      -1.0
    ],
    "right": [
      0.6563112735748291,
      0.7544902563095093,
      -0.0
    ],
    "front": [
      0.754490315914154,
      -0.6563112735748291,
      -0.0
    ]
  },
  "relationships": {
    "left": [
      [
        1,
        2,
        3,
        4,
        5
      ],
      [
        3
      ],
      [
        1,
        3,
        4,
        5
      ],
      [],
      [
        1,
        3
      ],
      [
        1,
        3,
        4
      ]
    ],
    "front": [
      [
        2,
        3,
        5
      ],
      [
        0,
        2,
        3,
        4,
        5
      ],
      [],
      [
        2,
        5
      ],
      [
        0,
        2,
        3,
        5
      ],
      [
        2
      ]
    ],
    "right": [
      [],
      [
        0,
        2,
        4,
        5
      ],
      [
        0
      ],
      [
        0,
        1,
        2,
        4,
        5
      ],
      [
        0,
        2,
        5
      ],
      [
        0,
        2
      ]
    ],
    "behind": [
      [
        1,
        4
      ],
      [],
      [
        0,
        1,
        3,
        4,
        5
      ],
      [
        0,
        1,
        4
      ],
      [
        1
      ],
      [
        0,
        1,
        3,
        4
      ]
    ]
  },
  "split": "new",
  "image_index": 627,
  "objects": [
    {
      "3d_coords": [
        0.8892159461975098,
        2.9434170722961426,
        0.3499999940395355
      ],
      "x": 230,
      "pixel_coords": [
        241,
        92,
        12.042563438415527
      ],
      "material": "metal",
      "size": "small",
      "width": 23,
      "height": 27,
      "color": "brown",
      "y": 79,
      "shape": "cylinder",
      "rotation": 164.22909374635023
    },
    {
      "3d_coords": [
        -2.782229423522949,
        2.3976211547851562,
        0.699999988079071
      ],
      "x": 141,
      "pixel_coords": [
        159,
        57,
        13.9143648147583
      ],
      "material": "rubber",
      "size": "large",
      "width": 36,
      "height": 46,
      "color": "red",
      "y": 35,
      "shape": "cylinder",
      "rotation": 63.64816400756735
    },
    {
      "3d_coords": [
        2.7184319496154785,
        0.4779858887195587,
        0.3499999940395355
      ],
      "x": 221,
      "pixel_coords": [
        239,
        142,
        9.475327491760254
      ],
      "material": "metal",
      "size": "small",
      "width": 38,
      "height": 39,
      "color": "blue",
      "y": 123,
      "shape": "cube",
      "rotation": 12.413808911606004
    },
    {
      "3d_coords": [
        -1.3175146579742432,
        -1.06470787525177,
        0.3499999940395355
      ],
      "x": 97,
      "pixel_coords": [
        108,
        106,
        11.200352668762207
      ],
      "material": "rubber",
      "size": "small",
      "width": 22,
      "height": 22,
      "color": "purple",
      "y": 95,
      "shape": "sphere",
      "rotation": 85.2337340775949
    },
    {
      "3d_coords": [
        -1.1792773008346558,
        1.581131100654602,
        0.699999988079071
      ],
      "x": 152,
      "pixel_coords": [
        172,
        75,
        12.422920227050781
      ],
      "material": "metal",
      "size": "large",
      "width": 41,
      "height": 52,
      "color": "cyan",
      "y": 50,
      "shape": "cylinder",
      "rotation": 176.34096973579443
    },
    {
      "3d_coords": [
        1.0807526111602783,
        0.29292193055152893,
        0.3499999940395355
      ],
      "x": 180,
      "pixel_coords": [
        191,
        121,
        10.424052238464355
      ],
      "material": "metal",
      "size": "small",
      "width": 24,
      "height": 23,
      "color": "brown",
      "y": 109,
      "shape": "sphere",
      "rotation": 62.98302891870957
    }
  ]
}