{
  "image_filename": "CLEVR_new_000190.png",
  "directions": {
    "above": [
      0.0,
      0.0,
      1.0
    ],
    "behind": [
      -0.754490315914154,
      0.6563112735748291,
      0.0
    ],
    "left": [
      -0.6563112735748291,
      -0.7544902563095093,
      0.0
    ],
    "below": [
      -0.0,
      -0.0,
      -1.0
    ],
    "right": [
      0.6563112735748291,
      0.7544902563095093,
      -0.0
    ],
    "front": [
      0.754490315914154,
      -0.6563112735748291,
      -0.0
    ]
  },
  "relationships": {
    "left": [
      [
        1,
        2,
        3,
        4
      ],
      [
        2,
        3,
        4
      ],
      [
        3,
        4
      ],
      [
        4
      ],
      []
    ],
    "front": [
      [
        1,
        2,
        3,
        4
      ],
      [],
      [
        1,
        3
      ],
      [
        1
      ],
      [
        1,
        2,
        3
      ]
    ],
    "right": [
      [],
      [
        0
      ],
      [
        0,
        1
      ],
      [
        0,
        1,
        2
      ],
      [
        0,
        1,
        2,
        3
      ]
    ],
    "behind": [
      [],
      [
        0,
        2,
        3,
        4
      ],
      [
        0,
        4
      ],
      [
        0,
        2,
        4
      ],
      [
        0
      ]
    ]
  },
  "split": "new",
  "image_index": 190,
  "objects": [
    {
      "3d_coords": [
        -0.09700731188058853,
        1.5558652877807617,
        0.699999988079071
      ],
      "x": 170,
      "pixel_coords": [
        191,
        87,
        12.135027885437012
      ],
      "material": "metal",
      "size": "large",
      "width": 44,
      "height": 51,
      "color": "blue",
      "y": 62,
      "shape": "cube",
      "rotation": 343.2497305236623
    },
    {
      "3d_coords": [
        2.475605010986328,
        -2.386672258377075,
        0.3499999940395355
      ],
      "x": 142,
      "pixel_coords": [
        157,
        176,
        8.287419319152832
      ],
      "material": "rubber",
      "size": "small",
      "width": 30,
      "height": 41,
      "color": "red",
      "y": 156,
      "shape": "cylinder",
      "rotation": 340.20423031484313
    },
    {
      "3d_coords": [
        0.07286512851715088,
        -1.5396283864974976,
        0.3499999940395355
      ],
      "x": 112,
      "pixel_coords": [
        123,
        127,
        10.342819213867188
      ],
      "material": "rubber",
      "size": "small",
      "width": 24,
      "height": 24,
      "color": "red",
      "y": 115,
      "shape": "sphere",
      "rotation": 268.7656903600436
    },
    {
      "3d_coords": [
        1.0641106367111206,
        -2.9749622344970703,
        0.3499999940395355
      ],
      "x": 88,
      "pixel_coords": [
        102,
        161,
        8.846064567565918
      ],
      "material": "metal",
      "size": "small",
      "width": 28,
      "height": 28,
      "color": "brown",
      "y": 147,
      "shape": "sphere",
      "rotation": 232.50956724636782
    },
    {
      "3d_coords": [
        -1.6269516944885254,
        -2.5871994495391846,
        0.3499999940395355
      ],
      "x": 49,
      "pixel_coords": [
        63,
        119,
        10.812963485717773
      ],
      "material": "rubber",
      "size": "small",
      "width": 26,
      "height": 30,
      "color": "green",
      "y": 104,
      "shape": "cylinder",
      "rotation": 286.1753717878352
    }
  ]
}