{
  "image_filename": "CLEVR_new_000177.png",
  "directions": {
    "above": [
      0.0,
      0.0,
      1.0
    ],
    "behind": [
      -0.754490315914154,
      0.6563112735748291,
      0.0
    ],
    "left": [
      -0.6563112735748291,
      -0.7544902563095093,
      0.0
    ],
    "below": [
      -0.0,
      -0.0,
      -1.0
    ],
    "right": [
      0.6563112735748291,
      0.7544902563095093,
      -0.0
    ],
    "front": [
      0.754490315914154,
      -0.6563112735748291,
      -0.0
    ]
  },
  "relationships": {
    "left": [
      [
        1,
        2,
        3
      ],
      [
        2,
        3
      ],
      [],
      [
        2
      ]
    ],
    "front": [
      [
        3
      ],
      [
        0,
        2,
        3
      ],
      [
        0,
        3
      ],
      []
    ],
    "right": [
      [],
      [
        0
      ],
      [
        0,
        1,
        3
      ],
      [
        0,
        1
      ]
    ],
    "behind": [
      [
        1,
        2
      ],
      [],
      [
        1
      ],
      [
        0,
        1,
        2
      ]
    ]
  },
  "split": "new",
  "image_index": 177,
  "objects": [
    {
      "3d_coords": [
        1.9785199165344238,
        1.0741617679595947,
        0.699999988079071
      ],
      "x": 202,
      "pixel_coords": [
        230,
        114,
        10.35400676727295
      ],
      "material": "metal",
      "size": "large",
      "width": 56,
      "height": 66,
      "color": "cyan",
      "y": 83,
      "shape": "cube",
      "rotation": 116.85750192918958
    },
    {
      "3d_coords": [
        -1.599333643913269,
        1.8899505138397217,
        0.699999988079071
      ],
      "x": 149,
      "pixel_coords": [
        173,
        72,
        13.222211837768555
      ],
      "material": "metal",
      "size": "large",
      "width": 49,
      "height": 50,
      "color": "green",
      "y": 47,
      "shape": "cube",
      "rotation": 337.4907532396277
    },
    {
      "3d_coords": [
        -0.886914074420929,
        -1.0061793327331543,
        0.699999988079071
      ],
      "x": 87,
      "pixel_coords": [
        118,
        100,
        11.177350044250488
      ],
      "material": "metal",
      "size": "large",
      "width": 60,
      "height": 62,
      "color": "red",
      "y": 70,
      "shape": "cube",
      "rotation": 97.82829438363643
    },
    {
      "3d_coords": [
        1.3238859176635742,
        -1.5878013372421265,
        0.699999988079071
      ],
      "x": 116,
      "pixel_coords": [
        144,
        135,
        9.363250732421875
      ],
      "material": "metal",
      "size": "large",
      "width": 54,
      "height": 71,
      "color": "purple",
      "y": 100,
      "shape": "cylinder",
      "rotation": 116.68937219143362
    }
  ]
}