{
  "image_filename": "CLEVR_new_000654.png",
  "directions": {
    "above": [
      0.0,
      0.0,
      1.0
    ],
    "behind": [
      -0.754490315914154,
      0.6563112735748291,
      0.0
    ],
    "left": [
      -0.6563112735748291,
      -0.7544902563095093,
      0.0
    ],
    "below": [
      -0.0,
      -0.0,
      -1.0
    ],
    "right": [
      0.6563112735748291,
      0.7544902563095093,
      -0.0
    ],
    "front": [
      0.754490315914154,
      -0.6563112735748291,
      -0.0
    ]
  },
  "relationships": {
    "left": [
      [
        1,
        2,
        3,
        4,
        5,
        6,
        7
      ],
      [
        2,
        6
      ],
      [],
      [
        1,
        2,
        6,
        7
      ],
      [
        1,
        2,
        3,
        5,
        6,
        7
      ],
      [
        1,
        2,
        3,
        6,
        7
      ],
      [
        2
      ],
      [
        1,
        2,
        6
      ]
    ],
    "front": [
      [
        1,
        4,
        6,
        7
      ],
      [],
      [
        0,
        1,
        4,
        6,
        7
      ],
      [
        0,
        1,
        2,
        4,
        6,
        7
      ],
      [
        1,
        6,
        7
      ],
      [
        0,
        1,
        2,
        3,
        4,
        6,
        7
      ],
      [
        1,
        7
      ],
      [
        1
      ]
    ],
    "right": [
      [],
      [
        0,
        3,
        4,
        5,
        7
      ],
      [
        0,
        1,
        3,
        4,
        5,
        6,
        7
      ],
      [
        0,
        4,
        5
      ],
      [
        0
      ],
      [
        0,
        4
      ],
      [
        0,
        1,
        3,
        4,
        5,
        7
      ],
      [
        0,
        3,
        4,
        5
      ]
    ],
    "behind": [
      [
        2,
        3,
        5
      ],
      [
        0,
        2,
        3,
        4,
        5,
        6,
        7
      ],
      [
        3,
        5
      ],
      [
        5
      ],
      [
        0,
        2,
        3,
        5
      ],
      [],
      [
        0,
        2,
        3,
        4,
        5
      ],
      [
        0,
        2,
        3,
        4,
        5,
        6
      ]
    ]
  },
  "split": "new",
  "image_index": 654,
  "objects": [
    {
      "3d_coords": [
        2.8556857109069824,
        2.261270046234131,
        0.3499999940395355
      ],
      "x": 264,
      "pixel_coords": [
        281,
        120,
        10.359169960021973
      ],
      "material": "rubber",
      "size": "small",
      "width": 35,
      "height": 34,
      "color": "red",
      "y": 103,
      "shape": "cube",
      "rotation": 359.7821700857101
    },
    {
      "3d_coords": [
        1.8193118572235107,
        -2.9994068145751953,
        0.3499999940395355
      ],
      "x": 97,
      "pixel_coords": [
        114,
        175,
        7.970302104949951
      ],
      "material": "rubber",
      "size": "small",
      "width": 33,
      "height": 43,
      "color": "cyan",
      "y": 154,
      "shape": "cylinder",
      "rotation": 72.01467247174848
    },
    {
      "3d_coords": [
        -2.2955210208892822,
        -2.473994255065918,
        0.3499999940395355
      ],
      "x": 41,
      "pixel_coords": [
        53,
        109,
        11.005401611328125
      ],
      "material": "rubber",
      "size": "small",
      "width": 23,
      "height": 22,
      "color": "gray",
      "y": 98,
      "shape": "sphere",
      "rotation": 63.88465562572024
    },
    {
      "3d_coords": [
        -0.5474371314048767,
        1.1313745975494385,
        0.3499999940395355
      ],
      "x": 162,
      "pixel_coords": [
        174,
        95,
        11.954587936401367
      ],
      "material": "rubber",
      "size": "small",
      "width": 26,
      "height": 28,
      "color": "blue",
      "y": 81,
      "shape": "cube",
      "rotation": 252.49165826761063
    },
    {
      "3d_coords": [
        2.3054161071777344,
        0.7031263709068298,
        0.699999988079071
      ],
      "x": 199,
      "pixel_coords": [
        234,
        119,
        9.649263381958008
      ],
      "material": "rubber",
      "size": "large",
      "width": 74,
      "height": 73,
      "color": "gray",
      "y": 84,
      "shape": "cube",
      "rotation": 263.7724632782243
    },
    {
      "3d_coords": [
        -0.6720540523529053,
        2.109198570251465,
        0.3499999940395355
      ],
      "x": 182,
      "pixel_coords": [
        192,
        87,
        12.608936309814453
      ],
      "material": "rubber",
      "size": "small",
      "width": 19,
      "height": 20,
      "color": "cyan",
      "y": 77,
      "shape": "sphere",
      "rotation": 106.30780423975108
    },
    {
      "3d_coords": [
        -0.13731296360492706,
        -2.858834981918335,
        0.3499999940395355
      ],
      "x": 61,
      "pixel_coords": [
        76,
        140,
        9.349620819091797
      ],
      "material": "metal",
      "size": "small",
      "width": 30,
      "height": 36,
      "color": "cyan",
      "y": 122,
      "shape": "cylinder",
      "rotation": 91.72676677087036
    },
    {
      "3d_coords": [
        1.5608365535736084,
        -1.9281437397003174,
        0.3499999940395355
      ],
      "x": 129,
      "pixel_coords": [
        143,
        153,
        8.768024444580078
      ],
      "material": "metal",
      "size": "small",
      "width": 29,
      "height": 38,
      "color": "green",
      "y": 134,
      "shape": "cylinder",
      "rotation": 195.7450628096081
    }
  ]
}