{
  "image_filename": "CLEVR_new_000640.png",
  "directions": {
    "above": [
      0.0,
      0.0,
      1.0
    ],
    "behind": [
      -0.754490315914154,
      0.6563112735748291,
      0.0
    ],
    "left": [
      -0.6563112735748291,
      -0.7544902563095093,
      0.0
    ],
    "below": [
      -0.0,
      -0.0,
      -1.0
    ],
    "right": [
      0.6563112735748291,
      0.7544902563095093,
      -0.0
    ],
    "front": [
      0.754490315914154,
      -0.6563112735748291,
      -0.0
    ]
  },
  "relationships": {
    "left": [
      [],
      [
        0
      ],
      [
        0,
        1
      ]
    ],
    "front": [
      [],
      [
        0,
        2
      ],
      [
        0
      ]
    ],
    "right": [
      [
        1,
        2
      ],
      [
        2
      ],
      []
    ],
    "behind": [
      [
        1,
        2
      ],
      [],
      [
        1
      ]
    ]
  },
  "split": "new",
  "image_index": 640,
  "objects": [
    {
      "3d_coords": [
        -1.838762879371643,
        -0.5802244544029236,
        0.699999988079071
      ],
      "x": 86,
      "pixel_coords": [
        112,
        88,
        12.001708030700684
      ],
      "material": "rubber",
      "size": "large",
      "width": 51,
      "height": 56,
      "color": "green",
      "y": 60,
      "shape": "cube",
      "rotation": 214.87586285631753
    },
    {
      "3d_coords": [
        -2.282891035079956,
        1.0933302640914917,
        0.699999988079071
      ],
      "x": 123,
      "pixel_coords": [
        142,
        72,
        13.241501808166504
      ],
      "material": "metal",
      "size": "large",
      "width": 38,
      "height": 48,
      "color": "brown",
      "y": 48,
      "shape": "cylinder",
      "rotation": 64.63495608804111
    },
    {
      "3d_coords": [
        -0.40695953369140625,
        1.8811769485473633,
        0.699999988079071
      ],
      "x": 172,
      "pixel_coords": [
        192,
        81,
        12.463456153869629
      ],
      "material": "metal",
      "size": "large",
      "width": 41,
      "height": 52,
      "color": "gray",
      "y": 56,
      "shape": "cylinder",
      "rotation": 346.99925326436744
    }
  ]
}