{
  "image_filename": "CLEVR_new_000551.png",
  "directions": {
    "above": [
      0.0,
      0.0,
      1.0
    ],
    "behind": [
      -0.754490315914154,
      0.6563112735748291,
      0.0
    ],
    "left": [
      -0.6563112735748291,
      -0.7544902563095093,
      0.0
    ],
    "below": [
      -0.0,
      -0.0,
      -1.0
    ],
    "right": [
      0.6563112735748291,
      0.7544902563095093,
      -0.0
    ],
    "front": [
      0.754490315914154,
      -0.6563112735748291,
      -0.0
    ]
  },
  "relationships": {
    "left": [
      [
        1,
        2,
        3,
        4
      ],
      [
        3
      ],
      [
        1,
        3,
        4
      ],
      [],
      [
        1,
        3
      ]
    ],
    "front": [
      [
        1,
        3
      ],
      [],
      [
        0,
        1,
        3,
        4
      ],
      [
        1
      ],
      [
        0,
        1,
        3
      ]
    ],
    "right": [
      [],
      [
        0,
        2,
        4
      ],
      [
        0
      ],
      [
        0,
        1,
        2,
        4
      ],
      [
        0,
        2
      ]
    ],
    "behind": [
      [
        2,
        4
      ],
      [
        0,
        2,
        3,
        4
      ],
      [],
      [
        0,
        2,
        4
      ],
      [
        2
      ]
    ]
  },
  "split": "new",
  "image_index": 551,
  "objects": [
    {
      "3d_coords": [
        2.1929140090942383,
        0.7372629046440125,
        0.3499999940395355
      ],
      "x": 216,
      "pixel_coords": [
        229,
        128,
        9.9011812210083
      ],
      "material": "metal",
      "size": "small",
      "width": 27,
      "height": 33,
      "color": "brown",
      "y": 112,
      "shape": "cylinder",
      "rotation": 94.01832158590709
    },
    {
      "3d_coords": [
        1.415008783340454,
        -2.659839630126953,
        0.3499999940395355
      ],
      "x": 97,
      "pixel_coords": [
        112,
        157,
        8.525741577148438
      ],
      "material": "metal",
      "size": "small",
      "width": 29,
      "height": 29,
      "color": "blue",
      "y": 143,
      "shape": "sphere",
      "rotation": 119.26249808798264
    },
    {
      "3d_coords": [
        -0.4100962281227112,
        1.2727640867233276,
        0.699999988079071
      ],
      "x": 161,
      "pixel_coords": [
        182,
        87,
        11.866026878356934
      ],
      "material": "rubber",
      "size": "large",
      "width": 41,
      "height": 42,
      "color": "purple",
      "y": 66,
      "shape": "sphere",
      "rotation": 130.77060856805582
    },
    {
      "3d_coords": [
        0.2475823163986206,
        -2.2764928340911865,
        0.3499999940395355
      ],
      "x": 88,
      "pixel_coords": [
        101,
        135,
        9.55695915222168
      ],
      "material": "metal",
      "size": "small",
      "width": 26,
      "height": 26,
      "color": "yellow",
      "y": 122,
      "shape": "sphere",
      "rotation": 167.8313153445514
    },
    {
      "3d_coords": [
        0.4222601056098938,
        -0.4128219187259674,
        0.3499999940395355
      ],
      "x": 146,
      "pixel_coords": [
        158,
        118,
        10.487462997436523
      ],
      "material": "rubber",
      "size": "small",
      "width": 24,
      "height": 31,
      "color": "gray",
      "y": 103,
      "shape": "cylinder",
      "rotation": 57.11523053890024
    }
  ]
}