{
  "image_filename": "CLEVR_new_000206.png",
  "directions": {
    "above": [
      0.0,
      0.0,
      1.0
    ],
    "behind": [
      -0.754490315914154,
      0.6563112735748291,
      0.0
    ],
    "left": [
      -0.6563112735748291,
      -0.7544902563095093,
      0.0
    ],
    "below": [
      -0.0,
      -0.0,
      -1.0
    ],
    "right": [
      0.6563112735748291,
      0.7544902563095093,
      -0.0
    ],
    "front": [
      0.754490315914154,
      -0.6563112735748291,
      -0.0
    ]
  },
  "relationships": {
    "left": [
      [
        2
      ],
      [
        0,
        2,
        6,
        7
      ],
      [],
      [
        0,
        1,
        2,
        4,
        6,
        7
      ],
      [
        0,
        1,
        2,
        6,
        7
      ],
      [
        0,
        1,
        2,
        3,
        4,
        6,
        7
      ],
      [
        0,
        2
      ],
      [
        0,
        2,
        6
      ],
      [
        0,
        1,
        2,
        3,
        4,
        5,
        6,
        7
      ]
    ],
    "front": [
      [
        1,
        2,
        3,
        5,
        6,
        7,
        8
      ],
      [
        6
      ],
      [
        1,
        3,
        6
      ],
      [
        1,
        6
      ],
      [
        0,
        1,
        2,
        3,
        5,
        6,
        7,
        8
      ],
      [
        1,
        2,
        3,
        6,
        7,
        8
      ],
      [],
      [
        1,
        2,
        3,
        6,
        8
      ],
      [
        1,
        2,
        3,
        6
      ]
    ],
    "right": [
      [
        1,
        3,
        4,
        5,
        6,
        7,
        8
      ],
      [
        3,
        4,
        5,
        8
      ],
      [
        0,
        1,
        3,
        4,
        5,
        6,
        7,
        8
      ],
      [
        5,
        8
      ],
      [
        3,
        5,
        8
      ],
      [
        8
      ],
      [
        1,
        3,
        4,
        5,
        7,
        8
      ],
      [
        1,
        3,
        4,
        5,
        8
      ],
      []
    ],
    "behind": [
      [
        4
      ],
      [
        0,
        2,
        3,
        4,
        5,
        7,
        8
      ],
      [
        0,
        4,
        5,
        7,
        8
      ],
      [
        0,
        2,
        4,
        5,
        7,
        8
      ],
      [],
      [
        0,
        4
      ],
      [
        0,
        1,
        2,
        3,
        4,
        5,
        7,
        8
      ],
      [
        0,
        4,
        5
      ],
      [
        0,
        4,
        5,
        7
      ]
    ]
  },
  "split": "new",
  "image_index": 206,
  "objects": [
    {
      "3d_coords": [
        -2.545804262161255,
        0.05264738202095032,
        0.699999988079071
      ],
      "x": 92,
      "pixel_coords": [
        114,
        75,
        12.377574920654297
      ],
      "material": "metal",
      "size": "large",
      "width": 42,
      "height": 52,
      "color": "gray",
      "y": 49,
      "shape": "cylinder",
      "rotation": 22.825839905802077
    },
    {
      "3d_coords": [
        1.4014034271240234,
        -1.14737069606781,
        0.3499999940395355
      ],
      "x": 149,
      "pixel_coords": [
        162,
        144,
        9.331843376159668
      ],
      "material": "rubber",
      "size": "small",
      "width": 27,
      "height": 36,
      "color": "red",
      "y": 126,
      "shape": "cylinder",
      "rotation": 46.23680750092463
    },
    {
      "3d_coords": [
        -1.3731948137283325,
        -2.7312753200531006,
        0.3499999940395355
      ],
      "x": 44,
      "pixel_coords": [
        59,
        123,
        10.235881805419922
      ],
      "material": "metal",
      "size": "small",
      "width": 29,
      "height": 33,
      "color": "purple",
      "y": 107,
      "shape": "cube",
      "rotation": 26.1792308542247
    },
    {
      "3d_coords": [
        1.8251583576202393,
        0.10703819990158081,
        0.699999988079071
      ],
      "x": 174,
      "pixel_coords": [
        207,
        123,
        9.582035064697266
      ],
      "material": "rubber",
      "size": "large",
      "width": 69,
      "height": 73,
      "color": "brown",
      "y": 88,
      "shape": "cube",
      "rotation": 272.9459245088626
    },
    {
      "3d_coords": [
        -1.7239952087402344,
        2.1482019424438477,
        0.699999988079071
      ],
      "x": 154,
      "pixel_coords": [
        173,
        66,
        13.023605346679688
      ],
      "material": "metal",
      "size": "large",
      "width": 38,
      "height": 38,
      "color": "blue",
      "y": 47,
      "shape": "sphere",
      "rotation": 317.97645254646244
    },
    {
      "3d_coords": [
        0.5714628100395203,
        2.4564297199249268,
        0.699999988079071
      ],
      "x": 204,
      "pixel_coords": [
        227,
        84,
        11.712625503540039
      ],
      "material": "metal",
      "size": "large",
      "width": 46,
      "height": 55,
      "color": "yellow",
      "y": 57,
      "shape": "cylinder",
      "rotation": 318.7880668329772
    },
    {
      "3d_coords": [
        2.0180342197418213,
        -2.9552836418151855,
        0.699999988079071
      ],
      "x": 83,
      "pixel_coords": [
        119,
        174,
        7.736772537231445
      ],
      "material": "rubber",
      "size": "large",
      "width": 68,
      "height": 89,
      "color": "green",
      "y": 131,
      "shape": "cylinder",
      "rotation": 21.124825735961068
    },
    {
      "3d_coords": [
        -0.7334619760513306,
        0.09388037025928497,
        0.699999988079071
      ],
      "x": 122,
      "pixel_coords": [
        147,
        91,
        11.228949546813965
      ],
      "material": "rubber",
      "size": "large",
      "width": 48,
      "height": 57,
      "color": "blue",
      "y": 64,
      "shape": "cube",
      "rotation": 302.39650908736644
    },
    {
      "3d_coords": [
        2.3810958862304688,
        2.3901312351226807,
        0.699999988079071
      ],
      "x": 246,
      "pixel_coords": [
        272,
        104,
        10.505335807800293
      ],
      "material": "rubber",
      "size": "large",
      "width": 56,
      "height": 62,
      "color": "cyan",
      "y": 73,
      "shape": "cylinder",
      "rotation": 164.2426459043536
    }
  ]
}