{
  "image_filename": "CLEVR_new_000219.png",
  "directions": {
    "above": [
      0.0,
      0.0,
      1.0
    ],
    "behind": [
      -0.754490315914154,
      0.6563112735748291,
      0.0
    ],
    "left": [
      -0.6563112735748291,
      -0.7544902563095093,
      0.0
    ],
    "below": [
      -0.0,
      -0.0,
      -1.0
    ],
    "right": [
      0.6563112735748291,
      0.7544902563095093,
      -0.0
    ],
    "front": [
      0.754490315914154,
      -0.6563112735748291,
      -0.0
    ]
  },
  "relationships": {
    "left": [
      [
        1,
        2
      ],
      [],
      [
        1
      ],
      [
        0,
        1,
        2,
        4
      ],
      [
        0,
        1,
        2
      ]
    ],
    "front": [
      [],
      [
        0,
        3,
        4
      ],
      [
        0,
        1,
        3,
        4
      ],
      [
        0,
        4
      ],
      [
        0
      ]
    ],
    "right": [
      [
        3,
        4
      ],
      [
        0,
        2,
        3,
        4
      ],
      [
        0,
        3,
        4
      ],
      [],
      [
        3
      ]
    ],
    "behind": [
      [
        1,
        2,
        3,
        4
      ],
      [
        2
      ],
      [],
      [
        1,
        2
      ],
      [
        1,
        2,
        3
      ]
    ]
  },
  "split": "new",
  "image_index": 219,
  "objects": [
    {
      "3d_coords": [
        2.157071590423584,
        -2.7801012992858887,
        0.699999988079071
      ],
      "x": 96,
      "pixel_coords": [
        127,
        160,
        8.124911308288574
      ],
      "material": "rubber",
      "size": "large",
      "width": 61,
      "height": 61,
      "color": "cyan",
      "y": 130,
      "shape": "sphere",
      "rotation": 338.39560470130664
    },
    {
      "3d_coords": [
        -1.7798792123794556,
        -2.628073215484619,
        0.3499999940395355
      ],
      "x": 47,
      "pixel_coords": [
        60,
        115,
        11.070520401000977
      ],
      "material": "rubber",
      "size": "small",
      "width": 26,
      "height": 29,
      "color": "gray",
      "y": 100,
      "shape": "cylinder",
      "rotation": 181.5794282378136
    },
    {
      "3d_coords": [
        -2.26936674118042,
        -1.3140151500701904,
        0.699999988079071
      ],
      "x": 65,
      "pixel_coords": [
        88,
        90,
        11.994447708129883
      ],
      "material": "rubber",
      "size": "large",
      "width": 45,
      "height": 53,
      "color": "gray",
      "y": 64,
      "shape": "cylinder",
      "rotation": 174.0499083662218
    },
    {
      "3d_coords": [
        2.5302727222442627,
        1.315854549407959,
        0.3499999940395355
      ],
      "x": 236,
      "pixel_coords": [
        249,
        126,
        10.356878280639648
      ],
      "material": "rubber",
      "size": "small",
      "width": 27,
      "height": 32,
      "color": "green",
      "y": 111,
      "shape": "cylinder",
      "rotation": 352.6467578102752
    },
    {
      "3d_coords": [
        1.7228667736053467,
        -0.2825629413127899,
        0.699999988079071
      ],
      "x": 166,
      "pixel_coords": [
        191,
        122,
        9.842818260192871
      ],
      "material": "metal",
      "size": "large",
      "width": 52,
      "height": 66,
      "color": "brown",
      "y": 90,
      "shape": "cylinder",
      "rotation": 295.6975654691056
    }
  ]
}