{
  "image_filename": "CLEVR_new_000350.png",
  "directions": {
    "above": [
      0.0,
      0.0,
      1.0
    ],
    "behind": [
      -0.754490315914154,
      0.6563112735748291,
      0.0
    ],
    "left": [
      -0.6563112735748291,
      -0.7544902563095093,
      0.0
    ],
    "below": [
      -0.0,
      -0.0,
      -1.0
    ],
    "right": [
      0.6563112735748291,
      0.7544902563095093,
      -0.0
    ],
    "front": [
      0.754490315914154,
      -0.6563112735748291,
      -0.0
    ]
  },
  "relationships": {
    "left": [
      [
        1,
        2
      ],
      [],
      [
        1
      ],
      [
        0,
        1,
        2
      ]
    ],
    "front": [
      [
        1,
        2,
        3
      ],
      [
        2,
        3
      ],
      [],
      [
        2
      ]
    ],
    "right": [
      [
        3
      ],
      [
        0,
        2,
        3
      ],
      [
        0,
        3
      ],
      []
    ],
    "behind": [
      [],
      [
        0
      ],
      [
        0,
        1,
        3
      ],
      [
        0,
        1
      ]
    ]
  },
  "split": "new",
  "image_index": 350,
  "objects": [
    {
      "3d_coords": [
        -1.18387770652771,
        1.486825704574585,
        0.699999988079071
      ],
      "x": 144,
      "pixel_coords": [
        171,
        78,
        12.310322761535645
      ],
      "material": "metal",
      "size": "large",
      "width": 53,
      "height": 54,
      "color": "brown",
      "y": 52,
      "shape": "cube",
      "rotation": 311.3368658178436
    },
    {
      "3d_coords": [
        -1.5916862487792969,
        -0.5573184490203857,
        0.3499999940395355
      ],
      "x": 105,
      "pixel_coords": [
        116,
        99,
        11.589154243469238
      ],
      "material": "metal",
      "size": "small",
      "width": 22,
      "height": 28,
      "color": "brown",
      "y": 85,
      "shape": "cylinder",
      "rotation": 316.8079910683878
    },
    {
      "3d_coords": [
        2.5940139293670654,
        -2.694437265396118,
        0.699999988079071
      ],
      "x": 99,
      "pixel_coords": [
        140,
        172,
        7.3578200340271
      ],
      "material": "metal",
      "size": "large",
      "width": 84,
      "height": 99,
      "color": "blue",
      "y": 125,
      "shape": "cube",
      "rotation": 126.90510014192668
    },
    {
      "3d_coords": [
        2.3120648860931396,
        -0.30525872111320496,
        0.3499999940395355
      ],
      "x": 194,
      "pixel_coords": [
        208,
        143,
        9.067816734313965
      ],
      "material": "metal",
      "size": "small",
      "width": 27,
      "height": 27,
      "color": "yellow",
      "y": 130,
      "shape": "sphere",
      "rotation": 353.95653489021225
    }
  ]
}