{
  "image_filename": "CLEVR_new_000651.png",
  "directions": {
    "above": [
      0.0,
      0.0,
      1.0
    ],
    "behind": [
      -0.754490315914154,
      0.6563112735748291,
      0.0
    ],
    "left": [
      -0.6563112735748291,
      -0.7544902563095093,
      0.0
    ],
    "below": [
      -0.0,
      -0.0,
      -1.0
    ],
    "right": [
      0.6563112735748291,
      0.7544902563095093,
      -0.0
    ],
    "front": [
      0.754490315914154,
      -0.6563112735748291,
      -0.0
    ]
  },
  "relationships": {
    "left": [
      [
        2,
        3,
        4,
        5,
        6,
        7
      ],
      [
        0,
        2,
        3,
        4,
        5,
        6,
        7,
        8
      ],
      [
        3,
        5,
        6,
        7
      ],
      [
        5,
        6
      ],
      [
        2,
        3,
        5,
        6,
        7
      ],
      [
        6
      ],
      [],
      [
        3,
        5,
        6
      ],
      [
        0,
        2,
        3,
        4,
        5,
        6,
        7
      ]
    ],
    "front": [
      [
        4,
        5
      ],
      [
        0,
        4,
        5
      ],
      [
        0,
        1,
        4,
        5
      ],
      [
        0,
        1,
        2,
        4,
        5
      ],
      [],
      [
        4
      ],
      [
        0,
        1,
        2,
        3,
        4,
        5,
        8
      ],
      [
        0,
        1,
        2,
        3,
        4,
        5,
        6,
        8
      ],
      [
        0,
        1,
        2,
        3,
        4,
        5
      ]
    ],
    "right": [
      [
        1,
        8
      ],
      [],
      [
        0,
        1,
        4,
        8
      ],
      [
        0,
        1,
        2,
        4,
        7,
        8
      ],
      [
        0,
        1,
        8
      ],
      [
        0,
        1,
        2,
        3,
        4,
        7,
        8
      ],
      [
        0,
        1,
        2,
        3,
        4,
        5,
        7,
        8
      ],
      [
        0,
        1,
        2,
        4,
        8
      ],
      [
        1
      ]
    ],
    "behind": [
      [
        1,
        2,
        3,
        6,
        7,
        8
      ],
      [
        2,
        3,
        6,
        7,
        8
      ],
      [
        3,
        6,
        7,
        8
      ],
      [
        6,
        7,
        8
      ],
      [
        0,
        1,
        2,
        3,
        5,
        6,
        7,
        8
      ],
      [
        0,
        1,
        2,
        3,
        6,
        7,
        8
      ],
      [
        7
      ],
      [],
      [
        6,
        7
      ]
    ]
  },
  "split": "new",
  "image_index": 651,
  "objects": [
    {
      "3d_coords": [
        2.113637924194336,
        0.27649593353271484,
        0.3499999940395355
      ],
      "x": 203,
      "pixel_coords": [
        216,
        134,
        9.540614128112793
      ],
      "material": "rubber",
      "size": "small",
      "width": 28,
      "height": 35,
      "color": "brown",
      "y": 117,
      "shape": "cylinder",
      "rotation": 162.10073083190866
    },
    {
      "3d_coords": [
        2.099884033203125,
        1.8600819110870361,
        0.699999988079071
      ],
      "x": 228,
      "pixel_coords": [
        254,
        107,
        10.255693435668945
      ],
      "material": "metal",
      "size": "large",
      "width": 55,
      "height": 63,
      "color": "green",
      "y": 76,
      "shape": "cylinder",
      "rotation": 101.85533614409628
    },
    {
      "3d_coords": [
        -0.04240266978740692,
        0.3628394305706024,
        0.3499999940395355
      ],
      "x": 157,
      "pixel_coords": [
        168,
        106,
        11.07790470123291
      ],
      "material": "metal",
      "size": "small",
      "width": 22,
      "height": 29,
      "color": "gray",
      "y": 92,
      "shape": "cylinder",
      "rotation": 37.672599215613204
    },
    {
      "3d_coords": [
        -1.0243840217590332,
        -0.12249822914600372,
        0.3499999940395355
      ],
      "x": 127,
      "pixel_coords": [
        138,
        100,
        11.489831924438477
      ],
      "material": "rubber",
      "size": "small",
      "width": 21,
      "height": 21,
      "color": "green",
      "y": 90,
      "shape": "sphere",
      "rotation": 219.25272020520296
    },
    {
      "3d_coords": [
        2.774031162261963,
        -1.4089739322662354,
        0.699999988079071
      ],
      "x": 157,
      "pixel_coords": [
        187,
        156,
        7.993889331817627
      ],
      "material": "rubber",
      "size": "large",
      "width": 62,
      "height": 62,
      "color": "purple",
      "y": 125,
      "shape": "sphere",
      "rotation": 208.4107262730291
    },
    {
      "3d_coords": [
        1.0521200895309448,
        -2.586989164352417,
        0.699999988079071
      ],
      "x": 68,
      "pixel_coords": [
        104,
        142,
        8.536574363708496
      ],
      "material": "metal",
      "size": "large",
      "width": 72,
      "height": 83,
      "color": "blue",
      "y": 102,
      "shape": "cube",
      "rotation": 214.94001430645042
    },
    {
      "3d_coords": [
        -2.7456789016723633,
        0.10494091361761093,
        0.699999988079071
      ],
      "x": 94,
      "pixel_coords": [
        115,
        74,
        12.63980484008789
      ],
      "material": "metal",
      "size": "large",
      "width": 41,
      "height": 50,
      "color": "red",
      "y": 50,
      "shape": "cylinder",
      "rotation": 19.555799145360897
    },
    {
      "3d_coords": [
        -2.610628843307495,
        1.940260887145996,
        0.3499999940395355
      ],
      "x": 147,
      "pixel_coords": [
        157,
        73,
        13.719192504882812
      ],
      "material": "rubber",
      "size": "small",
      "width": 20,
      "height": 23,
      "color": "red",
      "y": 62,
      "shape": "cube",
      "rotation": 84.3446915333901
    },
    {
      "3d_coords": [
        0.3977838456630707,
        2.657061815261841,
        0.3499999940395355
      ],
      "x": 217,
      "pixel_coords": [
        228,
        93,
        12.034132957458496
      ],
      "material": "rubber",
      "size": "small",
      "width": 22,
      "height": 27,
      "color": "brown",
      "y": 80,
      "shape": "cylinder",
      "rotation": 127.54044576322681
    }
  ]
}