{
  "image_filename": "CLEVR_new_000352.png",
  "directions": {
    "above": [
      0.0,
      0.0,
      1.0
    ],
    "behind": [
      -0.754490315914154,
      0.6563112735748291,
      0.0
    ],
    "left": [
      -0.6563112735748291,
      -0.7544902563095093,
      0.0
    ],
    "below": [
      -0.0,
      -0.0,
      -1.0
    ],
    "right": [
      0.6563112735748291,
      0.7544902563095093,
      -0.0
    ],
    "front": [
      0.754490315914154,
      -0.6563112735748291,
      -0.0
    ]
  },
  "relationships": {
    "left": [
      [
        2,
        3,
        4,
        5
      ],
      [
        0,
        2,
        3,
        4,
        5,
        6
      ],
      [],
      [
        2,
        4
      ],
      [
        2
      ],
      [
        2,
        3,
        4
      ],
      [
        0,
        2,
        3,
        4,
        5
      ]
    ],
    "front": [
      [
        4,
        5
      ],
      [
        0,
        2,
        4,
        5
      ],
      [
        0,
        4,
        5
      ],
      [
        0,
        1,
        2,
        4,
        5
      ],
      [
        5
      ],
      [],
      [
        0,
        1,
        2,
        3,
        4,
        5
      ]
    ],
    "right": [
      [
        1,
        6
      ],
      [],
      [
        0,
        1,
        3,
        4,
        5,
        6
      ],
      [
        0,
        1,
        5,
        6
      ],
      [
        0,
        1,
        3,
        5,
        6
      ],
      [
        0,
        1,
        6
      ],
      [
        1
      ]
    ],
    "behind": [
      [
        1,
        2,
        3,
        6
      ],
      [
        3,
        6
      ],
      [
        1,
        3,
        6
      ],
      [
        6
      ],
      [
        0,
        1,
        2,
        3,
        6
      ],
      [
        0,
        1,
        2,
        3,
        4,
        6
      ],
      []
    ]
  },
  "split": "new",
  "image_index": 352,
  "objects": [
    {
      "3d_coords": [
        0.9990401268005371,
        -0.4211409389972687,
        0.3499999940395355
      ],
      "x": 161,
      "pixel_coords": [
        173,
        128,
        10.109437942504883
      ],
      "material": "rubber",
      "size": "small",
      "width": 25,
      "height": 33,
      "color": "green",
      "y": 112,
      "shape": "cylinder",
      "rotation": 66.47138188312194
    },
    {
      "3d_coords": [
        0.9353666305541992,
        1.7689484357833862,
        0.3499999940395355
      ],
      "x": 208,
      "pixel_coords": [
        219,
        103,
        11.418022155761719
      ],
      "material": "metal",
      "size": "small",
      "width": 23,
      "height": 29,
      "color": "purple",
      "y": 88,
      "shape": "cylinder",
      "rotation": 143.65224152441613
    },
    {
      "3d_coords": [
        -1.7839477062225342,
        -2.2466256618499756,
        0.699999988079071
      ],
      "x": 41,
      "pixel_coords": [
        66,
        104,
        10.618169784545898
      ],
      "material": "rubber",
      "size": "large",
      "width": 48,
      "height": 46,
      "color": "green",
      "y": 81,
      "shape": "sphere",
      "rotation": 109.39626985012754
    },
    {
      "3d_coords": [
        -1.690081000328064,
        0.5321090221405029,
        0.699999988079071
      ],
      "x": 113,
      "pixel_coords": [
        138,
        79,
        12.168770790100098
      ],
      "material": "rubber",
      "size": "large",
      "width": 48,
      "height": 53,
      "color": "cyan",
      "y": 53,
      "shape": "cube",
      "rotation": 120.05097868354855
    },
    {
      "3d_coords": [
        0.9145549535751343,
        -2.9779722690582275,
        0.3499999940395355
      ],
      "x": 82,
      "pixel_coords": [
        97,
        164,
        8.681479454040527
      ],
      "material": "rubber",
      "size": "small",
      "width": 29,
      "height": 28,
      "color": "blue",
      "y": 150,
      "shape": "sphere",
      "rotation": 292.844120852354
    },
    {
      "3d_coords": [
        2.401944637298584,
        -2.3238823413848877,
        0.3499999940395355
      ],
      "x": 141,
      "pixel_coords": [
        157,
        182,
        8.126132011413574
      ],
      "material": "metal",
      "size": "small",
      "width": 30,
      "height": 31,
      "color": "blue",
      "y": 167,
      "shape": "sphere",
      "rotation": 62.793253751557984
    },
    {
      "3d_coords": [
        -0.8830075263977051,
        2.678339719772339,
        0.699999988079071
      ],
      "x": 178,
      "pixel_coords": [
        197,
        69,
        12.905036926269531
      ],
      "material": "rubber",
      "size": "large",
      "width": 40,
      "height": 50,
      "color": "red",
      "y": 45,
      "shape": "cylinder",
      "rotation": 297.71599808225216
    }
  ]
}