{
  "image_filename": "CLEVR_new_000538.png",
  "directions": {
    "above": [
      0.0,
      0.0,
      1.0
    ],
    "behind": [
      -0.754490315914154,
      0.6563112735748291,
      0.0
    ],
    "left": [
      -0.6563112735748291,
      -0.7544902563095093,
      0.0
    ],
    "below": [
      -0.0,
      -0.0,
      -1.0
    ],
    "right": [
      0.6563112735748291,
      0.7544902563095093,
      -0.0
    ],
    "front": [
      0.754490315914154,
      -0.6563112735748291,
      -0.0
    ]
  },
  "relationships": {
    "left": [
      [
        1,
        4
      ],
      [],
      [
        0,
        1,
        4
      ],
      [
        0,
        1,
        2,
        4
      ],
      [
        1
      ]
    ],
    "front": [
      [
        4
      ],
      [
        0,
        4
      ],
      [
        0,
        1,
        3,
        4
      ],
      [
        0,
        1,
        4
      ],
      []
    ],
    "right": [
      [
        2,
        3
      ],
      [
        0,
        2,
        3,
        4
      ],
      [
        3
      ],
      [],
      [
        0,
        2,
        3
      ]
    ],
    "behind": [
      [
        1,
        2,
        3
      ],
      [
        2,
        3
      ],
      [],
      [
        2
      ],
      [
        0,
        1,
        2,
        3
      ]
    ]
  },
  "split": "new",
  "image_index": 538,
  "objects": [
    {
      "3d_coords": [
        0.36759841442108154,
        -1.394321084022522,
        0.699999988079071
      ],
      "x": 103,
      "pixel_coords": [
        133,
        119,
        10.351749420166016
      ],
      "material": "rubber",
      "size": "large",
      "width": 56,
      "height": 64,
      "color": "green",
      "y": 88,
      "shape": "cube",
      "rotation": 96.52243658445175
    },
    {
      "3d_coords": [
        -1.6273064613342285,
        -2.441006898880005,
        0.3499999940395355
      ],
      "x": 58,
      "pixel_coords": [
        69,
        116,
        11.224600791931152
      ],
      "material": "rubber",
      "size": "small",
      "width": 23,
      "height": 22,
      "color": "cyan",
      "y": 105,
      "shape": "sphere",
      "rotation": 177.13147684379996
    },
    {
      "3d_coords": [
        -1.9597506523132324,
        2.502483367919922,
        0.699999988079071
      ],
      "x": 157,
      "pixel_coords": [
        174,
        67,
        14.13262939453125
      ],
      "material": "rubber",
      "size": "large",
      "width": 35,
      "height": 35,
      "color": "brown",
      "y": 50,
      "shape": "sphere",
      "rotation": 199.80154051731054
    },
    {
      "3d_coords": [
        0.8047313094139099,
        2.856912136077881,
        0.699999988079071
      ],
      "x": 208,
      "pixel_coords": [
        235,
        85,
        12.524188041687012
      ],
      "material": "metal",
      "size": "large",
      "width": 56,
      "height": 54,
      "color": "gray",
      "y": 59,
      "shape": "cube",
      "rotation": 27.996500202101615
    },
    {
      "3d_coords": [
        1.032118797302246,
        -2.7251734733581543,
        0.3499999940395355
      ],
      "x": 95,
      "pixel_coords": [
        109,
        155,
        9.315669059753418
      ],
      "material": "rubber",
      "size": "small",
      "width": 27,
      "height": 26,
      "color": "yellow",
      "y": 142,
      "shape": "sphere",
      "rotation": 97.08027602900682
    }
  ]
}