{
  "image_filename": "CLEVR_new_000222.png",
  "directions": {
    "above": [
      0.0,
      0.0,
      1.0
    ],
    "behind": [
      -0.754490315914154,
      0.6563112735748291,
      0.0
    ],
    "left": [
      -0.6563112735748291,
      -0.7544902563095093,
      0.0
    ],
    "below": [
      -0.0,
      -0.0,
      -1.0
    ],
    "right": [
      0.6563112735748291,
      0.7544902563095093,
      -0.0
    ],
    "front": [
      0.754490315914154,
      -0.6563112735748291,
      -0.0
    ]
  },
  "relationships": {
    "left": [
      [
        1
      ],
      [],
      [
        0,
        1
      ],
      [
        0,
        1,
        2
      ],
      [
        0,
        1,
        2,
        3,
        5
      ],
      [
        0,
        1,
        2,
        3
      ]
    ],
    "front": [
      [
        1,
        2,
        3,
        4,
        5
      ],
      [
        2
      ],
      [],
      [
        1,
        2,
        4,
        5
      ],
      [
        1,
        2,
        5
      ],
      [
        1,
        2
      ]
    ],
    "right": [
      [
        2,
        3,
        4,
        5
      ],
      [
        0,
        2,
        3,
        4,
        5
      ],
      [
        3,
        4,
        5
      ],
      [
        4,
        5
      ],
      [],
      [
        4
      ]
    ],
    "behind": [
      [],
      [
        0,
        3,
        4,
        5
      ],
      [
        0,
        1,
        3,
        4,
        5
      ],
      [
        0
      ],
      [
        0,
        3
      ],
      [
        0,
        3,
        4
      ]
    ]
  },
  "split": "new",
  "image_index": 222,
  "objects": [
    {
      "3d_coords": [
        -2.5736277103424072,
        1.5198309421539307,
        0.699999988079071
      ],
      "x": 131,
      "pixel_coords": [
        149,
        67,
        13.543195724487305
      ],
      "material": "metal",
      "size": "large",
      "width": 36,
      "height": 37,
      "color": "green",
      "y": 48,
      "shape": "sphere",
      "rotation": 99.3209311999192
    },
    {
      "3d_coords": [
        -0.7740815281867981,
        -2.8857638835906982,
        0.3499999940395355
      ],
      "x": 50,
      "pixel_coords": [
        65,
        130,
        10.100201606750488
      ],
      "material": "metal",
      "size": "small",
      "width": 29,
      "height": 34,
      "color": "yellow",
      "y": 113,
      "shape": "cube",
      "rotation": 60.92118676864917
    },
    {
      "3d_coords": [
        2.9446141719818115,
        -2.7181692123413086,
        0.699999988079071
      ],
      "x": 111,
      "pixel_coords": [
        146,
        183,
        7.480850696563721
      ],
      "material": "rubber",
      "size": "large",
      "width": 69,
      "height": 92,
      "color": "brown",
      "y": 139,
      "shape": "cylinder",
      "rotation": 305.1872524036841
    },
    {
      "3d_coords": [
        -1.4431394338607788,
        2.1901955604553223,
        0.3499999940395355
      ],
      "x": 172,
      "pixel_coords": [
        182,
        80,
        13.306310653686523
      ],
      "material": "metal",
      "size": "small",
      "width": 19,
      "height": 24,
      "color": "brown",
      "y": 68,
      "shape": "cylinder",
      "rotation": 296.7934436460174
    },
    {
      "3d_coords": [
        2.282029390335083,
        2.92877197265625,
        0.699999988079071
      ],
      "x": 255,
      "pixel_coords": [
        278,
        100,
        10.991813659667969
      ],
      "material": "metal",
      "size": "large",
      "width": 47,
      "height": 45,
      "color": "blue",
      "y": 78,
      "shape": "sphere",
      "rotation": 32.93473287062943
    },
    {
      "3d_coords": [
        1.3042075634002686,
        1.0566368103027344,
        0.699999988079071
      ],
      "x": 188,
      "pixel_coords": [
        214,
        106,
        10.645243644714355
      ],
      "material": "metal",
      "size": "large",
      "width": 52,
      "height": 62,
      "color": "cyan",
      "y": 76,
      "shape": "cube",
      "rotation": 197.03441235993787
    }
  ]
}