{
  "image_filename": "CLEVR_new_000376.png",
  "directions": {
    "above": [
      0.0,
      0.0,
      1.0
    ],
    "behind": [
      -0.754490315914154,
      0.6563112735748291,
      0.0
    ],
    "left": [
      -0.6563112735748291,
      -0.7544902563095093,
      0.0
    ],
    "below": [
      -0.0,
      -0.0,
      -1.0
    ],
    "right": [
      0.6563112735748291,
      0.7544902563095093,
      -0.0
    ],
    "front": [
      0.754490315914154,
      -0.6563112735748291,
      -0.0
    ]
  },
  "relationships": {
    "left": [
      [
        1,
        2,
        3,
        4,
        5,
        6
      ],
      [
        4
      ],
      [
        1,
        4
      ],
      [
        1,
        2,
        4
      ],
      [],
      [
        1,
        2,
        3,
        4
      ],
      [
        1,
        2,
        3,
        4,
        5
      ]
    ],
    "front": [
      [
        5
      ],
      [
        0,
        3,
        4,
        5,
        6
      ],
      [
        0,
        1,
        3,
        4,
        5,
        6
      ],
      [
        0,
        5
      ],
      [
        0,
        3,
        5
      ],
      [],
      [
        0,
        3,
        4,
        5
      ]
    ],
    "right": [
      [],
      [
        0,
        2,
        3,
        5,
        6
      ],
      [
        0,
        3,
        5,
        6
      ],
      [
        0,
        5,
        6
      ],
      [
        0,
        1,
        2,
        3,
        5,
        6
      ],
      [
        0,
        6
      ],
      [
        0
      ]
    ],
    "behind": [
      [
        1,
        2,
        3,
        4,
        6
      ],
      [
        2
      ],
      [],
      [
        1,
        2,
        4,
        6
      ],
      [
        1,
        2,
        6
      ],
      [
        0,
        1,
        2,
        3,
        4,
        6
      ],
      [
        1,
        2
      ]
    ]
  },
  "split": "new",
  "image_index": 376,
  "objects": [
    {
      "3d_coords": [
        2.537842273712158,
        1.6608541011810303,
        0.699999988079071
      ],
      "x": 233,
      "pixel_coords": [
        260,
        114,
        10.206598281860352
      ],
      "material": "metal",
      "size": "large",
      "width": 56,
      "height": 65,
      "color": "yellow",
      "y": 83,
      "shape": "cylinder",
      "rotation": 140.92103650484285
    },
    {
      "3d_coords": [
        -2.796311616897583,
        -0.1543734073638916,
        0.699999988079071
      ],
      "x": 85,
      "pixel_coords": [
        106,
        75,
        12.656617164611816
      ],
      "material": "rubber",
      "size": "large",
      "width": 42,
      "height": 51,
      "color": "red",
      "y": 50,
      "shape": "cylinder",
      "rotation": 133.1651788555916
    },
    {
      "3d_coords": [
        -2.6948113441467285,
        1.569435954093933,
        0.3499999940395355
      ],
      "x": 136,
      "pixel_coords": [
        146,
        72,
        13.733540534973145
      ],
      "material": "rubber",
      "size": "small",
      "width": 18,
      "height": 23,
      "color": "brown",
      "y": 60,
      "shape": "cylinder",
      "rotation": 287.6028844216641
    },
    {
      "3d_coords": [
        0.05662129819393158,
        0.13859064877033234,
        0.3499999940395355
      ],
      "x": 153,
      "pixel_coords": [
        164,
        110,
        11.148869514465332
      ],
      "material": "rubber",
      "size": "small",
      "width": 22,
      "height": 30,
      "color": "red",
      "y": 95,
      "shape": "cylinder",
      "rotation": 24.849384859094915
    },
    {
      "3d_coords": [
        -2.7617599964141846,
        -2.294374704360962,
        0.699999988079071
      ],
      "x": 18,
      "pixel_coords": [
        52,
        92,
        11.440031051635742
      ],
      "material": "rubber",
      "size": "large",
      "width": 64,
      "height": 59,
      "color": "yellow",
      "y": 64,
      "shape": "cube",
      "rotation": 44.55068548519462
    },
    {
      "3d_coords": [
        2.712956428527832,
        -1.2677850723266602,
        0.3499999940395355
      ],
      "x": 178,
      "pixel_coords": [
        193,
        168,
        8.6395902633667
      ],
      "material": "rubber",
      "size": "small",
      "width": 30,
      "height": 40,
      "color": "brown",
      "y": 149,
      "shape": "cylinder",
      "rotation": 326.8144781989453
    },
    {
      "3d_coords": [
        0.44241923093795776,
        2.3694145679473877,
        0.3499999940395355
      ],
      "x": 209,
      "pixel_coords": [
        220,
        93,
        12.143243789672852
      ],
      "material": "metal",
      "size": "small",
      "width": 22,
      "height": 27,
      "color": "purple",
      "y": 80,
      "shape": "cylinder",
      "rotation": 285.3435633217088
    }
  ]
}