{
  "image_filename": "CLEVR_new_000323.png",
  "directions": {
    "above": [
      0.0,
      0.0,
      1.0
    ],
    "behind": [
      -0.754490315914154,
      0.6563112735748291,
      0.0
    ],
    "left": [
      -0.6563112735748291,
      -0.7544902563095093,
      0.0
    ],
    "below": [
      -0.0,
      -0.0,
      -1.0
    ],
    "right": [
      0.6563112735748291,
      0.7544902563095093,
      -0.0
    ],
    "front": [
      0.754490315914154,
      -0.6563112735748291,
      -0.0
    ]
  },
  "relationships": {
    "left": [
      [],
      [
        0,
        2,
        3
      ],
      [
        0,
        3
      ],
      [
        0
      ]
    ],
    "front": [
      [
        3
      ],
      [
        0,
        3
      ],
      [
        0,
        1,
        3
      ],
      []
    ],
    "right": [
      [
        1,
        2,
        3
      ],
      [],
      [
        1
      ],
      [
        1,
        2
      ]
    ],
    "behind": [
      [
        1,
        2
      ],
      [
        2
      ],
      [],
      [
        0,
        1,
        2
      ]
    ]
  },
  "split": "new",
  "image_index": 323,
  "objects": [
    {
      "3d_coords": [
        -1.068827509880066,
        -1.230748176574707,
        0.3499999940395355
      ],
      "x": 97,
      "pixel_coords": [
        109,
        111,
        11.07882308959961
      ],
      "material": "rubber",
      "size": "small",
      "width": 24,
      "height": 29,
      "color": "gray",
      "y": 97,
      "shape": "cylinder",
      "rotation": 244.11370956157398
    },
    {
      "3d_coords": [
        1.5513496398925781,
        2.6945769786834717,
        0.3499999940395355
      ],
      "x": 239,
      "pixel_coords": [
        250,
        102,
        11.75611400604248
      ],
      "material": "metal",
      "size": "small",
      "width": 24,
      "height": 27,
      "color": "purple",
      "y": 88,
      "shape": "cylinder",
      "rotation": 26.83336233797615
    },
    {
      "3d_coords": [
        -0.9700766801834106,
        2.4478323459625244,
        0.3499999940395355
      ],
      "x": 179,
      "pixel_coords": [
        190,
        84,
        13.267672538757324
      ],
      "material": "metal",
      "size": "small",
      "width": 22,
      "height": 24,
      "color": "green",
      "y": 73,
      "shape": "cube",
      "rotation": 107.82071797150452
    },
    {
      "3d_coords": [
        1.0464943647384644,
        -0.0057582007721066475,
        0.3499999940395355
      ],
      "x": 172,
      "pixel_coords": [
        184,
        121,
        10.434467315673828
      ],
      "material": "rubber",
      "size": "small",
      "width": 24,
      "height": 31,
      "color": "purple",
      "y": 105,
      "shape": "cylinder",
      "rotation": 290.1071031257067
    }
  ]
}