{
  "image_filename": "CLEVR_new_000240.png",
  "directions": {
    "above": [
      0.0,
      0.0,
      1.0
    ],
    "behind": [
      -0.754490315914154,
      0.6563112735748291,
      0.0
    ],
    "left": [
      -0.6563112735748291,
      -0.7544902563095093,
      0.0
    ],
    "below": [
      -0.0,
      -0.0,
      -1.0
    ],
    "right": [
      0.6563112735748291,
      0.7544902563095093,
      -0.0
    ],
    "front": [
      0.754490315914154,
      -0.6563112735748291,
      -0.0
    ]
  },
  "relationships": {
    "left": [
      [
        2,
        4,
        5,
        6,
        7
      ],
      [
        0,
        2,
        3,
        4,
        5,
        6,
        7
      ],
      [
        4
      ],
      [
        0,
        2,
        4,
        5,
        6,
        7
      ],
      [],
      [
        2,
        4,
        6
      ],
      [
        2,
        4
      ],
      [
        2,
        4,
        5,
        6
      ]
    ],
    "front": [
      [
        2,
        6
      ],
      [
        0,
        2,
        6
      ],
      [
        6
      ],
      [
        0,
        1,
        2,
        5,
        6
      ],
      [
        0,
        1,
        2,
        3,
        5,
        6
      ],
      [
        0,
        1,
        2,
        6
      ],
      [],
      [
        0,
        1,
        2,
        3,
        4,
        5,
        6
      ]
    ],
    "right": [
      [
        1,
        3
      ],
      [],
      [
        0,
        1,
        3,
        5,
        6,
        7
      ],
      [
        1
      ],
      [
        0,
        1,
        2,
        3,
        5,
        6,
        7
      ],
      [
        0,
        1,
        3,
        7
      ],
      [
        0,
        1,
        3,
        5,
        7
      ],
      [
        0,
        1,
        3
      ]
    ],
    "behind": [
      [
        1,
        3,
        4,
        5,
        7
      ],
      [
        3,
        4,
        5,
        7
      ],
      [
        0,
        1,
        3,
        4,
        5,
        7
      ],
      [
        4,
        7
      ],
      [
        7
      ],
      [
        3,
        4,
        7
      ],
      [
        0,
        1,
        2,
        3,
        4,
        5,
        7
      ],
      []
    ]
  },
  "split": "new",
  "image_index": 240,
  "objects": [
    {
      "3d_coords": [
        1.9847595691680908,
        -0.33767223358154297,
        0.3499999940395355
      ],
      "x": 183,
      "pixel_coords": [
        200,
        140,
        9.359119415283203
      ],
      "material": "metal",
      "size": "small",
      "width": 35,
      "height": 39,
      "color": "yellow",
      "y": 121,
      "shape": "cube",
      "rotation": 92.87891156223141
    },
    {
      "3d_coords": [
        2.4540233612060547,
        2.8918862342834473,
        0.699999988079071
      ],
      "x": 251,
      "pixel_coords": [
        283,
        98,
        10.76363754272461
      ],
      "material": "rubber",
      "size": "large",
      "width": 68,
      "height": 61,
      "color": "yellow",
      "y": 69,
      "shape": "cube",
      "rotation": 203.66766594467998
    },
    {
      "3d_coords": [
        0.3943949341773987,
        -2.7777700424194336,
        0.699999988079071
      ],
      "x": 56,
      "pixel_coords": [
        88,
        138,
        8.798514366149902
      ],
      "material": "rubber",
      "size": "large",
      "width": 62,
      "height": 76,
      "color": "cyan",
      "y": 101,
      "shape": "cylinder",
      "rotation": 143.2834730174472
    },
    {
      "3d_coords": [
        0.2622232139110565,
        1.703628659248352,
        0.699999988079071
      ],
      "x": 182,
      "pixel_coords": [
        204,
        87,
        11.49360466003418
      ],
      "material": "metal",
      "size": "large",
      "width": 45,
      "height": 56,
      "color": "blue",
      "y": 60,
      "shape": "cylinder",
      "rotation": 212.86627696781318
    },
    {
      "3d_coords": [
        -2.7267823219299316,
        -0.6771632432937622,
        0.699999988079071
      ],
      "x": 62,
      "pixel_coords": [
        92,
        80,
        12.04636001586914
      ],
      "material": "metal",
      "size": "large",
      "width": 58,
      "height": 56,
      "color": "yellow",
      "y": 53,
      "shape": "cube",
      "rotation": 316.1015836265308
    },
    {
      "3d_coords": [
        -0.3295080065727234,
        0.39800137281417847,
        0.3499999940395355
      ],
      "x": 149,
      "pixel_coords": [
        162,
        103,
        11.288764953613281
      ],
      "material": "metal",
      "size": "small",
      "width": 26,
      "height": 29,
      "color": "green",
      "y": 88,
      "shape": "cube",
      "rotation": 99.56147435859049
    },
    {
      "3d_coords": [
        2.1741950511932373,
        -2.558070182800293,
        0.699999988079071
      ],
      "x": 106,
      "pixel_coords": [
        140,
        166,
        7.7718610763549805
      ],
      "material": "rubber",
      "size": "large",
      "width": 66,
      "height": 88,
      "color": "blue",
      "y": 124,
      "shape": "cylinder",
      "rotation": 234.73647326361984
    },
    {
      "3d_coords": [
        -1.8034329414367676,
        2.3013691902160645,
        0.699999988079071
      ],
      "x": 155,
      "pixel_coords": [
        173,
        66,
        13.181659698486328
      ],
      "material": "metal",
      "size": "large",
      "width": 37,
      "height": 38,
      "color": "purple",
      "y": 47,
      "shape": "sphere",
      "rotation": 326.0814114118796
    }
  ]
}