{
  "image_filename": "CLEVR_new_000403.png",
  "directions": {
    "above": [
      0.0,
      0.0,
      1.0
    ],
    "behind": [
      -0.754490315914154,
      0.6563112735748291,
      0.0
    ],
    "left": [
      -0.6563112735748291,
      -0.7544902563095093,
      0.0
    ],
    "below": [
      -0.0,
      -0.0,
      -1.0
    ],
    "right": [
      0.6563112735748291,
      0.7544902563095093,
      -0.0
    ],
    "front": [
      0.754490315914154,
      -0.6563112735748291,
      -0.0
    ]
  },
  "relationships": {
    "left": [
      [
        1,
        2,
        3,
        4,
        5
      ],
      [
        2,
        3,
        4,
        5
      ],
      [
        4,
        5
      ],
      [
        2,
        4,
        5
      ],
      [
        5
      ],
      []
    ],
    "front": [
      [
        1,
        2,
        4,
        5
      ],
      [
        4
      ],
      [
        1,
        4
      ],
      [
        0,
        1,
        2,
        4,
        5
      ],
      [],
      [
        1,
        2,
        4
      ]
    ],
    "right": [
      [],
      [
        0
      ],
      [
        0,
        1,
        3
      ],
      [
        0,
        1
      ],
      [
        0,
        1,
        2,
        3
      ],
      [
        0,
        1,
        2,
        3,
        4
      ]
    ],
    "behind": [
      [
        3
      ],
      [
        0,
        2,
        3,
        5
      ],
      [
        0,
        3,
        5
      ],
      [],
      [
        0,
        1,
        2,
        3,
        5
      ],
      [
        0,
        3
      ]
    ]
  },
  "split": "new",
  "image_index": 403,
  "objects": [
    {
      "3d_coords": [
        1.3309895992279053,
        2.983107328414917,
        0.3499999940395355
      ],
      "x": 236,
      "pixel_coords": [
        250,
        97,
        12.066948890686035
      ],
      "material": "metal",
      "size": "small",
      "width": 29,
      "height": 28,
      "color": "red",
      "y": 83,
      "shape": "cube",
      "rotation": 59.23324478285518
    },
    {
      "3d_coords": [
        1.5092216730117798,
        -0.09006381779909134,
        0.3499999940395355
      ],
      "x": 176,
      "pixel_coords": [
        192,
        130,
        10.187307357788086
      ],
      "material": "metal",
      "size": "small",
      "width": 32,
      "height": 35,
      "color": "green",
      "y": 113,
      "shape": "cube",
      "rotation": 211.7857030691007
    },
    {
      "3d_coords": [
        -0.7959067225456238,
        -1.0734813213348389,
        0.3499999940395355
      ],
      "x": 107,
      "pixel_coords": [
        118,
        112,
        11.102263450622559
      ],
      "material": "rubber",
      "size": "small",
      "width": 22,
      "height": 22,
      "color": "brown",
      "y": 101,
      "shape": "sphere",
      "rotation": 256.4685475013338
    },
    {
      "3d_coords": [
        -1.6733609437942505,
        1.4232674837112427,
        0.3499999940395355
      ],
      "x": 149,
      "pixel_coords": [
        159,
        82,
        13.099691390991211
      ],
      "material": "metal",
      "size": "small",
      "width": 19,
      "height": 19,
      "color": "purple",
      "y": 73,
      "shape": "sphere",
      "rotation": 270.9805648962764
    },
    {
      "3d_coords": [
        -0.26197829842567444,
        -2.939962863922119,
        0.699999988079071
      ],
      "x": 46,
      "pixel_coords": [
        73,
        131,
        9.509636878967285
      ],
      "material": "rubber",
      "size": "large",
      "width": 53,
      "height": 52,
      "color": "blue",
      "y": 105,
      "shape": "sphere",
      "rotation": 270.6515973718492
    },
    {
      "3d_coords": [
        -2.302793264389038,
        -1.834401249885559,
        0.3499999940395355
      ],
      "x": 60,
      "pixel_coords": [
        73,
        103,
        11.632573127746582
      ],
      "material": "rubber",
      "size": "small",
      "width": 24,
      "height": 28,
      "color": "blue",
      "y": 89,
      "shape": "cylinder",
      "rotation": 108.73543719228029
    }
  ]
}