{
  "image_filename": "CLEVR_new_000507.png",
  "directions": {
    "above": [
      0.0,
      0.0,
      1.0
    ],
    "behind": [
      -0.754490315914154,
      0.6563112735748291,
      0.0
    ],
    "left": [
      -0.6563112735748291,
      -0.7544902563095093,
      0.0
    ],
    "below": [
      -0.0,
      -0.0,
      -1.0
    ],
    "right": [
      0.6563112735748291,
      0.7544902563095093,
      -0.0
    ],
    "front": [
      0.754490315914154,
      -0.6563112735748291,
      -0.0
    ]
  },
  "relationships": {
    "left": [
      [
        1,
        2,
        5,
        7,
        9
      ],
      [
        2,
        5,
        7
      ],
      [
        5,
        7
      ],
      [
        0,
        1,
        2,
        4,
        5,
        6,
        7,
        8,
        9
      ],
      [
        0,
        1,
        2,
        5,
        7,
        9
      ],
      [
        7
      ],
      [
        0,
        1,
        2,
        4,
        5,
        7,
        8,
        9
      ],
      [],
      [
        0,
        1,
        2,
        4,
        5,
        7,
        9
      ],
      [
        1,
        2,
        5,
        7
      ]
    ],
    "front": [
      [
        1,
        3,
        4,
        6,
        7,
        8
      ],
      [
        8
      ],
      [
        0,
        1,
        3,
        4,
        5,
        6,
        7,
        8
      ],
      [
        1,
        4,
        8
      ],
      [
        1,
        8
      ],
      [
        0,
        1,
        3,
        4,
        6,
        7,
        8
      ],
      [
        1,
        3,
        4,
        7,
        8
      ],
      [
        1,
        3,
        4,
        8
      ],
      [],
      [
        0,
        1,
        2,
        3,
        4,
        5,
        6,
        7,
        8
      ]
    ],
    "right": [
      [
        3,
        4,
        6,
        8
      ],
      [
        0,
        3,
        4,
        6,
        8,
        9
      ],
      [
        0,
        1,
        3,
        4,
        6,
        8,
        9
      ],
      [],
      [
        3,
        6,
        8
      ],
      [
        0,
        1,
        2,
        3,
        4,
        6,
        8,
        9
      ],
      [
        3
      ],
      [
        0,
        1,
        2,
        3,
        4,
        5,
        6,
        8,
        9
      ],
      [
        3,
        6
      ],
      [
        0,
        3,
        4,
        6,
        8
      ]
    ],
    "behind": [
      [
        2,
        5,
        9
      ],
      [
        0,
        2,
        3,
        4,
        5,
        6,
        7,
        9
      ],
      [
        9
      ],
      [
        0,
        2,
        5,
        6,
        7,
        9
      ],
      [
        0,
        2,
        3,
        5,
        6,
        7,
        9
      ],
      [
        2,
        9
      ],
      [
        0,
        2,
        5,
        9
      ],
      [
        0,
        2,
        5,
        6,
        9
      ],
      [
        0,
        1,
        2,
        3,
        4,
        5,
        6,
        7,
        9
      ],
      []
    ]
  },
  "split": "new",
  "image_index": 507,
  "objects": [
    {
      "3d_coords": [
        -0.37730345129966736,
        1.3523569107055664,
        0.699999988079071
      ],
      "x": 162,
      "pixel_coords": [
        182,
        86,
        12.433910369873047
      ],
      "material": "metal",
      "size": "large",
      "width": 40,
      "height": 40,
      "color": "green",
      "y": 67,
      "shape": "sphere",
      "rotation": 304.16397847652905
    },
    {
      "3d_coords": [
        0.7930803298950195,
        -1.412315845489502,
        0.699999988079071
      ],
      "x": 117,
      "pixel_coords": [
        141,
        125,
        10.080719947814941
      ],
      "material": "metal",
      "size": "large",
      "width": 49,
      "height": 49,
      "color": "green",
      "y": 101,
      "shape": "sphere",
      "rotation": 327.16326108115453
    },
    {
      "3d_coords": [
        -2.8437488079071045,
        0.5886264443397522,
        0.3499999940395355
      ],
      "x": 111,
      "pixel_coords": [
        123,
        81,
        13.774261474609375
      ],
      "material": "rubber",
      "size": "small",
      "width": 24,
      "height": 25,
      "color": "purple",
      "y": 68,
      "shape": "cube",
      "rotation": 20.36961716520357
    },
    {
      "3d_coords": [
        2.4334871768951416,
        1.9462597370147705,
        0.3499999940395355
      ],
      "x": 245,
      "pixel_coords": [
        257,
        119,
        11.11770248413086
      ],
      "material": "metal",
      "size": "small",
      "width": 23,
      "height": 22,
      "color": "gray",
      "y": 108,
      "shape": "sphere",
      "rotation": 70.1561503768067
    },
    {
      "3d_coords": [
        1.5056873559951782,
        0.2508128583431244,
        0.699999988079071
      ],
      "x": 169,
      "pixel_coords": [
        199,
        116,
        10.573460578918457
      ],
      "material": "metal",
      "size": "large",
      "width": 63,
      "height": 66,
      "color": "brown",
      "y": 84,
      "shape": "cube",
      "rotation": 236.90451009158414
    },
    {
      "3d_coords": [
        -2.793390989303589,
        -0.4443715512752533,
        0.3499999940395355
      ],
      "x": 92,
      "pixel_coords": [
        102,
        88,
        13.147077560424805
      ],
      "material": "rubber",
      "size": "small",
      "width": 19,
      "height": 19,
      "color": "blue",
      "y": 79,
      "shape": "sphere",
      "rotation": 23.102920687367213
    },
    {
      "3d_coords": [
        1.343878984451294,
        2.1576805114746094,
        0.3499999940395355
      ],
      "x": 223,
      "pixel_coords": [
        233,
        105,
        11.949151992797852
      ],
      "material": "rubber",
      "size": "small",
      "width": 21,
      "height": 21,
      "color": "green",
      "y": 95,
      "shape": "sphere",
      "rotation": 81.00814314567327
    },
    {
      "3d_coords": [
        -2.3602709770202637,
        -2.7202510833740234,
        0.3499999940395355
      ],
      "x": 38,
      "pixel_coords": [
        51,
        111,
        11.555408477783203
      ],
      "material": "rubber",
      "size": "small",
      "width": 25,
      "height": 28,
      "color": "gray",
      "y": 97,
      "shape": "cylinder",
      "rotation": 229.6060832413791
    },
    {
      "3d_coords": [
        2.883315324783325,
        0.010384251363575459,
        0.3499999940395355
      ],
      "x": 215,
      "pixel_coords": [
        229,
        147,
        9.710784912109375
      ],
      "material": "rubber",
      "size": "small",
      "width": 28,
      "height": 35,
      "color": "purple",
      "y": 130,
      "shape": "cylinder",
      "rotation": 12.969505266278688
    },
    {
      "3d_coords": [
        -2.5564849376678467,
        2.38141131401062,
        0.699999988079071
      ],
      "x": 145,
      "pixel_coords": [
        162,
        63,
        14.445596694946289
      ],
      "material": "rubber",
      "size": "large",
      "width": 34,
      "height": 34,
      "color": "green",
      "y": 46,
      "shape": "sphere",
      "rotation": 108.4604049135693
    }
  ]
}