{
  "image_filename": "CLEVR_new_000232.png",
  "directions": {
    "above": [
      0.0,
      0.0,
      1.0
    ],
    "behind": [
      -0.754490315914154,
      0.6563112735748291,
      0.0
    ],
    "left": [
      -0.6563112735748291,
      -0.7544902563095093,
      0.0
    ],
    "below": [
      -0.0,
      -0.0,
      -1.0
    ],
    "right": [
      0.6563112735748291,
      0.7544902563095093,
      -0.0
    ],
    "front": [
      0.754490315914154,
      -0.6563112735748291,
      -0.0
    ]
  },
  "relationships": {
    "left": [
      [
        1,
        3,
        4,
        5,
        6,
        7
      ],
      [
        4,
        7
      ],
      [
        0,
        1,
        3,
        4,
        5,
        6,
        7,
        8
      ],
      [
        1,
        4,
        5,
        6,
        7
      ],
      [],
      [
        1,
        4,
        6,
        7
      ],
      [
        1,
        4,
        7
      ],
      [
        4
      ],
      [
        0,
        1,
        3,
        4,
        5,
        6,
        7
      ]
    ],
    "front": [
      [
        5
      ],
      [
        0,
        2,
        5,
        7
      ],
      [
        0,
        5,
        7
      ],
      [
        0,
        1,
        2,
        4,
        5,
        7,
        8
      ],
      [
        0,
        1,
        2,
        5,
        7
      ],
      [],
      [
        0,
        1,
        2,
        3,
        4,
        5,
        7,
        8
      ],
      [
        0,
        5
      ],
      [
        0,
        1,
        2,
        4,
        5,
        7
      ]
    ],
    "right": [
      [
        2,
        8
      ],
      [
        0,
        2,
        3,
        5,
        6,
        8
      ],
      [],
      [
        0,
        2,
        8
      ],
      [
        0,
        1,
        2,
        3,
        5,
        6,
        7,
        8
      ],
      [
        0,
        2,
        3,
        8
      ],
      [
        0,
        2,
        3,
        5,
        8
      ],
      [
        0,
        1,
        2,
        3,
        5,
        6,
        8
      ],
      [
        2
      ]
    ],
    "behind": [
      [
        1,
        2,
        3,
        4,
        6,
        7,
        8
      ],
      [
        3,
        4,
        6,
        8
      ],
      [
        1,
        3,
        4,
        6,
        8
      ],
      [
        6
      ],
      [
        3,
        6,
        8
      ],
      [
        0,
        1,
        2,
        3,
        4,
        6,
        7,
        8
      ],
      [],
      [
        1,
        2,
        3,
        4,
        6,
        8
      ],
      [
        3,
        6
      ]
    ]
  },
  "split": "new",
  "image_index": 232,
  "objects": [
    {
      "3d_coords": [
        2.1727030277252197,
        -1.1002668142318726,
        0.3499999940395355
      ],
      "x": 172,
      "pixel_coords": [
        186,
        155,
        8.784279823303223
      ],
      "material": "rubber",
      "size": "small",
      "width": 28,
      "height": 28,
      "color": "gray",
      "y": 141,
      "shape": "sphere",
      "rotation": 60.84271025911287
    },
    {
      "3d_coords": [
        -1.3818912506103516,
        -1.4270544052124023,
        0.699999988079071
      ],
      "x": 69,
      "pixel_coords": [
        95,
        99,
        10.680996894836426
      ],
      "material": "metal",
      "size": "large",
      "width": 51,
      "height": 61,
      "color": "red",
      "y": 70,
      "shape": "cylinder",
      "rotation": 227.86693330025219
    },
    {
      "3d_coords": [
        1.9820219278335571,
        1.05340576171875,
        0.699999988079071
      ],
      "x": 209,
      "pixel_coords": [
        234,
        112,
        9.990618705749512
      ],
      "material": "rubber",
      "size": "large",
      "width": 50,
      "height": 49,
      "color": "blue",
      "y": 87,
      "shape": "sphere",
      "rotation": 289.9304423230687
    },
    {
      "3d_coords": [
        -1.2714486122131348,
        1.209551453590393,
        0.699999988079071
      ],
      "x": 140,
      "pixel_coords": [
        161,
        77,
        12.153892517089844
      ],
      "material": "metal",
      "size": "large",
      "width": 41,
      "height": 53,
      "color": "blue",
      "y": 51,
      "shape": "cylinder",
      "rotation": 79.86046275020192
    },
    {
      "3d_coords": [
        -2.9241535663604736,
        -2.2167539596557617,
        0.699999988079071
      ],
      "x": 24,
      "pixel_coords": [
        47,
        91,
        11.200925827026367
      ],
      "material": "rubber",
      "size": "large",
      "width": 46,
      "height": 44,
      "color": "yellow",
      "y": 69,
      "shape": "sphere",
      "rotation": 87.85135426563858
    },
    {
      "3d_coords": [
        2.046053886413574,
        -2.942836284637451,
        0.699999988079071
      ],
      "x": 77,
      "pixel_coords": [
        124,
        173,
        7.610806941986084
      ],
      "material": "rubber",
      "size": "large",
      "width": 87,
      "height": 98,
      "color": "purple",
      "y": 127,
      "shape": "cube",
      "rotation": 295.7102649768693
    },
    {
      "3d_coords": [
        -2.9979588985443115,
        0.6614563465118408,
        0.699999988079071
      ],
      "x": 99,
      "pixel_coords": [
        118,
        68,
        12.932567596435547
      ],
      "material": "rubber",
      "size": "large",
      "width": 38,
      "height": 38,
      "color": "cyan",
      "y": 48,
      "shape": "sphere",
      "rotation": 37.656411056544016
    },
    {
      "3d_coords": [
        -0.6976951360702515,
        -2.9368300437927246,
        0.3499999940395355
      ],
      "x": 44,
      "pixel_coords": [
        63,
        136,
        9.53725528717041
      ],
      "material": "metal",
      "size": "small",
      "width": 38,
      "height": 37,
      "color": "gray",
      "y": 118,
      "shape": "cube",
      "rotation": 353.82352262051484
    },
    {
      "3d_coords": [
        0.0034256011713296175,
        1.775456428527832,
        0.3499999940395355
      ],
      "x": 188,
      "pixel_coords": [
        199,
        93,
        11.848907470703125
      ],
      "material": "metal",
      "size": "small",
      "width": 22,
      "height": 27,
      "color": "gray",
      "y": 80,
      "shape": "cylinder",
      "rotation": 64.7095613109421
    }
  ]
}