{
  "image_filename": "CLEVR_new_000491.png",
  "directions": {
    "above": [
      0.0,
      0.0,
      1.0
    ],
    "behind": [
      -0.754490315914154,
      0.6563112735748291,
      0.0
    ],
    "left": [
      -0.6563112735748291,
      -0.7544902563095093,
      0.0
    ],
    "below": [
      -0.0,
      -0.0,
      -1.0
    ],
    "right": [
      0.6563112735748291,
      0.7544902563095093,
      -0.0
    ],
    "front": [
      0.754490315914154,
      -0.6563112735748291,
      -0.0
    ]
  },
  "relationships": {
    "left": [
      [
        1,
        2,
        5,
        6,
        8
      ],
      [
        2,
        8
      ],
      [],
      [
        0,
        1,
        2,
        5,
        6,
        8
      ],
      [
        0,
        1,
        2,
        3,
        5,
        6,
        7,
        8
      ],
      [
        1,
        2,
        8
      ],
      [
        1,
        2,
        5,
        8
      ],
      [
        0,
        1,
        2,
        3,
        5,
        6,
        8
      ],
      [
        2
      ]
    ],
    "front": [
      [
        8
      ],
      [
        0,
        7,
        8
      ],
      [
        0,
        1,
        4,
        7,
        8
      ],
      [
        0,
        1,
        2,
        4,
        5,
        7,
        8
      ],
      [
        0,
        1,
        7,
        8
      ],
      [
        0,
        1,
        2,
        4,
        7,
        8
      ],
      [
        0,
        1,
        2,
        3,
        4,
        5,
        7,
        8
      ],
      [
        0,
        8
      ],
      []
    ],
    "right": [
      [
        3,
        4,
        7
      ],
      [
        0,
        3,
        4,
        5,
        6,
        7
      ],
      [
        0,
        1,
        3,
        4,
        5,
        6,
        7,
        8
      ],
      [
        4,
        7
      ],
      [],
      [
        0,
        3,
        4,
        6,
        7
      ],
      [
        0,
        3,
        4,
        7
      ],
      [
        4
      ],
      [
        0,
        1,
        3,
        4,
        5,
        6,
        7
      ]
    ],
    "behind": [
      [
        1,
        2,
        3,
        4,
        5,
        6,
        7
      ],
      [
        2,
        3,
        4,
        5,
        6
      ],
      [
        3,
        5,
        6
      ],
      [
        6
      ],
      [
        2,
        3,
        5,
        6
      ],
      [
        3,
        6
      ],
      [],
      [
        1,
        2,
        3,
        4,
        5,
        6
      ],
      [
        0,
        1,
        2,
        3,
        4,
        5,
        6,
        7
      ]
    ]
  },
  "split": "new",
  "image_index": 491,
  "objects": [
    {
      "3d_coords": [
        2.4700045585632324,
        -0.8162418603897095,
        0.3499999940395355
      ],
      "x": 180,
      "pixel_coords": [
        199,
        151,
        8.961542129516602
      ],
      "material": "metal",
      "size": "small",
      "width": 36,
      "height": 41,
      "color": "blue",
      "y": 132,
      "shape": "cube",
      "rotation": 196.64181984915814
    },
    {
      "3d_coords": [
        0.24270008504390717,
        -1.1805799007415771,
        0.3499999940395355
      ],
      "x": 121,
      "pixel_coords": [
        135,
        124,
        10.252224922180176
      ],
      "material": "metal",
      "size": "small",
      "width": 27,
      "height": 32,
      "color": "brown",
      "y": 108,
      "shape": "cube",
      "rotation": 131.43759883449627
    },
    {
      "3d_coords": [
        -2.286039113998413,
        -0.9762085676193237,
        0.699999988079071
      ],
      "x": 71,
      "pixel_coords": [
        95,
        87,
        11.912223815917969
      ],
      "material": "metal",
      "size": "large",
      "width": 46,
      "height": 54,
      "color": "cyan",
      "y": 61,
      "shape": "cube",
      "rotation": 107.85325839770869
    },
    {
      "3d_coords": [
        -0.7034381031990051,
        2.75314998626709,
        0.699999988079071
      ],
      "x": 185,
      "pixel_coords": [
        204,
        74,
        12.99627685546875
      ],
      "material": "metal",
      "size": "large",
      "width": 40,
      "height": 48,
      "color": "green",
      "y": 51,
      "shape": "cylinder",
      "rotation": 168.44782299883906
    },
    {
      "3d_coords": [
        2.6098990440368652,
        2.6216981410980225,
        0.3499999940395355
      ],
      "x": 267,
      "pixel_coords": [
        279,
        114,
        10.84965991973877
      ],
      "material": "rubber",
      "size": "small",
      "width": 24,
      "height": 23,
      "color": "blue",
      "y": 103,
      "shape": "sphere",
      "rotation": 235.12970690452823
    },
    {
      "3d_coords": [
        -1.4014136791229248,
        0.7875141501426697,
        0.3499999940395355
      ],
      "x": 141,
      "pixel_coords": [
        151,
        91,
        12.494874954223633
      ],
      "material": "rubber",
      "size": "small",
      "width": 20,
      "height": 25,
      "color": "brown",
      "y": 78,
      "shape": "cylinder",
      "rotation": 168.77847469007156
    },
    {
      "3d_coords": [
        -2.3670127391815186,
        2.3294730186462402,
        0.3499999940395355
      ],
      "x": 154,
      "pixel_coords": [
        166,
        74,
        14.034622192382812
      ],
      "material": "metal",
      "size": "small",
      "width": 24,
      "height": 24,
      "color": "green",
      "y": 62,
      "shape": "cube",
      "rotation": 345.6413889173497
    },
    {
      "3d_coords": [
        2.9043242931365967,
        0.9254961013793945,
        0.3499999940395355
      ],
      "x": 241,
      "pixel_coords": [
        254,
        136,
        9.673213958740234
      ],
      "material": "metal",
      "size": "small",
      "width": 26,
      "height": 25,
      "color": "green",
      "y": 123,
      "shape": "sphere",
      "rotation": 307.60586959383926
    },
    {
      "3d_coords": [
        1.5831513404846191,
        -2.936558485031128,
        0.699999988079071
      ],
      "x": 71,
      "pixel_coords": [
        109,
        155,
        8.174773216247559
      ],
      "material": "metal",
      "size": "large",
      "width": 69,
      "height": 80,
      "color": "green",
      "y": 116,
      "shape": "cube",
      "rotation": 164.25313196010268
    }
  ]
}