{
  "image_filename": "CLEVR_new_000417.png",
  "directions": {
    "above": [
      0.0,
      0.0,
      1.0
    ],
    "behind": [
      -0.754490315914154,
      0.6563112735748291,
      0.0
    ],
    "left": [
      -0.6563112735748291,
      -0.7544902563095093,
      0.0
    ],
    "below": [
      -0.0,
      -0.0,
      -1.0
    ],
    "right": [
      0.6563112735748291,
      0.7544902563095093,
      -0.0
    ],
    "front": [
      0.754490315914154,
      -0.6563112735748291,
      -0.0
    ]
  },
  "relationships": {
    "left": [
      [
        2,
        5,
        7
      ],
      [
        0,
        2,
        3,
        5,
        7,
        8
      ],
      [
        7
      ],
      [
        0,
        2,
        5,
        7
      ],
      [
        0,
        1,
        2,
        3,
        5,
        6,
        7,
        8
      ],
      [
        2,
        7
      ],
      [
        0,
        1,
        2,
        3,
        5,
        7,
        8
      ],
      [],
      [
        0,
        2,
        3,
        5,
        7
      ]
    ],
    "front": [
      [
        1,
        2,
        3,
        4,
        5,
        6,
        7
      ],
      [
        2,
        3,
        4,
        5,
        6
      ],
      [
        3,
        5,
        6
      ],
      [],
      [
        2,
        3,
        5,
        6
      ],
      [
        3
      ],
      [
        3,
        5
      ],
      [
        1,
        2,
        3,
        4,
        5,
        6
      ],
      [
        0,
        1,
        2,
        3,
        4,
        5,
        6,
        7
      ]
    ],
    "right": [
      [
        1,
        3,
        4,
        6,
        8
      ],
      [
        4,
        6
      ],
      [
        0,
        1,
        3,
        4,
        5,
        6,
        8
      ],
      [
        1,
        4,
        6,
        8
      ],
      [],
      [
        0,
        1,
        3,
        4,
        6,
        8
      ],
      [
        4
      ],
      [
        0,
        1,
        2,
        3,
        4,
        5,
        6,
        8
      ],
      [
        1,
        4,
        6
      ]
    ],
    "behind": [
      [
        8
      ],
      [
        0,
        7,
        8
      ],
      [
        0,
        1,
        4,
        7,
        8
      ],
      [
        0,
        1,
        2,
        4,
        5,
        6,
        7,
        8
      ],
      [
        0,
        1,
        7,
        8
      ],
      [
        0,
        1,
        2,
        4,
        6,
        7,
        8
      ],
      [
        0,
        1,
        2,
        4,
        7,
        8
      ],
      [
        0,
        8
      ],
      []
    ]
  },
  "split": "new",
  "image_index": 417,
  "objects": [
    {
      "3d_coords": [
        -1.1812729835510254,
        0.8550041317939758,
        0.699999988079071
      ],
      "x": 134,
      "pixel_coords": [
        154,
        83,
        12.442584037780762
      ],
      "material": "rubber",
      "size": "large",
      "width": 39,
      "height": 40,
      "color": "cyan",
      "y": 63,
      "shape": "sphere",
      "rotation": 164.95811549832536
    },
    {
      "3d_coords": [
        1.151995062828064,
        1.4523028135299683,
        0.3499999940395355
      ],
      "x": 205,
      "pixel_coords": [
        216,
        108,
        11.523314476013184
      ],
      "material": "rubber",
      "size": "small",
      "width": 23,
      "height": 28,
      "color": "red",
      "y": 94,
      "shape": "cylinder",
      "rotation": 37.69214069560573
    },
    {
      "3d_coords": [
        -0.3133434057235718,
        -1.8779181241989136,
        0.699999988079071
      ],
      "x": 80,
      "pixel_coords": [
        107,
        117,
        10.2421293258667
      ],
      "material": "metal",
      "size": "large",
      "width": 52,
      "height": 64,
      "color": "cyan",
      "y": 86,
      "shape": "cylinder",
      "rotation": 136.1293145693987
    },
    {
      "3d_coords": [
        2.8490657806396484,
        -1.656829595565796,
        0.699999988079071
      ],
      "x": 157,
      "pixel_coords": [
        193,
        160,
        8.405145645141602
      ],
      "material": "metal",
      "size": "large",
      "width": 71,
      "height": 86,
      "color": "cyan",
      "y": 119,
      "shape": "cube",
      "rotation": 229.79246994708805
    },
    {
      "3d_coords": [
        2.6796727180480957,
        2.279590606689453,
        0.3499999940395355
      ],
      "x": 258,
      "pixel_coords": [
        271,
        115,
        11.07339859008789
      ],
      "material": "metal",
      "size": "small",
      "width": 26,
      "height": 30,
      "color": "purple",
      "y": 101,
      "shape": "cylinder",
      "rotation": 37.09339534150925
    },
    {
      "3d_coords": [
        1.2763807773590088,
        -2.4184885025024414,
        0.3499999940395355
      ],
      "x": 109,
      "pixel_coords": [
        128,
        158,
        9.095413208007812
      ],
      "material": "metal",
      "size": "small",
      "width": 35,
      "height": 40,
      "color": "purple",
      "y": 138,
      "shape": "cube",
      "rotation": 240.7718951362133
    },
    {
      "3d_coords": [
        2.6246025562286377,
        0.7383277416229248,
        0.3499999940395355
      ],
      "x": 229,
      "pixel_coords": [
        241,
        133,
        10.17186164855957
      ],
      "material": "metal",
      "size": "small",
      "width": 25,
      "height": 24,
      "color": "yellow",
      "y": 121,
      "shape": "sphere",
      "rotation": 48.523900252377665
    },
    {
      "3d_coords": [
        -2.4946789741516113,
        -1.4789797067642212,
        0.3499999940395355
      ],
      "x": 66,
      "pixel_coords": [
        78,
        100,
        12.016509056091309
      ],
      "material": "rubber",
      "size": "small",
      "width": 24,
      "height": 28,
      "color": "yellow",
      "y": 87,
      "shape": "cube",
      "rotation": 329.4005967578251
    },
    {
      "3d_coords": [
        -0.9132680892944336,
        2.554393768310547,
        0.3499999940395355
      ],
      "x": 180,
      "pixel_coords": [
        191,
        81,
        13.479854583740234
      ],
      "material": "rubber",
      "size": "small",
      "width": 22,
      "height": 24,
      "color": "gray",
      "y": 69,
      "shape": "cube",
      "rotation": 82.18251048655094
    }
  ]
}