{
  "image_filename": "CLEVR_new_000346.png",
  "directions": {
    "above": [
      0.0,
      0.0,
      1.0
    ],
    "behind": [
      -0.754490315914154,
      0.6563112735748291,
      0.0
    ],
    "left": [
      -0.6563112735748291,
      -0.7544902563095093,
      0.0
    ],
    "below": [
      -0.0,
      -0.0,
      -1.0
    ],
    "right": [
      0.6563112735748291,
      0.7544902563095093,
      -0.0
    ],
    "front": [
      0.754490315914154,
      -0.6563112735748291,
      -0.0
    ]
  },
  "relationships": {
    "left": [
      [
        1,
        2,
        3,
        4,
        5,
        6,
        7,
        8,
        9
      ],
      [
        3,
        7
      ],
      [
        1,
        3,
        6,
        7,
        9
      ],
      [],
      [
        1,
        2,
        3,
        5,
        6,
        7,
        9
      ],
      [
        1,
        2,
        3,
        6,
        7,
        9
      ],
      [
        1,
        3,
        7
      ],
      [
        3
      ],
      [
        1,
        2,
        3,
        4,
        5,
        6,
        7,
        9
      ],
      [
        1,
        3,
        6,
        7
      ]
    ],
    "front": [
      [
        2,
        7,
        8
      ],
      [
        0,
        2,
        3,
        5,
        7,
        8
      ],
      [],
      [
        0,
        2,
        5,
        7,
        8
      ],
      [
        0,
        1,
        2,
        3,
        5,
        7,
        8
      ],
      [
        0,
        2,
        7,
        8
      ],
      [
        0,
        1,
        2,
        3,
        4,
        5,
        7,
        8
      ],
      [
        2
      ],
      [
        2,
        7
      ],
      [
        0,
        1,
        2,
        3,
        4,
        5,
        6,
        7,
        8
      ]
    ],
    "right": [
      [],
      [
        0,
        2,
        4,
        5,
        6,
        8,
        9
      ],
      [
        0,
        4,
        5,
        8
      ],
      [
        0,
        1,
        2,
        4,
        5,
        6,
        7,
        8,
        9
      ],
      [
        0,
        8
      ],
      [
        0,
        4,
        8
      ],
      [
        0,
        2,
        4,
        5,
        8,
        9
      ],
      [
        0,
        1,
        2,
        4,
        5,
        6,
        8,
        9
      ],
      [
        0
      ],
      [
        0,
        2,
        4,
        5,
        8
      ]
    ],
    "behind": [
      [
        1,
        3,
        4,
        5,
        6,
        9
      ],
      [
        4,
        6,
        9
      ],
      [
        0,
        1,
        3,
        4,
        5,
        6,
        7,
        8,
        9
      ],
      [
        1,
        4,
        6,
        9
      ],
      [
        6,
        9
      ],
      [
        1,
        3,
        4,
        6,
        9
      ],
      [
        9
      ],
      [
        0,
        1,
        3,
        4,
        5,
        6,
        8,
        9
      ],
      [
        0,
        1,
        3,
        4,
        5,
        6,
        9
      ],
      []
    ]
  },
  "split": "new",
  "image_index": 346,
  "objects": [
    {
      "3d_coords": [
        2.909438133239746,
        2.535893440246582,
        0.3499999940395355
      ],
      "x": 272,
      "pixel_coords": [
        286,
        116,
        10.645827293395996
      ],
      "material": "rubber",
      "size": "small",
      "width": 30,
      "height": 31,
      "color": "brown",
      "y": 100,
      "shape": "cube",
      "rotation": 190.71971641963998
    },
    {
      "3d_coords": [
        -1.584100365638733,
        0.17935064435005188,
        0.3499999940395355
      ],
      "x": 122,
      "pixel_coords": [
        132,
        94,
        12.09803295135498
      ],
      "material": "metal",
      "size": "small",
      "width": 20,
      "height": 20,
      "color": "cyan",
      "y": 84,
      "shape": "sphere",
      "rotation": 54.544713090233756
    },
    {
      "3d_coords": [
        2.939868927001953,
        -1.3211733102798462,
        0.699999988079071
      ],
      "x": 173,
      "pixel_coords": [
        206,
        155,
        8.11905288696289
      ],
      "material": "metal",
      "size": "large",
      "width": 68,
      "height": 83,
      "color": "gray",
      "y": 115,
      "shape": "cube",
      "rotation": 44.65773690861628
    },
    {
      "3d_coords": [
        -1.581935167312622,
        -1.2041187286376953,
        0.699999988079071
      ],
      "x": 75,
      "pixel_coords": [
        98,
        96,
        11.092309951782227
      ],
      "material": "metal",
      "size": "large",
      "width": 45,
      "height": 44,
      "color": "purple",
      "y": 73,
      "shape": "sphere",
      "rotation": 176.9448806819455
    },
    {
      "3d_coords": [
        0.10338190197944641,
        2.9897964000701904,
        0.3499999940395355
      ],
      "x": 208,
      "pixel_coords": [
        222,
        86,
        12.722563743591309
      ],
      "material": "rubber",
      "size": "small",
      "width": 27,
      "height": 26,
      "color": "brown",
      "y": 73,
      "shape": "cube",
      "rotation": 230.7141523673214
    },
    {
      "3d_coords": [
        1.1445821523666382,
        1.1754913330078125,
        0.3499999940395355
      ],
      "x": 201,
      "pixel_coords": [
        212,
        110,
        10.951973915100098
      ],
      "material": "metal",
      "size": "small",
      "width": 24,
      "height": 30,
      "color": "purple",
      "y": 96,
      "shape": "cylinder",
      "rotation": 292.4674867470103
    },
    {
      "3d_coords": [
        -2.0321099758148193,
        1.4757201671600342,
        0.3499999940395355
      ],
      "x": 142,
      "pixel_coords": [
        151,
        81,
        13.173218727111816
      ],
      "material": "rubber",
      "size": "small",
      "width": 19,
      "height": 19,
      "color": "red",
      "y": 71,
      "shape": "sphere",
      "rotation": 19.876431097462365
    },
    {
      "3d_coords": [
        0.5046229362487793,
        -2.2153823375701904,
        0.3499999940395355
      ],
      "x": 98,
      "pixel_coords": [
        113,
        142,
        9.302475929260254
      ],
      "material": "rubber",
      "size": "small",
      "width": 28,
      "height": 36,
      "color": "blue",
      "y": 124,
      "shape": "cylinder",
      "rotation": 148.65919516542877
    },
    {
      "3d_coords": [
        2.7071049213409424,
        1.5925791263580322,
        0.3499999940395355
      ],
      "x": 251,
      "pixel_coords": [
        264,
        123,
        10.202546119689941
      ],
      "material": "metal",
      "size": "small",
      "width": 25,
      "height": 24,
      "color": "yellow",
      "y": 111,
      "shape": "sphere",
      "rotation": 56.28702397695378
    },
    {
      "3d_coords": [
        -2.864362955093384,
        2.9331836700439453,
        0.3499999940395355
      ],
      "x": 155,
      "pixel_coords": [
        164,
        67,
        14.592894554138184
      ],
      "material": "metal",
      "size": "small",
      "width": 18,
      "height": 21,
      "color": "cyan",
      "y": 56,
      "shape": "cube",
      "rotation": 219.028464952863
    }
  ]
}