{
  "image_filename": "CLEVR_new_000202.png",
  "directions": {
    "above": [
      0.0,
      0.0,
      1.0
    ],
    "behind": [
      -0.754490315914154,
      0.6563112735748291,
      0.0
    ],
    "left": [
      -0.6563112735748291,
      -0.7544902563095093,
      0.0
    ],
    "below": [
      -0.0,
      -0.0,
      -1.0
    ],
    "right": [
      0.6563112735748291,
      0.7544902563095093,
      -0.0
    ],
    "front": [
      0.754490315914154,
      -0.6563112735748291,
      -0.0
    ]
  },
  "relationships": {
    "left": [
      [],
      [
        0
      ],
      [
        0,
        1
      ]
    ],
    "front": [
      [],
      [
        0
      ],
      [
        0,
        1
      ]
    ],
    "right": [
      [
        1,
        2
      ],
      [
        2
      ],
      []
    ],
    "behind": [
      [
        1,
        2
      ],
      [
        2
      ],
      []
    ]
  },
  "split": "new",
  "image_index": 202,
  "objects": [
    {
      "3d_coords": [
        1.8907301425933838,
        -1.3546080589294434,
        0.699999988079071
      ],
      "x": 144,
      "pixel_coords": [
        170,
        137,
        9.37306022644043
      ],
      "material": "metal",
      "size": "large",
      "width": 52,
      "height": 52,
      "color": "cyan",
      "y": 111,
      "shape": "sphere",
      "rotation": 159.85719017167403
    },
    {
      "3d_coords": [
        2.3711702823638916,
        0.7302242517471313,
        0.3499999940395355
      ],
      "x": 219,
      "pixel_coords": [
        232,
        129,
        10.467094421386719
      ],
      "material": "metal",
      "size": "small",
      "width": 26,
      "height": 31,
      "color": "yellow",
      "y": 114,
      "shape": "cylinder",
      "rotation": 352.8767659670851
    },
    {
      "3d_coords": [
        1.59470796585083,
        2.4466161727905273,
        0.3499999940395355
      ],
      "x": 233,
      "pixel_coords": [
        244,
        104,
        11.997077941894531
      ],
      "material": "rubber",
      "size": "small",
      "width": 24,
      "height": 27,
      "color": "brown",
      "y": 91,
      "shape": "cube",
      "rotation": 68.23744626571818
    }
  ]
}