{
  "image_filename": "CLEVR_new_000422.png",
  "directions": {
    "above": [
      0.0,
      0.0,
      1.0
    ],
    "behind": [
      -0.754490315914154,
      0.6563112735748291,
      0.0
    ],
    "left": [
      -0.6563112735748291,
      -0.7544902563095093,
      0.0
    ],
    "below": [
      -0.0,
      -0.0,
      -1.0
    ],
    "right": [
      0.6563112735748291,
      0.7544902563095093,
      -0.0
    ],
    "front": [
      0.754490315914154,
      -0.6563112735748291,
      -0.0
    ]
  },
  "relationships": {
    "left": [
      [
        2,
        4
      ],
      [
        0,
        2,
        4,
        5
      ],
      [],
      [
        0,
        1,
        2,
        4,
        5,
        8
      ],
      [
        2
      ],
      [
        0,
        2,
        4
      ],
      [
        0,
        1,
        2,
        3,
        4,
        5,
        8
      ],
      [
        0,
        1,
        2,
        3,
        4,
        5,
        6,
        8
      ],
      [
        0,
        1,
        2,
        4,
        5
      ]
    ],
    "front": [
      [
        1,
        2,
        4,
        6,
        7
      ],
      [],
      [
        1,
        4,
        6,
        7
      ],
      [
        0,
        1,
        2,
        4,
        6,
        7,
        8
      ],
      [
        1,
        6
      ],
      [
        0,
        1,
        2,
        3,
        4,
        6,
        7,
        8
      ],
      [
        1
      ],
      [
        1,
        4,
        6
      ],
      [
        0,
        1,
        2,
        4,
        6,
        7
      ]
    ],
    "right": [
      [
        1,
        3,
        5,
        6,
        7,
        8
      ],
      [
        3,
        6,
        7,
        8
      ],
      [
        0,
        1,
        3,
        4,
        5,
        6,
        7,
        8
      ],
      [
        6,
        7
      ],
      [
        0,
        1,
        3,
        5,
        6,
        7,
        8
      ],
      [
        1,
        3,
        6,
        7,
        8
      ],
      [
        7
      ],
      [],
      [
        3,
        6,
        7
      ]
    ],
    "behind": [
      [
        3,
        5,
        8
      ],
      [
        0,
        2,
        3,
        4,
        5,
        6,
        7,
        8
      ],
      [
        0,
        3,
        5,
        8
      ],
      [
        5
      ],
      [
        0,
        2,
        3,
        5,
        7,
        8
      ],
      [],
      [
        0,
        2,
        3,
        4,
        5,
        7,
        8
      ],
      [
        0,
        2,
        3,
        5,
        8
      ],
      [
        3,
        5
      ]
    ]
  },
  "split": "new",
  "image_index": 422,
  "objects": [
    {
      "3d_coords": [
        -0.9618811011314392,
        -0.1541251689195633,
        0.699999988079071
      ],
      "x": 106,
      "pixel_coords": [
        137,
        91,
        11.11434268951416
      ],
      "material": "rubber",
      "size": "large",
      "width": 60,
      "height": 62,
      "color": "purple",
      "y": 61,
      "shape": "cube",
      "rotation": 1.6164969383505445
    },
    {
      "3d_coords": [
        1.845804214477539,
        -1.1885393857955933,
        0.3499999940395355
      ],
      "x": 157,
      "pixel_coords": [
        171,
        151,
        8.839315414428711
      ],
      "material": "rubber",
      "size": "small",
      "width": 28,
      "height": 38,
      "color": "red",
      "y": 132,
      "shape": "cylinder",
      "rotation": 198.76415670953682
    },
    {
      "3d_coords": [
        -2.1103949546813965,
        -2.4048421382904053,
        0.3499999940395355
      ],
      "x": 43,
      "pixel_coords": [
        56,
        109,
        10.793166160583496
      ],
      "material": "rubber",
      "size": "small",
      "width": 27,
      "height": 30,
      "color": "purple",
      "y": 94,
      "shape": "cylinder",
      "rotation": 131.00340089589508
    },
    {
      "3d_coords": [
        -0.10827531665563583,
        2.8964931964874268,
        0.3499999940395355
      ],
      "x": 208,
      "pixel_coords": [
        221,
        84,
        12.424945831298828
      ],
      "material": "metal",
      "size": "small",
      "width": 26,
      "height": 26,
      "color": "red",
      "y": 71,
      "shape": "cube",
      "rotation": 349.8422128725794
    },
    {
      "3d_coords": [
        -0.645322322845459,
        -2.114330768585205,
        0.699999988079071
      ],
      "x": 58,
      "pixel_coords": [
        87,
        114,
        9.8073148727417
      ],
      "material": "metal",
      "size": "large",
      "width": 56,
      "height": 67,
      "color": "gray",
      "y": 81,
      "shape": "cylinder",
      "rotation": 98.30164308524824
    },
    {
      "3d_coords": [
        -2.1054017543792725,
        1.5830295085906982,
        0.699999988079071
      ],
      "x": 136,
      "pixel_coords": [
        156,
        68,
        12.847227096557617
      ],
      "material": "metal",
      "size": "large",
      "width": 39,
      "height": 49,
      "color": "yellow",
      "y": 44,
      "shape": "cylinder",
      "rotation": 283.8521218906267
    },
    {
      "3d_coords": [
        2.901456594467163,
        1.086520791053772,
        0.3499999940395355
      ],
      "x": 243,
      "pixel_coords": [
        260,
        137,
        9.408795356750488
      ],
      "material": "rubber",
      "size": "small",
      "width": 35,
      "height": 38,
      "color": "yellow",
      "y": 118,
      "shape": "cube",
      "rotation": 283.10466228306
    },
    {
      "3d_coords": [
        2.530733108520508,
        2.309831142425537,
        0.3499999940395355
      ],
      "x": 261,
      "pixel_coords": [
        275,
        117,
        10.339771270751953
      ],
      "material": "rubber",
      "size": "small",
      "width": 28,
      "height": 32,
      "color": "gray",
      "y": 102,
      "shape": "cylinder",
      "rotation": 57.348902345421905
    },
    {
      "3d_coords": [
        -0.5885287523269653,
        1.698545217514038,
        0.3499999940395355
      ],
      "x": 173,
      "pixel_coords": [
        187,
        89,
        12.074742317199707
      ],
      "material": "rubber",
      "size": "small",
      "width": 28,
      "height": 28,
      "color": "red",
      "y": 75,
      "shape": "cube",
      "rotation": 138.08941717269488
    }
  ]
}