{
  "image_filename": "CLEVR_new_000381.png",
  "directions": {
    "above": [
      0.0,
      0.0,
      1.0
    ],
    "behind": [
      -0.754490315914154,
      0.6563112735748291,
      0.0
    ],
    "left": [
      -0.6563112735748291,
      -0.7544902563095093,
      0.0
    ],
    "below": [
      -0.0,
      -0.0,
      -1.0
    ],
    "right": [
      0.6563112735748291,
      0.7544902563095093,
      -0.0
    ],
    "front": [
      0.754490315914154,
      -0.6563112735748291,
      -0.0
    ]
  },
  "relationships": {
    "left": [
      [],
      [
        0
      ],
      [
        0,
        1
      ]
    ],
    "front": [
      [],
      [
        0,
        2
      ],
      [
        0
      ]
    ],
    "right": [
      [
        1,
        2
      ],
      [
        2
      ],
      []
    ],
    "behind": [
      [
        1,
        2
      ],
      [],
      [
        1
      ]
    ]
  },
  "split": "new",
  "image_index": 381,
  "objects": [
    {
      "3d_coords": [
        0.47000694274902344,
        -0.3295656144618988,
        0.699999988079071
      ],
      "x": 139,
      "pixel_coords": [
        162,
        108,
        10.688227653503418
      ],
      "material": "metal",
      "size": "large",
      "width": 47,
      "height": 60,
      "color": "yellow",
      "y": 79,
      "shape": "cylinder",
      "rotation": 188.40303117424108
    },
    {
      "3d_coords": [
        0.13208536803722382,
        1.0334829092025757,
        0.3499999940395355
      ],
      "x": 175,
      "pixel_coords": [
        185,
        103,
        11.88582992553711
      ],
      "material": "rubber",
      "size": "small",
      "width": 21,
      "height": 27,
      "color": "cyan",
      "y": 90,
      "shape": "cylinder",
      "rotation": 25.721683827574005
    },
    {
      "3d_coords": [
        1.3716245889663696,
        1.5580447912216187,
        0.3499999940395355
      ],
      "x": 209,
      "pixel_coords": [
        224,
        110,
        11.382393836975098
      ],
      "material": "metal",
      "size": "small",
      "width": 30,
      "height": 30,
      "color": "gray",
      "y": 95,
      "shape": "cube",
      "rotation": 186.98040273354732
    }
  ]
}