{
  "image_filename": "CLEVR_new_000191.png",
  "directions": {
    "above": [
      0.0,
      0.0,
      1.0
    ],
    "behind": [
      -0.754490315914154,
      0.6563112735748291,
      0.0
    ],
    "left": [
      -0.6563112735748291,
      -0.7544902563095093,
      0.0
    ],
    "below": [
      -0.0,
      -0.0,
      -1.0
    ],
    "right": [
      0.6563112735748291,
      0.7544902563095093,
      -0.0
    ],
    "front": [
      0.754490315914154,
      -0.6563112735748291,
      -0.0
    ]
  },
  "relationships": {
    "left": [
      [
        1,
        9
      ],
      [],
      [
        0,
        1,
        4,
        5,
        6,
        8,
        9
      ],
      [
        0,
        1,
        2,
        4,
        5,
        6,
        7,
        8,
        9
      ],
      [
        0,
        1,
        6,
        8,
        9
      ],
      [
        0,
        1,
        4,
        6,
        8,
        9
      ],
      [
        0,
        1,
        8,
        9
      ],
      [
        0,
        1,
        2,
        4,
        5,
        6,
        8,
        9
      ],
      [
        0,
        1,
        9
      ],
      [
        1
      ]
    ],
    "front": [
      [
        4
      ],
      [
        0,
        4,
        7
      ],
      [
        0,
        1,
        3,
        4,
        6,
        7,
        9
      ],
      [
        0,
        1,
        4,
        7
      ],
      [],
      [
        0,
        1,
        2,
        3,
        4,
        6,
        7,
        8,
        9
      ],
      [
        0,
        1,
        3,
        4,
        7
      ],
      [
        0,
        4
      ],
      [
        0,
        1,
        2,
        3,
        4,
        6,
        7,
        9
      ],
      [
        0,
        1,
        3,
        4,
        6,
        7
      ]
    ],
    "right": [
      [
        2,
        3,
        4,
        5,
        6,
        7,
        8
      ],
      [
        0,
        2,
        3,
        4,
        5,
        6,
        7,
        8,
        9
      ],
      [
        3,
        7
      ],
      [],
      [
        2,
        3,
        5,
        7
      ],
      [
        2,
        3,
        7
      ],
      [
        2,
        3,
        4,
        5,
        7
      ],
      [
        3
      ],
      [
        2,
        3,
        4,
        5,
        6,
        7
      ],
      [
        0,
        2,
        3,
        4,
        5,
        6,
        7,
        8
      ]
    ],
    "behind": [
      [
        1,
        2,
        3,
        5,
        6,
        7,
        8,
        9
      ],
      [
        2,
        3,
        5,
        6,
        8,
        9
      ],
      [
        5,
        8
      ],
      [
        2,
        5,
        6,
        8,
        9
      ],
      [
        0,
        1,
        2,
        3,
        5,
        6,
        7,
        8,
        9
      ],
      [],
      [
        2,
        5,
        8,
        9
      ],
      [
        1,
        2,
        3,
        5,
        6,
        8,
        9
      ],
      [
        5
      ],
      [
        2,
        5,
        8
      ]
    ]
  },
  "split": "new",
  "image_index": 191,
  "objects": [
    {
      "3d_coords": [
        0.22605979442596436,
        -2.425034523010254,
        0.3499999940395355
      ],
      "x": 88,
      "pixel_coords": [
        102,
        141,
        9.600052833557129
      ],
      "material": "metal",
      "size": "small",
      "width": 28,
      "height": 35,
      "color": "gray",
      "y": 124,
      "shape": "cylinder",
      "rotation": 163.64509433492353
    },
    {
      "3d_coords": [
        -1.885623574256897,
        -2.994516372680664,
        0.699999988079071
      ],
      "x": 7,
      "pixel_coords": [
        44,
        111,
        10.420159339904785
      ],
      "material": "rubber",
      "size": "large",
      "width": 71,
      "height": 67,
      "color": "purple",
      "y": 79,
      "shape": "cube",
      "rotation": 125.77885651518108
    },
    {
      "3d_coords": [
        0.16284281015396118,
        2.9715490341186523,
        0.699999988079071
      ],
      "x": 198,
      "pixel_coords": [
        222,
        78,
        12.776981353759766
      ],
      "material": "rubber",
      "size": "large",
      "width": 51,
      "height": 50,
      "color": "cyan",
      "y": 53,
      "shape": "cube",
      "rotation": 252.33974756085914
    },
    {
      "3d_coords": [
        2.5613596439361572,
        2.905470132827759,
        0.699999988079071
      ],
      "x": 254,
      "pixel_coords": [
        281,
        98,
        11.220247268676758
      ],
      "material": "rubber",
      "size": "large",
      "width": 58,
      "height": 57,
      "color": "green",
      "y": 70,
      "shape": "cube",
      "rotation": 233.1595416559852
    },
    {
      "3d_coords": [
        2.8834753036499023,
        -2.506744623184204,
        0.699999988079071
      ],
      "x": 137,
      "pixel_coords": [
        169,
        174,
        7.703807830810547
      ],
      "material": "rubber",
      "size": "large",
      "width": 64,
      "height": 65,
      "color": "cyan",
      "y": 143,
      "shape": "sphere",
      "rotation": 335.2989929924552
    },
    {
      "3d_coords": [
        -1.9812891483306885,
        2.4800922870635986,
        0.3499999940395355
      ],
      "x": 161,
      "pixel_coords": [
        170,
        75,
        13.997905731201172
      ],
      "material": "metal",
      "size": "small",
      "width": 17,
      "height": 18,
      "color": "red",
      "y": 66,
      "shape": "sphere",
      "rotation": 62.84553743438871
    },
    {
      "3d_coords": [
        -0.8156474232673645,
        0.06450597196817398,
        0.3499999940395355
      ],
      "x": 134,
      "pixel_coords": [
        145,
        102,
        11.782439231872559
      ],
      "material": "rubber",
      "size": "small",
      "width": 21,
      "height": 27,
      "color": "blue",
      "y": 88,
      "shape": "cylinder",
      "rotation": 125.08379414210286
    },
    {
      "3d_coords": [
        2.9622652530670166,
        1.4101890325546265,
        0.3499999940395355
      ],
      "x": 252,
      "pixel_coords": [
        265,
        128,
        10.217819213867188
      ],
      "material": "metal",
      "size": "small",
      "width": 28,
      "height": 32,
      "color": "purple",
      "y": 112,
      "shape": "cylinder",
      "rotation": 32.612355166654346
    },
    {
      "3d_coords": [
        -2.5010032653808594,
        0.5578140020370483,
        0.3499999940395355
      ],
      "x": 112,
      "pixel_coords": [
        124,
        84,
        13.149834632873535
      ],
      "material": "rubber",
      "size": "small",
      "width": 25,
      "height": 26,
      "color": "purple",
      "y": 72,
      "shape": "cube",
      "rotation": 21.859914862386365
    },
    {
      "3d_coords": [
        -2.2846405506134033,
        -0.8718777298927307,
        0.3499999940395355
      ],
      "x": 85,
      "pixel_coords": [
        96,
        97,
        12.137944221496582
      ],
      "material": "rubber",
      "size": "small",
      "width": 22,
      "height": 26,
      "color": "cyan",
      "y": 84,
      "shape": "cylinder",
      "rotation": 11.722854655027604
    }
  ]
}