{
  "image_filename": "CLEVR_new_000508.png",
  "directions": {
    "above": [
      0.0,
      0.0,
      1.0
    ],
    "behind": [
      -0.754490315914154,
      0.6563112735748291,
      0.0
    ],
    "left": [
      -0.6563112735748291,
      -0.7544902563095093,
      0.0
    ],
    "below": [
      -0.0,
      -0.0,
      -1.0
    ],
    "right": [
      0.6563112735748291,
      0.7544902563095093,
      -0.0
    ],
    "front": [
      0.754490315914154,
      -0.6563112735748291,
      -0.0
    ]
  },
  "relationships": {
    "left": [
      [
        2
      ],
      [
        0,
        2
      ],
      []
    ],
    "front": [
      [],
      [
        0
      ],
      [
        0,
        1
      ]
    ],
    "right": [
      [
        1
      ],
      [],
      [
        0,
        1
      ]
    ],
    "behind": [
      [
        1,
        2
      ],
      [
        2
      ],
      []
    ]
  },
  "split": "new",
  "image_index": 508,
  "objects": [
    {
      "3d_coords": [
        2.6831226348876953,
        -1.8098493814468384,
        0.3499999940395355
      ],
      "x": 158,
      "pixel_coords": [
        179,
        178,
        7.920908451080322
      ],
      "material": "metal",
      "size": "small",
      "width": 42,
      "height": 48,
      "color": "purple",
      "y": 155,
      "shape": "cube",
      "rotation": 89.4610354673373
    },
    {
      "3d_coords": [
        2.0932953357696533,
        0.9229485392570496,
        0.3499999940395355
      ],
      "x": 221,
      "pixel_coords": [
        234,
        126,
        9.865904808044434
      ],
      "material": "rubber",
      "size": "small",
      "width": 25,
      "height": 25,
      "color": "red",
      "y": 114,
      "shape": "sphere",
      "rotation": 102.17398930018042
    },
    {
      "3d_coords": [
        -2.4588065147399902,
        -1.4381844997406006,
        0.3499999940395355
      ],
      "x": 65,
      "pixel_coords": [
        77,
        97,
        11.451677322387695
      ],
      "material": "metal",
      "size": "small",
      "width": 24,
      "height": 28,
      "color": "blue",
      "y": 83,
      "shape": "cylinder",
      "rotation": 256.0606008877854
    }
  ]
}