{
  "image_filename": "CLEVR_new_000478.png",
  "directions": {
    "above": [
      0.0,
      0.0,
      1.0
    ],
    "behind": [
      -0.754490315914154,
      0.6563112735748291,
      0.0
    ],
    "left": [
      -0.6563112735748291,
      -0.7544902563095093,
      0.0
    ],
    "below": [
      -0.0,
      -0.0,
      -1.0
    ],
    "right": [
      0.6563112735748291,
      0.7544902563095093,
      -0.0
    ],
    "front": [
      0.754490315914154,
      -0.6563112735748291,
      -0.0
    ]
  },
  "relationships": {
    "left": [
      [
        1,
        2,
        3,
        4
      ],
      [
        2,
        3,
        4
      ],
      [
        3,
        4
      ],
      [],
      [
        3
      ]
    ],
    "front": [
      [
        1,
        3,
        4
      ],
      [],
      [
        0,
        1,
        3,
        4
      ],
      [
        1
      ],
      [
        1,
        3
      ]
    ],
    "right": [
      [],
      [
        0
      ],
      [
        0,
        1
      ],
      [
        0,
        1,
        2,
        4
      ],
      [
        0,
        1,
        2
      ]
    ],
    "behind": [
      [
        2
      ],
      [
        0,
        2,
        3,
        4
      ],
      [],
      [
        0,
        2,
        4
      ],
      [
        0,
        2
      ]
    ]
  },
  "split": "new",
  "image_index": 478,
  "objects": [
    {
      "3d_coords": [
        -0.23584593832492828,
        2.2801570892333984,
        0.699999988079071
      ],
      "x": 186,
      "pixel_coords": [
        205,
        82,
        12.705888748168945
      ],
      "material": "rubber",
      "size": "large",
      "width": 39,
      "height": 39,
      "color": "gray",
      "y": 62,
      "shape": "sphere",
      "rotation": 0.30019564237394825
    },
    {
      "3d_coords": [
        2.573136568069458,
        -1.323805809020996,
        0.3499999940395355
      ],
      "x": 168,
      "pixel_coords": [
        182,
        161,
        8.98690414428711
      ],
      "material": "rubber",
      "size": "small",
      "width": 28,
      "height": 38,
      "color": "red",
      "y": 143,
      "shape": "cylinder",
      "rotation": 75.27419215252733
    },
    {
      "3d_coords": [
        -2.3680362701416016,
        1.3263428211212158,
        0.3499999940395355
      ],
      "x": 140,
      "pixel_coords": [
        149,
        79,
        13.816913604736328
      ],
      "material": "rubber",
      "size": "small",
      "width": 18,
      "height": 18,
      "color": "yellow",
      "y": 70,
      "shape": "sphere",
      "rotation": 41.21477952667331
    },
    {
      "3d_coords": [
        -1.1221024990081787,
        -2.224163055419922,
        0.699999988079071
      ],
      "x": 47,
      "pixel_coords": [
        81,
        108,
        10.860001564025879
      ],
      "material": "rubber",
      "size": "large",
      "width": 66,
      "height": 64,
      "color": "blue",
      "y": 77,
      "shape": "cube",
      "rotation": 159.04233469510226
    },
    {
      "3d_coords": [
        -1.930781364440918,
        -0.555524468421936,
        0.699999988079071
      ],
      "x": 93,
      "pixel_coords": [
        114,
        87,
        12.323091506958008
      ],
      "material": "metal",
      "size": "large",
      "width": 40,
      "height": 40,
      "color": "green",
      "y": 66,
      "shape": "sphere",
      "rotation": 299.618181369906
    }
  ]
}