{
  "image_filename": "CLEVR_new_000150.png",
  "directions": {
    "above": [
      0.0,
      0.0,
      1.0
    ],
    "behind": [
      -0.754490315914154,
      0.6563112735748291,
      0.0
    ],
    "left": [
      -0.6563112735748291,
      -0.7544902563095093,
      0.0
    ],
    "below": [
      -0.0,
      -0.0,
      -1.0
    ],
    "right": [
      0.6563112735748291,
      0.7544902563095093,
      -0.0
    ],
    "front": [
      0.754490315914154,
      -0.6563112735748291,
      -0.0
    ]
  },
  "relationships": {
    "left": [
      [
        1,
        2,
        4,
        5,
        7
      ],
      [
        2,
        4,
        5,
        7
      ],
      [
        7
      ],
      [
        0,
        1,
        2,
        4,
        5,
        7
      ],
      [
        2,
        7
      ],
      [
        2,
        4,
        7
      ],
      [
        0,
        1,
        2,
        3,
        4,
        5,
        7
      ],
      []
    ],
    "front": [
      [
        1,
        2,
        3,
        4,
        6,
        7
      ],
      [
        2,
        3,
        4,
        6,
        7
      ],
      [
        3,
        4,
        6,
        7
      ],
      [
        4
      ],
      [],
      [
        0,
        1,
        2,
        3,
        4,
        6,
        7
      ],
      [
        3,
        4
      ],
      [
        3,
        4,
        6
      ]
    ],
    "right": [
      [
        3,
        6
      ],
      [
        0,
        3,
        6
      ],
      [
        0,
        1,
        3,
        4,
        5,
        6
      ],
      [
        6
      ],
      [
        0,
        1,
        3,
        5,
        6
      ],
      [
        0,
        1,
        3,
        6
      ],
      [],
      [
        0,
        1,
        2,
        3,
        4,
        5,
        6
      ]
    ],
    "behind": [
      [
        5
      ],
      [
        0,
        5
      ],
      [
        0,
        1,
        5
      ],
      [
        0,
        1,
        2,
        5,
        6,
        7
      ],
      [
        0,
        1,
        2,
        3,
        5,
        6,
        7
      ],
      [],
      [
        0,
        1,
        2,
        5,
        7
      ],
      [
        0,
        1,
        2,
        5
      ]
    ]
  },
  "split": "new",
  "image_index": 150,
  "objects": [
    {
      "3d_coords": [
        -0.9473218321800232,
        2.1974036693573,
        0.3499999940395355
      ],
      "x": 180,
      "pixel_coords": [
        190,
        81,
        12.773842811584473
      ],
      "material": "metal",
      "size": "small",
      "width": 19,
      "height": 19,
      "color": "purple",
      "y": 72,
      "shape": "sphere",
      "rotation": 259.65292769517276
    },
    {
      "3d_coords": [
        -0.5819296836853027,
        1.173840045928955,
        0.3499999940395355
      ],
      "x": 165,
      "pixel_coords": [
        176,
        93,
        11.978084564208984
      ],
      "material": "metal",
      "size": "small",
      "width": 20,
      "height": 21,
      "color": "yellow",
      "y": 83,
      "shape": "sphere",
      "rotation": 5.867602948697117
    },
    {
      "3d_coords": [
        -1.2563685178756714,
        -0.9132078886032104,
        0.699999988079071
      ],
      "x": 90,
      "pixel_coords": [
        113,
        95,
        11.10627269744873
      ],
      "material": "metal",
      "size": "large",
      "width": 45,
      "height": 44,
      "color": "yellow",
      "y": 73,
      "shape": "sphere",
      "rotation": 50.22391144464888
    },
    {
      "3d_coords": [
        2.176862955093384,
        0.4313608407974243,
        0.3499999940395355
      ],
      "x": 208,
      "pixel_coords": [
        222,
        136,
        9.760704040527344
      ],
      "material": "rubber",
      "size": "small",
      "width": 28,
      "height": 34,
      "color": "cyan",
      "y": 119,
      "shape": "cylinder",
      "rotation": 89.12548143012947
    },
    {
      "3d_coords": [
        1.2946375608444214,
        -2.0514540672302246,
        0.699999988079071
      ],
      "x": 99,
      "pixel_coords": [
        130,
        144,
        8.810791015625
      ],
      "material": "rubber",
      "size": "large",
      "width": 58,
      "height": 77,
      "color": "blue",
      "y": 107,
      "shape": "cylinder",
      "rotation": 144.15969243213283
    },
    {
      "3d_coords": [
        -2.8714168071746826,
        2.540104389190674,
        0.699999988079071
      ],
      "x": 146,
      "pixel_coords": [
        163,
        55,
        14.042440414428711
      ],
      "material": "rubber",
      "size": "large",
      "width": 35,
      "height": 35,
      "color": "gray",
      "y": 37,
      "shape": "sphere",
      "rotation": 191.12913925154467
    },
    {
      "3d_coords": [
        2.7801780700683594,
        1.8983808755874634,
        0.699999988079071
      ],
      "x": 238,
      "pixel_coords": [
        273,
        116,
        9.97712230682373
      ],
      "material": "metal",
      "size": "large",
      "width": 74,
      "height": 73,
      "color": "blue",
      "y": 81,
      "shape": "cube",
      "rotation": 336.1976604651434
    },
    {
      "3d_coords": [
        -2.0317931175231934,
        -2.717419385910034,
        0.3499999940395355
      ],
      "x": 38,
      "pixel_coords": [
        50,
        113,
        10.820075035095215
      ],
      "material": "metal",
      "size": "small",
      "width": 24,
      "height": 23,
      "color": "cyan",
      "y": 102,
      "shape": "sphere",
      "rotation": 309.7752756747231
    }
  ]
}