{
  "image_filename": "CLEVR_new_000438.png",
  "directions": {
    "above": [
      0.0,
      0.0,
      1.0
    ],
    "behind": [
      -0.754490315914154,
      0.6563112735748291,
      0.0
    ],
    "left": [
      -0.6563112735748291,
      -0.7544902563095093,
      0.0
    ],
    "below": [
      -0.0,
      -0.0,
      -1.0
    ],
    "right": [
      0.6563112735748291,
      0.7544902563095093,
      -0.0
    ],
    "front": [
      0.754490315914154,
      -0.6563112735748291,
      -0.0
    ]
  },
  "relationships": {
    "left": [
      [
        1
      ],
      [],
      [
        0,
        1,
        4,
        5
      ],
      [
        0,
        1,
        2,
        4,
        5,
        7
      ],
      [
        0,
        1,
        5
      ],
      [
        0,
        1
      ],
      [
        0,
        1,
        2,
        3,
        4,
        5,
        7
      ],
      [
        0,
        1,
        2,
        4,
        5
      ]
    ],
    "front": [
      [
        5
      ],
      [
        0,
        5,
        6,
        7
      ],
      [
        0,
        1,
        3,
        4,
        5,
        6,
        7
      ],
      [
        0,
        1,
        5,
        6,
        7
      ],
      [
        0,
        1,
        3,
        5,
        6,
        7
      ],
      [],
      [
        0,
        5,
        7
      ],
      [
        0,
        5
      ]
    ],
    "right": [
      [
        2,
        3,
        4,
        5,
        6,
        7
      ],
      [
        0,
        2,
        3,
        4,
        5,
        6,
        7
      ],
      [
        3,
        6,
        7
      ],
      [
        6
      ],
      [
        2,
        3,
        6,
        7
      ],
      [
        2,
        3,
        4,
        6,
        7
      ],
      [],
      [
        3,
        6
      ]
    ],
    "behind": [
      [
        1,
        2,
        3,
        4,
        6,
        7
      ],
      [
        2,
        3,
        4
      ],
      [],
      [
        2,
        4
      ],
      [
        2
      ],
      [
        0,
        1,
        2,
        3,
        4,
        6,
        7
      ],
      [
        1,
        2,
        3,
        4
      ],
      [
        1,
        2,
        3,
        4,
        6
      ]
    ]
  },
  "split": "new",
  "image_index": 438,
  "objects": [
    {
      "3d_coords": [
        0.8117777705192566,
        -2.2684109210968018,
        0.3499999940395355
      ],
      "x": 104,
      "pixel_coords": [
        119,
        146,
        8.909771919250488
      ],
      "material": "rubber",
      "size": "small",
      "width": 29,
      "height": 37,
      "color": "yellow",
      "y": 128,
      "shape": "cylinder",
      "rotation": 231.37155408164568
    },
    {
      "3d_coords": [
        -1.2993229627609253,
        -2.1993231773376465,
        0.699999988079071
      ],
      "x": 49,
      "pixel_coords": [
        74,
        108,
        10.139220237731934
      ],
      "material": "rubber",
      "size": "large",
      "width": 50,
      "height": 48,
      "color": "red",
      "y": 84,
      "shape": "sphere",
      "rotation": 8.963688830312595
    },
    {
      "3d_coords": [
        -2.305354356765747,
        2.609847068786621,
        0.699999988079071
      ],
      "x": 143,
      "pixel_coords": [
        167,
        64,
        13.773432731628418
      ],
      "material": "metal",
      "size": "large",
      "width": 48,
      "height": 47,
      "color": "brown",
      "y": 41,
      "shape": "cube",
      "rotation": 204.0190690845457
    },
    {
      "3d_coords": [
        0.8344339728355408,
        2.2186150550842285,
        0.699999988079071
      ],
      "x": 197,
      "pixel_coords": [
        226,
        88,
        11.528836250305176
      ],
      "material": "metal",
      "size": "large",
      "width": 60,
      "height": 58,
      "color": "blue",
      "y": 60,
      "shape": "cube",
      "rotation": 92.68340748714746
    },
    {
      "3d_coords": [
        -1.074449896812439,
        0.7093343138694763,
        0.699999988079071
      ],
      "x": 131,
      "pixel_coords": [
        153,
        84,
        11.80612850189209
      ],
      "material": "metal",
      "size": "large",
      "width": 43,
      "height": 53,
      "color": "green",
      "y": 58,
      "shape": "cylinder",
      "rotation": 253.90718042840987
    },
    {
      "3d_coords": [
        1.8247363567352295,
        -2.4161133766174316,
        0.3499999940395355
      ],
      "x": 126,
      "pixel_coords": [
        141,
        165,
        8.172249794006348
      ],
      "material": "rubber",
      "size": "small",
      "width": 30,
      "height": 30,
      "color": "green",
      "y": 150,
      "shape": "sphere",
      "rotation": 150.53252222056028
    },
    {
      "3d_coords": [
        2.8336596488952637,
        1.712135672569275,
        0.699999988079071
      ],
      "x": 245,
      "pixel_coords": [
        273,
        111,
        9.93943977355957
      ],
      "material": "metal",
      "size": "large",
      "width": 58,
      "height": 65,
      "color": "brown",
      "y": 80,
      "shape": "cylinder",
      "rotation": 255.04514306494212
    },
    {
      "3d_coords": [
        2.1266918182373047,
        0.1289737969636917,
        0.3499999940395355
      ],
      "x": 205,
      "pixel_coords": [
        218,
        132,
        9.563758850097656
      ],
      "material": "rubber",
      "size": "small",
      "width": 26,
      "height": 26,
      "color": "brown",
      "y": 120,
      "shape": "sphere",
      "rotation": 118.83452054070419
    }
  ]
}