{
  "image_filename": "CLEVR_new_000466.png",
  "directions": {
    "above": [
      0.0,
      0.0,
      1.0
    ],
    "behind": [
      -0.754490315914154,
      0.6563112735748291,
      0.0
    ],
    "left": [
      -0.6563112735748291,
      -0.7544902563095093,
      0.0
    ],
    "below": [
      -0.0,
      -0.0,
      -1.0
    ],
    "right": [
      0.6563112735748291,
      0.7544902563095093,
      -0.0
    ],
    "front": [
      0.754490315914154,
      -0.6563112735748291,
      -0.0
    ]
  },
  "relationships": {
    "left": [
      [
        4,
        6,
        8
      ],
      [
        0,
        4,
        6,
        7,
        8
      ],
      [
        0,
        1,
        3,
        4,
        5,
        6,
        7,
        8
      ],
      [
        0,
        1,
        4,
        6,
        7,
        8
      ],
      [],
      [
        0,
        1,
        3,
        4,
        6,
        7,
        8
      ],
      [
        4,
        8
      ],
      [
        0,
        4,
        6,
        8
      ],
      [
        4
      ],
      [
        0,
        1,
        2,
        3,
        4,
        5,
        6,
        7,
        8
      ]
    ],
    "front": [
      [
        1,
        2,
        3,
        4,
        5,
        6,
        7,
        8,
        9
      ],
      [
        5,
        6,
        7,
        9
      ],
      [
        1,
        4,
        5,
        6,
        7,
        9
      ],
      [
        1,
        2,
        4,
        5,
        6,
        7,
        8,
        9
      ],
      [
        1,
        5,
        6,
        7,
        9
      ],
      [
        6,
        7
      ],
      [
        7
      ],
      [],
      [
        1,
        2,
        4,
        5,
        6,
        7,
        9
      ],
      [
        5,
        6,
        7
      ]
    ],
    "right": [
      [
        1,
        2,
        3,
        5,
        7,
        9
      ],
      [
        2,
        3,
        5,
        9
      ],
      [
        9
      ],
      [
        2,
        5,
        9
      ],
      [
        0,
        1,
        2,
        3,
        5,
        6,
        7,
        8,
        9
      ],
      [
        2,
        9
      ],
      [
        0,
        1,
        2,
        3,
        5,
        7,
        9
      ],
      [
        1,
        2,
        3,
        5,
        9
      ],
      [
        0,
        1,
        2,
        3,
        5,
        6,
        7,
        9
      ],
      []
    ],
    "behind": [
      [],
      [
        0,
        2,
        3,
        4,
        8
      ],
      [
        0,
        3,
        8
      ],
      [
        0
      ],
      [
        0,
        2,
        3,
        8
      ],
      [
        0,
        1,
        2,
        3,
        4,
        8,
        9
      ],
      [
        0,
        1,
        2,
        3,
        4,
        5,
        8,
        9
      ],
      [
        0,
        1,
        2,
        3,
        4,
        5,
        6,
        8,
        9
      ],
      [
        0,
        3
      ],
      [
        0,
        1,
        2,
        3,
        4,
        8
      ]
    ]
  },
  "split": "new",
  "image_index": 466,
  "objects": [
    {
      "3d_coords": [
        -2.7801151275634766,
        1.033373236656189,
        0.3499999940395355
      ],
      "x": 121,
      "pixel_coords": [
        133,
        77,
        13.6814603805542
      ],
      "material": "metal",
      "size": "small",
      "width": 24,
      "height": 25,
      "color": "gray",
      "y": 64,
      "shape": "cube",
      "rotation": 230.75706377929143
    },
    {
      "3d_coords": [
        0.6317296028137207,
        0.06553076207637787,
        0.699999988079071
      ],
      "x": 152,
      "pixel_coords": [
        175,
        107,
        10.742588996887207
      ],
      "material": "rubber",
      "size": "large",
      "width": 47,
      "height": 61,
      "color": "green",
      "y": 78,
      "shape": "cylinder",
      "rotation": 104.43053634446453
    },
    {
      "3d_coords": [
        1.3726822137832642,
        2.663433074951172,
        0.699999988079071
      ],
      "x": 224,
      "pixel_coords": [
        247,
        91,
        11.74630355834961
      ],
      "material": "metal",
      "size": "large",
      "width": 48,
      "height": 55,
      "color": "green",
      "y": 64,
      "shape": "cylinder",
      "rotation": 250.209727078076
    },
    {
      "3d_coords": [
        -0.993837296962738,
        2.415304660797119,
        0.3499999940395355
      ],
      "x": 179,
      "pixel_coords": [
        190,
        81,
        13.313789367675781
      ],
      "material": "metal",
      "size": "small",
      "width": 22,
      "height": 25,
      "color": "green",
      "y": 69,
      "shape": "cube",
      "rotation": 126.23855526206512
    },
    {
      "3d_coords": [
        -2.370664119720459,
        -2.7022440433502197,
        0.699999988079071
      ],
      "x": 11,
      "pixel_coords": [
        47,
        101,
        11.106443405151367
      ],
      "material": "rubber",
      "size": "large",
      "width": 67,
      "height": 62,
      "color": "brown",
      "y": 71,
      "shape": "cube",
      "rotation": 275.2884002632583
    },
    {
      "3d_coords": [
        2.622131109237671,
        0.5518640279769897,
        0.3499999940395355
      ],
      "x": 222,
      "pixel_coords": [
        236,
        138,
        9.907825469970703
      ],
      "material": "metal",
      "size": "small",
      "width": 30,
      "height": 33,
      "color": "red",
      "y": 121,
      "shape": "cube",
      "rotation": 192.41368948663143
    },
    {
      "3d_coords": [
        0.5619178414344788,
        -2.650325298309326,
        0.699999988079071
      ],
      "x": 67,
      "pixel_coords": [
        99,
        139,
        9.236862182617188
      ],
      "material": "rubber",
      "size": "large",
      "width": 64,
      "height": 76,
      "color": "green",
      "y": 102,
      "shape": "cube",
      "rotation": 13.722627314844399
    },
    {
      "3d_coords": [
        2.629369020462036,
        -2.5274837017059326,
        0.699999988079071
      ],
      "x": 122,
      "pixel_coords": [
        153,
        174,
        7.9680681228637695
      ],
      "material": "rubber",
      "size": "large",
      "width": 62,
      "height": 62,
      "color": "gray",
      "y": 143,
      "shape": "sphere",
      "rotation": 222.4786728309283
    },
    {
      "3d_coords": [
        -2.6681699752807617,
        -0.9392867684364319,
        0.3499999940395355
      ],
      "x": 78,
      "pixel_coords": [
        91,
        92,
        12.482439041137695
      ],
      "material": "metal",
      "size": "small",
      "width": 25,
      "height": 26,
      "color": "brown",
      "y": 79,
      "shape": "cube",
      "rotation": 330.6385811627031
    },
    {
      "3d_coords": [
        2.9512240886688232,
        1.8999298810958862,
        0.699999988079071
      ],
      "x": 248,
      "pixel_coords": [
        275,
        116,
        10.287979125976562
      ],
      "material": "rubber",
      "size": "large",
      "width": 57,
      "height": 64,
      "color": "brown",
      "y": 85,
      "shape": "cylinder",
      "rotation": 237.66260424036213
    }
  ]
}