{
  "image_filename": "CLEVR_new_000308.png",
  "directions": {
    "above": [
      0.0,
      0.0,
      1.0
    ],
    "behind": [
      -0.754490315914154,
      0.6563112735748291,
      0.0
    ],
    "left": [
      -0.6563112735748291,
      -0.7544902563095093,
      0.0
    ],
    "below": [
      -0.0,
      -0.0,
      -1.0
    ],
    "right": [
      0.6563112735748291,
      0.7544902563095093,
      -0.0
    ],
    "front": [
      0.754490315914154,
      -0.6563112735748291,
      -0.0
    ]
  },
  "relationships": {
    "left": [
      [
        2,
        3
      ],
      [
        0,
        2,
        3,
        4,
        5,
        6
      ],
      [],
      [
        2
      ],
      [
        0,
        2,
        3,
        5,
        6
      ],
      [
        0,
        2,
        3,
        6
      ],
      [
        0,
        2,
        3
      ]
    ],
    "front": [
      [
        5
      ],
      [
        0,
        2,
        5,
        6
      ],
      [
        0,
        5,
        6
      ],
      [
        0,
        1,
        2,
        5,
        6
      ],
      [
        0,
        1,
        2,
        3,
        5,
        6
      ],
      [],
      [
        0,
        5
      ]
    ],
    "right": [
      [
        1,
        4,
        5,
        6
      ],
      [],
      [
        0,
        1,
        3,
        4,
        5,
        6
      ],
      [
        0,
        1,
        4,
        5,
        6
      ],
      [
        1
      ],
      [
        1,
        4
      ],
      [
        1,
        4,
        5
      ]
    ],
    "behind": [
      [
        1,
        2,
        3,
        4,
        6
      ],
      [
        3,
        4
      ],
      [
        1,
        3,
        4
      ],
      [
        4
      ],
      [],
      [
        0,
        1,
        2,
        3,
        4,
        6
      ],
      [
        1,
        2,
        3,
        4
      ]
    ]
  },
  "split": "new",
  "image_index": 308,
  "objects": [
    {
      "3d_coords": [
        1.1142216920852661,
        -2.7678415775299072,
        0.3499999940395355
      ],
      "x": 87,
      "pixel_coords": [
        102,
        162,
        8.389463424682617
      ],
      "material": "metal",
      "size": "small",
      "width": 30,
      "height": 29,
      "color": "gray",
      "y": 147,
      "shape": "sphere",
      "rotation": 114.30731765856035
    },
    {
      "3d_coords": [
        1.433982491493225,
        2.044454336166382,
        0.699999988079071
      ],
      "x": 218,
      "pixel_coords": [
        241,
        96,
        10.70461368560791
      ],
      "material": "rubber",
      "size": "large",
      "width": 47,
      "height": 46,
      "color": "cyan",
      "y": 73,
      "shape": "sphere",
      "rotation": 11.618485979250295
    },
    {
      "3d_coords": [
        -1.892423391342163,
        -2.8703975677490234,
        0.3499999940395355
      ],
      "x": 30,
      "pixel_coords": [
        44,
        117,
        10.328405380249023
      ],
      "material": "metal",
      "size": "small",
      "width": 28,
      "height": 32,
      "color": "green",
      "y": 101,
      "shape": "cylinder",
      "rotation": 336.74320666858216
    },
    {
      "3d_coords": [
        -2.2661855220794678,
        -1.1505579948425293,
        0.699999988079071
      ],
      "x": 57,
      "pixel_coords": [
        88,
        86,
        11.368734359741211
      ],
      "material": "rubber",
      "size": "large",
      "width": 61,
      "height": 61,
      "color": "green",
      "y": 57,
      "shape": "cube",
      "rotation": 161.83864896837545
    },
    {
      "3d_coords": [
        -2.3788113594055176,
        2.7040610313415527,
        0.3499999940395355
      ],
      "x": 162,
      "pixel_coords": [
        173,
        68,
        13.779499053955078
      ],
      "material": "metal",
      "size": "small",
      "width": 24,
      "height": 24,
      "color": "red",
      "y": 56,
      "shape": "cube",
      "rotation": 187.20246843323702
    },
    {
      "3d_coords": [
        2.602414131164551,
        -2.4662957191467285,
        0.699999988079071
      ],
      "x": 117,
      "pixel_coords": [
        150,
        175,
        7.39752721786499
      ],
      "material": "metal",
      "size": "large",
      "width": 66,
      "height": 67,
      "color": "green",
      "y": 142,
      "shape": "sphere",
      "rotation": 27.881732383500566
    },
    {
      "3d_coords": [
        0.686880350112915,
        -1.8631125688552856,
        0.3499999940395355
      ],
      "x": 108,
      "pixel_coords": [
        123,
        141,
        9.180919647216797
      ],
      "material": "metal",
      "size": "small",
      "width": 28,
      "height": 36,
      "color": "gray",
      "y": 123,
      "shape": "cylinder",
      "rotation": 236.012918044454
    }
  ]
}