{
  "image_filename": "CLEVR_new_000484.png",
  "directions": {
    "above": [
      0.0,
      0.0,
      1.0
    ],
    "behind": [
      -0.754490315914154,
      0.6563112735748291,
      0.0
    ],
    "left": [
      -0.6563112735748291,
      -0.7544902563095093,
      0.0
    ],
    "below": [
      -0.0,
      -0.0,
      -1.0
    ],
    "right": [
      0.6563112735748291,
      0.7544902563095093,
      -0.0
    ],
    "front": [
      0.754490315914154,
      -0.6563112735748291,
      -0.0
    ]
  },
  "relationships": {
    "left": [
      [
        1,
        5,
        6
      ],
      [
        6
      ],
      [
        0,
        1,
        3,
        4,
        5,
        6,
        7
      ],
      [
        0,
        1,
        5,
        6
      ],
      [
        0,
        1,
        3,
        5,
        6
      ],
      [
        1,
        6
      ],
      [],
      [
        0,
        1,
        3,
        4,
        5,
        6
      ]
    ],
    "front": [
      [
        1,
        2,
        3,
        4,
        5,
        6,
        7
      ],
      [],
      [
        1,
        3,
        5
      ],
      [
        1,
        5
      ],
      [
        1,
        2,
        3,
        5,
        6
      ],
      [
        1
      ],
      [
        1,
        2,
        3,
        5
      ],
      [
        1,
        2,
        3,
        4,
        5,
        6
      ]
    ],
    "right": [
      [
        2,
        3,
        4,
        7
      ],
      [
        0,
        2,
        3,
        4,
        5,
        7
      ],
      [],
      [
        2,
        4,
        7
      ],
      [
        2,
        7
      ],
      [
        0,
        2,
        3,
        4,
        7
      ],
      [
        0,
        1,
        2,
        3,
        4,
        5,
        7
      ],
      [
        2
      ]
    ],
    "behind": [
      [],
      [
        0,
        2,
        3,
        4,
        5,
        6,
        7
      ],
      [
        0,
        4,
        6,
        7
      ],
      [
        0,
        2,
        4,
        6,
        7
      ],
      [
        0,
        7
      ],
      [
        0,
        2,
        3,
        4,
        6,
        7
      ],
      [
        0,
        4,
        7
      ],
      [
        0
      ]
    ]
  },
  "split": "new",
  "image_index": 484,
  "objects": [
    {
      "3d_coords": [
        -1.9864357709884644,
        1.837104082107544,
        0.3499999940395355
      ],
      "x": 155,
      "pixel_coords": [
        164,
        78,
        13.494291305541992
      ],
      "material": "metal",
      "size": "small",
      "width": 18,
      "height": 18,
      "color": "blue",
      "y": 69,
      "shape": "sphere",
      "rotation": 33.67813262873101
    },
    {
      "3d_coords": [
        0.8137562870979309,
        -2.871457576751709,
        0.699999988079071
      ],
      "x": 61,
      "pixel_coords": [
        93,
        143,
        8.80757999420166
      ],
      "material": "rubber",
      "size": "large",
      "width": 61,
      "height": 76,
      "color": "gray",
      "y": 106,
      "shape": "cylinder",
      "rotation": 306.5740731179537
    },
    {
      "3d_coords": [
        1.8004807233810425,
        1.6487104892730713,
        0.3499999940395355
      ],
      "x": 225,
      "pixel_coords": [
        238,
        115,
        10.842264175415039
      ],
      "material": "rubber",
      "size": "small",
      "width": 26,
      "height": 31,
      "color": "yellow",
      "y": 100,
      "shape": "cube",
      "rotation": 319.50435057307874
    },
    {
      "3d_coords": [
        1.34282648563385,
        -0.30287954211235046,
        0.699999988079071
      ],
      "x": 157,
      "pixel_coords": [
        182,
        119,
        9.888681411743164
      ],
      "material": "rubber",
      "size": "large",
      "width": 51,
      "height": 66,
      "color": "green",
      "y": 87,
      "shape": "cylinder",
      "rotation": 215.48082691484774
    },
    {
      "3d_coords": [
        -0.0022959415800869465,
        1.8548924922943115,
        0.3499999940395355
      ],
      "x": 190,
      "pixel_coords": [
        201,
        95,
        12.169941902160645
      ],
      "material": "rubber",
      "size": "small",
      "width": 21,
      "height": 26,
      "color": "green",
      "y": 82,
      "shape": "cylinder",
      "rotation": 113.29312578389941
    },
    {
      "3d_coords": [
        1.348719596862793,
        -1.6395834684371948,
        0.3499999940395355
      ],
      "x": 132,
      "pixel_coords": [
        145,
        146,
        9.30655574798584
      ],
      "material": "metal",
      "size": "small",
      "width": 26,
      "height": 26,
      "color": "yellow",
      "y": 133,
      "shape": "sphere",
      "rotation": 81.9399499355532
    },
    {
      "3d_coords": [
        -1.8617116212844849,
        -1.3318994045257568,
        0.3499999940395355
      ],
      "x": 81,
      "pixel_coords": [
        93,
        102,
        11.637639045715332
      ],
      "material": "metal",
      "size": "small",
      "width": 23,
      "height": 28,
      "color": "blue",
      "y": 89,
      "shape": "cube",
      "rotation": 106.2744641997131
    },
    {
      "3d_coords": [
        -0.34861549735069275,
        2.7884695529937744,
        0.3499999940395355
      ],
      "x": 202,
      "pixel_coords": [
        212,
        85,
        12.925089836120605
      ],
      "material": "rubber",
      "size": "small",
      "width": 20,
      "height": 25,
      "color": "cyan",
      "y": 73,
      "shape": "cylinder",
      "rotation": 288.54027331926386
    }
  ]
}