{
  "image_filename": "CLEVR_new_000431.png",
  "directions": {
    "above": [
      0.0,
      0.0,
      1.0
    ],
    "behind": [
      -0.754490315914154,
      0.6563112735748291,
      0.0
    ],
    "left": [
      -0.6563112735748291,
      -0.7544902563095093,
      0.0
    ],
    "below": [
      -0.0,
      -0.0,
      -1.0
    ],
    "right": [
      0.6563112735748291,
      0.7544902563095093,
      -0.0
    ],
    "front": [
      0.754490315914154,
      -0.6563112735748291,
      -0.0
    ]
  },
  "relationships": {
    "left": [
      [
        2
      ],
      [
        0,
        2
      ],
      []
    ],
    "front": [
      [
        1,
        2
      ],
      [],
      [
        1
      ]
    ],
    "right": [
      [
        1
      ],
      [],
      [
        0,
        1
      ]
    ],
    "behind": [
      [],
      [
        0,
        2
      ],
      [
        0
      ]
    ]
  },
  "split": "new",
  "image_index": 431,
  "objects": [
    {
      "3d_coords": [
        -2.6296675205230713,
        2.8326098918914795,
        0.3499999940395355
      ],
      "x": 157,
      "pixel_coords": [
        166,
        68,
        14.303426742553711
      ],
      "material": "rubber",
      "size": "small",
      "width": 17,
      "height": 22,
      "color": "blue",
      "y": 57,
      "shape": "cylinder",
      "rotation": 314.8932133577402
    },
    {
      "3d_coords": [
        1.9012542963027954,
        0.695708155632019,
        0.3499999940395355
      ],
      "x": 211,
      "pixel_coords": [
        223,
        124,
        10.107033729553223
      ],
      "material": "rubber",
      "size": "small",
      "width": 25,
      "height": 24,
      "color": "gray",
      "y": 112,
      "shape": "sphere",
      "rotation": 96.80947492150001
    },
    {
      "3d_coords": [
        -2.4797229766845703,
        -0.0705721452832222,
        0.699999988079071
      ],
      "x": 88,
      "pixel_coords": [
        110,
        79,
        12.271143913269043
      ],
      "material": "metal",
      "size": "large",
      "width": 43,
      "height": 51,
      "color": "green",
      "y": 54,
      "shape": "cylinder",
      "rotation": 179.234678706206
    }
  ]
}