{
  "image_filename": "CLEVR_new_000444.png",
  "directions": {
    "above": [
      0.0,
      0.0,
      1.0
    ],
    "behind": [
      -0.754490315914154,
      0.6563112735748291,
      0.0
    ],
    "left": [
      -0.6563112735748291,
      -0.7544902563095093,
      0.0
    ],
    "below": [
      -0.0,
      -0.0,
      -1.0
    ],
    "right": [
      0.6563112735748291,
      0.7544902563095093,
      -0.0
    ],
    "front": [
      0.754490315914154,
      -0.6563112735748291,
      -0.0
    ]
  },
  "relationships": {
    "left": [
      [
        1,
        3,
        4
      ],
      [
        4
      ],
      [
        0,
        1,
        3,
        4
      ],
      [
        1,
        4
      ],
      []
    ],
    "front": [
      [],
      [
        0,
        2,
        3,
        4
      ],
      [
        0,
        4
      ],
      [
        0,
        2,
        4
      ],
      [
        0
      ]
    ],
    "right": [
      [
        2
      ],
      [
        0,
        2,
        3
      ],
      [],
      [
        0,
        2
      ],
      [
        0,
        1,
        2,
        3
      ]
    ],
    "behind": [
      [
        1,
        2,
        3,
        4
      ],
      [],
      [
        1,
        3
      ],
      [
        1
      ],
      [
        1,
        2,
        3
      ]
    ]
  },
  "split": "new",
  "image_index": 444,
  "objects": [
    {
      "3d_coords": [
        2.11112380027771,
        0.9019708037376404,
        0.3499999940395355
      ],
      "x": 220,
      "pixel_coords": [
        232,
        126,
        9.877253532409668
      ],
      "material": "rubber",
      "size": "small",
      "width": 25,
      "height": 25,
      "color": "green",
      "y": 114,
      "shape": "sphere",
      "rotation": 147.74235670382018
    },
    {
      "3d_coords": [
        -2.873948335647583,
        1.3405529260635376,
        0.699999988079071
      ],
      "x": 120,
      "pixel_coords": [
        139,
        66,
        13.373023986816406
      ],
      "material": "metal",
      "size": "large",
      "width": 38,
      "height": 47,
      "color": "yellow",
      "y": 44,
      "shape": "cylinder",
      "rotation": 287.6471265960759
    },
    {
      "3d_coords": [
        1.0239133834838867,
        2.5335628986358643,
        0.3499999940395355
      ],
      "x": 227,
      "pixel_coords": [
        239,
        99,
        11.538829803466797
      ],
      "material": "rubber",
      "size": "small",
      "width": 24,
      "height": 28,
      "color": "green",
      "y": 85,
      "shape": "cylinder",
      "rotation": 346.3398090190043
    },
    {
      "3d_coords": [
        -0.9369960427284241,
        2.309828996658325,
        0.699999988079071
      ],
      "x": 173,
      "pixel_coords": [
        193,
        75,
        12.592533111572266
      ],
      "material": "rubber",
      "size": "large",
      "width": 41,
      "height": 50,
      "color": "red",
      "y": 50,
      "shape": "cylinder",
      "rotation": 37.838581279264325
    },
    {
      "3d_coords": [
        -1.0192750692367554,
        -1.2036826610565186,
        0.3499999940395355
      ],
      "x": 94,
      "pixel_coords": [
        109,
        110,
        10.835441589355469
      ],
      "material": "metal",
      "size": "small",
      "width": 30,
      "height": 31,
      "color": "green",
      "y": 94,
      "shape": "cube",
      "rotation": 344.5861775592541
    }
  ]
}