{
  "image_filename": "CLEVR_new_000409.png",
  "directions": {
    "above": [
      0.0,
      0.0,
      1.0
    ],
    "behind": [
      -0.754490315914154,
      0.6563112735748291,
      0.0
    ],
    "left": [
      -0.6563112735748291,
      -0.7544902563095093,
      0.0
    ],
    "below": [
      -0.0,
      -0.0,
      -1.0
    ],
    "right": [
      0.6563112735748291,
      0.7544902563095093,
      -0.0
    ],
    "front": [
      0.754490315914154,
      -0.6563112735748291,
      -0.0
    ]
  },
  "relationships": {
    "left": [
      [
        1,
        3
      ],
      [
        3
      ],
      [
        0,
        1,
        3,
        4
      ],
      [],
      [
        0,
        1,
        3
      ]
    ],
    "front": [
      [
        3,
        4
      ],
      [
        0,
        2,
        3,
        4
      ],
      [
        0,
        3,
        4
      ],
      [],
      [
        3
      ]
    ],
    "right": [
      [
        2,
        4
      ],
      [
        0,
        2,
        4
      ],
      [],
      [
        0,
        1,
        2,
        4
      ],
      [
        2
      ]
    ],
    "behind": [
      [
        1,
        2
      ],
      [],
      [
        1
      ],
      [
        0,
        1,
        2,
        4
      ],
      [
        0,
        1,
        2
      ]
    ]
  },
  "split": "new",
  "image_index": 409,
  "objects": [
    {
      "3d_coords": [
        -0.7201828360557556,
        0.6029685139656067,
        0.3499999940395355
      ],
      "x": 150,
      "pixel_coords": [
        160,
        99,
        11.970462799072266
      ],
      "material": "rubber",
      "size": "small",
      "width": 20,
      "height": 20,
      "color": "blue",
      "y": 88,
      "shape": "sphere",
      "rotation": 337.27635771040065
    },
    {
      "3d_coords": [
        -2.8070671558380127,
        1.3106422424316406,
        0.3499999940395355
      ],
      "x": 130,
      "pixel_coords": [
        140,
        79,
        13.815657615661621
      ],
      "material": "rubber",
      "size": "small",
      "width": 19,
      "height": 22,
      "color": "green",
      "y": 68,
      "shape": "cube",
      "rotation": 85.81822637092215
    },
    {
      "3d_coords": [
        0.3584103584289551,
        2.597954034805298,
        0.699999988079071
      ],
      "x": 203,
      "pixel_coords": [
        224,
        84,
        12.221235275268555
      ],
      "material": "rubber",
      "size": "large",
      "width": 44,
      "height": 51,
      "color": "cyan",
      "y": 60,
      "shape": "cylinder",
      "rotation": 54.41140709136636
    },
    {
      "3d_coords": [
        -0.7790156602859497,
        -2.547755718231201,
        0.699999988079071
      ],
      "x": 46,
      "pixel_coords": [
        74,
        114,
        10.04356861114502
      ],
      "material": "metal",
      "size": "large",
      "width": 55,
      "height": 64,
      "color": "yellow",
      "y": 83,
      "shape": "cylinder",
      "rotation": 102.50728924523176
    },
    {
      "3d_coords": [
        1.4869132041931152,
        0.7649970650672913,
        0.699999988079071
      ],
      "x": 181,
      "pixel_coords": [
        212,
        108,
        10.388786315917969
      ],
      "material": "rubber",
      "size": "large",
      "width": 66,
      "height": 65,
      "color": "yellow",
      "y": 77,
      "shape": "cube",
      "rotation": 340.65132951976835
    }
  ]
}