{
  "image_filename": "CLEVR_new_000613.png",
  "directions": {
    "above": [
      0.0,
      0.0,
      1.0
    ],
    "behind": [
      -0.754490315914154,
      0.6563112735748291,
      0.0
    ],
    "left": [
      -0.6563112735748291,
      -0.7544902563095093,
      0.0
    ],
    "below": [
      -0.0,
      -0.0,
      -1.0
    ],
    "right": [
      0.6563112735748291,
      0.7544902563095093,
      -0.0
    ],
    "front": [
      0.754490315914154,
      -0.6563112735748291,
      -0.0
    ]
  },
  "relationships": {
    "left": [
      [],
      [
        0
      ],
      [
        0,
        1,
        4,
        6
      ],
      [
        0,
        1,
        2,
        4,
        5,
        6
      ],
      [
        0,
        1,
        6
      ],
      [
        0,
        1,
        2,
        4,
        6
      ],
      [
        0,
        1
      ]
    ],
    "front": [
      [
        3,
        6
      ],
      [
        0,
        2,
        3,
        5,
        6
      ],
      [
        0,
        3,
        6
      ],
      [
        6
      ],
      [
        0,
        1,
        2,
        3,
        5,
        6
      ],
      [
        0,
        2,
        3,
        6
      ],
      []
    ],
    "right": [
      [
        1,
        2,
        3,
        4,
        5,
        6
      ],
      [
        2,
        3,
        4,
        5,
        6
      ],
      [
        3,
        5
      ],
      [],
      [
        2,
        3,
        5
      ],
      [
        3
      ],
      [
        2,
        3,
        4,
        5
      ]
    ],
    "behind": [
      [
        1,
        2,
        4,
        5
      ],
      [
        4
      ],
      [
        1,
        4,
        5
      ],
      [
        0,
        1,
        2,
        4,
        5
      ],
      [],
      [
        1,
        4
      ],
      [
        0,
        1,
        2,
        3,
        4,
        5
      ]
    ]
  },
  "split": "new",
  "image_index": 613,
  "objects": [
    {
      "3d_coords": [
        -1.698820948600769,
        -2.01440691947937,
        0.3499999940395355
      ],
      "x": 55,
      "pixel_coords": [
        72,
        109,
        10.47801685333252
      ],
      "material": "metal",
      "size": "small",
      "width": 33,
      "height": 33,
      "color": "yellow",
      "y": 93,
      "shape": "cube",
      "rotation": 138.29854214692537
    },
    {
      "3d_coords": [
        -2.2581169605255127,
        0.21950171887874603,
        0.699999988079071
      ],
      "x": 101,
      "pixel_coords": [
        123,
        77,
        11.966076850891113
      ],
      "material": "rubber",
      "size": "large",
      "width": 43,
      "height": 52,
      "color": "purple",
      "y": 51,
      "shape": "cylinder",
      "rotation": 75.21284311505441
    },
    {
      "3d_coords": [
        0.4995976686477661,
        1.3400681018829346,
        0.3499999940395355
      ],
      "x": 192,
      "pixel_coords": [
        203,
        103,
        10.8737154006958
      ],
      "material": "rubber",
      "size": "small",
      "width": 23,
      "height": 23,
      "color": "brown",
      "y": 92,
      "shape": "sphere",
      "rotation": 172.0121426238305
    },
    {
      "3d_coords": [
        2.49190354347229,
        2.0748300552368164,
        0.699999988079071
      ],
      "x": 248,
      "pixel_coords": [
        274,
        108,
        9.765664100646973
      ],
      "material": "metal",
      "size": "large",
      "width": 53,
      "height": 50,
      "color": "blue",
      "y": 82,
      "shape": "sphere",
      "rotation": 244.38542528769148
    },
    {
      "3d_coords": [
        -2.4247748851776123,
        2.7526051998138428,
        0.3499999940395355
      ],
      "x": 166,
      "pixel_coords": [
        175,
        70,
        13.675933837890625
      ],
      "material": "rubber",
      "size": "small",
      "width": 18,
      "height": 18,
      "color": "brown",
      "y": 60,
      "shape": "sphere",
      "rotation": 334.1498618888181
    },
    {
      "3d_coords": [
        0.7385451197624207,
        2.3788583278656006,
        0.3499999940395355
      ],
      "x": 218,
      "pixel_coords": [
        231,
        97,
        11.29871654510498
      ],
      "material": "metal",
      "size": "small",
      "width": 27,
      "height": 28,
      "color": "red",
      "y": 83,
      "shape": "cube",
      "rotation": 250.69298158659885
    },
    {
      "3d_coords": [
        1.6057852506637573,
        -2.074824810028076,
        0.699999988079071
      ],
      "x": 96,
      "pixel_coords": [
        135,
        144,
        8.021084785461426
      ],
      "material": "rubber",
      "size": "large",
      "width": 71,
      "height": 82,
      "color": "cyan",
      "y": 104,
      "shape": "cube",
      "rotation": 24.34537436932348
    }
  ]
}