{
  "image_filename": "CLEVR_new_000242.png",
  "directions": {
    "above": [
      0.0,
      0.0,
      1.0
    ],
    "behind": [
      -0.754490315914154,
      0.6563112735748291,
      0.0
    ],
    "left": [
      -0.6563112735748291,
      -0.7544902563095093,
      0.0
    ],
    "below": [
      -0.0,
      -0.0,
      -1.0
    ],
    "right": [
      0.6563112735748291,
      0.7544902563095093,
      -0.0
    ],
    "front": [
      0.754490315914154,
      -0.6563112735748291,
      -0.0
    ]
  },
  "relationships": {
    "left": [
      [],
      [
        0,
        2,
        4
      ],
      [
        0,
        4
      ],
      [
        0,
        1,
        2,
        4
      ],
      [
        0
      ]
    ],
    "front": [
      [
        2,
        3,
        4
      ],
      [
        0,
        2,
        3,
        4
      ],
      [
        4
      ],
      [
        2,
        4
      ],
      []
    ],
    "right": [
      [
        1,
        2,
        3,
        4
      ],
      [
        3
      ],
      [
        1,
        3
      ],
      [],
      [
        1,
        2,
        3
      ]
    ],
    "behind": [
      [
        1
      ],
      [],
      [
        0,
        1,
        3
      ],
      [
        0,
        1
      ],
      [
        0,
        1,
        2,
        3
      ]
    ]
  },
  "split": "new",
  "image_index": 242,
  "objects": [
    {
      "3d_coords": [
        -1.3570894002914429,
        -0.7156350016593933,
        0.699999988079071
      ],
      "x": 94,
      "pixel_coords": [
        118,
        94,
        11.727317810058594
      ],
      "material": "metal",
      "size": "large",
      "width": 47,
      "height": 55,
      "color": "blue",
      "y": 67,
      "shape": "cube",
      "rotation": 274.3928689689966
    },
    {
      "3d_coords": [
        -0.3857157230377197,
        2.5198888778686523,
        0.3499999940395355
      ],
      "x": 192,
      "pixel_coords": [
        205,
        89,
        13.092767715454102
      ],
      "material": "rubber",
      "size": "small",
      "width": 26,
      "height": 25,
      "color": "blue",
      "y": 76,
      "shape": "cube",
      "rotation": 188.25920969122097
    },
    {
      "3d_coords": [
        1.1384633779525757,
        -0.7314831018447876,
        0.699999988079071
      ],
      "x": 140,
      "pixel_coords": [
        166,
        119,
        10.013021469116211
      ],
      "material": "metal",
      "size": "large",
      "width": 56,
      "height": 65,
      "color": "purple",
      "y": 88,
      "shape": "cube",
      "rotation": 16.71912815495962
    },
    {
      "3d_coords": [
        2.556295156478882,
        2.2945315837860107,
        0.699999988079071
      ],
      "x": 245,
      "pixel_coords": [
        270,
        106,
        10.796419143676758
      ],
      "material": "rubber",
      "size": "large",
      "width": 53,
      "height": 59,
      "color": "purple",
      "y": 78,
      "shape": "cylinder",
      "rotation": 310.0851263636556
    },
    {
      "3d_coords": [
        1.5679186582565308,
        -2.650243043899536,
        0.3499999940395355
      ],
      "x": 101,
      "pixel_coords": [
        120,
        159,
        8.764265060424805
      ],
      "material": "rubber",
      "size": "small",
      "width": 36,
      "height": 40,
      "color": "purple",
      "y": 140,
      "shape": "cube",
      "rotation": 129.42345315311823
    }
  ]
}