{
  "image_filename": "CLEVR_new_000215.png",
  "directions": {
    "above": [
      0.0,
      0.0,
      1.0
    ],
    "behind": [
      -0.754490315914154,
      0.6563112735748291,
      0.0
    ],
    "left": [
      -0.6563112735748291,
      -0.7544902563095093,
      0.0
    ],
    "below": [
      -0.0,
      -0.0,
      -1.0
    ],
    "right": [
      0.6563112735748291,
      0.7544902563095093,
      -0.0
    ],
    "front": [
      0.754490315914154,
      -0.6563112735748291,
      -0.0
    ]
  },
  "relationships": {
    "left": [
      [
        1,
        2,
        3,
        4,
        5
      ],
      [
        2,
        3,
        4,
        5
      ],
      [
        4
      ],
      [
        2,
        4,
        5
      ],
      [],
      [
        2,
        4
      ]
    ],
    "front": [
      [
        1,
        2,
        4,
        5
      ],
      [
        2,
        5
      ],
      [
        5
      ],
      [
        0,
        1,
        2,
        4,
        5
      ],
      [
        1,
        2,
        5
      ],
      []
    ],
    "right": [
      [],
      [
        0
      ],
      [
        0,
        1,
        3,
        5
      ],
      [
        0,
        1
      ],
      [
        0,
        1,
        2,
        3,
        5
      ],
      [
        0,
        1,
        3
      ]
    ],
    "behind": [
      [
        3
      ],
      [
        0,
        3,
        4
      ],
      [
        0,
        1,
        3,
        4
      ],
      [],
      [
        0,
        3
      ],
      [
        0,
        1,
        2,
        3,
        4
      ]
    ]
  },
  "split": "new",
  "image_index": 215,
  "objects": [
    {
      "3d_coords": [
        0.8359873294830322,
        1.6544890403747559,
        0.699999988079071
      ],
      "x": 188,
      "pixel_coords": [
        217,
        95,
        11.216753005981445
      ],
      "material": "rubber",
      "size": "large",
      "width": 60,
      "height": 60,
      "color": "green",
      "y": 66,
      "shape": "cube",
      "rotation": 93.95579439369939
    },
    {
      "3d_coords": [
        1.1094220876693726,
        -0.17273250222206116,
        0.699999988079071
      ],
      "x": 155,
      "pixel_coords": [
        180,
        114,
        10.012063026428223
      ],
      "material": "rubber",
      "size": "large",
      "width": 49,
      "height": 49,
      "color": "purple",
      "y": 90,
      "shape": "sphere",
      "rotation": 147.28588771385196
    },
    {
      "3d_coords": [
        0.781392514705658,
        -2.640658140182495,
        0.3499999940395355
      ],
      "x": 80,
      "pixel_coords": [
        99,
        149,
        9.0276517868042
      ],
      "material": "rubber",
      "size": "small",
      "width": 38,
      "height": 40,
      "color": "blue",
      "y": 129,
      "shape": "cube",
      "rotation": 91.4570405102912
    },
    {
      "3d_coords": [
        -1.6919243335723877,
        1.4185693264007568,
        0.3499999940395355
      ],
      "x": 152,
      "pixel_coords": [
        161,
        84,
        12.986330032348633
      ],
      "material": "metal",
      "size": "small",
      "width": 19,
      "height": 19,
      "color": "red",
      "y": 74,
      "shape": "sphere",
      "rotation": 164.90944434274257
    },
    {
      "3d_coords": [
        -1.6210460662841797,
        -2.084717273712158,
        0.699999988079071
      ],
      "x": 48,
      "pixel_coords": [
        75,
        101,
        10.82480525970459
      ],
      "material": "rubber",
      "size": "large",
      "width": 51,
      "height": 59,
      "color": "gray",
      "y": 72,
      "shape": "cylinder",
      "rotation": 292.9899628112491
    },
    {
      "3d_coords": [
        2.0345373153686523,
        -2.61154842376709,
        0.3499999940395355
      ],
      "x": 110,
      "pixel_coords": [
        128,
        171,
        8.182557106018066
      ],
      "material": "rubber",
      "size": "small",
      "width": 35,
      "height": 41,
      "color": "red",
      "y": 151,
      "shape": "cube",
      "rotation": 228.56611587862588
    }
  ]
}