{
  "image_filename": "CLEVR_new_000597.png",
  "directions": {
    "above": [
      0.0,
      0.0,
      1.0
    ],
    "behind": [
      -0.754490315914154,
      0.6563112735748291,
      0.0
    ],
    "left": [
      -0.6563112735748291,
      -0.7544902563095093,
      0.0
    ],
    "below": [
      -0.0,
      -0.0,
      -1.0
    ],
    "right": [
      0.6563112735748291,
      0.7544902563095093,
      -0.0
    ],
    "front": [
      0.754490315914154,
      -0.6563112735748291,
      -0.0
    ]
  },
  "relationships": {
    "left": [
      [
        1,
        2,
        4,
        5,
        6,
        7,
        9
      ],
      [
        7
      ],
      [
        1,
        5,
        7,
        9
      ],
      [
        0,
        1,
        2,
        4,
        5,
        6,
        7,
        8,
        9
      ],
      [
        1,
        2,
        5,
        7,
        9
      ],
      [
        1,
        7,
        9
      ],
      [
        1,
        2,
        4,
        5,
        7,
        9
      ],
      [],
      [
        0,
        1,
        2,
        4,
        5,
        6,
        7,
        9
      ],
      [
        1,
        7
      ]
    ],
    "front": [
      [
        2,
        4,
        5,
        7,
        8
      ],
      [
        0,
        2,
        3,
        4,
        5,
        7,
        8
      ],
      [
        4,
        5,
        8
      ],
      [
        0,
        2,
        4,
        5,
        7,
        8
      ],
      [],
      [
        4,
        8
      ],
      [
        0,
        1,
        2,
        3,
        4,
        5,
        7,
        8,
        9
      ],
      [
        2,
        4,
        5,
        8
      ],
      [
        4
      ],
      [
        0,
        1,
        2,
        3,
        4,
        5,
        7,
        8
      ]
    ],
    "right": [
      [
        3,
        8
      ],
      [
        0,
        2,
        3,
        4,
        5,
        6,
        8,
        9
      ],
      [
        0,
        3,
        4,
        6,
        8
      ],
      [],
      [
        0,
        3,
        6,
        8
      ],
      [
        0,
        2,
        3,
        4,
        6,
        8
      ],
      [
        0,
        3,
        8
      ],
      [
        0,
        1,
        2,
        3,
        4,
        5,
        6,
        8,
        9
      ],
      [
        3
      ],
      [
        0,
        2,
        3,
        4,
        5,
        6,
        8
      ]
    ],
    "behind": [
      [
        1,
        3,
        6,
        9
      ],
      [
        6,
        9
      ],
      [
        0,
        1,
        3,
        6,
        7,
        9
      ],
      [
        1,
        6,
        9
      ],
      [
        0,
        1,
        2,
        3,
        5,
        6,
        7,
        8,
        9
      ],
      [
        0,
        1,
        2,
        3,
        6,
        7,
        9
      ],
      [],
      [
        0,
        1,
        3,
        6,
        9
      ],
      [
        0,
        1,
        2,
        3,
        5,
        6,
        7,
        9
      ],
      [
        6
      ]
    ]
  },
  "split": "new",
  "image_index": 597,
  "objects": [
    {
      "3d_coords": [
        0.6616067886352539,
        0.9860451817512512,
        0.3499999940395355
      ],
      "x": 185,
      "pixel_coords": [
        196,
        108,
        11.575188636779785
      ],
      "material": "metal",
      "size": "small",
      "width": 22,
      "height": 28,
      "color": "green",
      "y": 95,
      "shape": "cylinder",
      "rotation": 51.614243758718175
    },
    {
      "3d_coords": [
        -2.8361008167266846,
        -1.2266710996627808,
        0.699999988079071
      ],
      "x": 58,
      "pixel_coords": [
        81,
        85,
        12.432727813720703
      ],
      "material": "rubber",
      "size": "large",
      "width": 44,
      "height": 51,
      "color": "green",
      "y": 61,
      "shape": "cylinder",
      "rotation": 32.06499844826845
    },
    {
      "3d_coords": [
        0.3244589865207672,
        -0.6981971263885498,
        0.3499999940395355
      ],
      "x": 138,
      "pixel_coords": [
        150,
        121,
        10.808854103088379
      ],
      "material": "rubber",
      "size": "small",
      "width": 23,
      "height": 30,
      "color": "red",
      "y": 106,
      "shape": "cylinder",
      "rotation": 78.36102657857383
    },
    {
      "3d_coords": [
        0.9934340119361877,
        2.386061668395996,
        0.699999988079071
      ],
      "x": 209,
      "pixel_coords": [
        231,
        91,
        12.015904426574707
      ],
      "material": "metal",
      "size": "large",
      "width": 46,
      "height": 53,
      "color": "blue",
      "y": 65,
      "shape": "cube",
      "rotation": 211.13854070394098
    },
    {
      "3d_coords": [
        2.6305699348449707,
        -2.109438180923462,
        0.699999988079071
      ],
      "x": 137,
      "pixel_coords": [
        167,
        160,
        8.287473678588867
      ],
      "material": "rubber",
      "size": "large",
      "width": 59,
      "height": 60,
      "color": "purple",
      "y": 130,
      "shape": "sphere",
      "rotation": 131.68601234495054
    },
    {
      "3d_coords": [
        0.7793051600456238,
        -1.6454919576644897,
        0.3499999940395355
      ],
      "x": 122,
      "pixel_coords": [
        135,
        136,
        9.95031452178955
      ],
      "material": "rubber",
      "size": "small",
      "width": 25,
      "height": 33,
      "color": "brown",
      "y": 120,
      "shape": "cylinder",
      "rotation": 21.89200758673134
    },
    {
      "3d_coords": [
        -1.736696720123291,
        2.4736363887786865,
        0.3499999940395355
      ],
      "x": 169,
      "pixel_coords": [
        177,
        78,
        14.040521621704102
      ],
      "material": "rubber",
      "size": "small",
      "width": 17,
      "height": 18,
      "color": "brown",
      "y": 70,
      "shape": "sphere",
      "rotation": 58.94163664711823
    },
    {
      "3d_coords": [
        -1.9230034351348877,
        -2.633060932159424,
        0.3499999940395355
      ],
      "x": 44,
      "pixel_coords": [
        58,
        115,
        11.162432670593262
      ],
      "material": "metal",
      "size": "small",
      "width": 28,
      "height": 31,
      "color": "green",
      "y": 100,
      "shape": "cube",
      "rotation": 186.62747396225873
    },
    {
      "3d_coords": [
        2.9437761306762695,
        0.0001862782082753256,
        0.699999988079071
      ],
      "x": 199,
      "pixel_coords": [
        233,
        135,
        9.319726943969727
      ],
      "material": "metal",
      "size": "large",
      "width": 70,
      "height": 76,
      "color": "green",
      "y": 99,
      "shape": "cube",
      "rotation": 349.0375044601604
    },
    {
      "3d_coords": [
        -2.347954750061035,
        0.08887499570846558,
        0.3499999940395355
      ],
      "x": 110,
      "pixel_coords": [
        120,
        89,
        13.044261932373047
      ],
      "material": "rubber",
      "size": "small",
      "width": 20,
      "height": 24,
      "color": "brown",
      "y": 77,
      "shape": "cylinder",
      "rotation": 324.39441286076686
    }
  ]
}