{
  "image_filename": "CLEVR_new_000639.png",
  "directions": {
    "above": [
      0.0,
      0.0,
      1.0
    ],
    "behind": [
      -0.754490315914154,
      0.6563112735748291,
      0.0
    ],
    "left": [
      -0.6563112735748291,
      -0.7544902563095093,
      0.0
    ],
    "below": [
      -0.0,
      -0.0,
      -1.0
    ],
    "right": [
      0.6563112735748291,
      0.7544902563095093,
      -0.0
    ],
    "front": [
      0.754490315914154,
      -0.6563112735748291,
      -0.0
    ]
  },
  "relationships": {
    "left": [
      [],
      [
        0,
        5,
        6
      ],
      [
        0,
        1,
        5,
        6
      ],
      [
        0,
        1,
        2,
        4,
        5,
        6
      ],
      [
        0,
        1,
        2,
        5,
        6
      ],
      [
        0,
        6
      ],
      [
        0
      ]
    ],
    "front": [
      [
        1
      ],
      [],
      [
        0,
        1,
        3,
        5
      ],
      [
        0,
        1
      ],
      [
        0,
        1,
        2,
        3,
        5,
        6
      ],
      [
        0,
        1,
        3
      ],
      [
        0,
        1,
        2,
        3,
        5
      ]
    ],
    "right": [
      [
        1,
        2,
        3,
        4,
        5,
        6
      ],
      [
        2,
        3,
        4
      ],
      [
        3,
        4
      ],
      [],
      [
        3
      ],
      [
        1,
        2,
        3,
        4
      ],
      [
        1,
        2,
        3,
        4,
        5
      ]
    ],
    "behind": [
      [
        2,
        3,
        4,
        5,
        6
      ],
      [
        0,
        2,
        3,
        4,
        5,
        6
      ],
      [
        4,
        6
      ],
      [
        2,
        4,
        5,
        6
      ],
      [],
      [
        2,
        4,
        6
      ],
      [
        4
      ]
    ]
  },
  "split": "new",
  "image_index": 639,
  "objects": [
    {
      "3d_coords": [
        -0.41389378905296326,
        -2.85952091217041,
        0.699999988079071
      ],
      "x": 43,
      "pixel_coords": [
        76,
        125,
        10.140028953552246
      ],
      "material": "metal",
      "size": "large",
      "width": 66,
      "height": 70,
      "color": "purple",
      "y": 91,
      "shape": "cube",
      "rotation": 263.76032678076723
    },
    {
      "3d_coords": [
        2.4040749073028564,
        -2.514974355697632,
        0.3499999940395355
      ],
      "x": 129,
      "pixel_coords": [
        147,
        176,
        8.653024673461914
      ],
      "material": "rubber",
      "size": "small",
      "width": 37,
      "height": 43,
      "color": "cyan",
      "y": 155,
      "shape": "cube",
      "rotation": 211.85274719162967
    },
    {
      "3d_coords": [
        -0.49567481875419617,
        0.9269374012947083,
        0.699999988079071
      ],
      "x": 150,
      "pixel_coords": [
        171,
        89,
        12.368974685668945
      ],
      "material": "metal",
      "size": "large",
      "width": 41,
      "height": 52,
      "color": "cyan",
      "y": 64,
      "shape": "cylinder",
      "rotation": 73.87831224065052
    },
    {
      "3d_coords": [
        2.4469027519226074,
        2.0827879905700684,
        0.699999988079071
      ],
      "x": 238,
      "pixel_coords": [
        260,
        108,
        11.095736503601074
      ],
      "material": "metal",
      "size": "large",
      "width": 46,
      "height": 44,
      "color": "purple",
      "y": 86,
      "shape": "sphere",
      "rotation": 202.13076629054507
    },
    {
      "3d_coords": [
        -1.6833744049072266,
        2.7336764335632324,
        0.699999988079071
      ],
      "x": 166,
      "pixel_coords": [
        184,
        68,
        14.188751220703125
      ],
      "material": "metal",
      "size": "large",
      "width": 36,
      "height": 44,
      "color": "cyan",
      "y": 46,
      "shape": "cylinder",
      "rotation": 19.37076555097517
    },
    {
      "3d_coords": [
        -0.9352841377258301,
        -0.539988100528717,
        0.3499999940395355
      ],
      "x": 116,
      "pixel_coords": [
        130,
        106,
        11.985967636108398
      ],
      "material": "metal",
      "size": "small",
      "width": 28,
      "height": 29,
      "color": "brown",
      "y": 92,
      "shape": "cube",
      "rotation": 160.43104999167642
    },
    {
      "3d_coords": [
        -2.487761974334717,
        -0.0379021055996418,
        0.3499999940395355
      ],
      "x": 106,
      "pixel_coords": [
        116,
        88,
        13.296442031860352
      ],
      "material": "metal",
      "size": "small",
      "width": 20,
      "height": 24,
      "color": "red",
      "y": 77,
      "shape": "cube",
      "rotation": 341.7833711490898
    }
  ]
}