{
  "image_filename": "CLEVR_new_000506.png",
  "directions": {
    "above": [
      0.0,
      0.0,
      1.0
    ],
    "behind": [
      -0.754490315914154,
      0.6563112735748291,
      0.0
    ],
    "left": [
      -0.6563112735748291,
      -0.7544902563095093,
      0.0
    ],
    "below": [
      -0.0,
      -0.0,
      -1.0
    ],
    "right": [
      0.6563112735748291,
      0.7544902563095093,
      -0.0
    ],
    "front": [
      0.754490315914154,
      -0.6563112735748291,
      -0.0
    ]
  },
  "relationships": {
    "left": [
      [
        7,
        9
      ],
      [
        0,
        2,
        3,
        4,
        5,
        7,
        9
      ],
      [
        0,
        4,
        5,
        7,
        9
      ],
      [
        0,
        2,
        4,
        5,
        7,
        9
      ],
      [
        0,
        7,
        9
      ],
      [
        0,
        4,
        7,
        9
      ],
      [
        0,
        1,
        2,
        3,
        4,
        5,
        7,
        8,
        9
      ],
      [
        9
      ],
      [
        0,
        1,
        2,
        3,
        4,
        5,
        7,
        9
      ],
      []
    ],
    "front": [
      [
        2
      ],
      [
        0,
        2,
        6,
        9
      ],
      [],
      [
        0,
        1,
        2,
        4,
        5,
        6,
        7,
        8,
        9
      ],
      [
        0,
        1,
        2,
        6,
        9
      ],
      [
        0,
        1,
        2,
        4,
        6,
        7,
        8,
        9
      ],
      [
        0,
        2,
        9
      ],
      [
        0,
        1,
        2,
        4,
        6,
        8,
        9
      ],
      [
        0,
        1,
        2,
        4,
        6,
        9
      ],
      [
        0,
        2
      ]
    ],
    "right": [
      [
        1,
        2,
        3,
        4,
        5,
        6,
        8
      ],
      [
        6,
        8
      ],
      [
        1,
        3,
        6,
        8
      ],
      [
        1,
        6,
        8
      ],
      [
        1,
        2,
        3,
        5,
        6,
        8
      ],
      [
        1,
        2,
        3,
        6,
        8
      ],
      [],
      [
        0,
        1,
        2,
        3,
        4,
        5,
        6,
        8
      ],
      [
        6
      ],
      [
        0,
        1,
        2,
        3,
        4,
        5,
        6,
        7,
        8
      ]
    ],
    "behind": [
      [
        1,
        3,
        4,
        5,
        6,
        7,
        8,
        9
      ],
      [
        3,
        4,
        5,
        7,
        8
      ],
      [
        0,
        1,
        3,
        4,
        5,
        6,
        7,
        8,
        9
      ],
      [],
      [
        3,
        5,
        7,
        8
      ],
      [
        3
      ],
      [
        1,
        3,
        4,
        5,
        7,
        8
      ],
      [
        3,
        5
      ],
      [
        3,
        5,
        7
      ],
      [
        1,
        3,
        4,
        5,
        6,
        7,
        8
      ]
    ]
  },
  "split": "new",
  "image_index": 506,
  "objects": [
    {
      "3d_coords": [
        0.20257733762264252,
        -2.4994874000549316,
        0.699999988079071
      ],
      "x": 65,
      "pixel_coords": [
        93,
        130,
        9.139325141906738
      ],
      "material": "metal",
      "size": "large",
      "width": 55,
      "height": 54,
      "color": "red",
      "y": 103,
      "shape": "sphere",
      "rotation": 167.4155703101136
    },
    {
      "3d_coords": [
        1.5996242761611938,
        1.717448353767395,
        0.3499999940395355
      ],
      "x": 224,
      "pixel_coords": [
        236,
        112,
        10.788368225097656
      ],
      "material": "rubber",
      "size": "small",
      "width": 25,
      "height": 30,
      "color": "purple",
      "y": 97,
      "shape": "cylinder",
      "rotation": 172.83337726757097
    },
    {
      "3d_coords": [
        2.131068468093872,
        -1.830942153930664,
        0.699999988079071
      ],
      "x": 130,
      "pixel_coords": [
        160,
        152,
        8.244091987609863
      ],
      "material": "rubber",
      "size": "large",
      "width": 60,
      "height": 60,
      "color": "gray",
      "y": 122,
      "shape": "sphere",
      "rotation": 118.07264129530171
    },
    {
      "3d_coords": [
        -1.8135011196136475,
        2.7038168907165527,
        0.699999988079071
      ],
      "x": 164,
      "pixel_coords": [
        183,
        64,
        13.438639640808105
      ],
      "material": "metal",
      "size": "large",
      "width": 37,
      "height": 37,
      "color": "brown",
      "y": 46,
      "shape": "sphere",
      "rotation": 11.107817102012913
    },
    {
      "3d_coords": [
        -1.1872639656066895,
        -0.5930038690567017,
        0.3499999940395355
      ],
      "x": 111,
      "pixel_coords": [
        122,
        103,
        11.31600570678711
      ],
      "material": "rubber",
      "size": "small",
      "width": 22,
      "height": 22,
      "color": "yellow",
      "y": 92,
      "shape": "sphere",
      "rotation": 258.78423097344324
    },
    {
      "3d_coords": [
        -2.5508615970611572,
        1.201572299003601,
        0.3499999940395355
      ],
      "x": 130,
      "pixel_coords": [
        140,
        77,
        13.24104118347168
      ],
      "material": "metal",
      "size": "small",
      "width": 21,
      "height": 24,
      "color": "cyan",
      "y": 65,
      "shape": "cube",
      "rotation": 79.59065516794304
    },
    {
      "3d_coords": [
        2.6182849407196045,
        2.086202621459961,
        0.3499999940395355
      ],
      "x": 259,
      "pixel_coords": [
        272,
        120,
        10.32439136505127
      ],
      "material": "rubber",
      "size": "small",
      "width": 25,
      "height": 24,
      "color": "gray",
      "y": 108,
      "shape": "sphere",
      "rotation": 65.12512272431103
    },
    {
      "3d_coords": [
        -2.8639681339263916,
        -0.385701060295105,
        0.3499999940395355
      ],
      "x": 90,
      "pixel_coords": [
        100,
        85,
        12.543724060058594
      ],
      "material": "rubber",
      "size": "small",
      "width": 20,
      "height": 20,
      "color": "brown",
      "y": 76,
      "shape": "sphere",
      "rotation": 36.7894142839854
    },
    {
      "3d_coords": [
        0.9398730397224426,
        2.8851561546325684,
        0.3499999940395355
      ],
      "x": 231,
      "pixel_coords": [
        242,
        94,
        11.890396118164062
      ],
      "material": "rubber",
      "size": "small",
      "width": 23,
      "height": 27,
      "color": "brown",
      "y": 81,
      "shape": "cylinder",
      "rotation": 252.82363954376532
    },
    {
      "3d_coords": [
        -0.9989190697669983,
        -2.997581720352173,
        0.3499999940395355
      ],
      "x": 43,
      "pixel_coords": [
        56,
        130,
        9.821098327636719
      ],
      "material": "metal",
      "size": "small",
      "width": 26,
      "height": 25,
      "color": "red",
      "y": 117,
      "shape": "sphere",
      "rotation": 337.53478997510484
    }
  ]
}