{
  "image_filename": "CLEVR_new_000442.png",
  "directions": {
    "above": [
      0.0,
      0.0,
      1.0
    ],
    "behind": [
      -0.754490315914154,
      0.6563112735748291,
      0.0
    ],
    "left": [
      -0.6563112735748291,
      -0.7544902563095093,
      0.0
    ],
    "below": [
      -0.0,
      -0.0,
      -1.0
    ],
    "right": [
      0.6563112735748291,
      0.7544902563095093,
      -0.0
    ],
    "front": [
      0.754490315914154,
      -0.6563112735748291,
      -0.0
    ]
  },
  "relationships": {
    "left": [
      [],
      [
        0,
        2
      ],
      [
        0
      ]
    ],
    "front": [
      [
        1,
        2
      ],
      [
        2
      ],
      []
    ],
    "right": [
      [
        1,
        2
      ],
      [],
      [
        1
      ]
    ],
    "behind": [
      [],
      [
        0
      ],
      [
        0,
        1
      ]
    ]
  },
  "split": "new",
  "image_index": 442,
  "objects": [
    {
      "3d_coords": [
        -2.965782880783081,
        -1.8726882934570312,
        0.699999988079071
      ],
      "x": 32,
      "pixel_coords": [
        62,
        87,
        11.925881385803223
      ],
      "material": "metal",
      "size": "large",
      "width": 59,
      "height": 56,
      "color": "blue",
      "y": 60,
      "shape": "cube",
      "rotation": 152.45492321180308
    },
    {
      "3d_coords": [
        1.8329622745513916,
        0.34845873713493347,
        0.3499999940395355
      ],
      "x": 197,
      "pixel_coords": [
        210,
        128,
        10.021820068359375
      ],
      "material": "rubber",
      "size": "small",
      "width": 26,
      "height": 33,
      "color": "yellow",
      "y": 112,
      "shape": "cylinder",
      "rotation": 128.27713904232652
    },
    {
      "3d_coords": [
        1.2308063507080078,
        -1.9685187339782715,
        0.3499999940395355
      ],
      "x": 118,
      "pixel_coords": [
        131,
        146,
        9.135525703430176
      ],
      "material": "metal",
      "size": "small",
      "width": 27,
      "height": 27,
      "color": "gray",
      "y": 133,
      "shape": "sphere",
      "rotation": 332.69373169746814
    }
  ]
}