{
  "image_filename": "CLEVR_new_000678.png",
  "directions": {
    "above": [
      0.0,
      0.0,
      1.0
    ],
    "behind": [
      -0.754490315914154,
      0.6563112735748291,
      0.0
    ],
    "left": [
      -0.6563112735748291,
      -0.7544902563095093,
      0.0
    ],
    "below": [
      -0.0,
      -0.0,
      -1.0
    ],
    "right": [
      0.6563112735748291,
      0.7544902563095093,
      -0.0
    ],
    "front": [
      0.754490315914154,
      -0.6563112735748291,
      -0.0
    ]
  },
  "relationships": {
    "left": [
      [
        2,
        5,
        7
      ],
      [
        0,
        2,
        4,
        5,
        7
      ],
      [
        5,
        7
      ],
      [
        0,
        1,
        2,
        4,
        5,
        7
      ],
      [
        0,
        2,
        5,
        7
      ],
      [
        7
      ],
      [
        0,
        1,
        2,
        3,
        4,
        5,
        7
      ],
      []
    ],
    "front": [
      [
        1,
        2,
        3,
        4,
        6,
        7
      ],
      [
        2,
        4,
        6
      ],
      [
        4
      ],
      [
        1,
        2,
        4,
        6
      ],
      [],
      [
        0,
        1,
        2,
        3,
        4,
        6,
        7
      ],
      [
        2,
        4
      ],
      [
        1,
        2,
        3,
        4,
        6
      ]
    ],
    "right": [
      [
        1,
        3,
        4,
        6
      ],
      [
        3,
        6
      ],
      [
        0,
        1,
        3,
        4,
        6
      ],
      [
        6
      ],
      [
        1,
        3,
        6
      ],
      [
        0,
        1,
        2,
        3,
        4,
        6
      ],
      [],
      [
        0,
        1,
        2,
        3,
        4,
        5,
        6
      ]
    ],
    "behind": [
      [
        5
      ],
      [
        0,
        3,
        5,
        7
      ],
      [
        0,
        1,
        3,
        5,
        6,
        7
      ],
      [
        0,
        5,
        7
      ],
      [
        0,
        1,
        2,
        3,
        5,
        6,
        7
      ],
      [],
      [
        0,
        1,
        3,
        5,
        7
      ],
      [
        0,
        5
      ]
    ]
  },
  "split": "new",
  "image_index": 678,
  "objects": [
    {
      "3d_coords": [
        -1.570724368095398,
        1.1017873287200928,
        0.3499999940395355
      ],
      "x": 147,
      "pixel_coords": [
        156,
        88,
        12.858418464660645
      ],
      "material": "rubber",
      "size": "small",
      "width": 19,
      "height": 24,
      "color": "green",
      "y": 76,
      "shape": "cylinder",
      "rotation": 238.64347815677684
    },
    {
      "3d_coords": [
        0.9383558630943298,
        0.7500455975532532,
        0.3499999940395355
      ],
      "x": 186,
      "pixel_coords": [
        198,
        114,
        10.91127872467041
      ],
      "material": "rubber",
      "size": "small",
      "width": 24,
      "height": 30,
      "color": "brown",
      "y": 99,
      "shape": "cylinder",
      "rotation": 68.35604809613865
    },
    {
      "3d_coords": [
        0.5255973935127258,
        -1.6963549852371216,
        0.3499999940395355
      ],
      "x": 111,
      "pixel_coords": [
        125,
        132,
        9.821854591369629
      ],
      "material": "metal",
      "size": "small",
      "width": 26,
      "height": 33,
      "color": "yellow",
      "y": 116,
      "shape": "cylinder",
      "rotation": 255.4929773932922
    },
    {
      "3d_coords": [
        1.2741022109985352,
        2.34283185005188,
        0.3499999940395355
      ],
      "x": 229,
      "pixel_coords": [
        239,
        104,
        11.573859214782715
      ],
      "material": "rubber",
      "size": "small",
      "width": 22,
      "height": 21,
      "color": "blue",
      "y": 93,
      "shape": "sphere",
      "rotation": 224.6683069628899
    },
    {
      "3d_coords": [
        1.935111165046692,
        -1.1454441547393799,
        0.699999988079071
      ],
      "x": 145,
      "pixel_coords": [
        173,
        134,
        8.993985176086426
      ],
      "material": "metal",
      "size": "large",
      "width": 55,
      "height": 55,
      "color": "red",
      "y": 107,
      "shape": "sphere",
      "rotation": 358.36965103416526
    },
    {
      "3d_coords": [
        -2.691531181335449,
        0.4989548921585083,
        0.3499999940395355
      ],
      "x": 116,
      "pixel_coords": [
        126,
        84,
        13.300399780273438
      ],
      "material": "metal",
      "size": "small",
      "width": 18,
      "height": 19,
      "color": "cyan",
      "y": 74,
      "shape": "sphere",
      "rotation": 211.14538387965678
    },
    {
      "3d_coords": [
        2.9431135654449463,
        2.2067627906799316,
        0.3499999940395355
      ],
      "x": 267,
      "pixel_coords": [
        281,
        123,
        10.333758354187012
      ],
      "material": "rubber",
      "size": "small",
      "width": 28,
      "height": 31,
      "color": "brown",
      "y": 107,
      "shape": "cylinder",
      "rotation": 72.6230119644348
    },
    {
      "3d_coords": [
        -2.725212574005127,
        -1.1860628128051758,
        0.699999988079071
      ],
      "x": 62,
      "pixel_coords": [
        85,
        85,
        12.219926834106445
      ],
      "material": "rubber",
      "size": "large",
      "width": 45,
      "height": 51,
      "color": "blue",
      "y": 60,
      "shape": "cylinder",
      "rotation": 50.47703233682049
    }
  ]
}