{
  "image_filename": "CLEVR_new_000161.png",
  "directions": {
    "above": [
      0.0,
      0.0,
      1.0
    ],
    "behind": [
      -0.754490315914154,
      0.6563112735748291,
      0.0
    ],
    "left": [
      -0.6563112735748291,
      -0.7544902563095093,
      0.0
    ],
    "below": [
      -0.0,
      -0.0,
      -1.0
    ],
    "right": [
      0.6563112735748291,
      0.7544902563095093,
      -0.0
    ],
    "front": [
      0.754490315914154,
      -0.6563112735748291,
      -0.0
    ]
  },
  "relationships": {
    "left": [
      [
        1,
        2,
        3,
        4,
        5,
        6,
        7
      ],
      [
        3,
        5,
        6,
        7
      ],
      [
        1,
        3,
        4,
        5,
        6,
        7
      ],
      [],
      [
        1,
        3,
        5,
        6,
        7
      ],
      [
        3,
        6
      ],
      [
        3
      ],
      [
        3,
        5,
        6
      ]
    ],
    "front": [
      [
        1,
        4
      ],
      [],
      [
        0,
        1,
        3,
        4,
        5,
        6
      ],
      [
        0,
        1,
        4,
        5
      ],
      [
        1
      ],
      [
        0,
        1,
        4
      ],
      [
        0,
        1,
        3,
        4,
        5
      ],
      [
        0,
        1,
        2,
        3,
        4,
        5,
        6
      ]
    ],
    "right": [
      [],
      [
        0,
        2,
        4
      ],
      [
        0
      ],
      [
        0,
        1,
        2,
        4,
        5,
        6,
        7
      ],
      [
        0,
        2
      ],
      [
        0,
        1,
        2,
        4,
        7
      ],
      [
        0,
        1,
        2,
        4,
        5,
        7
      ],
      [
        0,
        1,
        2,
        4
      ]
    ],
    "behind": [
      [
        2,
        3,
        5,
        6,
        7
      ],
      [
        0,
        2,
        3,
        4,
        5,
        6,
        7
      ],
      [
        7
      ],
      [
        2,
        6,
        7
      ],
      [
        0,
        2,
        3,
        5,
        6,
        7
      ],
      [
        2,
        3,
        6,
        7
      ],
      [
        2,
        7
      ],
      []
    ]
  },
  "split": "new",
  "image_index": 161,
  "objects": [
    {
      "3d_coords": [
        2.730677366256714,
        2.1698317527770996,
        0.699999988079071
      ],
      "x": 250,
      "pixel_coords": [
        273,
        108,
        10.653635025024414
      ],
      "material": "metal",
      "size": "large",
      "width": 48,
      "height": 46,
      "color": "yellow",
      "y": 85,
      "shape": "sphere",
      "rotation": 161.1994649534735
    },
    {
      "3d_coords": [
        2.6285171508789062,
        -2.4460206031799316,
        0.699999988079071
      ],
      "x": 130,
      "pixel_coords": [
        161,
        173,
        7.987804412841797
      ],
      "material": "rubber",
      "size": "large",
      "width": 62,
      "height": 62,
      "color": "purple",
      "y": 142,
      "shape": "sphere",
      "rotation": 225.70779209285055
    },
    {
      "3d_coords": [
        -1.2286306619644165,
        2.4810948371887207,
        0.699999988079071
      ],
      "x": 167,
      "pixel_coords": [
        185,
        70,
        13.334606170654297
      ],
      "material": "rubber",
      "size": "large",
      "width": 37,
      "height": 37,
      "color": "green",
      "y": 51,
      "shape": "sphere",
      "rotation": 36.243420649065925
    },
    {
      "3d_coords": [
        -2.3475284576416016,
        -1.900791883468628,
        0.3499999940395355
      ],
      "x": 57,
      "pixel_coords": [
        70,
        105,
        11.624202728271484
      ],
      "material": "rubber",
      "size": "small",
      "width": 25,
      "height": 28,
      "color": "brown",
      "y": 91,
      "shape": "cube",
      "rotation": 244.464898206879
    },
    {
      "3d_coords": [
        1.6405420303344727,
        -0.6611998081207275,
        0.3499999940395355
      ],
      "x": 166,
      "pixel_coords": [
        183,
        139,
        9.842415809631348
      ],
      "material": "rubber",
      "size": "small",
      "width": 34,
      "height": 37,
      "color": "green",
      "y": 120,
      "shape": "cube",
      "rotation": 114.70201456435332
    },
    {
      "3d_coords": [
        -0.6952119469642639,
        -1.097813606262207,
        0.699999988079071
      ],
      "x": 96,
      "pixel_coords": [
        119,
        104,
        10.881307601928711
      ],
      "material": "rubber",
      "size": "large",
      "width": 45,
      "height": 45,
      "color": "blue",
      "y": 82,
      "shape": "sphere",
      "rotation": 186.7707909195189
    },
    {
      "3d_coords": [
        -2.2770118713378906,
        -0.4105614423751831,
        0.699999988079071
      ],
      "x": 85,
      "pixel_coords": [
        107,
        83,
        12.285346031188965
      ],
      "material": "metal",
      "size": "large",
      "width": 43,
      "height": 52,
      "color": "yellow",
      "y": 57,
      "shape": "cylinder",
      "rotation": 58.146537749617906
    },
    {
      "3d_coords": [
        -2.912062406539917,
        1.3829090595245361,
        0.3499999940395355
      ],
      "x": 123,
      "pixel_coords": [
        135,
        74,
        13.92250919342041
      ],
      "material": "metal",
      "size": "small",
      "width": 24,
      "height": 24,
      "color": "cyan",
      "y": 62,
      "shape": "cube",
      "rotation": 256.16711579747204
    }
  ]
}