{
  "image_filename": "CLEVR_new_000193.png",
  "directions": {
    "above": [
      0.0,
      0.0,
      1.0
    ],
    "behind": [
      -0.754490315914154,
      0.6563112735748291,
      0.0
    ],
    "left": [
      -0.6563112735748291,
      -0.7544902563095093,
      0.0
    ],
    "below": [
      -0.0,
      -0.0,
      -1.0
    ],
    "right": [
      0.6563112735748291,
      0.7544902563095093,
      -0.0
    ],
    "front": [
      0.754490315914154,
      -0.6563112735748291,
      -0.0
    ]
  },
  "relationships": {
    "left": [
      [
        1,
        2,
        3,
        5,
        6
      ],
      [
        6
      ],
      [
        1,
        6
      ],
      [
        1,
        2,
        6
      ],
      [
        0,
        1,
        2,
        3,
        5,
        6
      ],
      [
        1,
        2,
        3,
        6
      ],
      []
    ],
    "front": [
      [
        1,
        2,
        4,
        5,
        6
      ],
      [],
      [
        1,
        5
      ],
      [
        0,
        1,
        2,
        4,
        5,
        6
      ],
      [
        1,
        2,
        5,
        6
      ],
      [
        1
      ],
      [
        1,
        2,
        5
      ]
    ],
    "right": [
      [
        4
      ],
      [
        0,
        2,
        3,
        4,
        5
      ],
      [
        0,
        3,
        4,
        5
      ],
      [
        0,
        4,
        5
      ],
      [],
      [
        0,
        4
      ],
      [
        0,
        1,
        2,
        3,
        4,
        5
      ]
    ],
    "behind": [
      [
        3
      ],
      [
        0,
        2,
        3,
        4,
        5,
        6
      ],
      [
        0,
        3,
        4,
        6
      ],
      [],
      [
        0,
        3
      ],
      [
        0,
        2,
        3,
        4,
        6
      ],
      [
        0,
        3,
        4
      ]
    ]
  },
  "split": "new",
  "image_index": 193,
  "objects": [
    {
      "3d_coords": [
        -0.34012094140052795,
        2.0725479125976562,
        0.3499999940395355
      ],
      "x": 188,
      "pixel_coords": [
        198,
        91,
        12.646546363830566
      ],
      "material": "rubber",
      "size": "small",
      "width": 20,
      "height": 25,
      "color": "blue",
      "y": 79,
      "shape": "cylinder",
      "rotation": 304.2135583039891
    },
    {
      "3d_coords": [
        1.9115270376205444,
        -2.9516520500183105,
        0.699999988079071
      ],
      "x": 81,
      "pixel_coords": [
        115,
        160,
        8.082026481628418
      ],
      "material": "rubber",
      "size": "large",
      "width": 65,
      "height": 84,
      "color": "green",
      "y": 119,
      "shape": "cylinder",
      "rotation": 188.5272192693472
    },
    {
      "3d_coords": [
        0.8015278577804565,
        -0.7768771052360535,
        0.3499999940395355
      ],
      "x": 145,
      "pixel_coords": [
        157,
        127,
        10.240873336791992
      ],
      "material": "rubber",
      "size": "small",
      "width": 24,
      "height": 32,
      "color": "blue",
      "y": 111,
      "shape": "cylinder",
      "rotation": 356.34918565347044
    },
    {
      "3d_coords": [
        -2.4737465381622314,
        2.6540093421936035,
        0.3499999940395355
      ],
      "x": 162,
      "pixel_coords": [
        171,
        73,
        14.4326810836792
      ],
      "material": "metal",
      "size": "small",
      "width": 17,
      "height": 22,
      "color": "brown",
      "y": 62,
      "shape": "cylinder",
      "rotation": 231.26650093195633
    },
    {
      "3d_coords": [
        1.572076439857483,
        2.7845213413238525,
        0.699999988079071
      ],
      "x": 232,
      "pixel_coords": [
        255,
        93,
        11.590035438537598
      ],
      "material": "metal",
      "size": "large",
      "width": 49,
      "height": 55,
      "color": "cyan",
      "y": 66,
      "shape": "cylinder",
      "rotation": 300.8561216098138
    },
    {
      "3d_coords": [
        2.718576192855835,
        -1.134231448173523,
        0.3499999940395355
      ],
      "x": 181,
      "pixel_coords": [
        195,
        159,
        8.730345726013184
      ],
      "material": "rubber",
      "size": "small",
      "width": 28,
      "height": 28,
      "color": "yellow",
      "y": 145,
      "shape": "sphere",
      "rotation": 329.15477164613225
    },
    {
      "3d_coords": [
        -1.162427306175232,
        -2.309812307357788,
        0.699999988079071
      ],
      "x": 47,
      "pixel_coords": [
        76,
        108,
        10.543448448181152
      ],
      "material": "rubber",
      "size": "large",
      "width": 60,
      "height": 65,
      "color": "yellow",
      "y": 77,
      "shape": "cube",
      "rotation": 97.14005417521484
    }
  ]
}