{
  "image_filename": "CLEVR_new_000154.png",
  "directions": {
    "above": [
      0.0,
      0.0,
      1.0
    ],
    "behind": [
      -0.754490315914154,
      0.6563112735748291,
      0.0
    ],
    "left": [
      -0.6563112735748291,
      -0.7544902563095093,
      0.0
    ],
    "below": [
      -0.0,
      -0.0,
      -1.0
    ],
    "right": [
      0.6563112735748291,
      0.7544902563095093,
      -0.0
    ],
    "front": [
      0.754490315914154,
      -0.6563112735748291,
      -0.0
    ]
  },
  "relationships": {
    "left": [
      [],
      [
        0,
        2
      ],
      [
        0
      ]
    ],
    "front": [
      [],
      [
        0,
        2
      ],
      [
        0
      ]
    ],
    "right": [
      [
        1,
        2
      ],
      [],
      [
        1
      ]
    ],
    "behind": [
      [
        1,
        2
      ],
      [],
      [
        1
      ]
    ]
  },
  "split": "new",
  "image_index": 154,
  "objects": [
    {
      "3d_coords": [
        0.7370889782905579,
        -2.803226947784424,
        0.699999988079071
      ],
      "x": 48,
      "pixel_coords": [
        91,
        141,
        8.332804679870605
      ],
      "material": "metal",
      "size": "large",
      "width": 84,
      "height": 88,
      "color": "purple",
      "y": 100,
      "shape": "cube",
      "rotation": 47.231763903802324
    },
    {
      "3d_coords": [
        1.6405620574951172,
        2.6245715618133545,
        0.699999988079071
      ],
      "x": 235,
      "pixel_coords": [
        258,
        93,
        10.876340866088867
      ],
      "material": "metal",
      "size": "large",
      "width": 47,
      "height": 45,
      "color": "cyan",
      "y": 70,
      "shape": "sphere",
      "rotation": 155.2095422487729
    },
    {
      "3d_coords": [
        2.6289780139923096,
        1.1079809665679932,
        0.3499999940395355
      ],
      "x": 238,
      "pixel_coords": [
        254,
        130,
        9.50173568725586
      ],
      "material": "metal",
      "size": "small",
      "width": 35,
      "height": 34,
      "color": "green",
      "y": 113,
      "shape": "cube",
      "rotation": 137.58917712525667
    }
  ]
}