{
  "image_filename": "CLEVR_new_000233.png",
  "directions": {
    "above": [
      0.0,
      0.0,
      1.0
    ],
    "behind": [
      -0.754490315914154,
      0.6563112735748291,
      0.0
    ],
    "left": [
      -0.6563112735748291,
      -0.7544902563095093,
      0.0
    ],
    "below": [
      -0.0,
      -0.0,
      -1.0
    ],
    "right": [
      0.6563112735748291,
      0.7544902563095093,
      -0.0
    ],
    "front": [
      0.754490315914154,
      -0.6563112735748291,
      -0.0
    ]
  },
  "relationships": {
    "left": [
      [
        1,
        4,
        5,
        6
      ],
      [],
      [
        0,
        1,
        3,
        4,
        5,
        6
      ],
      [
        0,
        1,
        4,
        5,
        6
      ],
      [
        1,
        5,
        6
      ],
      [
        1,
        6
      ],
      [
        1
      ]
    ],
    "front": [
      [],
      [
        0,
        2,
        5,
        6
      ],
      [
        0,
        5,
        6
      ],
      [
        0,
        1,
        2,
        5,
        6
      ],
      [
        0,
        1,
        2,
        3,
        5,
        6
      ],
      [
        0
      ],
      [
        0,
        5
      ]
    ],
    "right": [
      [
        2,
        3
      ],
      [
        0,
        2,
        3,
        4,
        5,
        6
      ],
      [],
      [
        2
      ],
      [
        0,
        2,
        3
      ],
      [
        0,
        2,
        3,
        4
      ],
      [
        0,
        2,
        3,
        4,
        5
      ]
    ],
    "behind": [
      [
        1,
        2,
        3,
        4,
        5,
        6
      ],
      [
        3,
        4
      ],
      [
        1,
        3,
        4
      ],
      [
        4
      ],
      [],
      [
        1,
        2,
        3,
        4,
        6
      ],
      [
        1,
        2,
        3,
        4
      ]
    ]
  },
  "split": "new",
  "image_index": 233,
  "objects": [
    {
      "3d_coords": [
        2.623180866241455,
        -2.2759182453155518,
        0.699999988079071
      ],
      "x": 123,
      "pixel_coords": [
        155,
        161,
        8.120407104492188
      ],
      "material": "rubber",
      "size": "large",
      "width": 63,
      "height": 83,
      "color": "gray",
      "y": 121,
      "shape": "cylinder",
      "rotation": 247.94559105797038
    },
    {
      "3d_coords": [
        -2.3105268478393555,
        -2.4855856895446777,
        0.699999988079071
      ],
      "x": 23,
      "pixel_coords": [
        56,
        98,
        11.415966033935547
      ],
      "material": "rubber",
      "size": "large",
      "width": 64,
      "height": 60,
      "color": "yellow",
      "y": 69,
      "shape": "cube",
      "rotation": 64.61691051548087
    },
    {
      "3d_coords": [
        2.2042112350463867,
        1.7782080173492432,
        0.699999988079071
      ],
      "x": 227,
      "pixel_coords": [
        251,
        108,
        10.68007755279541
      ],
      "material": "metal",
      "size": "large",
      "width": 47,
      "height": 46,
      "color": "purple",
      "y": 85,
      "shape": "sphere",
      "rotation": 84.06616889263913
    },
    {
      "3d_coords": [
        -0.3922312557697296,
        2.0376875400543213,
        0.3499999940395355
      ],
      "x": 187,
      "pixel_coords": [
        197,
        92,
        12.781097412109375
      ],
      "material": "rubber",
      "size": "small",
      "width": 19,
      "height": 19,
      "color": "cyan",
      "y": 82,
      "shape": "sphere",
      "rotation": 54.669723271163676
    },
    {
      "3d_coords": [
        -2.901681900024414,
        1.3570016622543335,
        0.3499999940395355
      ],
      "x": 132,
      "pixel_coords": [
        141,
        77,
        14.135932922363281
      ],
      "material": "metal",
      "size": "small",
      "width": 17,
      "height": 17,
      "color": "gray",
      "y": 68,
      "shape": "sphere",
      "rotation": 21.490342900881387
    },
    {
      "3d_coords": [
        0.27738580107688904,
        -2.5432000160217285,
        0.3499999940395355
      ],
      "x": 78,
      "pixel_coords": [
        95,
        139,
        9.753113746643066
      ],
      "material": "rubber",
      "size": "small",
      "width": 35,
      "height": 37,
      "color": "yellow",
      "y": 121,
      "shape": "cube",
      "rotation": 312.56033006609186
    },
    {
      "3d_coords": [
        -0.877495288848877,
        -2.7230167388916016,
        0.3499999940395355
      ],
      "x": 58,
      "pixel_coords": [
        71,
        125,
        10.451338768005371
      ],
      "material": "metal",
      "size": "small",
      "width": 24,
      "height": 23,
      "color": "gray",
      "y": 114,
      "shape": "sphere",
      "rotation": 260.57232933067706
    }
  ]
}