{
  "image_filename": "CLEVR_new_000246.png",
  "directions": {
    "above": [
      0.0,
      0.0,
      1.0
    ],
    "behind": [
      -0.754490315914154,
      0.6563112735748291,
      0.0
    ],
    "left": [
      -0.6563112735748291,
      -0.7544902563095093,
      0.0
    ],
    "below": [
      -0.0,
      -0.0,
      -1.0
    ],
    "right": [
      0.6563112735748291,
      0.7544902563095093,
      -0.0
    ],
    "front": [
      0.754490315914154,
      -0.6563112735748291,
      -0.0
    ]
  },
  "relationships": {
    "left": [
      [
        1,
        2,
        3,
        6,
        7,
        9
      ],
      [],
      [
        1,
        3,
        6,
        7
      ],
      [
        1,
        6,
        7
      ],
      [
        0,
        1,
        2,
        3,
        6,
        7,
        8,
        9
      ],
      [
        0,
        1,
        2,
        3,
        4,
        6,
        7,
        8,
        9
      ],
      [
        1,
        7
      ],
      [
        1
      ],
      [
        0,
        1,
        2,
        3,
        6,
        7,
        9
      ],
      [
        1,
        2,
        3,
        6,
        7
      ]
    ],
    "front": [
      [
        6,
        9
      ],
      [
        0,
        4,
        5,
        6,
        7,
        9
      ],
      [
        0,
        1,
        3,
        4,
        5,
        6,
        7,
        8,
        9
      ],
      [
        0,
        1,
        4,
        5,
        6,
        7,
        9
      ],
      [
        0,
        6,
        9
      ],
      [
        0,
        4,
        6,
        7,
        9
      ],
      [
        9
      ],
      [
        0,
        4,
        6,
        9
      ],
      [
        0,
        1,
        3,
        4,
        5,
        6,
        7,
        9
      ],
      []
    ],
    "right": [
      [
        4,
        5,
        8
      ],
      [
        0,
        2,
        3,
        4,
        5,
        6,
        7,
        8,
        9
      ],
      [
        0,
        4,
        5,
        8,
        9
      ],
      [
        0,
        2,
        4,
        5,
        8,
        9
      ],
      [
        5
      ],
      [],
      [
        0,
        2,
        3,
        4,
        5,
        8,
        9
      ],
      [
        0,
        2,
        3,
        4,
        5,
        6,
        8,
        9
      ],
      [
        4,
        5
      ],
      [
        0,
        4,
        5,
        8
      ]
    ],
    "behind": [
      [
        1,
        2,
        3,
        4,
        5,
        7,
        8
      ],
      [
        2,
        3,
        8
      ],
      [],
      [
        2,
        8
      ],
      [
        1,
        2,
        3,
        5,
        7,
        8
      ],
      [
        1,
        2,
        3,
        8
      ],
      [
        0,
        1,
        2,
        3,
        4,
        5,
        7,
        8
      ],
      [
        1,
        2,
        3,
        5,
        8
      ],
      [
        2
      ],
      [
        0,
        1,
        2,
        3,
        4,
        5,
        6,
        7,
        8
      ]
    ]
  },
  "split": "new",
  "image_index": 246,
  "objects": [
    {
      "3d_coords": [
        1.9916510581970215,
        -0.5587489008903503,
        0.699999988079071
      ],
      "x": 169,
      "pixel_coords": [
        196,
        131,
        9.214862823486328
      ],
      "material": "metal",
      "size": "large",
      "width": 54,
      "height": 53,
      "color": "yellow",
      "y": 105,
      "shape": "sphere",
      "rotation": 94.64658637003711
    },
    {
      "3d_coords": [
        -2.767422914505005,
        -2.4729185104370117,
        0.699999988079071
      ],
      "x": 10,
      "pixel_coords": [
        44,
        95,
        11.111127853393555
      ],
      "material": "rubber",
      "size": "large",
      "width": 62,
      "height": 57,
      "color": "red",
      "y": 68,
      "shape": "cube",
      "rotation": 223.8422542095073
    },
    {
      "3d_coords": [
        -2.676361083984375,
        1.9137206077575684,
        0.699999988079071
      ],
      "x": 131,
      "pixel_coords": [
        149,
        63,
        13.648432731628418
      ],
      "material": "metal",
      "size": "large",
      "width": 36,
      "height": 36,
      "color": "blue",
      "y": 45,
      "shape": "sphere",
      "rotation": 121.28658842854114
    },
    {
      "3d_coords": [
        -1.561926245689392,
        -0.08723647892475128,
        0.699999988079071
      ],
      "x": 105,
      "pixel_coords": [
        126,
        86,
        11.75536823272705
      ],
      "material": "rubber",
      "size": "large",
      "width": 42,
      "height": 42,
      "color": "gray",
      "y": 65,
      "shape": "sphere",
      "rotation": 167.74963382525297
    },
    {
      "3d_coords": [
        2.7801802158355713,
        1.040849208831787,
        0.3499999940395355
      ],
      "x": 242,
      "pixel_coords": [
        255,
        133,
        9.832622528076172
      ],
      "material": "metal",
      "size": "small",
      "width": 26,
      "height": 25,
      "color": "green",
      "y": 120,
      "shape": "sphere",
      "rotation": 255.60215488010627
    },
    {
      "3d_coords": [
        2.6131317615509033,
        2.738739252090454,
        0.699999988079071
      ],
      "x": 259,
      "pixel_coords": [
        283,
        101,
        10.77022933959961
      ],
      "material": "rubber",
      "size": "large",
      "width": 48,
      "height": 46,
      "color": "purple",
      "y": 78,
      "shape": "sphere",
      "rotation": 70.1805815428357
    },
    {
      "3d_coords": [
        1.0806854963302612,
        -2.950608253479004,
        0.3499999940395355
      ],
      "x": 87,
      "pixel_coords": [
        102,
        164,
        8.55274772644043
      ],
      "material": "metal",
      "size": "small",
      "width": 29,
      "height": 29,
      "color": "blue",
      "y": 150,
      "shape": "sphere",
      "rotation": 205.21173992795732
    },
    {
      "3d_coords": [
        -0.77278733253479,
        -1.8788783550262451,
        0.3499999940395355
      ],
      "x": 83,
      "pixel_coords": [
        96,
        122,
        10.366389274597168
      ],
      "material": "rubber",
      "size": "small",
      "width": 26,
      "height": 32,
      "color": "gray",
      "y": 106,
      "shape": "cylinder",
      "rotation": 114.31601443337408
    },
    {
      "3d_coords": [
        -0.37966227531433105,
        2.6141128540039062,
        0.3499999940395355
      ],
      "x": 192,
      "pixel_coords": [
        205,
        84,
        12.774377822875977
      ],
      "material": "metal",
      "size": "small",
      "width": 27,
      "height": 27,
      "color": "gray",
      "y": 71,
      "shape": "cube",
      "rotation": 281.2285545178027
    },
    {
      "3d_coords": [
        2.9934628009796143,
        -2.0057082176208496,
        0.3499999940395355
      ],
      "x": 167,
      "pixel_coords": [
        185,
        185,
        7.894458770751953
      ],
      "material": "rubber",
      "size": "small",
      "width": 38,
      "height": 46,
      "color": "purple",
      "y": 162,
      "shape": "cube",
      "rotation": 29.335816057627166
    }
  ]
}