{
  "image_filename": "CLEVR_new_000349.png",
  "directions": {
    "above": [
      0.0,
      0.0,
      1.0
    ],
    "behind": [
      -0.754490315914154,
      0.6563112735748291,
      0.0
    ],
    "left": [
      -0.6563112735748291,
      -0.7544902563095093,
      0.0
    ],
    "below": [
      -0.0,
      -0.0,
      -1.0
    ],
    "right": [
      0.6563112735748291,
      0.7544902563095093,
      -0.0
    ],
    "front": [
      0.754490315914154,
      -0.6563112735748291,
      -0.0
    ]
  },
  "relationships": {
    "left": [
      [
        1,
        3
      ],
      [],
      [
        0,
        1,
        3
      ],
      [
        1
      ],
      [
        0,
        1,
        2,
        3
      ]
    ],
    "front": [
      [
        3
      ],
      [
        0,
        3,
        4
      ],
      [
        0,
        1,
        3,
        4
      ],
      [],
      [
        0,
        3
      ]
    ],
    "right": [
      [
        2,
        4
      ],
      [
        0,
        2,
        3,
        4
      ],
      [
        4
      ],
      [
        0,
        2,
        4
      ],
      []
    ],
    "behind": [
      [
        1,
        2,
        4
      ],
      [
        2
      ],
      [],
      [
        0,
        1,
        2,
        4
      ],
      [
        1,
        2
      ]
    ]
  },
  "split": "new",
  "image_index": 349,
  "objects": [
    {
      "3d_coords": [
        0.08715330064296722,
        -0.5258462429046631,
        0.3499999940395355
      ],
      "x": 136,
      "pixel_coords": [
        149,
        116,
        10.35197639465332
      ],
      "material": "rubber",
      "size": "small",
      "width": 25,
      "height": 30,
      "color": "purple",
      "y": 101,
      "shape": "cube",
      "rotation": 326.01801758634474
    },
    {
      "3d_coords": [
        -1.8628714084625244,
        -0.20335330069065094,
        0.3499999940395355
      ],
      "x": 108,
      "pixel_coords": [
        119,
        94,
        11.851032257080078
      ],
      "material": "metal",
      "size": "small",
      "width": 22,
      "height": 27,
      "color": "brown",
      "y": 81,
      "shape": "cylinder",
      "rotation": 58.618733769461635
    },
    {
      "3d_coords": [
        -1.464356780052185,
        2.1608853340148926,
        0.699999988079071
      ],
      "x": 154,
      "pixel_coords": [
        178,
        72,
        12.817227363586426
      ],
      "material": "metal",
      "size": "large",
      "width": 50,
      "height": 50,
      "color": "brown",
      "y": 48,
      "shape": "cube",
      "rotation": 348.4224017551934
    },
    {
      "3d_coords": [
        1.378409504890442,
        -2.41158390045166,
        0.3499999940395355
      ],
      "x": 106,
      "pixel_coords": [
        122,
        156,
        8.375223159790039
      ],
      "material": "rubber",
      "size": "small",
      "width": 33,
      "height": 41,
      "color": "blue",
      "y": 136,
      "shape": "cube",
      "rotation": 242.94703461866297
    },
    {
      "3d_coords": [
        0.5240763425827026,
        1.5573015213012695,
        0.699999988079071
      ],
      "x": 185,
      "pixel_coords": [
        208,
        91,
        11.12695598602295
      ],
      "material": "rubber",
      "size": "large",
      "width": 47,
      "height": 57,
      "color": "blue",
      "y": 64,
      "shape": "cylinder",
      "rotation": 263.01983249602785
    }
  ]
}