{
  "image_filename": "CLEVR_new_000513.png",
  "directions": {
    "above": [
      0.0,
      0.0,
      1.0
    ],
    "behind": [
      -0.754490315914154,
      0.6563112735748291,
      0.0
    ],
    "left": [
      -0.6563112735748291,
      -0.7544902563095093,
      0.0
    ],
    "below": [
      -0.0,
      -0.0,
      -1.0
    ],
    "right": [
      0.6563112735748291,
      0.7544902563095093,
      -0.0
    ],
    "front": [
      0.754490315914154,
      -0.6563112735748291,
      -0.0
    ]
  },
  "relationships": {
    "left": [
      [
        2,
        5,
        6,
        7,
        8
      ],
      [
        0,
        2,
        5,
        6,
        7,
        8
      ],
      [
        5,
        6,
        7,
        8
      ],
      [
        0,
        1,
        2,
        5,
        6,
        7,
        8
      ],
      [
        0,
        1,
        2,
        3,
        5,
        6,
        7,
        8
      ],
      [],
      [
        5,
        7,
        8
      ],
      [
        5
      ],
      [
        5,
        7
      ]
    ],
    "front": [
      [
        1,
        8
      ],
      [
        8
      ],
      [
        0,
        1,
        4,
        7,
        8
      ],
      [
        0,
        1,
        2,
        4,
        5,
        6,
        7,
        8
      ],
      [
        0,
        1,
        8
      ],
      [
        0,
        1,
        2,
        4,
        7,
        8
      ],
      [
        0,
        1,
        2,
        4,
        5,
        7,
        8
      ],
      [
        0,
        1,
        4,
        8
      ],
      []
    ],
    "right": [
      [
        1,
        3,
        4
      ],
      [
        3,
        4
      ],
      [
        0,
        1,
        3,
        4
      ],
      [
        4
      ],
      [],
      [
        0,
        1,
        2,
        3,
        4,
        6,
        7,
        8
      ],
      [
        0,
        1,
        2,
        3,
        4
      ],
      [
        0,
        1,
        2,
        3,
        4,
        6,
        8
      ],
      [
        0,
        1,
        2,
        3,
        4,
        6
      ]
    ],
    "behind": [
      [
        2,
        3,
        4,
        5,
        6,
        7
      ],
      [
        0,
        2,
        3,
        4,
        5,
        6,
        7
      ],
      [
        3,
        5,
        6
      ],
      [],
      [
        2,
        3,
        5,
        6,
        7
      ],
      [
        3,
        6
      ],
      [
        3
      ],
      [
        2,
        3,
        5,
        6
      ],
      [
        0,
        1,
        2,
        3,
        4,
        5,
        6,
        7
      ]
    ]
  },
  "split": "new",
  "image_index": 513,
  "objects": [
    {
      "3d_coords": [
        1.3602403402328491,
        -0.656853437423706,
        0.3499999940395355
      ],
      "x": 164,
      "pixel_coords": [
        177,
        134,
        9.859640121459961
      ],
      "material": "rubber",
      "size": "small",
      "width": 25,
      "height": 25,
      "color": "cyan",
      "y": 121,
      "shape": "sphere",
      "rotation": 72.25626909061842
    },
    {
      "3d_coords": [
        2.307941198348999,
        -0.4946196973323822,
        0.3499999940395355
      ],
      "x": 194,
      "pixel_coords": [
        207,
        145,
        9.36237621307373
      ],
      "material": "metal",
      "size": "small",
      "width": 26,
      "height": 26,
      "color": "cyan",
      "y": 132,
      "shape": "sphere",
      "rotation": 134.5586813168722
    },
    {
      "3d_coords": [
        -0.20182174444198608,
        -0.19424599409103394,
        0.3499999940395355
      ],
      "x": 140,
      "pixel_coords": [
        151,
        110,
        11.124013900756836
      ],
      "material": "metal",
      "size": "small",
      "width": 23,
      "height": 29,
      "color": "gray",
      "y": 96,
      "shape": "cube",
      "rotation": 200.3367028832208
    },
    {
      "3d_coords": [
        -0.46670711040496826,
        2.5267810821533203,
        0.699999988079071
      ],
      "x": 175,
      "pixel_coords": [
        201,
        76,
        12.779377937316895
      ],
      "material": "rubber",
      "size": "large",
      "width": 53,
      "height": 53,
      "color": "gray",
      "y": 50,
      "shape": "cube",
      "rotation": 54.8383482046409
    },
    {
      "3d_coords": [
        2.659701347351074,
        1.653923749923706,
        0.3499999940395355
      ],
      "x": 250,
      "pixel_coords": [
        262,
        122,
        10.450102806091309
      ],
      "material": "metal",
      "size": "small",
      "width": 24,
      "height": 23,
      "color": "purple",
      "y": 110,
      "shape": "sphere",
      "rotation": 342.3448502780792
    },
    {
      "3d_coords": [
        -2.860034465789795,
        -2.6126022338867188,
        0.3499999940395355
      ],
      "x": 27,
      "pixel_coords": [
        40,
        107,
        11.322662353515625
      ],
      "material": "rubber",
      "size": "small",
      "width": 26,
      "height": 29,
      "color": "brown",
      "y": 93,
      "shape": "cylinder",
      "rotation": 155.17313319796008
    },
    {
      "3d_coords": [
        -1.7032338380813599,
        0.16475822031497955,
        0.699999988079071
      ],
      "x": 109,
      "pixel_coords": [
        129,
        84,
        12.118107795715332
      ],
      "material": "rubber",
      "size": "large",
      "width": 41,
      "height": 41,
      "color": "blue",
      "y": 63,
      "shape": "sphere",
      "rotation": 214.8544604537581
    },
    {
      "3d_coords": [
        -1.697344183921814,
        -2.5938920974731445,
        0.3499999940395355
      ],
      "x": 46,
      "pixel_coords": [
        60,
        119,
        10.602730751037598
      ],
      "material": "rubber",
      "size": "small",
      "width": 27,
      "height": 31,
      "color": "cyan",
      "y": 104,
      "shape": "cylinder",
      "rotation": 44.41554085478808
    },
    {
      "3d_coords": [
        0.8551760911941528,
        -2.990180253982544,
        0.699999988079071
      ],
      "x": 61,
      "pixel_coords": [
        97,
        148,
        8.586751937866211
      ],
      "material": "metal",
      "size": "large",
      "width": 71,
      "height": 83,
      "color": "cyan",
      "y": 108,
      "shape": "cube",
      "rotation": 191.2377390757567
    }
  ]
}