{
  "image_filename": "CLEVR_new_000200.png",
  "directions": {
    "above": [
      0.0,
      0.0,
      1.0
    ],
    "behind": [
      -0.754490315914154,
      0.6563112735748291,
      0.0
    ],
    "left": [
      -0.6563112735748291,
      -0.7544902563095093,
      0.0
    ],
    "below": [
      -0.0,
      -0.0,
      -1.0
    ],
    "right": [
      0.6563112735748291,
      0.7544902563095093,
      -0.0
    ],
    "front": [
      0.754490315914154,
      -0.6563112735748291,
      -0.0
    ]
  },
  "relationships": {
    "left": [
      [
        1,
        3,
        4,
        5,
        6,
        7
      ],
      [
        3,
        4,
        6
      ],
      [
        0,
        1,
        3,
        4,
        5,
        6,
        7,
        8
      ],
      [],
      [
        3
      ],
      [
        1,
        3,
        4,
        6
      ],
      [
        3,
        4
      ],
      [
        1,
        3,
        4,
        5,
        6
      ],
      [
        0,
        1,
        3,
        4,
        5,
        6,
        7
      ]
    ],
    "front": [
      [
        1,
        2,
        3,
        4,
        5,
        6,
        7,
        8
      ],
      [
        2,
        3,
        4,
        5,
        6,
        7,
        8
      ],
      [
        5,
        6,
        7
      ],
      [
        2,
        5,
        6,
        7
      ],
      [
        2,
        3,
        5,
        6,
        7
      ],
      [],
      [
        5
      ],
      [
        5,
        6
      ],
      [
        2,
        3,
        4,
        5,
        6,
        7
      ]
    ],
    "right": [
      [
        2,
        8
      ],
      [
        0,
        2,
        5,
        7,
        8
      ],
      [],
      [
        0,
        1,
        2,
        4,
        5,
        6,
        7,
        8
      ],
      [
        0,
        1,
        2,
        5,
        6,
        7,
        8
      ],
      [
        0,
        2,
        7,
        8
      ],
      [
        0,
        1,
        2,
        5,
        7,
        8
      ],
      [
        0,
        2,
        8
      ],
      [
        2
      ]
    ],
    "behind": [
      [],
      [
        0
      ],
      [
        0,
        1,
        3,
        4,
        8
      ],
      [
        0,
        1,
        4,
        8
      ],
      [
        0,
        1,
        8
      ],
      [
        0,
        1,
        2,
        3,
        4,
        6,
        7,
        8
      ],
      [
        0,
        1,
        2,
        3,
        4,
        7,
        8
      ],
      [
        0,
        1,
        2,
        3,
        4,
        8
      ],
      [
        0,
        1
      ]
    ]
  },
  "split": "new",
  "image_index": 200,
  "objects": [
    {
      "3d_coords": [
        -1.9133338928222656,
        2.8967156410217285,
        0.699999988079071
      ],
      "x": 162,
      "pixel_coords": [
        186,
        61,
        13.700642585754395
      ],
      "material": "metal",
      "size": "large",
      "width": 48,
      "height": 49,
      "color": "blue",
      "y": 37,
      "shape": "cube",
      "rotation": 328.5893243127591
    },
    {
      "3d_coords": [
        -2.593576192855835,
        1.2322720289230347,
        0.699999988079071
      ],
      "x": 122,
      "pixel_coords": [
        141,
        66,
        13.238473892211914
      ],
      "material": "rubber",
      "size": "large",
      "width": 38,
      "height": 48,
      "color": "red",
      "y": 43,
      "shape": "cylinder",
      "rotation": 201.5037088252769
    },
    {
      "3d_coords": [
        2.374638080596924,
        2.9382336139678955,
        0.699999988079071
      ],
      "x": 255,
      "pixel_coords": [
        281,
        100,
        10.89173698425293
      ],
      "material": "metal",
      "size": "large",
      "width": 55,
      "height": 60,
      "color": "brown",
      "y": 71,
      "shape": "cylinder",
      "rotation": 150.69683392210695
    },
    {
      "3d_coords": [
        -2.684711456298828,
        -2.150840997695923,
        0.3499999940395355
      ],
      "x": 48,
      "pixel_coords": [
        59,
        100,
        11.626073837280273
      ],
      "material": "rubber",
      "size": "small",
      "width": 22,
      "height": 21,
      "color": "blue",
      "y": 90,
      "shape": "sphere",
      "rotation": 18.897125453973906
    },
    {
      "3d_coords": [
        -2.278907537460327,
        -0.8124894499778748,
        0.699999988079071
      ],
      "x": 72,
      "pixel_coords": [
        99,
        84,
        11.911052703857422
      ],
      "material": "rubber",
      "size": "large",
      "width": 53,
      "height": 57,
      "color": "red",
      "y": 56,
      "shape": "cube",
      "rotation": 199.23638208563298
    },
    {
      "3d_coords": [
        1.668470859527588,
        -1.8068718910217285,
        0.3499999940395355
      ],
      "x": 133,
      "pixel_coords": [
        147,
        157,
        8.939715385437012
      ],
      "material": "rubber",
      "size": "small",
      "width": 28,
      "height": 38,
      "color": "yellow",
      "y": 139,
      "shape": "cylinder",
      "rotation": 126.39641593404332
    },
    {
      "3d_coords": [
        0.14057086408138275,
        -2.0969841480255127,
        0.699999988079071
      ],
      "x": 75,
      "pixel_coords": [
        104,
        125,
        9.609972953796387
      ],
      "material": "rubber",
      "size": "large",
      "width": 56,
      "height": 69,
      "color": "gray",
      "y": 91,
      "shape": "cylinder",
      "rotation": 311.6654579204168
    },
    {
      "3d_coords": [
        0.699623167514801,
        -0.3147159814834595,
        0.699999988079071
      ],
      "x": 143,
      "pixel_coords": [
        167,
        112,
        10.216686248779297
      ],
      "material": "metal",
      "size": "large",
      "width": 48,
      "height": 48,
      "color": "purple",
      "y": 88,
      "shape": "sphere",
      "rotation": 196.19354285968697
    },
    {
      "3d_coords": [
        -0.034341976046562195,
        2.463318109512329,
        0.699999988079071
      ],
      "x": 194,
      "pixel_coords": [
        214,
        79,
        12.222506523132324
      ],
      "material": "rubber",
      "size": "large",
      "width": 41,
      "height": 40,
      "color": "blue",
      "y": 59,
      "shape": "sphere",
      "rotation": 142.08846898950517
    }
  ]
}