{
  "image_filename": "CLEVR_new_000429.png",
  "directions": {
    "above": [
      0.0,
      0.0,
      1.0
    ],
    "behind": [
      -0.754490315914154,
      0.6563112735748291,
      0.0
    ],
    "left": [
      -0.6563112735748291,
      -0.7544902563095093,
      0.0
    ],
    "below": [
      -0.0,
      -0.0,
      -1.0
    ],
    "right": [
      0.6563112735748291,
      0.7544902563095093,
      -0.0
    ],
    "front": [
      0.754490315914154,
      -0.6563112735748291,
      -0.0
    ]
  },
  "relationships": {
    "left": [
      [
        1
      ],
      [],
      [
        0,
        1
      ],
      [
        0,
        1,
        2
      ]
    ],
    "front": [
      [],
      [
        0,
        3
      ],
      [
        0,
        1,
        3
      ],
      [
        0
      ]
    ],
    "right": [
      [
        2,
        3
      ],
      [
        0,
        2,
        3
      ],
      [
        3
      ],
      []
    ],
    "behind": [
      [
        1,
        2,
        3
      ],
      [
        2
      ],
      [],
      [
        1,
        2
      ]
    ]
  },
  "split": "new",
  "image_index": 429,
  "objects": [
    {
      "3d_coords": [
        2.2348544597625732,
        -1.3235890865325928,
        0.699999988079071
      ],
      "x": 152,
      "pixel_coords": [
        180,
        139,
        9.037373542785645
      ],
      "material": "metal",
      "size": "large",
      "width": 54,
      "height": 54,
      "color": "purple",
      "y": 112,
      "shape": "sphere",
      "rotation": 122.38094099274646
    },
    {
      "3d_coords": [
        -2.7762410640716553,
        -1.7918349504470825,
        0.699999988079071
      ],
      "x": 47,
      "pixel_coords": [
        68,
        91,
        12.112102508544922
      ],
      "material": "metal",
      "size": "large",
      "width": 42,
      "height": 41,
      "color": "purple",
      "y": 70,
      "shape": "sphere",
      "rotation": 274.9432852958716
    },
    {
      "3d_coords": [
        -1.2140933275222778,
        2.2572147846221924,
        0.3499999940395355
      ],
      "x": 173,
      "pixel_coords": [
        182,
        85,
        13.646190643310547
      ],
      "material": "metal",
      "size": "small",
      "width": 18,
      "height": 18,
      "color": "red",
      "y": 76,
      "shape": "sphere",
      "rotation": 56.584357337165926
    },
    {
      "3d_coords": [
        1.9619039297103882,
        1.2221771478652954,
        0.699999988079071
      ],
      "x": 208,
      "pixel_coords": [
        232,
        109,
        10.74575424194336
      ],
      "material": "metal",
      "size": "large",
      "width": 50,
      "height": 60,
      "color": "brown",
      "y": 80,
      "shape": "cylinder",
      "rotation": 180.8770107895344
    }
  ]
}