{
  "image_filename": "CLEVR_new_000157.png",
  "directions": {
    "above": [
      0.0,
      0.0,
      1.0
    ],
    "behind": [
      -0.754490315914154,
      0.6563112735748291,
      0.0
    ],
    "left": [
      -0.6563112735748291,
      -0.7544902563095093,
      0.0
    ],
    "below": [
      -0.0,
      -0.0,
      -1.0
    ],
    "right": [
      0.6563112735748291,
      0.7544902563095093,
      -0.0
    ],
    "front": [
      0.754490315914154,
      -0.6563112735748291,
      -0.0
    ]
  },
  "relationships": {
    "left": [
      [],
      [
        0,
        2,
        3,
        4,
        5
      ],
      [
        0,
        5
      ],
      [
        0,
        2,
        5
      ],
      [
        0,
        2,
        3,
        5
      ],
      [
        0
      ],
      [
        0,
        1,
        2,
        3,
        4,
        5
      ]
    ],
    "front": [
      [
        2,
        4,
        6
      ],
      [
        0,
        2,
        3,
        4,
        5,
        6
      ],
      [],
      [
        0,
        2,
        4,
        5,
        6
      ],
      [
        2
      ],
      [
        0,
        2,
        4,
        6
      ],
      [
        2,
        4
      ]
    ],
    "right": [
      [
        1,
        2,
        3,
        4,
        5,
        6
      ],
      [
        6
      ],
      [
        1,
        3,
        4,
        6
      ],
      [
        1,
        4,
        6
      ],
      [
        1,
        6
      ],
      [
        1,
        2,
        3,
        4,
        6
      ],
      []
    ],
    "behind": [
      [
        1,
        3,
        5
      ],
      [],
      [
        0,
        1,
        3,
        4,
        5,
        6
      ],
      [
        1
      ],
      [
        0,
        1,
        3,
        5,
        6
      ],
      [
        1,
        3
      ],
      [
        0,
        1,
        3,
        5
      ]
    ]
  },
  "split": "new",
  "image_index": 157,
  "objects": [
    {
      "3d_coords": [
        -1.2154440879821777,
        -2.285937786102295,
        0.3499999940395355
      ],
      "x": 62,
      "pixel_coords": [
        76,
        120,
        10.517766952514648
      ],
      "material": "rubber",
      "size": "small",
      "width": 27,
      "height": 32,
      "color": "red",
      "y": 105,
      "shape": "cylinder",
      "rotation": 219.9847741948453
    },
    {
      "3d_coords": [
        -1.268884301185608,
        2.990555763244629,
        0.699999988079071
      ],
      "x": 173,
      "pixel_coords": [
        197,
        64,
        13.322958946228027
      ],
      "material": "metal",
      "size": "large",
      "width": 50,
      "height": 51,
      "color": "red",
      "y": 40,
      "shape": "cube",
      "rotation": 0.21352837690378657
    },
    {
      "3d_coords": [
        2.083322763442993,
        -2.388613224029541,
        0.3499999940395355
      ],
      "x": 121,
      "pixel_coords": [
        142,
        176,
        8.333518028259277
      ],
      "material": "rubber",
      "size": "small",
      "width": 40,
      "height": 46,
      "color": "cyan",
      "y": 154,
      "shape": "cube",
      "rotation": 199.72437892756693
    },
    {
      "3d_coords": [
        -1.3794548511505127,
        1.2554510831832886,
        0.3499999940395355
      ],
      "x": 151,
      "pixel_coords": [
        161,
        85,
        12.60544204711914
      ],
      "material": "metal",
      "size": "small",
      "width": 20,
      "height": 26,
      "color": "blue",
      "y": 72,
      "shape": "cylinder",
      "rotation": 239.32658846149332
    },
    {
      "3d_coords": [
        1.9283497333526611,
        -0.702926754951477,
        0.699999988079071
      ],
      "x": 155,
      "pixel_coords": [
        188,
        135,
        9.194580078125
      ],
      "material": "metal",
      "size": "large",
      "width": 65,
      "height": 77,
      "color": "blue",
      "y": 98,
      "shape": "cube",
      "rotation": 159.1803233458159
    },
    {
      "3d_coords": [
        -1.6089609861373901,
        -0.5326210260391235,
        0.699999988079071
      ],
      "x": 92,
      "pixel_coords": [
        116,
        88,
        11.570472717285156
      ],
      "material": "rubber",
      "size": "large",
      "width": 45,
      "height": 56,
      "color": "purple",
      "y": 61,
      "shape": "cylinder",
      "rotation": 290.5610160340299
    },
    {
      "3d_coords": [
        2.3695228099823,
        1.0162246227264404,
        0.699999988079071
      ],
      "x": 210,
      "pixel_coords": [
        242,
        120,
        9.87226676940918
      ],
      "material": "rubber",
      "size": "large",
      "width": 70,
      "height": 69,
      "color": "yellow",
      "y": 86,
      "shape": "cube",
      "rotation": 103.19940007404891
    }
  ]
}