{
  "image_filename": "CLEVR_new_000333.png",
  "directions": {
    "above": [
      0.0,
      0.0,
      1.0
    ],
    "behind": [
      -0.754490315914154,
      0.6563112735748291,
      0.0
    ],
    "left": [
      -0.6563112735748291,
      -0.7544902563095093,
      0.0
    ],
    "below": [
      -0.0,
      -0.0,
      -1.0
    ],
    "right": [
      0.6563112735748291,
      0.7544902563095093,
      -0.0
    ],
    "front": [
      0.754490315914154,
      -0.6563112735748291,
      -0.0
    ]
  },
  "relationships": {
    "left": [
      [],
      [
        0,
        3
      ],
      [
        0,
        1,
        3
      ],
      [
        0
      ]
    ],
    "front": [
      [
        2,
        3
      ],
      [
        0,
        2,
        3
      ],
      [
        3
      ],
      []
    ],
    "right": [
      [
        1,
        2,
        3
      ],
      [
        2
      ],
      [],
      [
        1,
        2
      ]
    ],
    "behind": [
      [
        1
      ],
      [],
      [
        0,
        1
      ],
      [
        0,
        1,
        2
      ]
    ]
  },
  "split": "new",
  "image_index": 333,
  "objects": [
    {
      "3d_coords": [
        -1.1237177848815918,
        1.2015750408172607,
        0.699999988079071
      ],
      "x": 139,
      "pixel_coords": [
        163,
        81,
        12.209877967834473
      ],
      "material": "rubber",
      "size": "large",
      "width": 47,
      "height": 52,
      "color": "gray",
      "y": 56,
      "shape": "cube",
      "rotation": 174.97269074586688
    },
    {
      "3d_coords": [
        -0.38811805844306946,
        2.7555651664733887,
        0.3499999940395355
      ],
      "x": 198,
      "pixel_coords": [
        207,
        85,
        12.841005325317383
      ],
      "material": "rubber",
      "size": "small",
      "width": 19,
      "height": 19,
      "color": "brown",
      "y": 75,
      "shape": "sphere",
      "rotation": 278.09534977858203
    },
    {
      "3d_coords": [
        2.6967668533325195,
        1.3035762310028076,
        0.3499999940395355
      ],
      "x": 246,
      "pixel_coords": [
        259,
        126,
        9.940191268920898
      ],
      "material": "metal",
      "size": "small",
      "width": 26,
      "height": 25,
      "color": "red",
      "y": 113,
      "shape": "sphere",
      "rotation": 53.37309884212822
    },
    {
      "3d_coords": [
        2.6707918643951416,
        -0.6476810574531555,
        0.699999988079071
      ],
      "x": 177,
      "pixel_coords": [
        215,
        138,
        8.602936744689941
      ],
      "material": "metal",
      "size": "large",
      "width": 80,
      "height": 83,
      "color": "green",
      "y": 99,
      "shape": "cube",
      "rotation": 161.613032569138
    }
  ]
}