{
  "image_filename": "CLEVR_new_000692.png",
  "directions": {
    "above": [
      0.0,
      0.0,
      1.0
    ],
    "behind": [
      -0.754490315914154,
      0.6563112735748291,
      0.0
    ],
    "left": [
      -0.6563112735748291,
      -0.7544902563095093,
      0.0
    ],
    "below": [
      -0.0,
      -0.0,
      -1.0
    ],
    "right": [
      0.6563112735748291,
      0.7544902563095093,
      -0.0
    ],
    "front": [
      0.754490315914154,
      -0.6563112735748291,
      -0.0
    ]
  },
  "relationships": {
    "left": [
      [
        1,
        2,
        3,
        4
      ],
      [
        3
      ],
      [
        1,
        3
      ],
      [],
      [
        1,
        2,
        3
      ]
    ],
    "front": [
      [
        4
      ],
      [
        0,
        3,
        4
      ],
      [
        0,
        1,
        3,
        4
      ],
      [
        0,
        4
      ],
      []
    ],
    "right": [
      [],
      [
        0,
        2,
        4
      ],
      [
        0,
        4
      ],
      [
        0,
        1,
        2,
        4
      ],
      [
        0
      ]
    ],
    "behind": [
      [
        1,
        2,
        3
      ],
      [
        2
      ],
      [],
      [
        1,
        2
      ],
      [
        0,
        1,
        2,
        3
      ]
    ]
  },
  "split": "new",
  "image_index": 692,
  "objects": [
    {
      "3d_coords": [
        1.1075751781463623,
        0.924921452999115,
        0.3499999940395355
      ],
      "x": 195,
      "pixel_coords": [
        207,
        113,
        10.64281177520752
      ],
      "material": "rubber",
      "size": "small",
      "width": 25,
      "height": 31,
      "color": "brown",
      "y": 98,
      "shape": "cylinder",
      "rotation": 160.66741246093932
    },
    {
      "3d_coords": [
        -2.179173469543457,
        0.05174899473786354,
        0.3499999940395355
      ],
      "x": 109,
      "pixel_coords": [
        120,
        88,
        12.266018867492676
      ],
      "material": "metal",
      "size": "small",
      "width": 21,
      "height": 26,
      "color": "cyan",
      "y": 75,
      "shape": "cylinder",
      "rotation": 326.2426786782846
    },
    {
      "3d_coords": [
        -2.4850170612335205,
        1.9921714067459106,
        0.3499999940395355
      ],
      "x": 146,
      "pixel_coords": [
        155,
        72,
        13.59142780303955
      ],
      "material": "metal",
      "size": "small",
      "width": 18,
      "height": 18,
      "color": "green",
      "y": 63,
      "shape": "sphere",
      "rotation": 60.98419883759147
    },
    {
      "3d_coords": [
        -2.5305545330047607,
        -2.123403787612915,
        0.699999988079071
      ],
      "x": 23,
      "pixel_coords": [
        56,
        93,
        11.05793285369873
      ],
      "material": "metal",
      "size": "large",
      "width": 62,
      "height": 58,
      "color": "yellow",
      "y": 65,
      "shape": "cube",
      "rotation": 0.7443381601572341
    },
    {
      "3d_coords": [
        1.5529571771621704,
        -0.5289220213890076,
        0.699999988079071
      ],
      "x": 158,
      "pixel_coords": [
        184,
        125,
        9.337274551391602
      ],
      "material": "rubber",
      "size": "large",
      "width": 53,
      "height": 53,
      "color": "purple",
      "y": 99,
      "shape": "sphere",
      "rotation": 171.92776875449664
    }
  ]
}