{
  "image_filename": "CLEVR_new_000288.png",
  "directions": {
    "above": [
      0.0,
      0.0,
      1.0
    ],
    "behind": [
      -0.754490315914154,
      0.6563112735748291,
      0.0
    ],
    "left": [
      -0.6563112735748291,
      -0.7544902563095093,
      0.0
    ],
    "below": [
      -0.0,
      -0.0,
      -1.0
    ],
    "right": [
      0.6563112735748291,
      0.7544902563095093,
      -0.0
    ],
    "front": [
      0.754490315914154,
      -0.6563112735748291,
      -0.0
    ]
  },
  "relationships": {
    "left": [
      [
        1,
        2,
        4
      ],
      [],
      [
        1
      ],
      [
        0,
        1,
        2,
        4
      ],
      [
        1,
        2
      ],
      [
        0,
        1,
        2,
        3,
        4
      ],
      [
        0,
        1,
        2,
        3,
        4,
        5
      ]
    ],
    "front": [
      [
        1,
        3,
        6
      ],
      [
        3,
        6
      ],
      [
        0,
        1,
        3,
        5,
        6
      ],
      [],
      [
        0,
        1,
        2,
        3,
        5,
        6
      ],
      [
        0,
        1,
        3,
        6
      ],
      [
        3
      ]
    ],
    "right": [
      [
        3,
        5,
        6
      ],
      [
        0,
        2,
        3,
        4,
        5,
        6
      ],
      [
        0,
        3,
        4,
        5,
        6
      ],
      [
        5,
        6
      ],
      [
        0,
        3,
        5,
        6
      ],
      [
        6
      ],
      []
    ],
    "behind": [
      [
        2,
        4,
        5
      ],
      [
        0,
        2,
        4,
        5
      ],
      [
        4
      ],
      [
        0,
        1,
        2,
        4,
        5,
        6
      ],
      [],
      [
        2,
        4
      ],
      [
        0,
        1,
        2,
        4,
        5
      ]
    ]
  },
  "split": "new",
  "image_index": 288,
  "objects": [
    {
      "3d_coords": [
        -0.4135570824146271,
        0.0027512439992278814,
        0.3499999940395355
      ],
      "x": 140,
      "pixel_coords": [
        152,
        106,
        11.450250625610352
      ],
      "material": "metal",
      "size": "small",
      "width": 22,
      "height": 28,
      "color": "red",
      "y": 92,
      "shape": "cube",
      "rotation": 318.1550841540756
    },
    {
      "3d_coords": [
        -1.6975040435791016,
        -2.4947621822357178,
        0.699999988079071
      ],
      "x": 27,
      "pixel_coords": [
        62,
        105,
        10.743050575256348
      ],
      "material": "metal",
      "size": "large",
      "width": 68,
      "height": 64,
      "color": "gray",
      "y": 74,
      "shape": "cube",
      "rotation": 187.32882964080935
    },
    {
      "3d_coords": [
        -2.7634613513946533,
        -0.8643455505371094,
        0.699999988079071
      ],
      "x": 62,
      "pixel_coords": [
        91,
        81,
        12.38036060333252
      ],
      "material": "metal",
      "size": "large",
      "width": 57,
      "height": 55,
      "color": "brown",
      "y": 55,
      "shape": "cube",
      "rotation": 25.324028380871848
    },
    {
      "3d_coords": [
        2.1245229244232178,
        -1.13139808177948,
        0.3499999940395355
      ],
      "x": 166,
      "pixel_coords": [
        179,
        151,
        9.099205017089844
      ],
      "material": "rubber",
      "size": "small",
      "width": 27,
      "height": 27,
      "color": "red",
      "y": 138,
      "shape": "sphere",
      "rotation": 26.94610494941111
    },
    {
      "3d_coords": [
        -2.4374618530273438,
        0.7893372178077698,
        0.699999988079071
      ],
      "x": 114,
      "pixel_coords": [
        134,
        73,
        13.091659545898438
      ],
      "material": "rubber",
      "size": "large",
      "width": 41,
      "height": 48,
      "color": "yellow",
      "y": 50,
      "shape": "cube",
      "rotation": 82.69442750939827
    },
    {
      "3d_coords": [
        0.3075128197669983,
        1.9295250177383423,
        0.699999988079071
      ],
      "x": 189,
      "pixel_coords": [
        209,
        88,
        11.881780624389648
      ],
      "material": "rubber",
      "size": "large",
      "width": 42,
      "height": 41,
      "color": "green",
      "y": 67,
      "shape": "sphere",
      "rotation": 47.74215561439619
    },
    {
      "3d_coords": [
        2.748426675796509,
        1.2652949094772339,
        0.699999988079071
      ],
      "x": 230,
      "pixel_coords": [
        257,
        120,
        9.860916137695312
      ],
      "material": "metal",
      "size": "large",
      "width": 58,
      "height": 67,
      "color": "purple",
      "y": 88,
      "shape": "cylinder",
      "rotation": 29.385697121923407
    }
  ]
}