{
  "image_filename": "CLEVR_new_000658.png",
  "directions": {
    "above": [
      0.0,
      0.0,
      1.0
    ],
    "behind": [
      -0.754490315914154,
      0.6563112735748291,
      0.0
    ],
    "left": [
      -0.6563112735748291,
      -0.7544902563095093,
      0.0
    ],
    "below": [
      -0.0,
      -0.0,
      -1.0
    ],
    "right": [
      0.6563112735748291,
      0.7544902563095093,
      -0.0
    ],
    "front": [
      0.754490315914154,
      -0.6563112735748291,
      -0.0
    ]
  },
  "relationships": {
    "left": [
      [],
      [
        0,
        4,
        5,
        7
      ],
      [
        0,
        1,
        3,
        4,
        5,
        6,
        7
      ],
      [
        0,
        1,
        4,
        5,
        7
      ],
      [
        0,
        5,
        7
      ],
      [
        0,
        7
      ],
      [
        0,
        1,
        3,
        4,
        5,
        7
      ],
      [
        0
      ]
    ],
    "front": [
      [
        5
      ],
      [
        0,
        2,
        3,
        4,
        5,
        6,
        7
      ],
      [
        0,
        3,
        4,
        5,
        6,
        7
      ],
      [
        0,
        4,
        5,
        6,
        7
      ],
      [
        0,
        5,
        6,
        7
      ],
      [],
      [
        0,
        5,
        7
      ],
      [
        0,
        5
      ]
    ],
    "right": [
      [
        1,
        2,
        3,
        4,
        5,
        6,
        7
      ],
      [
        2,
        3,
        6
      ],
      [],
      [
        2,
        6
      ],
      [
        1,
        2,
        3,
        6
      ],
      [
        1,
        2,
        3,
        4,
        6
      ],
      [
        2
      ],
      [
        1,
        2,
        3,
        4,
        5,
        6
      ]
    ],
    "behind": [
      [
        1,
        2,
        3,
        4,
        6,
        7
      ],
      [],
      [
        1
      ],
      [
        1,
        2
      ],
      [
        1,
        2,
        3
      ],
      [
        0,
        1,
        2,
        3,
        4,
        6,
        7
      ],
      [
        1,
        2,
        3,
        4
      ],
      [
        1,
        2,
        3,
        4,
        6
      ]
    ]
  },
  "split": "new",
  "image_index": 658,
  "objects": [
    {
      "3d_coords": [
        0.34586888551712036,
        -2.8817996978759766,
        0.3499999940395355
      ],
      "x": 72,
      "pixel_coords": [
        86,
        148,
        8.964085578918457
      ],
      "material": "metal",
      "size": "small",
      "width": 28,
      "height": 27,
      "color": "green",
      "y": 134,
      "shape": "sphere",
      "rotation": 62.96744584856966
    },
    {
      "3d_coords": [
        -1.016292929649353,
        2.386751174926758,
        0.699999988079071
      ],
      "x": 167,
      "pixel_coords": [
        190,
        73,
        12.82525634765625
      ],
      "material": "metal",
      "size": "large",
      "width": 47,
      "height": 49,
      "color": "cyan",
      "y": 49,
      "shape": "cube",
      "rotation": 337.18566383278505
    },
    {
      "3d_coords": [
        0.7867451310157776,
        2.889702558517456,
        0.3499999940395355
      ],
      "x": 226,
      "pixel_coords": [
        237,
        93,
        12.105571746826172
      ],
      "material": "metal",
      "size": "small",
      "width": 23,
      "height": 26,
      "color": "cyan",
      "y": 80,
      "shape": "cylinder",
      "rotation": 299.0046591134199
    },
    {
      "3d_coords": [
        0.653396487236023,
        1.586023211479187,
        0.3499999940395355
      ],
      "x": 198,
      "pixel_coords": [
        209,
        102,
        11.418094635009766
      ],
      "material": "metal",
      "size": "small",
      "width": 23,
      "height": 28,
      "color": "cyan",
      "y": 88,
      "shape": "cylinder",
      "rotation": 142.2576363406043
    },
    {
      "3d_coords": [
        0.23201337456703186,
        0.1252368539571762,
        0.3499999940395355
      ],
      "x": 157,
      "pixel_coords": [
        168,
        111,
        10.826016426086426
      ],
      "material": "metal",
      "size": "small",
      "width": 23,
      "height": 23,
      "color": "blue",
      "y": 100,
      "shape": "sphere",
      "rotation": 33.43528266176965
    },
    {
      "3d_coords": [
        1.6234960556030273,
        -2.185539484024048,
        0.3499999940395355
      ],
      "x": 122,
      "pixel_coords": [
        138,
        158,
        8.540556907653809
      ],
      "material": "metal",
      "size": "small",
      "width": 33,
      "height": 41,
      "color": "red",
      "y": 138,
      "shape": "cube",
      "rotation": 318.3854433432058
    },
    {
      "3d_coords": [
        2.186004400253296,
        0.9185706973075867,
        0.3499999940395355
      ],
      "x": 222,
      "pixel_coords": [
        235,
        125,
        10.016891479492188
      ],
      "material": "rubber",
      "size": "small",
      "width": 27,
      "height": 33,
      "color": "purple",
      "y": 109,
      "shape": "cylinder",
      "rotation": 339.4521407492028
    },
    {
      "3d_coords": [
        0.5385440587997437,
        -1.9253089427947998,
        0.3499999940395355
      ],
      "x": 107,
      "pixel_coords": [
        120,
        138,
        9.406319618225098
      ],
      "material": "rubber",
      "size": "small",
      "width": 26,
      "height": 26,
      "color": "yellow",
      "y": 125,
      "shape": "sphere",
      "rotation": 288.32887352968174
    }
  ]
}