{
  "image_filename": "CLEVR_new_000497.png",
  "directions": {
    "above": [
      0.0,
      0.0,
      1.0
    ],
    "behind": [
      -0.754490315914154,
      0.6563112735748291,
      0.0
    ],
    "left": [
      -0.6563112735748291,
      -0.7544902563095093,
      0.0
    ],
    "below": [
      -0.0,
      -0.0,
      -1.0
    ],
    "right": [
      0.6563112735748291,
      0.7544902563095093,
      -0.0
    ],
    "front": [
      0.754490315914154,
      -0.6563112735748291,
      -0.0
    ]
  },
  "relationships": {
    "left": [
      [],
      [
        0,
        2,
        3,
        4,
        7,
        8
      ],
      [
        0,
        3,
        8
      ],
      [
        0
      ],
      [
        0,
        2,
        3,
        7,
        8
      ],
      [
        0,
        1,
        2,
        3,
        4,
        7,
        8
      ],
      [
        0,
        1,
        2,
        3,
        4,
        5,
        7,
        8
      ],
      [
        0,
        2,
        3,
        8
      ],
      [
        0,
        3
      ],
      [
        0,
        1,
        2,
        3,
        4,
        5,
        6,
        7,
        8
      ]
    ],
    "front": [
      [
        3,
        4,
        6,
        7
      ],
      [
        0,
        2,
        3,
        4,
        5,
        6,
        7,
        8,
        9
      ],
      [
        0,
        3,
        4,
        5,
        6,
        7,
        8,
        9
      ],
      [
        4,
        6,
        7
      ],
      [],
      [
        0,
        3,
        4,
        6,
        7
      ],
      [
        4,
        7
      ],
      [
        4
      ],
      [
        0,
        3,
        4,
        5,
        6,
        7,
        9
      ],
      [
        0,
        3,
        4,
        5,
        6,
        7
      ]
    ],
    "right": [
      [
        1,
        2,
        3,
        4,
        5,
        6,
        7,
        8,
        9
      ],
      [
        5,
        6,
        9
      ],
      [
        1,
        4,
        5,
        6,
        7,
        9
      ],
      [
        1,
        2,
        4,
        5,
        6,
        7,
        8,
        9
      ],
      [
        1,
        5,
        6,
        9
      ],
      [
        6,
        9
      ],
      [
        9
      ],
      [
        1,
        4,
        5,
        6,
        9
      ],
      [
        1,
        2,
        4,
        5,
        6,
        7,
        9
      ],
      []
    ],
    "behind": [
      [
        1,
        2,
        5,
        8,
        9
      ],
      [],
      [
        1
      ],
      [
        0,
        1,
        2,
        5,
        8,
        9
      ],
      [
        0,
        1,
        2,
        3,
        5,
        6,
        7,
        8,
        9
      ],
      [
        1,
        2,
        8,
        9
      ],
      [
        0,
        1,
        2,
        3,
        5,
        8,
        9
      ],
      [
        0,
        1,
        2,
        3,
        5,
        6,
        8,
        9
      ],
      [
        1,
        2
      ],
      [
        1,
        2,
        8
      ]
    ]
  },
  "split": "new",
  "image_index": 497,
  "objects": [
    {
      "3d_coords": [
        -2.453077793121338,
        -2.8665170669555664,
        0.3499999940395355
      ],
      "x": 30,
      "pixel_coords": [
        44,
        108,
        11.331928253173828
      ],
      "material": "metal",
      "size": "small",
      "width": 26,
      "height": 29,
      "color": "gray",
      "y": 94,
      "shape": "cylinder",
      "rotation": 201.0754406678597
    },
    {
      "3d_coords": [
        -2.6696715354919434,
        2.6475706100463867,
        0.699999988079071
      ],
      "x": 154,
      "pixel_coords": [
        171,
        60,
        14.251893997192383
      ],
      "material": "metal",
      "size": "large",
      "width": 35,
      "height": 44,
      "color": "gray",
      "y": 39,
      "shape": "cylinder",
      "rotation": 80.43380752563024
    },
    {
      "3d_coords": [
        -2.8166048526763916,
        0.6980333924293518,
        0.3499999940395355
      ],
      "x": 120,
      "pixel_coords": [
        130,
        78,
        13.484389305114746
      ],
      "material": "metal",
      "size": "small",
      "width": 19,
      "height": 24,
      "color": "gray",
      "y": 67,
      "shape": "cylinder",
      "rotation": 336.72128341116303
    },
    {
      "3d_coords": [
        -0.9888460636138916,
        -2.069941282272339,
        0.699999988079071
      ],
      "x": 55,
      "pixel_coords": [
        86,
        108,
        10.574795722961426
      ],
      "material": "rubber",
      "size": "large",
      "width": 62,
      "height": 66,
      "color": "purple",
      "y": 76,
      "shape": "cube",
      "rotation": 328.1691819797866
    },
    {
      "3d_coords": [
        2.431516408920288,
        -2.398969888687134,
        0.3499999940395355
      ],
      "x": 127,
      "pixel_coords": [
        142,
        178,
        8.208455085754395
      ],
      "material": "metal",
      "size": "small",
      "width": 30,
      "height": 30,
      "color": "purple",
      "y": 163,
      "shape": "sphere",
      "rotation": 170.89860253022948
    },
    {
      "3d_coords": [
        0.42059269547462463,
        1.4218919277191162,
        0.3499999940395355
      ],
      "x": 191,
      "pixel_coords": [
        202,
        103,
        11.6351900100708
      ],
      "material": "metal",
      "size": "small",
      "width": 22,
      "height": 28,
      "color": "green",
      "y": 89,
      "shape": "cylinder",
      "rotation": 199.17963049516163
    },
    {
      "3d_coords": [
        2.949446678161621,
        0.8801258206367493,
        0.699999988079071
      ],
      "x": 226,
      "pixel_coords": [
        253,
        130,
        9.429009437561035
      ],
      "material": "metal",
      "size": "large",
      "width": 54,
      "height": 52,
      "color": "cyan",
      "y": 104,
      "shape": "sphere",
      "rotation": 167.7986756713006
    },
    {
      "3d_coords": [
        1.2978603839874268,
        -1.9748973846435547,
        0.3499999940395355
      ],
      "x": 117,
      "pixel_coords": [
        131,
        150,
        9.217473030090332
      ],
      "material": "metal",
      "size": "small",
      "width": 28,
      "height": 37,
      "color": "brown",
      "y": 132,
      "shape": "cylinder",
      "rotation": 158.4722094645499
    },
    {
      "3d_coords": [
        -2.4405956268310547,
        -0.19335860013961792,
        0.3499999940395355
      ],
      "x": 105,
      "pixel_coords": [
        115,
        87,
        12.74925422668457
      ],
      "material": "rubber",
      "size": "small",
      "width": 19,
      "height": 19,
      "color": "brown",
      "y": 78,
      "shape": "sphere",
      "rotation": 259.1446277504703
    },
    {
      "3d_coords": [
        1.2097265720367432,
        2.9733400344848633,
        0.699999988079071
      ],
      "x": 231,
      "pixel_coords": [
        252,
        89,
        11.746893882751465
      ],
      "material": "rubber",
      "size": "large",
      "width": 43,
      "height": 42,
      "color": "purple",
      "y": 68,
      "shape": "sphere",
      "rotation": 254.7790900614006
    }
  ]
}