{
  "image_filename": "CLEVR_new_000607.png",
  "directions": {
    "above": [
      0.0,
      0.0,
      1.0
    ],
    "behind": [
      -0.754490315914154,
      0.6563112735748291,
      0.0
    ],
    "left": [
      -0.6563112735748291,
      -0.7544902563095093,
      0.0
    ],
    "below": [
      -0.0,
      -0.0,
      -1.0
    ],
    "right": [
      0.6563112735748291,
      0.7544902563095093,
      -0.0
    ],
    "front": [
      0.754490315914154,
      -0.6563112735748291,
      -0.0
    ]
  },
  "relationships": {
    "left": [
      [
        2
      ],
      [
        0,
        2,
        5
      ],
      [],
      [
        0,
        1,
        2,
        5
      ],
      [
        0,
        1,
        2,
        3,
        5
      ],
      [
        0,
        2
      ],
      [
        0,
        1,
        2,
        3,
        4,
        5
      ]
    ],
    "front": [
      [
        1,
        6
      ],
      [],
      [
        0,
        1,
        4,
        6
      ],
      [
        0,
        1,
        2,
        4,
        6
      ],
      [
        0,
        1,
        6
      ],
      [
        0,
        1,
        2,
        3,
        4,
        6
      ],
      [
        1
      ]
    ],
    "right": [
      [
        1,
        3,
        4,
        5,
        6
      ],
      [
        3,
        4,
        6
      ],
      [
        0,
        1,
        3,
        4,
        5,
        6
      ],
      [
        4,
        6
      ],
      [
        6
      ],
      [
        1,
        3,
        4,
        6
      ],
      []
    ],
    "behind": [
      [
        2,
        3,
        4,
        5
      ],
      [
        0,
        2,
        3,
        4,
        5,
        6
      ],
      [
        3,
        5
      ],
      [
        5
      ],
      [
        2,
        3,
        5
      ],
      [],
      [
        0,
        2,
        3,
        4,
        5
      ]
    ]
  },
  "split": "new",
  "image_index": 607,
  "objects": [
    {
      "3d_coords": [
        -1.0377304553985596,
        -1.9191832542419434,
        0.3499999940395355
      ],
      "x": 77,
      "pixel_coords": [
        93,
        119,
        10.964964866638184
      ],
      "material": "metal",
      "size": "small",
      "width": 30,
      "height": 33,
      "color": "purple",
      "y": 103,
      "shape": "cube",
      "rotation": 233.90528290066712
    },
    {
      "3d_coords": [
        1.974183440208435,
        -2.033247232437134,
        0.699999988079071
      ],
      "x": 126,
      "pixel_coords": [
        154,
        152,
        8.809189796447754
      ],
      "material": "rubber",
      "size": "large",
      "width": 56,
      "height": 56,
      "color": "blue",
      "y": 124,
      "shape": "sphere",
      "rotation": 23.304418958423945
    },
    {
      "3d_coords": [
        -2.91015625,
        -2.1233017444610596,
        0.699999988079071
      ],
      "x": 34,
      "pixel_coords": [
        56,
        92,
        11.859379768371582
      ],
      "material": "rubber",
      "size": "large",
      "width": 43,
      "height": 41,
      "color": "green",
      "y": 71,
      "shape": "sphere",
      "rotation": 19.207586496479312
    },
    {
      "3d_coords": [
        -1.049407958984375,
        2.3171894550323486,
        0.699999988079071
      ],
      "x": 166,
      "pixel_coords": [
        186,
        73,
        13.28916072845459
      ],
      "material": "metal",
      "size": "large",
      "width": 43,
      "height": 48,
      "color": "cyan",
      "y": 50,
      "shape": "cube",
      "rotation": 7.213807636362759
    },
    {
      "3d_coords": [
        1.3094482421875,
        1.596488356590271,
        0.3499999940395355
      ],
      "x": 209,
      "pixel_coords": [
        223,
        109,
        11.541708946228027
      ],
      "material": "rubber",
      "size": "small",
      "width": 28,
      "height": 30,
      "color": "red",
      "y": 94,
      "shape": "cube",
      "rotation": 334.9329111419859
    },
    {
      "3d_coords": [
        -2.73587965965271,
        1.013195514678955,
        0.699999988079071
      ],
      "x": 113,
      "pixel_coords": [
        131,
        70,
        13.593594551086426
      ],
      "material": "rubber",
      "size": "large",
      "width": 36,
      "height": 36,
      "color": "yellow",
      "y": 51,
      "shape": "sphere",
      "rotation": 290.16930561990836
    },
    {
      "3d_coords": [
        2.8078160285949707,
        1.5569125413894653,
        0.3499999940395355
      ],
      "x": 249,
      "pixel_coords": [
        261,
        127,
        10.566473960876465
      ],
      "material": "rubber",
      "size": "small",
      "width": 24,
      "height": 23,
      "color": "cyan",
      "y": 115,
      "shape": "sphere",
      "rotation": 63.00839764763781
    }
  ]
}