{
  "image_filename": "CLEVR_new_000332.png",
  "directions": {
    "above": [
      0.0,
      0.0,
      1.0
    ],
    "behind": [
      -0.754490315914154,
      0.6563112735748291,
      0.0
    ],
    "left": [
      -0.6563112735748291,
      -0.7544902563095093,
      0.0
    ],
    "below": [
      -0.0,
      -0.0,
      -1.0
    ],
    "right": [
      0.6563112735748291,
      0.7544902563095093,
      -0.0
    ],
    "front": [
      0.754490315914154,
      -0.6563112735748291,
      -0.0
    ]
  },
  "relationships": {
    "left": [
      [
        1,
        3
      ],
      [],
      [
        0,
        1,
        3
      ],
      [
        1
      ],
      [
        0,
        1,
        2,
        3
      ]
    ],
    "front": [
      [
        1
      ],
      [],
      [
        0,
        1,
        3,
        4
      ],
      [
        0,
        1,
        4
      ],
      [
        0,
        1
      ]
    ],
    "right": [
      [
        2,
        4
      ],
      [
        0,
        2,
        3,
        4
      ],
      [
        4
      ],
      [
        0,
        2,
        4
      ],
      []
    ],
    "behind": [
      [
        2,
        3,
        4
      ],
      [
        0,
        2,
        3,
        4
      ],
      [],
      [
        2
      ],
      [
        2,
        3
      ]
    ]
  },
  "split": "new",
  "image_index": 332,
  "objects": [
    {
      "3d_coords": [
        -0.209435373544693,
        0.2351202815771103,
        0.3499999940395355
      ],
      "x": 148,
      "pixel_coords": [
        162,
        106,
        11.43879508972168
      ],
      "material": "metal",
      "size": "small",
      "width": 27,
      "height": 29,
      "color": "cyan",
      "y": 92,
      "shape": "cube",
      "rotation": 227.51874259667878
    },
    {
      "3d_coords": [
        -0.5383013486862183,
        -2.8437464237213135,
        0.699999988079071
      ],
      "x": 42,
      "pixel_coords": [
        69,
        119,
        9.793514251708984
      ],
      "material": "metal",
      "size": "large",
      "width": 52,
      "height": 50,
      "color": "gray",
      "y": 94,
      "shape": "sphere",
      "rotation": 339.6904758090526
    },
    {
      "3d_coords": [
        -1.6413682699203491,
        2.7263100147247314,
        0.699999988079071
      ],
      "x": 165,
      "pixel_coords": [
        188,
        70,
        13.683005332946777
      ],
      "material": "rubber",
      "size": "large",
      "width": 47,
      "height": 47,
      "color": "blue",
      "y": 47,
      "shape": "cube",
      "rotation": 58.46731274198709
    },
    {
      "3d_coords": [
        -2.070834159851074,
        0.2878991365432739,
        0.3499999940395355
      ],
      "x": 118,
      "pixel_coords": [
        131,
        90,
        12.775123596191406
      ],
      "material": "rubber",
      "size": "small",
      "width": 26,
      "height": 26,
      "color": "yellow",
      "y": 77,
      "shape": "cube",
      "rotation": 126.09050221467794
    },
    {
      "3d_coords": [
        0.8673244714736938,
        2.433922290802002,
        0.699999988079071
      ],
      "x": 211,
      "pixel_coords": [
        233,
        90,
        11.758235931396484
      ],
      "material": "rubber",
      "size": "large",
      "width": 46,
      "height": 54,
      "color": "yellow",
      "y": 64,
      "shape": "cylinder",
      "rotation": 324.64973118356545
    }
  ]
}