{
  "image_filename": "CLEVR_new_000475.png",
  "directions": {
    "above": [
      0.0,
      0.0,
      1.0
    ],
    "behind": [
      -0.754490315914154,
      0.6563112735748291,
      0.0
    ],
    "left": [
      -0.6563112735748291,
      -0.7544902563095093,
      0.0
    ],
    "below": [
      -0.0,
      -0.0,
      -1.0
    ],
    "right": [
      0.6563112735748291,
      0.7544902563095093,
      -0.0
    ],
    "front": [
      0.754490315914154,
      -0.6563112735748291,
      -0.0
    ]
  },
  "relationships": {
    "left": [
      [
        9
      ],
      [
        0,
        2,
        3,
        4,
        5,
        6,
        7,
        8,
        9
      ],
      [
        0,
        3,
        4,
        6,
        7,
        8,
        9
      ],
      [
        0,
        4,
        6,
        8,
        9
      ],
      [
        0,
        9
      ],
      [
        0,
        2,
        3,
        4,
        6,
        7,
        8,
        9
      ],
      [
        0,
        4,
        8,
        9
      ],
      [
        0,
        3,
        4,
        6,
        8,
        9
      ],
      [
        0,
        4,
        9
      ],
      []
    ],
    "front": [
      [
        1,
        2,
        6,
        8,
        9
      ],
      [
        2,
        6,
        8
      ],
      [
        6
      ],
      [
        0,
        1,
        2,
        6,
        8,
        9
      ],
      [
        0,
        1,
        2,
        3,
        5,
        6,
        8,
        9
      ],
      [
        0,
        1,
        2,
        3,
        6,
        8,
        9
      ],
      [],
      [
        0,
        1,
        2,
        3,
        4,
        5,
        6,
        8,
        9
      ],
      [
        2,
        6
      ],
      [
        1,
        2,
        6,
        8
      ]
    ],
    "right": [
      [
        1,
        2,
        3,
        4,
        5,
        6,
        7,
        8
      ],
      [],
      [
        1,
        5
      ],
      [
        1,
        2,
        5,
        7
      ],
      [
        1,
        2,
        3,
        5,
        6,
        7,
        8
      ],
      [
        1
      ],
      [
        1,
        2,
        3,
        5,
        7
      ],
      [
        1,
        2,
        5
      ],
      [
        1,
        2,
        3,
        5,
        6,
        7
      ],
      [
        0,
        1,
        2,
        3,
        4,
        5,
        6,
        7,
        8
      ]
    ],
    "behind": [
      [
        3,
        4,
        5,
        7
      ],
      [
        0,
        3,
        4,
        5,
        7,
        9
      ],
      [
        0,
        1,
        3,
        4,
        5,
        7,
        8,
        9
      ],
      [
        4,
        5,
        7
      ],
      [
        7
      ],
      [
        4,
        7
      ],
      [
        0,
        1,
        2,
        3,
        4,
        5,
        7,
        8,
        9
      ],
      [],
      [
        0,
        1,
        3,
        4,
        5,
        7,
        9
      ],
      [
        0,
        3,
        4,
        5,
        7
      ]
    ]
  },
  "split": "new",
  "image_index": 475,
  "objects": [
    {
      "3d_coords": [
        -1.8833978176116943,
        -1.7533705234527588,
        0.3499999940395355
      ],
      "x": 65,
      "pixel_coords": [
        77,
        106,
        10.800933837890625
      ],
      "material": "rubber",
      "size": "small",
      "width": 23,
      "height": 23,
      "color": "cyan",
      "y": 94,
      "shape": "sphere",
      "rotation": 30.583776919756165
    },
    {
      "3d_coords": [
        2.9299254417419434,
        2.0049564838409424,
        0.699999988079071
      ],
      "x": 255,
      "pixel_coords": [
        285,
        114,
        9.621439933776855
      ],
      "material": "metal",
      "size": "large",
      "width": 65,
      "height": 69,
      "color": "cyan",
      "y": 81,
      "shape": "cube",
      "rotation": 358.8428021631186
    },
    {
      "3d_coords": [
        2.657944917678833,
        -0.535545825958252,
        0.3499999940395355
      ],
      "x": 200,
      "pixel_coords": [
        215,
        156,
        8.53109359741211
      ],
      "material": "metal",
      "size": "small",
      "width": 31,
      "height": 40,
      "color": "brown",
      "y": 137,
      "shape": "cylinder",
      "rotation": 312.87070163245414
    },
    {
      "3d_coords": [
        -0.4936727285385132,
        0.48710107803344727,
        0.3499999940395355
      ],
      "x": 150,
      "pixel_coords": [
        161,
        100,
        11.167510986328125
      ],
      "material": "metal",
      "size": "small",
      "width": 22,
      "height": 29,
      "color": "green",
      "y": 85,
      "shape": "cylinder",
      "rotation": 239.02044457325692
    },
    {
      "3d_coords": [
        -2.423316240310669,
        0.04283646121621132,
        0.699999988079071
      ],
      "x": 90,
      "pixel_coords": [
        115,
        75,
        11.997909545898438
      ],
      "material": "rubber",
      "size": "large",
      "width": 47,
      "height": 52,
      "color": "yellow",
      "y": 50,
      "shape": "cube",
      "rotation": 154.79454687843355
    },
    {
      "3d_coords": [
        0.56146240234375,
        2.6696202754974365,
        0.3499999940395355
      ],
      "x": 220,
      "pixel_coords": [
        231,
        91,
        11.719372749328613
      ],
      "material": "metal",
      "size": "small",
      "width": 23,
      "height": 28,
      "color": "red",
      "y": 77,
      "shape": "cylinder",
      "rotation": 142.95689643360248
    },
    {
      "3d_coords": [
        2.427485704421997,
        -2.9028632640838623,
        0.699999988079071
      ],
      "x": 93,
      "pixel_coords": [
        131,
        182,
        7.1607513427734375
      ],
      "material": "rubber",
      "size": "large",
      "width": 72,
      "height": 97,
      "color": "yellow",
      "y": 135,
      "shape": "cylinder",
      "rotation": 280.0532059310673
    },
    {
      "3d_coords": [
        -1.7652645111083984,
        2.4909164905548096,
        0.699999988079071
      ],
      "x": 160,
      "pixel_coords": [
        179,
        63,
        12.959617614746094
      ],
      "material": "metal",
      "size": "large",
      "width": 39,
      "height": 49,
      "color": "brown",
      "y": 39,
      "shape": "cylinder",
      "rotation": 39.94986991980939
    },
    {
      "3d_coords": [
        0.4715708792209625,
        -1.9315860271453857,
        0.3499999940395355
      ],
      "x": 101,
      "pixel_coords": [
        116,
        140,
        9.163832664489746
      ],
      "material": "metal",
      "size": "small",
      "width": 29,
      "height": 36,
      "color": "blue",
      "y": 122,
      "shape": "cube",
      "rotation": 92.04676592165731
    },
    {
      "3d_coords": [
        -2.154961347579956,
        -2.954935312271118,
        0.3499999940395355
      ],
      "x": 18,
      "pixel_coords": [
        36,
        115,
        10.295374870300293
      ],
      "material": "metal",
      "size": "small",
      "width": 34,
      "height": 31,
      "color": "gray",
      "y": 100,
      "shape": "cube",
      "rotation": 294.52328634642015
    }
  ]
}