{
  "image_filename": "CLEVR_new_000194.png",
  "directions": {
    "above": [
      0.0,
      0.0,
      1.0
    ],
    "behind": [
      -0.754490315914154,
      0.6563112735748291,
      0.0
    ],
    "left": [
      -0.6563112735748291,
      -0.7544902563095093,
      0.0
    ],
    "below": [
      -0.0,
      -0.0,
      -1.0
    ],
    "right": [
      0.6563112735748291,
      0.7544902563095093,
      -0.0
    ],
    "front": [
      0.754490315914154,
      -0.6563112735748291,
      -0.0
    ]
  },
  "relationships": {
    "left": [
      [
        3,
        4
      ],
      [
        0,
        3,
        4
      ],
      [
        0,
        1,
        3,
        4
      ],
      [],
      [
        3
      ]
    ],
    "front": [
      [
        2,
        3,
        4
      ],
      [
        0,
        2,
        3,
        4
      ],
      [
        4
      ],
      [
        2,
        4
      ],
      []
    ],
    "right": [
      [
        1,
        2
      ],
      [
        2
      ],
      [],
      [
        0,
        1,
        2,
        4
      ],
      [
        0,
        1,
        2
      ]
    ],
    "behind": [
      [
        1
      ],
      [],
      [
        0,
        1,
        3
      ],
      [
        0,
        1
      ],
      [
        0,
        1,
        2,
        3
      ]
    ]
  },
  "split": "new",
  "image_index": 194,
  "objects": [
    {
      "3d_coords": [
        -1.2980340719223022,
        1.8443315029144287,
        0.3499999940395355
      ],
      "x": 163,
      "pixel_coords": [
        174,
        81,
        12.869873046875
      ],
      "material": "metal",
      "size": "small",
      "width": 21,
      "height": 25,
      "color": "cyan",
      "y": 69,
      "shape": "cube",
      "rotation": 269.49884005137926
    },
    {
      "3d_coords": [
        -1.2987351417541504,
        2.9611730575561523,
        0.3499999940395355
      ],
      "x": 184,
      "pixel_coords": [
        194,
        73,
        13.51504135131836
      ],
      "material": "metal",
      "size": "small",
      "width": 21,
      "height": 24,
      "color": "yellow",
      "y": 61,
      "shape": "cube",
      "rotation": 203.22016641861902
    },
    {
      "3d_coords": [
        2.5842339992523193,
        0.8759298324584961,
        0.3499999940395355
      ],
      "x": 228,
      "pixel_coords": [
        245,
        133,
        9.833151817321777
      ],
      "material": "rubber",
      "size": "small",
      "width": 34,
      "height": 34,
      "color": "green",
      "y": 116,
      "shape": "cube",
      "rotation": 184.7935037138987
    },
    {
      "3d_coords": [
        -1.3697800636291504,
        -2.316551685333252,
        0.3499999940395355
      ],
      "x": 60,
      "pixel_coords": [
        72,
        119,
        10.513702392578125
      ],
      "material": "rubber",
      "size": "small",
      "width": 24,
      "height": 23,
      "color": "brown",
      "y": 107,
      "shape": "sphere",
      "rotation": 246.00048141910023
    },
    {
      "3d_coords": [
        2.167168140411377,
        -2.0415725708007812,
        0.3499999940395355
      ],
      "x": 142,
      "pixel_coords": [
        157,
        171,
        8.415135383605957
      ],
      "material": "metal",
      "size": "small",
      "width": 32,
      "height": 41,
      "color": "cyan",
      "y": 150,
      "shape": "cube",
      "rotation": 220.88067128478886
    }
  ]
}