{
  "image_filename": "CLEVR_new_000663.png",
  "directions": {
    "above": [
      0.0,
      0.0,
      1.0
    ],
    "behind": [
      -0.754490315914154,
      0.6563112735748291,
      0.0
    ],
    "left": [
      -0.6563112735748291,
      -0.7544902563095093,
      0.0
    ],
    "below": [
      -0.0,
      -0.0,
      -1.0
    ],
    "right": [
      0.6563112735748291,
      0.7544902563095093,
      -0.0
    ],
    "front": [
      0.754490315914154,
      -0.6563112735748291,
      -0.0
    ]
  },
  "relationships": {
    "left": [
      [
        2,
        4,
        5
      ],
      [
        0,
        2,
        3,
        4,
        5
      ],
      [],
      [
        0,
        2,
        4,
        5
      ],
      [
        2
      ],
      [
        2,
        4
      ],
      [
        0,
        1,
        2,
        3,
        4,
        5
      ]
    ],
    "front": [
      [
        5
      ],
      [
        0,
        2,
        3,
        5,
        6
      ],
      [
        0,
        3,
        5,
        6
      ],
      [
        0,
        5
      ],
      [
        0,
        1,
        2,
        3,
        5,
        6
      ],
      [],
      [
        0,
        3,
        5
      ]
    ],
    "right": [
      [
        1,
        3,
        6
      ],
      [
        6
      ],
      [
        0,
        1,
        3,
        4,
        5,
        6
      ],
      [
        1,
        6
      ],
      [
        0,
        1,
        3,
        5,
        6
      ],
      [
        0,
        1,
        3,
        6
      ],
      []
    ],
    "behind": [
      [
        1,
        2,
        3,
        4,
        6
      ],
      [
        4
      ],
      [
        1,
        4
      ],
      [
        1,
        2,
        4,
        6
      ],
      [],
      [
        0,
        1,
        2,
        3,
        4,
        6
      ],
      [
        1,
        2,
        4
      ]
    ]
  },
  "split": "new",
  "image_index": 663,
  "objects": [
    {
      "3d_coords": [
        2.409914016723633,
        -1.382211685180664,
        0.3499999940395355
      ],
      "x": 165,
      "pixel_coords": [
        180,
        158,
        8.321004867553711
      ],
      "material": "metal",
      "size": "small",
      "width": 30,
      "height": 40,
      "color": "blue",
      "y": 138,
      "shape": "cylinder",
      "rotation": 159.53662857009536
    },
    {
      "3d_coords": [
        0.7362341284751892,
        2.8758695125579834,
        0.699999988079071
      ],
      "x": 215,
      "pixel_coords": [
        240,
        84,
        11.75811767578125
      ],
      "material": "metal",
      "size": "large",
      "width": 52,
      "height": 52,
      "color": "blue",
      "y": 59,
      "shape": "cube",
      "rotation": 242.77643428274288
    },
    {
      "3d_coords": [
        -2.16438364982605,
        -1.8398734331130981,
        0.699999988079071
      ],
      "x": 48,
      "pixel_coords": [
        71,
        93,
        11.052072525024414
      ],
      "material": "rubber",
      "size": "large",
      "width": 46,
      "height": 45,
      "color": "red",
      "y": 71,
      "shape": "sphere",
      "rotation": 32.60644359735907
    },
    {
      "3d_coords": [
        1.5848660469055176,
        0.2727912664413452,
        0.699999988079071
      ],
      "x": 178,
      "pixel_coords": [
        204,
        114,
        9.681957244873047
      ],
      "material": "metal",
      "size": "large",
      "width": 54,
      "height": 67,
      "color": "yellow",
      "y": 82,
      "shape": "cylinder",
      "rotation": 83.99535214192122
    },
    {
      "3d_coords": [
        -2.9011073112487793,
        0.5114225149154663,
        0.699999988079071
      ],
      "x": 101,
      "pixel_coords": [
        120,
        72,
        12.906886100769043
      ],
      "material": "metal",
      "size": "large",
      "width": 38,
      "height": 38,
      "color": "green",
      "y": 53,
      "shape": "sphere",
      "rotation": 273.989412315965
    },
    {
      "3d_coords": [
        2.966535806655884,
        -2.7398617267608643,
        0.699999988079071
      ],
      "x": 112,
      "pixel_coords": [
        150,
        178,
        7.00410270690918
      ],
      "material": "metal",
      "size": "large",
      "width": 73,
      "height": 98,
      "color": "cyan",
      "y": 132,
      "shape": "cylinder",
      "rotation": 40.6900956676338
    },
    {
      "3d_coords": [
        2.554091453552246,
        2.873905897140503,
        0.3499999940395355
      ],
      "x": 273,
      "pixel_coords": [
        286,
        112,
        10.66115665435791
      ],
      "material": "metal",
      "size": "small",
      "width": 28,
      "height": 30,
      "color": "red",
      "y": 97,
      "shape": "cylinder",
      "rotation": 140.54956497925568
    }
  ]
}