{
  "image_filename": "CLEVR_new_000293.png",
  "directions": {
    "above": [
      0.0,
      0.0,
      1.0
    ],
    "behind": [
      -0.754490315914154,
      0.6563112735748291,
      0.0
    ],
    "left": [
      -0.6563112735748291,
      -0.7544902563095093,
      0.0
    ],
    "below": [
      -0.0,
      -0.0,
      -1.0
    ],
    "right": [
      0.6563112735748291,
      0.7544902563095093,
      -0.0
    ],
    "front": [
      0.754490315914154,
      -0.6563112735748291,
      -0.0
    ]
  },
  "relationships": {
    "left": [
      [
        2,
        5,
        7,
        8
      ],
      [
        0,
        2,
        3,
        4,
        5,
        6,
        7,
        8,
        9
      ],
      [
        5,
        7,
        8
      ],
      [
        0,
        2,
        5,
        6,
        7,
        8
      ],
      [
        0,
        2,
        3,
        5,
        6,
        7,
        8
      ],
      [
        7,
        8
      ],
      [
        0,
        2,
        5,
        7,
        8
      ],
      [],
      [
        7
      ],
      [
        0,
        2,
        3,
        4,
        5,
        6,
        7,
        8
      ]
    ],
    "front": [
      [],
      [
        0,
        2,
        4,
        8
      ],
      [
        0,
        4,
        8
      ],
      [
        0,
        1,
        2,
        4,
        5,
        7,
        8,
        9
      ],
      [
        0
      ],
      [
        0,
        1,
        2,
        4,
        7,
        8,
        9
      ],
      [
        0,
        1,
        2,
        3,
        4,
        5,
        7,
        8,
        9
      ],
      [
        0,
        1,
        2,
        4,
        8
      ],
      [
        0,
        4
      ],
      [
        0,
        1,
        2,
        4,
        7,
        8
      ]
    ],
    "right": [
      [
        1,
        3,
        4,
        6,
        9
      ],
      [],
      [
        0,
        1,
        3,
        4,
        6,
        9
      ],
      [
        1,
        4,
        9
      ],
      [
        1,
        9
      ],
      [
        0,
        1,
        2,
        3,
        4,
        6,
        9
      ],
      [
        1,
        3,
        4,
        9
      ],
      [
        0,
        1,
        2,
        3,
        4,
        5,
        6,
        8,
        9
      ],
      [
        0,
        1,
        2,
        3,
        4,
        5,
        6,
        9
      ],
      [
        1
      ]
    ],
    "behind": [
      [
        1,
        2,
        3,
        4,
        5,
        6,
        7,
        8,
        9
      ],
      [
        3,
        5,
        6,
        7,
        9
      ],
      [
        1,
        3,
        5,
        6,
        7,
        9
      ],
      [
        6
      ],
      [
        1,
        2,
        3,
        5,
        6,
        7,
        8,
        9
      ],
      [
        3,
        6
      ],
      [],
      [
        3,
        5,
        6,
        9
      ],
      [
        1,
        2,
        3,
        5,
        6,
        7,
        9
      ],
      [
        3,
        5,
        6
      ]
    ]
  },
  "split": "new",
  "image_index": 293,
  "objects": [
    {
      "3d_coords": [
        2.7830522060394287,
        -2.963008165359497,
        0.699999988079071
      ],
      "x": 113,
      "pixel_coords": [
        147,
        183,
        7.302951335906982
      ],
      "material": "metal",
      "size": "large",
      "width": 67,
      "height": 68,
      "color": "brown",
      "y": 149,
      "shape": "sphere",
      "rotation": 336.29795352078975
    },
    {
      "3d_coords": [
        2.564774751663208,
        2.7034733295440674,
        0.699999988079071
      ],
      "x": 250,
      "pixel_coords": [
        280,
        101,
        10.834440231323242
      ],
      "material": "rubber",
      "size": "large",
      "width": 62,
      "height": 64,
      "color": "red",
      "y": 70,
      "shape": "cube",
      "rotation": 239.01587210895562
    },
    {
      "3d_coords": [
        0.017166906967759132,
        -1.723185420036316,
        0.3499999940395355
      ],
      "x": 103,
      "pixel_coords": [
        116,
        129,
        9.99355411529541
      ],
      "material": "metal",
      "size": "small",
      "width": 26,
      "height": 33,
      "color": "purple",
      "y": 113,
      "shape": "cylinder",
      "rotation": 242.81297874495488
    },
    {
      "3d_coords": [
        -1.3141260147094727,
        2.082606792449951,
        0.3499999940395355
      ],
      "x": 165,
      "pixel_coords": [
        177,
        82,
        13.12868595123291
      ],
      "material": "metal",
      "size": "small",
      "width": 25,
      "height": 26,
      "color": "gray",
      "y": 69,
      "shape": "cube",
      "rotation": 138.0449860080311
    },
    {
      "3d_coords": [
        2.727797031402588,
        -0.7038425207138062,
        0.699999988079071
      ],
      "x": 186,
      "pixel_coords": [
        214,
        143,
        8.690449714660645
      ],
      "material": "metal",
      "size": "large",
      "width": 57,
      "height": 57,
      "color": "red",
      "y": 115,
      "shape": "sphere",
      "rotation": 112.10618832516069
    },
    {
      "3d_coords": [
        -2.3902571201324463,
        -0.1764090210199356,
        0.699999988079071
      ],
      "x": 90,
      "pixel_coords": [
        110,
        80,
        12.30351448059082
      ],
      "material": "rubber",
      "size": "large",
      "width": 40,
      "height": 40,
      "color": "purple",
      "y": 60,
      "shape": "sphere",
      "rotation": 209.01728397548976
    },
    {
      "3d_coords": [
        -2.9389147758483887,
        2.6916754245758057,
        0.3499999940395355
      ],
      "x": 151,
      "pixel_coords": [
        159,
        67,
        14.539970397949219
      ],
      "material": "rubber",
      "size": "small",
      "width": 17,
      "height": 22,
      "color": "purple",
      "y": 56,
      "shape": "cylinder",
      "rotation": 162.35197377427653
    },
    {
      "3d_coords": [
        -2.5624442100524902,
        -2.217771053314209,
        0.3499999940395355
      ],
      "x": 40,
      "pixel_coords": [
        56,
        105,
        11.359575271606445
      ],
      "material": "metal",
      "size": "small",
      "width": 32,
      "height": 30,
      "color": "green",
      "y": 90,
      "shape": "cube",
      "rotation": 334.8472322761635
    },
    {
      "3d_coords": [
        -0.3297633230686188,
        -2.8322784900665283,
        0.3499999940395355
      ],
      "x": 62,
      "pixel_coords": [
        76,
        138,
        9.553384780883789
      ],
      "material": "metal",
      "size": "small",
      "width": 26,
      "height": 26,
      "color": "brown",
      "y": 125,
      "shape": "sphere",
      "rotation": 60.93208091669576
    },
    {
      "3d_coords": [
        0.5561668276786804,
        2.378838539123535,
        0.3499999940395355
      ],
      "x": 211,
      "pixel_coords": [
        221,
        94,
        12.10096549987793
      ],
      "material": "rubber",
      "size": "small",
      "width": 21,
      "height": 20,
      "color": "red",
      "y": 84,
      "shape": "sphere",
      "rotation": 171.14290365003063
    }
  ]
}