{
  "image_filename": "CLEVR_new_000411.png",
  "directions": {
    "above": [
      0.0,
      0.0,
      1.0
    ],
    "behind": [
      -0.754490315914154,
      0.6563112735748291,
      0.0
    ],
    "left": [
      -0.6563112735748291,
      -0.7544902563095093,
      0.0
    ],
    "below": [
      -0.0,
      -0.0,
      -1.0
    ],
    "right": [
      0.6563112735748291,
      0.7544902563095093,
      -0.0
    ],
    "front": [
      0.754490315914154,
      -0.6563112735748291,
      -0.0
    ]
  },
  "relationships": {
    "left": [
      [
        1,
        3,
        4,
        5,
        6,
        7,
        8
      ],
      [
        3,
        4,
        5,
        7,
        8
      ],
      [
        0,
        1,
        3,
        4,
        5,
        6,
        7,
        8
      ],
      [
        4,
        5,
        8
      ],
      [],
      [
        4,
        8
      ],
      [
        1,
        3,
        4,
        5,
        7,
        8
      ],
      [
        3,
        4,
        5,
        8
      ],
      [
        4
      ],
      [
        0,
        1,
        2,
        3,
        4,
        5,
        6,
        7,
        8
      ]
    ],
    "front": [
      [
        6
      ],
      [
        0,
        2,
        3,
        4,
        5,
        6,
        7,
        8,
        9
      ],
      [
        0,
        3,
        4,
        5,
        6,
        7,
        8,
        9
      ],
      [
        0,
        6
      ],
      [
        0,
        3,
        5,
        6,
        9
      ],
      [
        0,
        3,
        6,
        9
      ],
      [],
      [
        0,
        3,
        4,
        5,
        6,
        8,
        9
      ],
      [
        0,
        3,
        4,
        5,
        6,
        9
      ],
      [
        0,
        3,
        6
      ]
    ],
    "right": [
      [
        2,
        9
      ],
      [
        0,
        2,
        6,
        9
      ],
      [
        9
      ],
      [
        0,
        1,
        2,
        6,
        7,
        9
      ],
      [
        0,
        1,
        2,
        3,
        5,
        6,
        7,
        8,
        9
      ],
      [
        0,
        1,
        2,
        3,
        6,
        7,
        9
      ],
      [
        0,
        2,
        9
      ],
      [
        0,
        1,
        2,
        6,
        9
      ],
      [
        0,
        1,
        2,
        3,
        5,
        6,
        7,
        9
      ],
      []
    ],
    "behind": [
      [
        1,
        2,
        3,
        4,
        5,
        7,
        8,
        9
      ],
      [],
      [
        1
      ],
      [
        1,
        2,
        4,
        5,
        7,
        8,
        9
      ],
      [
        1,
        2,
        7,
        8
      ],
      [
        1,
        2,
        4,
        7,
        8
      ],
      [
        0,
        1,
        2,
        3,
        4,
        5,
        7,
        8,
        9
      ],
      [
        1,
        2
      ],
      [
        1,
        2,
        7
      ],
      [
        1,
        2,
        4,
        5,
        7,
        8
      ]
    ]
  },
  "split": "new",
  "image_index": 411,
  "objects": [
    {
      "3d_coords": [
        1.7249473333358765,
        -0.36989733576774597,
        0.3499999940395355
      ],
      "x": 177,
      "pixel_coords": [
        193,
        137,
        9.673757553100586
      ],
      "material": "metal",
      "size": "small",
      "width": 33,
      "height": 36,
      "color": "yellow",
      "y": 119,
      "shape": "cube",
      "rotation": 59.26684136788961
    },
    {
      "3d_coords": [
        -2.624462127685547,
        1.8461405038833618,
        0.699999988079071
      ],
      "x": 130,
      "pixel_coords": [
        149,
        63,
        13.551260948181152
      ],
      "material": "rubber",
      "size": "large",
      "width": 37,
      "height": 47,
      "color": "red",
      "y": 40,
      "shape": "cylinder",
      "rotation": 98.21216179829577
    },
    {
      "3d_coords": [
        -0.492154598236084,
        2.2186055183410645,
        0.699999988079071
      ],
      "x": 176,
      "pixel_coords": [
        196,
        76,
        12.423938751220703
      ],
      "material": "rubber",
      "size": "large",
      "width": 42,
      "height": 52,
      "color": "purple",
      "y": 51,
      "shape": "cylinder",
      "rotation": 12.612101475286703
    },
    {
      "3d_coords": [
        -0.11732098460197449,
        -1.8299822807312012,
        0.699999988079071
      ],
      "x": 84,
      "pixel_coords": [
        109,
        119,
        9.800497055053711
      ],
      "material": "metal",
      "size": "large",
      "width": 51,
      "height": 50,
      "color": "cyan",
      "y": 94,
      "shape": "sphere",
      "rotation": 180.579895343771
    },
    {
      "3d_coords": [
        -2.974773406982422,
        -2.7413201332092285,
        0.3499999940395355
      ],
      "x": 23,
      "pixel_coords": [
        34,
        106,
        11.244409561157227
      ],
      "material": "rubber",
      "size": "small",
      "width": 23,
      "height": 22,
      "color": "red",
      "y": 95,
      "shape": "sphere",
      "rotation": 145.86763710208749
    },
    {
      "3d_coords": [
        -1.4844388961791992,
        -1.8343528509140015,
        0.3499999940395355
      ],
      "x": 68,
      "pixel_coords": [
        84,
        113,
        10.837689399719238
      ],
      "material": "metal",
      "size": "small",
      "width": 30,
      "height": 31,
      "color": "cyan",
      "y": 98,
      "shape": "cube",
      "rotation": 349.3577022675415
    },
    {
      "3d_coords": [
        2.7834525108337402,
        -2.1359622478485107,
        0.699999988079071
      ],
      "x": 144,
      "pixel_coords": [
        175,
        172,
        7.787817478179932
      ],
      "material": "rubber",
      "size": "large",
      "width": 63,
      "height": 64,
      "color": "purple",
      "y": 140,
      "shape": "sphere",
      "rotation": 187.94182742606364
    },
    {
      "3d_coords": [
        -1.528277039527893,
        0.3117580711841583,
        0.699999988079071
      ],
      "x": 114,
      "pixel_coords": [
        136,
        83,
        11.954314231872559
      ],
      "material": "metal",
      "size": "large",
      "width": 42,
      "height": 54,
      "color": "red",
      "y": 56,
      "shape": "cylinder",
      "rotation": 295.27945559517315
    },
    {
      "3d_coords": [
        -2.725707530975342,
        -1.744245171546936,
        0.3499999940395355
      ],
      "x": 53,
      "pixel_coords": [
        66,
        99,
        11.674867630004883
      ],
      "material": "rubber",
      "size": "small",
      "width": 25,
      "height": 28,
      "color": "gray",
      "y": 85,
      "shape": "cube",
      "rotation": 315.13949366515226
    },
    {
      "3d_coords": [
        2.8478598594665527,
        2.4611575603485107,
        0.3499999940395355
      ],
      "x": 271,
      "pixel_coords": [
        283,
        117,
        10.63338851928711
      ],
      "material": "metal",
      "size": "small",
      "width": 24,
      "height": 23,
      "color": "gray",
      "y": 105,
      "shape": "sphere",
      "rotation": 287.579257757609
    }
  ]
}