{
  "image_filename": "CLEVR_new_000564.png",
  "directions": {
    "above": [
      0.0,
      0.0,
      1.0
    ],
    "behind": [
      -0.754490315914154,
      0.6563112735748291,
      0.0
    ],
    "left": [
      -0.6563112735748291,
      -0.7544902563095093,
      0.0
    ],
    "below": [
      -0.0,
      -0.0,
      -1.0
    ],
    "right": [
      0.6563112735748291,
      0.7544902563095093,
      -0.0
    ],
    "front": [
      0.754490315914154,
      -0.6563112735748291,
      -0.0
    ]
  },
  "relationships": {
    "left": [
      [
        1,
        2
      ],
      [
        2
      ],
      []
    ],
    "front": [
      [
        2
      ],
      [
        0,
        2
      ],
      []
    ],
    "right": [
      [],
      [
        0
      ],
      [
        0,
        1
      ]
    ],
    "behind": [
      [
        1
      ],
      [],
      [
        0,
        1
      ]
    ]
  },
  "split": "new",
  "image_index": 564,
  "objects": [
    {
      "3d_coords": [
        1.791174054145813,
        2.213745355606079,
        0.699999988079071
      ],
      "x": 223,
      "pixel_coords": [
        249,
        97,
        11.18792724609375
      ],
      "material": "metal",
      "size": "large",
      "width": 55,
      "height": 56,
      "color": "red",
      "y": 70,
      "shape": "cube",
      "rotation": 294.50663103125885
    },
    {
      "3d_coords": [
        0.23812256753444672,
        1.2530512809753418,
        0.699999988079071
      ],
      "x": 171,
      "pixel_coords": [
        192,
        92,
        11.603611946105957
      ],
      "material": "rubber",
      "size": "large",
      "width": 42,
      "height": 42,
      "color": "cyan",
      "y": 70,
      "shape": "sphere",
      "rotation": 25.66003213318639
    },
    {
      "3d_coords": [
        0.5663255453109741,
        -1.0022460222244263,
        0.699999988079071
      ],
      "x": 122,
      "pixel_coords": [
        148,
        116,
        10.023037910461426
      ],
      "material": "rubber",
      "size": "large",
      "width": 51,
      "height": 65,
      "color": "cyan",
      "y": 85,
      "shape": "cylinder",
      "rotation": 215.19636806202658
    }
  ]
}