{
  "image_filename": "CLEVR_new_000351.png",
  "directions": {
    "above": [
      0.0,
      0.0,
      1.0
    ],
    "behind": [
      -0.754490315914154,
      0.6563112735748291,
      0.0
    ],
    "left": [
      -0.6563112735748291,
      -0.7544902563095093,
      0.0
    ],
    "below": [
      -0.0,
      -0.0,
      -1.0
    ],
    "right": [
      0.6563112735748291,
      0.7544902563095093,
      -0.0
    ],
    "front": [
      0.754490315914154,
      -0.6563112735748291,
      -0.0
    ]
  },
  "relationships": {
    "left": [
      [
        1,
        3,
        4,
        5
      ],
      [
        4,
        5
      ],
      [
        0,
        1,
        3,
        4,
        5
      ],
      [
        1,
        4,
        5
      ],
      [],
      [
        4
      ],
      [
        0,
        1,
        2,
        3,
        4,
        5
      ]
    ],
    "front": [
      [
        1,
        2,
        4
      ],
      [
        2
      ],
      [],
      [
        0,
        1,
        2,
        4,
        5,
        6
      ],
      [
        1,
        2
      ],
      [
        0,
        1,
        2,
        4
      ],
      [
        0,
        1,
        2,
        4,
        5
      ]
    ],
    "right": [
      [
        2,
        6
      ],
      [
        0,
        2,
        3,
        6
      ],
      [
        6
      ],
      [
        0,
        2,
        6
      ],
      [
        0,
        1,
        2,
        3,
        5,
        6
      ],
      [
        0,
        1,
        2,
        3,
        6
      ],
      []
    ],
    "behind": [
      [
        3,
        5,
        6
      ],
      [
        0,
        3,
        4,
        5,
        6
      ],
      [
        0,
        1,
        3,
        4,
        5,
        6
      ],
      [],
      [
        0,
        3,
        5,
        6
      ],
      [
        3,
        6
      ],
      [
        3
      ]
    ]
  },
  "split": "new",
  "image_index": 351,
  "objects": [
    {
      "3d_coords": [
        0.12373814731836319,
        0.4742850661277771,
        0.699999988079071
      ],
      "x": 145,
      "pixel_coords": [
        173,
        98,
        11.580350875854492
      ],
      "material": "metal",
      "size": "large",
      "width": 57,
      "height": 58,
      "color": "green",
      "y": 70,
      "shape": "cube",
      "rotation": 128.64265144957724
    },
    {
      "3d_coords": [
        0.7694166898727417,
        -1.795454978942871,
        0.699999988079071
      ],
      "x": 105,
      "pixel_coords": [
        130,
        125,
        9.79832649230957
      ],
      "material": "rubber",
      "size": "large",
      "width": 50,
      "height": 50,
      "color": "yellow",
      "y": 100,
      "shape": "sphere",
      "rotation": 24.98600968950294
    },
    {
      "3d_coords": [
        2.908811569213867,
        -1.246281623840332,
        0.3499999940395355
      ],
      "x": 185,
      "pixel_coords": [
        199,
        160,
        8.840185165405273
      ],
      "material": "metal",
      "size": "small",
      "width": 29,
      "height": 38,
      "color": "gray",
      "y": 141,
      "shape": "cylinder",
      "rotation": 170.1380246910939
    },
    {
      "3d_coords": [
        -2.8405957221984863,
        2.194991111755371,
        0.3499999940395355
      ],
      "x": 143,
      "pixel_coords": [
        154,
        75,
        14.750338554382324
      ],
      "material": "metal",
      "size": "small",
      "width": 22,
      "height": 22,
      "color": "yellow",
      "y": 64,
      "shape": "cube",
      "rotation": 109.87493543750485
    },
    {
      "3d_coords": [
        -0.8967874050140381,
        -2.9261443614959717,
        0.699999988079071
      ],
      "x": 36,
      "pixel_coords": [
        65,
        118,
        10.24751091003418
      ],
      "material": "rubber",
      "size": "large",
      "width": 55,
      "height": 63,
      "color": "cyan",
      "y": 87,
      "shape": "cylinder",
      "rotation": 49.401729500080435
    },
    {
      "3d_coords": [
        -1.5049355030059814,
        -0.7520784735679626,
        0.699999988079071
      ],
      "x": 93,
      "pixel_coords": [
        114,
        93,
        11.94748306274414
      ],
      "material": "metal",
      "size": "large",
      "width": 41,
      "height": 41,
      "color": "brown",
      "y": 73,
      "shape": "sphere",
      "rotation": 21.8677638221262
    },
    {
      "3d_coords": [
        0.46258455514907837,
        2.209686040878296,
        0.699999988079071
      ],
      "x": 192,
      "pixel_coords": [
        215,
        88,
        12.382948875427246
      ],
      "material": "rubber",
      "size": "large",
      "width": 50,
      "height": 51,
      "color": "blue",
      "y": 64,
      "shape": "cube",
      "rotation": 264.886984177916
    }
  ]
}