{
  "image_filename": "CLEVR_new_000465.png",
  "directions": {
    "above": [
      0.0,
      0.0,
      1.0
    ],
    "behind": [
      -0.754490315914154,
      0.6563112735748291,
      0.0
    ],
    "left": [
      -0.6563112735748291,
      -0.7544902563095093,
      0.0
    ],
    "below": [
      -0.0,
      -0.0,
      -1.0
    ],
    "right": [
      0.6563112735748291,
      0.7544902563095093,
      -0.0
    ],
    "front": [
      0.754490315914154,
      -0.6563112735748291,
      -0.0
    ]
  },
  "relationships": {
    "left": [
      [
        1,
        2
      ],
      [
        2
      ],
      []
    ],
    "front": [
      [
        1,
        2
      ],
      [],
      [
        1
      ]
    ],
    "right": [
      [],
      [
        0
      ],
      [
        0,
        1
      ]
    ],
    "behind": [
      [],
      [
        0,
        2
      ],
      [
        0
      ]
    ]
  },
  "split": "new",
  "image_index": 465,
  "objects": [
    {
      "3d_coords": [
        1.1244041919708252,
        2.145855665206909,
        0.699999988079071
      ],
      "x": 205,
      "pixel_coords": [
        233,
        91,
        11.189216613769531
      ],
      "material": "rubber",
      "size": "large",
      "width": 60,
      "height": 58,
      "color": "purple",
      "y": 63,
      "shape": "cube",
      "rotation": 227.281185276929
    },
    {
      "3d_coords": [
        -0.7968306541442871,
        -2.9026148319244385,
        0.3499999940395355
      ],
      "x": 47,
      "pixel_coords": [
        62,
        133,
        9.532452583312988
      ],
      "material": "rubber",
      "size": "small",
      "width": 30,
      "height": 35,
      "color": "purple",
      "y": 116,
      "shape": "cylinder",
      "rotation": 193.77108235115384
    },
    {
      "3d_coords": [
        -2.2671310901641846,
        -2.878133773803711,
        0.699999988079071
      ],
      "x": 0,
      "pixel_coords": [
        36,
        104,
        10.33259105682373
      ],
      "material": "rubber",
      "size": "large",
      "width": 71,
      "height": 67,
      "color": "yellow",
      "y": 72,
      "shape": "cube",
      "rotation": 168.15623874019536
    }
  ]
}