{
  "image_filename": "CLEVR_new_000380.png",
  "directions": {
    "above": [
      0.0,
      0.0,
      1.0
    ],
    "behind": [
      -0.754490315914154,
      0.6563112735748291,
      0.0
    ],
    "left": [
      -0.6563112735748291,
      -0.7544902563095093,
      0.0
    ],
    "below": [
      -0.0,
      -0.0,
      -1.0
    ],
    "right": [
      0.6563112735748291,
      0.7544902563095093,
      -0.0
    ],
    "front": [
      0.754490315914154,
      -0.6563112735748291,
      -0.0
    ]
  },
  "relationships": {
    "left": [
      [],
      [
        0
      ],
      [
        0,
        1
      ],
      [
        0,
        1,
        2
      ],
      [
        0,
        1,
        2,
        3
      ]
    ],
    "front": [
      [
        4
      ],
      [
        0,
        4
      ],
      [
        0,
        1,
        4
      ],
      [
        0,
        1,
        2,
        4
      ],
      []
    ],
    "right": [
      [
        1,
        2,
        3,
        4
      ],
      [
        2,
        3,
        4
      ],
      [
        3,
        4
      ],
      [
        4
      ],
      []
    ],
    "behind": [
      [
        1,
        2,
        3
      ],
      [
        2,
        3
      ],
      [
        3
      ],
      [],
      [
        0,
        1,
        2,
        3
      ]
    ]
  },
  "split": "new",
  "image_index": 380,
  "objects": [
    {
      "3d_coords": [
        -1.3242807388305664,
        -2.8600735664367676,
        0.3499999940395355
      ],
      "x": 43,
      "pixel_coords": [
        57,
        124,
        10.228109359741211
      ],
      "material": "metal",
      "size": "small",
      "width": 28,
      "height": 32,
      "color": "purple",
      "y": 108,
      "shape": "cylinder",
      "rotation": 64.28879548272656
    },
    {
      "3d_coords": [
        -1.0649433135986328,
        -0.5736211538314819,
        0.3499999940395355
      ],
      "x": 111,
      "pixel_coords": [
        125,
        105,
        11.420119285583496
      ],
      "material": "metal",
      "size": "small",
      "width": 28,
      "height": 30,
      "color": "green",
      "y": 90,
      "shape": "cube",
      "rotation": 243.2166621390912
    },
    {
      "3d_coords": [
        -1.0369290113449097,
        1.203996181488037,
        0.3499999940395355
      ],
      "x": 156,
      "pixel_coords": [
        166,
        91,
        12.462233543395996
      ],
      "material": "metal",
      "size": "small",
      "width": 20,
      "height": 25,
      "color": "yellow",
      "y": 79,
      "shape": "cylinder",
      "rotation": 126.34342590437913
    },
    {
      "3d_coords": [
        -1.6008657217025757,
        2.405708074569702,
        0.699999988079071
      ],
      "x": 161,
      "pixel_coords": [
        179,
        71,
        13.396693229675293
      ],
      "material": "rubber",
      "size": "large",
      "width": 37,
      "height": 46,
      "color": "green",
      "y": 48,
      "shape": "cylinder",
      "rotation": 228.12090866817516
    },
    {
      "3d_coords": [
        2.4722230434417725,
        0.0916314348578453,
        0.3499999940395355
      ],
      "x": 210,
      "pixel_coords": [
        224,
        138,
        9.466338157653809
      ],
      "material": "metal",
      "size": "small",
      "width": 28,
      "height": 35,
      "color": "brown",
      "y": 121,
      "shape": "cylinder",
      "rotation": 184.73402463044292
    }
  ]
}