{
  "image_filename": "CLEVR_new_000180.png",
  "directions": {
    "above": [
      0.0,
      0.0,
      1.0
    ],
    "behind": [
      -0.754490315914154,
      0.6563112735748291,
      0.0
    ],
    "left": [
      -0.6563112735748291,
      -0.7544902563095093,
      0.0
    ],
    "below": [
      -0.0,
      -0.0,
      -1.0
    ],
    "right": [
      0.6563112735748291,
      0.7544902563095093,
      -0.0
    ],
    "front": [
      0.754490315914154,
      -0.6563112735748291,
      -0.0
    ]
  },
  "relationships": {
    "left": [
      [
        1,
        2,
        3,
        4,
        5,
        6,
        7
      ],
      [
        2,
        3,
        4,
        6,
        7
      ],
      [],
      [
        2,
        6
      ],
      [
        2,
        3,
        6,
        7
      ],
      [
        1,
        2,
        3,
        4,
        6,
        7
      ],
      [
        2
      ],
      [
        2,
        3,
        6
      ]
    ],
    "front": [
      [
        3,
        4,
        5
      ],
      [
        0,
        2,
        3,
        4,
        5,
        6
      ],
      [
        0,
        3,
        4,
        5
      ],
      [
        4
      ],
      [],
      [
        3,
        4
      ],
      [
        0,
        2,
        3,
        4,
        5
      ],
      [
        0,
        1,
        2,
        3,
        4,
        5,
        6
      ]
    ],
    "right": [
      [],
      [
        0,
        5
      ],
      [
        0,
        1,
        3,
        4,
        5,
        6,
        7
      ],
      [
        0,
        1,
        4,
        5,
        7
      ],
      [
        0,
        1,
        5
      ],
      [
        0
      ],
      [
        0,
        1,
        3,
        4,
        5,
        7
      ],
      [
        0,
        1,
        4,
        5
      ]
    ],
    "behind": [
      [
        1,
        2,
        6,
        7
      ],
      [
        7
      ],
      [
        1,
        6,
        7
      ],
      [
        0,
        1,
        2,
        5,
        6,
        7
      ],
      [
        0,
        1,
        2,
        3,
        5,
        6,
        7
      ],
      [
        0,
        1,
        2,
        6,
        7
      ],
      [
        1,
        7
      ],
      []
    ]
  },
  "split": "new",
  "image_index": 180,
  "objects": [
    {
      "3d_coords": [
        2.9858593940734863,
        2.8933393955230713,
        0.699999988079071
      ],
      "x": 274,
      "pixel_coords": [
        302,
        104,
        10.217955589294434
      ],
      "material": "rubber",
      "size": "large",
      "width": 46,
      "height": 63,
      "color": "red",
      "y": 74,
      "shape": "cylinder",
      "rotation": 2.4100315910771153
    },
    {
      "3d_coords": [
        -0.8035197854042053,
        2.5900321006774902,
        0.3499999940395355
      ],
      "x": 189,
      "pixel_coords": [
        199,
        83,
        12.746228218078613
      ],
      "material": "rubber",
      "size": "small",
      "width": 20,
      "height": 25,
      "color": "purple",
      "y": 70,
      "shape": "cylinder",
      "rotation": 184.6171334616731
    },
    {
      "3d_coords": [
        -2.9251787662506104,
        -2.6317129135131836,
        0.3499999940395355
      ],
      "x": 25,
      "pixel_coords": [
        37,
        103,
        11.127339363098145
      ],
      "material": "rubber",
      "size": "small",
      "width": 23,
      "height": 22,
      "color": "brown",
      "y": 92,
      "shape": "sphere",
      "rotation": 279.8141902214093
    },
    {
      "3d_coords": [
        0.31674227118492126,
        -1.7407783269882202,
        0.3499999940395355
      ],
      "x": 105,
      "pixel_coords": [
        119,
        132,
        9.46934700012207
      ],
      "material": "metal",
      "size": "small",
      "width": 27,
      "height": 35,
      "color": "green",
      "y": 115,
      "shape": "cylinder",
      "rotation": 246.2441630117889
    },
    {
      "3d_coords": [
        1.8728054761886597,
        -0.703734815120697,
        0.3499999940395355
      ],
      "x": 173,
      "pixel_coords": [
        187,
        141,
        9.028776168823242
      ],
      "material": "metal",
      "size": "small",
      "width": 28,
      "height": 37,
      "color": "red",
      "y": 123,
      "shape": "cylinder",
      "rotation": 273.0544170855355
    },
    {
      "3d_coords": [
        1.789732575416565,
        0.8648322224617004,
        0.699999988079071
      ],
      "x": 194,
      "pixel_coords": [
        225,
        111,
        9.838849067687988
      ],
      "material": "rubber",
      "size": "large",
      "width": 62,
      "height": 69,
      "color": "blue",
      "y": 78,
      "shape": "cube",
      "rotation": 143.41319238825596
    },
    {
      "3d_coords": [
        -2.642014265060425,
        -1.07906973361969,
        0.3499999940395355
      ],
      "x": 73,
      "pixel_coords": [
        85,
        93,
        11.842219352722168
      ],
      "material": "metal",
      "size": "small",
      "width": 23,
      "height": 27,
      "color": "cyan",
      "y": 80,
      "shape": "cylinder",
      "rotation": 352.0329658876376
    },
    {
      "3d_coords": [
        -1.9345242977142334,
        2.0492665767669678,
        0.3499999940395355
      ],
      "x": 158,
      "pixel_coords": [
        167,
        78,
        13.190610885620117
      ],
      "material": "metal",
      "size": "small",
      "width": 19,
      "height": 19,
      "color": "yellow",
      "y": 68,
      "shape": "sphere",
      "rotation": 284.0812211723553
    }
  ]
}