{
  "image_filename": "CLEVR_new_000468.png",
  "directions": {
    "above": [
      0.0,
      0.0,
      1.0
    ],
    "behind": [
      -0.754490315914154,
      0.6563112735748291,
      0.0
    ],
    "left": [
      -0.6563112735748291,
      -0.7544902563095093,
      0.0
    ],
    "below": [
      -0.0,
      -0.0,
      -1.0
    ],
    "right": [
      0.6563112735748291,
      0.7544902563095093,
      -0.0
    ],
    "front": [
      0.754490315914154,
      -0.6563112735748291,
      -0.0
    ]
  },
  "relationships": {
    "left": [
      [
        1
      ],
      [],
      [
        0,
        1
      ]
    ],
    "front": [
      [],
      [
        0
      ],
      [
        0,
        1
      ]
    ],
    "right": [
      [
        2
      ],
      [
        0,
        2
      ],
      []
    ],
    "behind": [
      [
        1,
        2
      ],
      [
        2
      ],
      []
    ]
  },
  "split": "new",
  "image_index": 468,
  "objects": [
    {
      "3d_coords": [
        1.4739097356796265,
        -2.6473119258880615,
        0.699999988079071
      ],
      "x": 89,
      "pixel_coords": [
        120,
        152,
        8.83964729309082
      ],
      "material": "rubber",
      "size": "large",
      "width": 59,
      "height": 76,
      "color": "brown",
      "y": 115,
      "shape": "cylinder",
      "rotation": 193.20879459016777
    },
    {
      "3d_coords": [
        -0.7477245926856995,
        -2.8878910541534424,
        0.3499999940395355
      ],
      "x": 56,
      "pixel_coords": [
        70,
        132,
        10.323647499084473
      ],
      "material": "metal",
      "size": "small",
      "width": 27,
      "height": 33,
      "color": "brown",
      "y": 116,
      "shape": "cube",
      "rotation": 217.84658647120972
    },
    {
      "3d_coords": [
        -0.32784417271614075,
        1.1503677368164062,
        0.699999988079071
      ],
      "x": 158,
      "pixel_coords": [
        179,
        88,
        12.191762924194336
      ],
      "material": "rubber",
      "size": "large",
      "width": 44,
      "height": 52,
      "color": "yellow",
      "y": 63,
      "shape": "cube",
      "rotation": 104.57397540591039
    }
  ]
}