{
  "image_filename": "CLEVR_new_000565.png",
  "directions": {
    "above": [
      0.0,
      0.0,
      1.0
    ],
    "behind": [
      -0.754490315914154,
      0.6563112735748291,
      0.0
    ],
    "left": [
      -0.6563112735748291,
      -0.7544902563095093,
      0.0
    ],
    "below": [
      -0.0,
      -0.0,
      -1.0
    ],
    "right": [
      0.6563112735748291,
      0.7544902563095093,
      -0.0
    ],
    "front": [
      0.754490315914154,
      -0.6563112735748291,
      -0.0
    ]
  },
  "relationships": {
    "left": [
      [],
      [
        0,
        5,
        7
      ],
      [
        0,
        1,
        3,
        5,
        6,
        7
      ],
      [
        0,
        1,
        5,
        6,
        7
      ],
      [
        0,
        1,
        2,
        3,
        5,
        6,
        7
      ],
      [
        0
      ],
      [
        0,
        1,
        5,
        7
      ],
      [
        0,
        5
      ]
    ],
    "front": [
      [
        1,
        3,
        4
      ],
      [
        3
      ],
      [
        0,
        1,
        3,
        4,
        5,
        7
      ],
      [],
      [
        1,
        3
      ],
      [
        0,
        1,
        3,
        4
      ],
      [
        0,
        1,
        2,
        3,
        4,
        5,
        7
      ],
      [
        0,
        1,
        3,
        4,
        5
      ]
    ],
    "right": [
      [
        1,
        2,
        3,
        4,
        5,
        6,
        7
      ],
      [
        2,
        3,
        4,
        6
      ],
      [
        4
      ],
      [
        2,
        4
      ],
      [],
      [
        1,
        2,
        3,
        4,
        6,
        7
      ],
      [
        2,
        3,
        4
      ],
      [
        1,
        2,
        3,
        4,
        6
      ]
    ],
    "behind": [
      [
        2,
        5,
        6,
        7
      ],
      [
        0,
        2,
        4,
        5,
        6,
        7
      ],
      [
        6
      ],
      [
        0,
        1,
        2,
        4,
        5,
        6,
        7
      ],
      [
        0,
        2,
        5,
        6,
        7
      ],
      [
        2,
        6,
        7
      ],
      [],
      [
        2,
        6
      ]
    ]
  },
  "split": "new",
  "image_index": 565,
  "objects": [
    {
      "3d_coords": [
        -2.803600549697876,
        -2.8459057807922363,
        0.3499999940395355
      ],
      "x": 26,
      "pixel_coords": [
        39,
        108,
        11.569968223571777
      ],
      "material": "rubber",
      "size": "small",
      "width": 25,
      "height": 28,
      "color": "yellow",
      "y": 94,
      "shape": "cylinder",
      "rotation": 108.53655516863995
    },
    {
      "3d_coords": [
        0.7076175212860107,
        -1.2664084434509277,
        0.699999988079071
      ],
      "x": 119,
      "pixel_coords": [
        143,
        120,
        10.005027770996094
      ],
      "material": "metal",
      "size": "large",
      "width": 49,
      "height": 49,
      "color": "cyan",
      "y": 96,
      "shape": "sphere",
      "rotation": 303.5230307849125
    },
    {
      "3d_coords": [
        -0.2840527594089508,
        2.9499118328094482,
        0.699999988079071
      ],
      "x": 194,
      "pixel_coords": [
        214,
        77,
        13.139144897460938
      ],
      "material": "rubber",
      "size": "large",
      "width": 40,
      "height": 48,
      "color": "gray",
      "y": 53,
      "shape": "cylinder",
      "rotation": 116.30657411983123
    },
    {
      "3d_coords": [
        2.6074373722076416,
        -1.1267590522766113,
        0.699999988079071
      ],
      "x": 165,
      "pixel_coords": [
        195,
        145,
        8.826172828674316
      ],
      "material": "rubber",
      "size": "large",
      "width": 66,
      "height": 75,
      "color": "red",
      "y": 109,
      "shape": "cube",
      "rotation": 293.1055803371477
    },
    {
      "3d_coords": [
        1.932224154472351,
        1.6056629419326782,
        0.3499999940395355
      ],
      "x": 227,
      "pixel_coords": [
        239,
        116,
        11.041040420532227
      ],
      "material": "metal",
      "size": "small",
      "width": 23,
      "height": 22,
      "color": "purple",
      "y": 105,
      "shape": "sphere",
      "rotation": 308.60498029490765
    },
    {
      "3d_coords": [
        -2.9204325675964355,
        -1.802895426750183,
        0.3499999940395355
      ],
      "x": 53,
      "pixel_coords": [
        66,
        98,
        12.25999927520752
      ],
      "material": "rubber",
      "size": "small",
      "width": 25,
      "height": 26,
      "color": "red",
      "y": 85,
      "shape": "cube",
      "rotation": 250.69866117070222
    },
    {
      "3d_coords": [
        -2.79775333404541,
        2.9866840839385986,
        0.3499999940395355
      ],
      "x": 161,
      "pixel_coords": [
        169,
        69,
        14.991189002990723
      ],
      "material": "metal",
      "size": "small",
      "width": 16,
      "height": 17,
      "color": "red",
      "y": 60,
      "shape": "sphere",
      "rotation": 301.4028850929489
    },
    {
      "3d_coords": [
        -2.6851730346679688,
        -0.6600905060768127,
        0.3499999940395355
      ],
      "x": 85,
      "pixel_coords": [
        98,
        92,
        12.774958610534668
      ],
      "material": "rubber",
      "size": "small",
      "width": 25,
      "height": 26,
      "color": "purple",
      "y": 79,
      "shape": "cube",
      "rotation": 350.0338838054027
    }
  ]
}