{
  "image_filename": "CLEVR_new_000622.png",
  "directions": {
    "above": [
      0.0,
      0.0,
      1.0
    ],
    "behind": [
      -0.754490315914154,
      0.6563112735748291,
      0.0
    ],
    "left": [
      -0.6563112735748291,
      -0.7544902563095093,
      0.0
    ],
    "below": [
      -0.0,
      -0.0,
      -1.0
    ],
    "right": [
      0.6563112735748291,
      0.7544902563095093,
      -0.0
    ],
    "front": [
      0.754490315914154,
      -0.6563112735748291,
      -0.0
    ]
  },
  "relationships": {
    "left": [
      [
        1,
        2,
        3,
        4,
        5,
        6
      ],
      [
        2,
        3,
        4,
        5,
        6
      ],
      [
        3,
        5,
        6
      ],
      [
        5,
        6
      ],
      [
        2,
        3,
        5,
        6
      ],
      [],
      [
        5
      ]
    ],
    "front": [
      [
        1,
        2,
        3
      ],
      [],
      [
        1,
        3
      ],
      [
        1
      ],
      [
        0,
        1,
        2,
        3,
        5,
        6
      ],
      [
        0,
        1,
        2,
        3
      ],
      [
        0,
        1,
        2,
        3,
        5
      ]
    ],
    "right": [
      [],
      [
        0
      ],
      [
        0,
        1,
        4
      ],
      [
        0,
        1,
        2,
        4
      ],
      [
        0,
        1
      ],
      [
        0,
        1,
        2,
        3,
        4,
        6
      ],
      [
        0,
        1,
        2,
        3,
        4
      ]
    ],
    "behind": [
      [
        4,
        5,
        6
      ],
      [
        0,
        2,
        3,
        4,
        5,
        6
      ],
      [
        0,
        4,
        5,
        6
      ],
      [
        0,
        2,
        4,
        5,
        6
      ],
      [],
      [
        4,
        6
      ],
      [
        4
      ]
    ]
  },
  "split": "new",
  "image_index": 622,
  "objects": [
    {
      "3d_coords": [
        1.168002724647522,
        1.6234488487243652,
        0.699999988079071
      ],
      "x": 201,
      "pixel_coords": [
        226,
        97,
        10.599632263183594
      ],
      "material": "rubber",
      "size": "large",
      "width": 51,
      "height": 61,
      "color": "cyan",
      "y": 68,
      "shape": "cylinder",
      "rotation": 213.83791688838062
    },
    {
      "3d_coords": [
        2.8271565437316895,
        -1.4987049102783203,
        0.3499999940395355
      ],
      "x": 175,
      "pixel_coords": [
        191,
        173,
        7.883179664611816
      ],
      "material": "rubber",
      "size": "small",
      "width": 32,
      "height": 43,
      "color": "green",
      "y": 152,
      "shape": "cylinder",
      "rotation": 21.134542630124557
    },
    {
      "3d_coords": [
        -0.15278011560440063,
        -0.717930018901825,
        0.3499999940395355
      ],
      "x": 124,
      "pixel_coords": [
        138,
        115,
        10.318719863891602
      ],
      "material": "metal",
      "size": "small",
      "width": 29,
      "height": 33,
      "color": "red",
      "y": 99,
      "shape": "cube",
      "rotation": 323.2323267298616
    },
    {
      "3d_coords": [
        0.4945037364959717,
        -2.244180202484131,
        0.699999988079071
      ],
      "x": 77,
      "pixel_coords": [
        105,
        130,
        8.850360870361328
      ],
      "material": "metal",
      "size": "large",
      "width": 56,
      "height": 56,
      "color": "red",
      "y": 103,
      "shape": "sphere",
      "rotation": 94.93118935223897
    },
    {
      "3d_coords": [
        -1.560579776763916,
        1.5054895877838135,
        0.3499999940395355
      ],
      "x": 154,
      "pixel_coords": [
        164,
        82,
        12.523955345153809
      ],
      "material": "metal",
      "size": "small",
      "width": 20,
      "height": 20,
      "color": "red",
      "y": 73,
      "shape": "sphere",
      "rotation": 345.59492240685324
    },
    {
      "3d_coords": [
        -2.711524486541748,
        -2.086773633956909,
        0.3499999940395355
      ],
      "x": 44,
      "pixel_coords": [
        56,
        100,
        11.250359535217285
      ],
      "material": "rubber",
      "size": "small",
      "width": 23,
      "height": 22,
      "color": "cyan",
      "y": 89,
      "shape": "sphere",
      "rotation": 116.00030182305578
    },
    {
      "3d_coords": [
        -2.3167669773101807,
        -0.6923488974571228,
        0.699999988079071
      ],
      "x": 69,
      "pixel_coords": [
        99,
        82,
        11.611651420593262
      ],
      "material": "metal",
      "size": "large",
      "width": 59,
      "height": 59,
      "color": "yellow",
      "y": 54,
      "shape": "cube",
      "rotation": 113.11505700185991
    }
  ]
}