{
  "image_filename": "CLEVR_new_000650.png",
  "directions": {
    "above": [
      0.0,
      0.0,
      1.0
    ],
    "behind": [
      -0.754490315914154,
      0.6563112735748291,
      0.0
    ],
    "left": [
      -0.6563112735748291,
      -0.7544902563095093,
      0.0
    ],
    "below": [
      -0.0,
      -0.0,
      -1.0
    ],
    "right": [
      0.6563112735748291,
      0.7544902563095093,
      -0.0
    ],
    "front": [
      0.754490315914154,
      -0.6563112735748291,
      -0.0
    ]
  },
  "relationships": {
    "left": [
      [
        2,
        4,
        5,
        6,
        7
      ],
      [
        0,
        2,
        4,
        5,
        6,
        7
      ],
      [
        4,
        7
      ],
      [
        0,
        1,
        2,
        4,
        5,
        6,
        7
      ],
      [],
      [
        2,
        4,
        6,
        7
      ],
      [
        2,
        4,
        7
      ],
      [
        4
      ]
    ],
    "front": [
      [
        1,
        2,
        3,
        4,
        5,
        6,
        7
      ],
      [
        5,
        6
      ],
      [
        1,
        5,
        6
      ],
      [
        1,
        2,
        4,
        5,
        6
      ],
      [
        1,
        2,
        5,
        6
      ],
      [],
      [
        5
      ],
      [
        1,
        2,
        3,
        4,
        5,
        6
      ]
    ],
    "right": [
      [
        1,
        3
      ],
      [
        3
      ],
      [
        0,
        1,
        3,
        5,
        6
      ],
      [],
      [
        0,
        1,
        2,
        3,
        5,
        6,
        7
      ],
      [
        0,
        1,
        3
      ],
      [
        0,
        1,
        3,
        5
      ],
      [
        0,
        1,
        2,
        3,
        5,
        6
      ]
    ],
    "behind": [
      [],
      [
        0,
        2,
        3,
        4,
        7
      ],
      [
        0,
        3,
        4,
        7
      ],
      [
        0,
        7
      ],
      [
        0,
        3,
        7
      ],
      [
        0,
        1,
        2,
        3,
        4,
        6,
        7
      ],
      [
        0,
        1,
        2,
        3,
        4,
        7
      ],
      [
        0
      ]
    ]
  },
  "split": "new",
  "image_index": 650,
  "objects": [
    {
      "3d_coords": [
        -2.1217074394226074,
        1.9912793636322021,
        0.3499999940395355
      ],
      "x": 153,
      "pixel_coords": [
        162,
        75,
        13.434093475341797
      ],
      "material": "rubber",
      "size": "small",
      "width": 18,
      "height": 18,
      "color": "purple",
      "y": 66,
      "shape": "sphere",
      "rotation": 162.96709741759463
    },
    {
      "3d_coords": [
        1.6846638917922974,
        -0.7790229916572571,
        0.3499999940395355
      ],
      "x": 163,
      "pixel_coords": [
        180,
        141,
        9.343599319458008
      ],
      "material": "metal",
      "size": "small",
      "width": 33,
      "height": 38,
      "color": "purple",
      "y": 122,
      "shape": "cube",
      "rotation": 146.50768979089662
    },
    {
      "3d_coords": [
        -0.2198462039232254,
        -2.014115333557129,
        0.3499999940395355
      ],
      "x": 89,
      "pixel_coords": [
        101,
        129,
        9.878619194030762
      ],
      "material": "metal",
      "size": "small",
      "width": 25,
      "height": 25,
      "color": "blue",
      "y": 117,
      "shape": "sphere",
      "rotation": 313.11946525313823
    },
    {
      "3d_coords": [
        -0.14285844564437866,
        1.926673173904419,
        0.699999988079071
      ],
      "x": 179,
      "pixel_coords": [
        200,
        82,
        11.929924964904785
      ],
      "material": "rubber",
      "size": "large",
      "width": 43,
      "height": 54,
      "color": "brown",
      "y": 56,
      "shape": "cylinder",
      "rotation": 258.9996212159866
    },
    {
      "3d_coords": [
        -2.7945821285247803,
        -2.790760040283203,
        0.699999988079071
      ],
      "x": 5,
      "pixel_coords": [
        34,
        97,
        10.94604206085205
      ],
      "material": "rubber",
      "size": "large",
      "width": 55,
      "height": 59,
      "color": "yellow",
      "y": 68,
      "shape": "cylinder",
      "rotation": 22.01293822053858
    },
    {
      "3d_coords": [
        2.7585463523864746,
        -2.8860795497894287,
        0.699999988079071
      ],
      "x": 95,
      "pixel_coords": [
        143,
        184,
        7.254227638244629
      ],
      "material": "metal",
      "size": "large",
      "width": 94,
      "height": 106,
      "color": "green",
      "y": 134,
      "shape": "cube",
      "rotation": 312.7482971195849
    },
    {
      "3d_coords": [
        1.2294120788574219,
        -2.2496516704559326,
        0.699999988079071
      ],
      "x": 96,
      "pixel_coords": [
        124,
        143,
        8.622713088989258
      ],
      "material": "metal",
      "size": "large",
      "width": 57,
      "height": 57,
      "color": "red",
      "y": 115,
      "shape": "sphere",
      "rotation": 198.7001646350524
    },
    {
      "3d_coords": [
        -2.8357529640197754,
        -0.3313281238079071,
        0.3499999940395355
      ],
      "x": 87,
      "pixel_coords": [
        101,
        86,
        12.562287330627441
      ],
      "material": "metal",
      "size": "small",
      "width": 28,
      "height": 27,
      "color": "blue",
      "y": 72,
      "shape": "cube",
      "rotation": 114.89389226986525
    }
  ]
}