{
  "image_filename": "CLEVR_new_000173.png",
  "directions": {
    "above": [
      0.0,
      0.0,
      1.0
    ],
    "behind": [
      -0.754490315914154,
      0.6563112735748291,
      0.0
    ],
    "left": [
      -0.6563112735748291,
      -0.7544902563095093,
      0.0
    ],
    "below": [
      -0.0,
      -0.0,
      -1.0
    ],
    "right": [
      0.6563112735748291,
      0.7544902563095093,
      -0.0
    ],
    "front": [
      0.754490315914154,
      -0.6563112735748291,
      -0.0
    ]
  },
  "relationships": {
    "left": [
      [
        1,
        2
      ],
      [],
      [
        1
      ],
      [
        0,
        1,
        2
      ]
    ],
    "front": [
      [
        1,
        2
      ],
      [
        2
      ],
      [],
      [
        0,
        1,
        2
      ]
    ],
    "right": [
      [
        3
      ],
      [
        0,
        2,
        3
      ],
      [
        0,
        3
      ],
      []
    ],
    "behind": [
      [
        3
      ],
      [
        0,
        3
      ],
      [
        0,
        1,
        3
      ],
      []
    ]
  },
  "split": "new",
  "image_index": 173,
  "objects": [
    {
      "3d_coords": [
        -0.5557975769042969,
        -0.3099338710308075,
        0.3499999940395355
      ],
      "x": 131,
      "pixel_coords": [
        142,
        107,
        11.491393089294434
      ],
      "material": "metal",
      "size": "small",
      "width": 21,
      "height": 21,
      "color": "cyan",
      "y": 97,
      "shape": "sphere",
      "rotation": 284.7143296030362
    },
    {
      "3d_coords": [
        -1.2641633749008179,
        -2.4394538402557373,
        0.3499999940395355
      ],
      "x": 56,
      "pixel_coords": [
        73,
        119,
        10.758689880371094
      ],
      "material": "metal",
      "size": "small",
      "width": 33,
      "height": 32,
      "color": "brown",
      "y": 104,
      "shape": "cube",
      "rotation": 259.6365631887187
    },
    {
      "3d_coords": [
        0.7913817763328552,
        -2.50134015083313,
        0.699999988079071
      ],
      "x": 79,
      "pixel_coords": [
        107,
        137,
        9.175165176391602
      ],
      "material": "metal",
      "size": "large",
      "width": 54,
      "height": 54,
      "color": "red",
      "y": 110,
      "shape": "sphere",
      "rotation": 238.98392337405366
    },
    {
      "3d_coords": [
        -2.654986619949341,
        2.827016592025757,
        0.3499999940395355
      ],
      "x": 161,
      "pixel_coords": [
        171,
        69,
        14.683891296386719
      ],
      "material": "metal",
      "size": "small",
      "width": 19,
      "height": 22,
      "color": "red",
      "y": 58,
      "shape": "cube",
      "rotation": 110.60939085716024
    }
  ]
}