{
  "image_filename": "CLEVR_new_000559.png",
  "directions": {
    "above": [
      0.0,
      0.0,
      1.0
    ],
    "behind": [
      -0.754490315914154,
      0.6563112735748291,
      0.0
    ],
    "left": [
      -0.6563112735748291,
      -0.7544902563095093,
      0.0
    ],
    "below": [
      -0.0,
      -0.0,
      -1.0
    ],
    "right": [
      0.6563112735748291,
      0.7544902563095093,
      -0.0
    ],
    "front": [
      0.754490315914154,
      -0.6563112735748291,
      -0.0
    ]
  },
  "relationships": {
    "left": [
      [
        1
      ],
      [],
      [
        0,
        1
      ]
    ],
    "front": [
      [],
      [
        0
      ],
      [
        0,
        1
      ]
    ],
    "right": [
      [
        2
      ],
      [
        0,
        2
      ],
      []
    ],
    "behind": [
      [
        1,
        2
      ],
      [
        2
      ],
      []
    ]
  },
  "split": "new",
  "image_index": 559,
  "objects": [
    {
      "3d_coords": [
        1.8019486665725708,
        0.6289914846420288,
        0.699999988079071
      ],
      "x": 188,
      "pixel_coords": [
        216,
        113,
        10.065751075744629
      ],
      "material": "metal",
      "size": "large",
      "width": 57,
      "height": 66,
      "color": "gray",
      "y": 82,
      "shape": "cube",
      "rotation": 41.46374031985111
    },
    {
      "3d_coords": [
        -0.228855162858963,
        -0.4691314399242401,
        0.699999988079071
      ],
      "x": 116,
      "pixel_coords": [
        144,
        101,
        10.869965553283691
      ],
      "material": "metal",
      "size": "large",
      "width": 51,
      "height": 58,
      "color": "yellow",
      "y": 73,
      "shape": "cube",
      "rotation": 117.02364947643181
    },
    {
      "3d_coords": [
        1.9722814559936523,
        2.715810775756836,
        0.3499999940395355
      ],
      "x": 253,
      "pixel_coords": [
        264,
        108,
        11.275415420532227
      ],
      "material": "rubber",
      "size": "small",
      "width": 23,
      "height": 22,
      "color": "gray",
      "y": 97,
      "shape": "sphere",
      "rotation": 114.75999762392551
    }
  ]
}