{
  "image_filename": "CLEVR_new_000310.png",
  "directions": {
    "above": [
      0.0,
      0.0,
      1.0
    ],
    "behind": [
      -0.754490315914154,
      0.6563112735748291,
      0.0
    ],
    "left": [
      -0.6563112735748291,
      -0.7544902563095093,
      0.0
    ],
    "below": [
      -0.0,
      -0.0,
      -1.0
    ],
    "right": [
      0.6563112735748291,
      0.7544902563095093,
      -0.0
    ],
    "front": [
      0.754490315914154,
      -0.6563112735748291,
      -0.0
    ]
  },
  "relationships": {
    "left": [
      [
        1
      ],
      [],
      [
        0,
        1
      ],
      [
        0,
        1,
        2
      ]
    ],
    "front": [
      [
        2
      ],
      [
        0,
        2,
        3
      ],
      [],
      [
        0,
        2
      ]
    ],
    "right": [
      [
        2,
        3
      ],
      [
        0,
        2,
        3
      ],
      [
        3
      ],
      []
    ],
    "behind": [
      [
        1,
        3
      ],
      [],
      [
        0,
        1,
        3
      ],
      [
        1
      ]
    ]
  },
  "split": "new",
  "image_index": 310,
  "objects": [
    {
      "3d_coords": [
        0.20999130606651306,
        -1.44972562789917,
        0.3499999940395355
      ],
      "x": 111,
      "pixel_coords": [
        128,
        129,
        10.075892448425293
      ],
      "material": "metal",
      "size": "small",
      "width": 33,
      "height": 36,
      "color": "gray",
      "y": 112,
      "shape": "cube",
      "rotation": 23.801538989981495
    },
    {
      "3d_coords": [
        -2.5306782722473145,
        0.18409110605716705,
        0.699999988079071
      ],
      "x": 96,
      "pixel_coords": [
        115,
        76,
        12.605218887329102
      ],
      "material": "rubber",
      "size": "large",
      "width": 39,
      "height": 39,
      "color": "blue",
      "y": 56,
      "shape": "sphere",
      "rotation": 145.31880048254078
    },
    {
      "3d_coords": [
        1.805211067199707,
        -1.1261813640594482,
        0.3499999940395355
      ],
      "x": 163,
      "pixel_coords": [
        176,
        148,
        9.263192176818848
      ],
      "material": "metal",
      "size": "small",
      "width": 27,
      "height": 36,
      "color": "purple",
      "y": 130,
      "shape": "cylinder",
      "rotation": 298.4491990521983
    },
    {
      "3d_coords": [
        2.3917548656463623,
        2.0228922367095947,
        0.3499999940395355
      ],
      "x": 249,
      "pixel_coords": [
        261,
        116,
        10.772698402404785
      ],
      "material": "rubber",
      "size": "small",
      "width": 24,
      "height": 23,
      "color": "red",
      "y": 104,
      "shape": "sphere",
      "rotation": 90.73602424474736
    }
  ]
}