{
  "image_filename": "CLEVR_new_000523.png",
  "directions": {
    "above": [
      0.0,
      0.0,
      1.0
    ],
    "behind": [
      -0.754490315914154,
      0.6563112735748291,
      0.0
    ],
    "left": [
      -0.6563112735748291,
      -0.7544902563095093,
      0.0
    ],
    "below": [
      -0.0,
      -0.0,
      -1.0
    ],
    "right": [
      0.6563112735748291,
      0.7544902563095093,
      -0.0
    ],
    "front": [
      0.754490315914154,
      -0.6563112735748291,
      -0.0
    ]
  },
  "relationships": {
    "left": [
      [
        1,
        2
      ],
      [
        2
      ],
      []
    ],
    "front": [
      [
        1,
        2
      ],
      [
        2
      ],
      []
    ],
    "right": [
      [],
      [
        0
      ],
      [
        0,
        1
      ]
    ],
    "behind": [
      [],
      [
        0
      ],
      [
        0,
        1
      ]
    ]
  },
  "split": "new",
  "image_index": 523,
  "objects": [
    {
      "3d_coords": [
        0.5374699831008911,
        2.57377028465271,
        0.3499999940395355
      ],
      "x": 210,
      "pixel_coords": [
        224,
        95,
        12.712274551391602
      ],
      "material": "metal",
      "size": "small",
      "width": 28,
      "height": 27,
      "color": "purple",
      "y": 82,
      "shape": "cube",
      "rotation": 276.39028099717797
    },
    {
      "3d_coords": [
        0.8174399733543396,
        0.14406269788742065,
        0.3499999940395355
      ],
      "x": 169,
      "pixel_coords": [
        180,
        119,
        11.165290832519531
      ],
      "material": "rubber",
      "size": "small",
      "width": 23,
      "height": 29,
      "color": "green",
      "y": 104,
      "shape": "cylinder",
      "rotation": 9.140950856439112
    },
    {
      "3d_coords": [
        0.3929351568222046,
        -1.4221441745758057,
        0.3499999940395355
      ],
      "x": 120,
      "pixel_coords": [
        132,
        129,
        10.57511043548584
      ],
      "material": "rubber",
      "size": "small",
      "width": 23,
      "height": 23,
      "color": "purple",
      "y": 118,
      "shape": "sphere",
      "rotation": 233.81423501912204
    }
  ]
}