{
  "image_filename": "CLEVR_new_000321.png",
  "directions": {
    "above": [
      0.0,
      0.0,
      1.0
    ],
    "behind": [
      -0.754490315914154,
      0.6563112735748291,
      0.0
    ],
    "left": [
      -0.6563112735748291,
      -0.7544902563095093,
      0.0
    ],
    "below": [
      -0.0,
      -0.0,
      -1.0
    ],
    "right": [
      0.6563112735748291,
      0.7544902563095093,
      -0.0
    ],
    "front": [
      0.754490315914154,
      -0.6563112735748291,
      -0.0
    ]
  },
  "relationships": {
    "left": [
      [
        1,
        2,
        6,
        7,
        9
      ],
      [
        2,
        9
      ],
      [],
      [
        0,
        1,
        2,
        6,
        7,
        9
      ],
      [
        0,
        1,
        2,
        3,
        6,
        7,
        8,
        9
      ],
      [
        0,
        1,
        2,
        3,
        4,
        6,
        7,
        8,
        9
      ],
      [
        1,
        2,
        7,
        9
      ],
      [
        1,
        2,
        9
      ],
      [
        0,
        1,
        2,
        3,
        6,
        7,
        9
      ],
      [
        2
      ]
    ],
    "front": [
      [
        1,
        2,
        3,
        4,
        5,
        6,
        9
      ],
      [
        2,
        4,
        6,
        9
      ],
      [
        4,
        6,
        9
      ],
      [
        1,
        2,
        4,
        6,
        9
      ],
      [
        6,
        9
      ],
      [
        1,
        2,
        3,
        4,
        6,
        9
      ],
      [],
      [
        0,
        1,
        2,
        3,
        4,
        5,
        6,
        8,
        9
      ],
      [
        0,
        1,
        2,
        3,
        4,
        5,
        6,
        9
      ],
      [
        6
      ]
    ],
    "right": [
      [
        3,
        4,
        5,
        8
      ],
      [
        0,
        3,
        4,
        5,
        6,
        7,
        8
      ],
      [
        0,
        1,
        3,
        4,
        5,
        6,
        7,
        8,
        9
      ],
      [
        4,
        5,
        8
      ],
      [
        5
      ],
      [],
      [
        0,
        3,
        4,
        5,
        8
      ],
      [
        0,
        3,
        4,
        5,
        6,
        8
      ],
      [
        4,
        5
      ],
      [
        0,
        1,
        3,
        4,
        5,
        6,
        7,
        8
      ]
    ],
    "behind": [
      [
        7,
        8
      ],
      [
        0,
        3,
        5,
        7,
        8
      ],
      [
        0,
        1,
        3,
        5,
        7,
        8
      ],
      [
        0,
        5,
        7,
        8
      ],
      [
        0,
        1,
        2,
        3,
        5,
        7,
        8
      ],
      [
        0,
        7,
        8
      ],
      [
        0,
        1,
        2,
        3,
        4,
        5,
        7,
        8,
        9
      ],
      [],
      [
        7
      ],
      [
        0,
        1,
        2,
        3,
        4,
        5,
        7,
        8
      ]
    ]
  },
  "split": "new",
  "image_index": 321,
  "objects": [
    {
      "3d_coords": [
        -1.1081112623214722,
        1.2961283922195435,
        0.3499999940395355
      ],
      "x": 159,
      "pixel_coords": [
        169,
        90,
        12.4399995803833
      ],
      "material": "rubber",
      "size": "small",
      "width": 20,
      "height": 25,
      "color": "red",
      "y": 77,
      "shape": "cylinder",
      "rotation": 194.14195703126202
    },
    {
      "3d_coords": [
        -0.746770441532135,
        -0.658839225769043,
        0.3499999940395355
      ],
      "x": 118,
      "pixel_coords": [
        129,
        108,
        11.093063354492188
      ],
      "material": "rubber",
      "size": "small",
      "width": 22,
      "height": 22,
      "color": "gray",
      "y": 97,
      "shape": "sphere",
      "rotation": 13.561606512536187
    },
    {
      "3d_coords": [
        -1.26980459690094,
        -1.9664738178253174,
        0.699999988079071
      ],
      "x": 59,
      "pixel_coords": [
        83,
        103,
        10.566340446472168
      ],
      "material": "rubber",
      "size": "large",
      "width": 48,
      "height": 46,
      "color": "gray",
      "y": 80,
      "shape": "sphere",
      "rotation": 118.54370072688961
    },
    {
      "3d_coords": [
        0.03246551379561424,
        1.0524203777313232,
        0.3499999940395355
      ],
      "x": 175,
      "pixel_coords": [
        186,
        102,
        11.51038932800293
      ],
      "material": "rubber",
      "size": "small",
      "width": 22,
      "height": 28,
      "color": "gray",
      "y": 88,
      "shape": "cylinder",
      "rotation": 23.975435600441628
    },
    {
      "3d_coords": [
        2.4047691822052,
        1.0806397199630737,
        0.699999988079071
      ],
      "x": 219,
      "pixel_coords": [
        245,
        117,
        9.71930980682373
      ],
      "material": "metal",
      "size": "large",
      "width": 52,
      "height": 50,
      "color": "gray",
      "y": 92,
      "shape": "sphere",
      "rotation": 106.19599021446564
    },
    {
      "3d_coords": [
        0.9288368225097656,
        2.917649984359741,
        0.699999988079071
      ],
      "x": 221,
      "pixel_coords": [
        245,
        87,
        11.775086402893066
      ],
      "material": "metal",
      "size": "large",
      "width": 48,
      "height": 55,
      "color": "cyan",
      "y": 60,
      "shape": "cube",
      "rotation": 69.7451526462219
    },
    {
      "3d_coords": [
        2.690340757369995,
        -2.572218656539917,
        0.3499999940395355
      ],
      "x": 129,
      "pixel_coords": [
        146,
        182,
        7.630918502807617
      ],
      "material": "rubber",
      "size": "small",
      "width": 32,
      "height": 33,
      "color": "yellow",
      "y": 166,
      "shape": "sphere",
      "rotation": 57.57417639281308
    },
    {
      "3d_coords": [
        -2.8886237144470215,
        1.7436583042144775,
        0.699999988079071
      ],
      "x": 130,
      "pixel_coords": [
        148,
        66,
        13.771295547485352
      ],
      "material": "rubber",
      "size": "large",
      "width": 36,
      "height": 45,
      "color": "gray",
      "y": 44,
      "shape": "cylinder",
      "rotation": 140.96499890896308
    },
    {
      "3d_coords": [
        -0.988602876663208,
        2.6341657638549805,
        0.3499999940395355
      ],
      "x": 188,
      "pixel_coords": [
        198,
        83,
        13.106840133666992
      ],
      "material": "rubber",
      "size": "small",
      "width": 20,
      "height": 24,
      "color": "purple",
      "y": 71,
      "shape": "cube",
      "rotation": 259.91931545060805
    },
    {
      "3d_coords": [
        0.2902921140193939,
        -2.69771146774292,
        0.3499999940395355
      ],
      "x": 68,
      "pixel_coords": [
        87,
        141,
        9.22928524017334
      ],
      "material": "metal",
      "size": "small",
      "width": 38,
      "height": 39,
      "color": "brown",
      "y": 122,
      "shape": "cube",
      "rotation": 152.73799864229235
    }
  ]
}