{
  "image_filename": "CLEVR_new_000511.png",
  "directions": {
    "above": [
      0.0,
      0.0,
      1.0
    ],
    "behind": [
      -0.754490315914154,
      0.6563112735748291,
      0.0
    ],
    "left": [
      -0.6563112735748291,
      -0.7544902563095093,
      0.0
    ],
    "below": [
      -0.0,
      -0.0,
      -1.0
    ],
    "right": [
      0.6563112735748291,
      0.7544902563095093,
      -0.0
    ],
    "front": [
      0.754490315914154,
      -0.6563112735748291,
      -0.0
    ]
  },
  "relationships": {
    "left": [
      [
        2,
        3,
        4,
        6,
        8
      ],
      [
        0,
        2,
        3,
        4,
        6,
        8
      ],
      [
        3,
        8
      ],
      [],
      [
        2,
        3,
        6,
        8
      ],
      [
        0,
        1,
        2,
        3,
        4,
        6,
        7,
        8,
        9
      ],
      [
        2,
        3,
        8
      ],
      [
        0,
        1,
        2,
        3,
        4,
        6,
        8,
        9
      ],
      [
        3
      ],
      [
        0,
        1,
        2,
        3,
        4,
        6,
        8
      ]
    ],
    "front": [
      [
        6,
        7
      ],
      [
        0,
        2,
        3,
        4,
        5,
        6,
        7,
        8,
        9
      ],
      [
        0,
        3,
        5,
        6,
        7,
        8
      ],
      [
        0,
        5,
        6,
        7,
        8
      ],
      [
        0,
        2,
        3,
        5,
        6,
        7,
        8,
        9
      ],
      [
        0,
        6,
        7,
        8
      ],
      [],
      [
        6
      ],
      [
        0,
        6,
        7
      ],
      [
        0,
        2,
        3,
        5,
        6,
        7,
        8
      ]
    ],
    "right": [
      [
        1,
        5,
        7,
        9
      ],
      [
        5,
        7,
        9
      ],
      [
        0,
        1,
        4,
        5,
        6,
        7,
        9
      ],
      [
        0,
        1,
        2,
        4,
        5,
        6,
        7,
        8,
        9
      ],
      [
        0,
        1,
        5,
        7,
        9
      ],
      [],
      [
        0,
        1,
        4,
        5,
        7,
        9
      ],
      [
        5
      ],
      [
        0,
        1,
        2,
        4,
        5,
        6,
        7,
        9
      ],
      [
        5,
        7
      ]
    ],
    "behind": [
      [
        1,
        2,
        3,
        4,
        5,
        8,
        9
      ],
      [],
      [
        1,
        4,
        9
      ],
      [
        1,
        2,
        4,
        9
      ],
      [
        1
      ],
      [
        1,
        2,
        3,
        4,
        9
      ],
      [
        0,
        1,
        2,
        3,
        4,
        5,
        7,
        8,
        9
      ],
      [
        0,
        1,
        2,
        3,
        4,
        5,
        8,
        9
      ],
      [
        1,
        2,
        3,
        4,
        5,
        9
      ],
      [
        1,
        4
      ]
    ]
  },
  "split": "new",
  "image_index": 511,
  "objects": [
    {
      "3d_coords": [
        1.0562399625778198,
        -1.1236928701400757,
        0.699999988079071
      ],
      "x": 131,
      "pixel_coords": [
        155,
        123,
        10.000259399414062
      ],
      "material": "metal",
      "size": "large",
      "width": 49,
      "height": 49,
      "color": "cyan",
      "y": 99,
      "shape": "sphere",
      "rotation": 348.4359628934957
    },
    {
      "3d_coords": [
        -2.287466287612915,
        2.8812191486358643,
        0.3499999940395355
      ],
      "x": 167,
      "pixel_coords": [
        175,
        73,
        14.728379249572754
      ],
      "material": "rubber",
      "size": "small",
      "width": 17,
      "height": 21,
      "color": "cyan",
      "y": 62,
      "shape": "cylinder",
      "rotation": 107.89259765467285
    },
    {
      "3d_coords": [
        -2.169174909591675,
        -0.7230488657951355,
        0.3499999940395355
      ],
      "x": 91,
      "pixel_coords": [
        105,
        96,
        12.53299617767334
      ],
      "material": "metal",
      "size": "small",
      "width": 27,
      "height": 27,
      "color": "brown",
      "y": 83,
      "shape": "cube",
      "rotation": 258.05382794505124
    },
    {
      "3d_coords": [
        -2.604135751724243,
        -1.9509105682373047,
        0.699999988079071
      ],
      "x": 40,
      "pixel_coords": [
        67,
        93,
        11.936507225036621
      ],
      "material": "rubber",
      "size": "large",
      "width": 52,
      "height": 56,
      "color": "brown",
      "y": 66,
      "shape": "cube",
      "rotation": 233.75486327301877
    },
    {
      "3d_coords": [
        -2.88553786277771,
        1.178034782409668,
        0.3499999940395355
      ],
      "x": 125,
      "pixel_coords": [
        134,
        78,
        14.123703956604004
      ],
      "material": "rubber",
      "size": "small",
      "width": 18,
      "height": 22,
      "color": "yellow",
      "y": 67,
      "shape": "cylinder",
      "rotation": 106.21488813690317
    },
    {
      "3d_coords": [
        2.881200075149536,
        2.6904759407043457,
        0.3499999940395355
      ],
      "x": 271,
      "pixel_coords": [
        283,
        116,
        11.196125984191895
      ],
      "material": "rubber",
      "size": "small",
      "width": 23,
      "height": 22,
      "color": "brown",
      "y": 105,
      "shape": "sphere",
      "rotation": 225.90842557538988
    },
    {
      "3d_coords": [
        1.1420000791549683,
        -2.993044376373291,
        0.699999988079071
      ],
      "x": 60,
      "pixel_coords": [
        101,
        148,
        8.845473289489746
      ],
      "material": "metal",
      "size": "large",
      "width": 78,
      "height": 82,
      "color": "blue",
      "y": 109,
      "shape": "cube",
      "rotation": 60.03357465135119
    },
    {
      "3d_coords": [
        2.9474990367889404,
        0.21314013004302979,
        0.3499999940395355
      ],
      "x": 224,
      "pixel_coords": [
        236,
        144,
        9.697093963623047
      ],
      "material": "rubber",
      "size": "small",
      "width": 26,
      "height": 25,
      "color": "brown",
      "y": 131,
      "shape": "sphere",
      "rotation": 1.2279300611164867
    },
    {
      "3d_coords": [
        -0.8064252734184265,
        -2.4587020874023438,
        0.699999988079071
      ],
      "x": 46,
      "pixel_coords": [
        80,
        115,
        10.448654174804688
      ],
      "material": "metal",
      "size": "large",
      "width": 64,
      "height": 63,
      "color": "purple",
      "y": 85,
      "shape": "cube",
      "rotation": 354.09953567631004
    },
    {
      "3d_coords": [
        -0.4475667476654053,
        2.365906238555908,
        0.3499999940395355
      ],
      "x": 189,
      "pixel_coords": [
        199,
        88,
        13.20819091796875
      ],
      "material": "rubber",
      "size": "small",
      "width": 20,
      "height": 24,
      "color": "red",
      "y": 76,
      "shape": "cylinder",
      "rotation": 136.3906870601622
    }
  ]
}