{
  "image_filename": "CLEVR_new_000587.png",
  "directions": {
    "above": [
      0.0,
      0.0,
      1.0
    ],
    "behind": [
      -0.754490315914154,
      0.6563112735748291,
      0.0
    ],
    "left": [
      -0.6563112735748291,
      -0.7544902563095093,
      0.0
    ],
    "below": [
      -0.0,
      -0.0,
      -1.0
    ],
    "right": [
      0.6563112735748291,
      0.7544902563095093,
      -0.0
    ],
    "front": [
      0.754490315914154,
      -0.6563112735748291,
      -0.0
    ]
  },
  "relationships": {
    "left": [
      [
        1,
        2,
        3,
        4,
        5,
        6,
        7,
        8
      ],
      [
        6
      ],
      [
        1,
        6,
        7
      ],
      [
        1,
        2,
        4,
        5,
        6,
        7
      ],
      [
        1,
        2,
        5,
        6,
        7
      ],
      [
        1,
        2,
        6,
        7
      ],
      [],
      [
        1,
        6
      ],
      [
        1,
        2,
        3,
        4,
        5,
        6,
        7
      ]
    ],
    "front": [
      [
        2,
        6,
        7,
        8
      ],
      [
        0,
        2,
        5,
        6,
        7,
        8
      ],
      [
        8
      ],
      [
        0,
        1,
        2,
        5,
        6,
        7,
        8
      ],
      [
        0,
        1,
        2,
        3,
        5,
        6,
        7,
        8
      ],
      [
        0,
        2,
        6,
        7,
        8
      ],
      [
        2,
        7,
        8
      ],
      [
        2,
        8
      ],
      []
    ],
    "right": [
      [],
      [
        0,
        2,
        3,
        4,
        5,
        7,
        8
      ],
      [
        0,
        3,
        4,
        5,
        8
      ],
      [
        0,
        8
      ],
      [
        0,
        3,
        8
      ],
      [
        0,
        3,
        4,
        8
      ],
      [
        0,
        1,
        2,
        3,
        4,
        5,
        7,
        8
      ],
      [
        0,
        2,
        3,
        4,
        5,
        8
      ],
      [
        0
      ]
    ],
    "behind": [
      [
        1,
        3,
        4,
        5
      ],
      [
        3,
        4
      ],
      [
        0,
        1,
        3,
        4,
        5,
        6,
        7
      ],
      [
        4
      ],
      [],
      [
        1,
        3,
        4
      ],
      [
        0,
        1,
        3,
        4,
        5
      ],
      [
        0,
        1,
        3,
        4,
        5,
        6
      ],
      [
        0,
        1,
        2,
        3,
        4,
        5,
        6,
        7
      ]
    ]
  },
  "split": "new",
  "image_index": 587,
  "objects": [
    {
      "3d_coords": [
        1.1187244653701782,
        1.4987647533416748,
        0.3499999940395355
      ],
      "x": 202,
      "pixel_coords": [
        216,
        109,
        11.599603652954102
      ],
      "material": "rubber",
      "size": "small",
      "width": 29,
      "height": 29,
      "color": "red",
      "y": 94,
      "shape": "cube",
      "rotation": 357.8387088386571
    },
    {
      "3d_coords": [
        -2.804807662963867,
        -1.192722201347351,
        0.3499999940395355
      ],
      "x": 74,
      "pixel_coords": [
        84,
        95,
        12.675487518310547
      ],
      "material": "metal",
      "size": "small",
      "width": 20,
      "height": 19,
      "color": "cyan",
      "y": 85,
      "shape": "sphere",
      "rotation": 160.09279278002123
    },
    {
      "3d_coords": [
        0.4333786070346832,
        -2.1449975967407227,
        0.3499999940395355
      ],
      "x": 100,
      "pixel_coords": [
        113,
        136,
        9.924960136413574
      ],
      "material": "metal",
      "size": "small",
      "width": 25,
      "height": 25,
      "color": "red",
      "y": 124,
      "shape": "sphere",
      "rotation": 232.90349446175475
    },
    {
      "3d_coords": [
        -0.9584065079689026,
        1.74532949924469,
        0.699999988079071
      ],
      "x": 160,
      "pixel_coords": [
        179,
        81,
        12.994603157043457
      ],
      "material": "metal",
      "size": "large",
      "width": 38,
      "height": 38,
      "color": "green",
      "y": 62,
      "shape": "sphere",
      "rotation": 185.8147824771579
    },
    {
      "3d_coords": [
        -2.6754186153411865,
        2.1288740634918213,
        0.699999988079071
      ],
      "x": 139,
      "pixel_coords": [
        156,
        68,
        14.381797790527344
      ],
      "material": "metal",
      "size": "large",
      "width": 35,
      "height": 43,
      "color": "purple",
      "y": 47,
      "shape": "cylinder",
      "rotation": 95.7533042811
    },
    {
      "3d_coords": [
        -1.18660306930542,
        -0.006663359701633453,
        0.699999988079071
      ],
      "x": 117,
      "pixel_coords": [
        137,
        90,
        12.120818138122559
      ],
      "material": "rubber",
      "size": "large",
      "width": 41,
      "height": 41,
      "color": "cyan",
      "y": 70,
      "shape": "sphere",
      "rotation": 187.34918529095532
    },
    {
      "3d_coords": [
        -1.9688920974731445,
        -2.6650898456573486,
        0.699999988079071
      ],
      "x": 32,
      "pixel_coords": [
        56,
        104,
        11.090072631835938
      ],
      "material": "rubber",
      "size": "large",
      "width": 46,
      "height": 44,
      "color": "brown",
      "y": 82,
      "shape": "sphere",
      "rotation": 64.6359419784584
    },
    {
      "3d_coords": [
        -0.5541858077049255,
        -2.214451313018799,
        0.3499999940395355
      ],
      "x": 76,
      "pixel_coords": [
        92,
        125,
        10.552594184875488
      ],
      "material": "metal",
      "size": "small",
      "width": 33,
      "height": 33,
      "color": "purple",
      "y": 109,
      "shape": "cube",
      "rotation": 122.58996729826276
    },
    {
      "3d_coords": [
        2.7546610832214355,
        -0.4800330698490143,
        0.3499999940395355
      ],
      "x": 200,
      "pixel_coords": [
        214,
        148,
        9.331040382385254
      ],
      "material": "metal",
      "size": "small",
      "width": 29,
      "height": 36,
      "color": "cyan",
      "y": 131,
      "shape": "cube",
      "rotation": 324.2847898292864
    }
  ]
}