{
  "image_filename": "CLEVR_new_000387.png",
  "directions": {
    "above": [
      0.0,
      0.0,
      1.0
    ],
    "behind": [
      -0.754490315914154,
      0.6563112735748291,
      0.0
    ],
    "left": [
      -0.6563112735748291,
      -0.7544902563095093,
      0.0
    ],
    "below": [
      -0.0,
      -0.0,
      -1.0
    ],
    "right": [
      0.6563112735748291,
      0.7544902563095093,
      -0.0
    ],
    "front": [
      0.754490315914154,
      -0.6563112735748291,
      -0.0
    ]
  },
  "relationships": {
    "left": [
      [
        4,
        6
      ],
      [
        0,
        4,
        6
      ],
      [
        0,
        1,
        3,
        4,
        6,
        9
      ],
      [
        0,
        1,
        4,
        6
      ],
      [],
      [
        0,
        1,
        2,
        3,
        4,
        6,
        7,
        9
      ],
      [
        4
      ],
      [
        0,
        1,
        2,
        3,
        4,
        6,
        9
      ],
      [
        0,
        1,
        2,
        3,
        4,
        5,
        6,
        7,
        9
      ],
      [
        0,
        1,
        3,
        4,
        6
      ]
    ],
    "front": [
      [
        1,
        7
      ],
      [],
      [
        0,
        1,
        4,
        7
      ],
      [
        0,
        1,
        2,
        4,
        5,
        6,
        7,
        8
      ],
      [
        0,
        1,
        7
      ],
      [
        0,
        1,
        2,
        4,
        6,
        7,
        8
      ],
      [
        0,
        1,
        2,
        4,
        7,
        8
      ],
      [
        1
      ],
      [
        0,
        1,
        2,
        4,
        7
      ],
      [
        0,
        1,
        2,
        3,
        4,
        5,
        6,
        7,
        8
      ]
    ],
    "right": [
      [
        1,
        2,
        3,
        5,
        7,
        8,
        9
      ],
      [
        2,
        3,
        5,
        7,
        8,
        9
      ],
      [
        5,
        7,
        8
      ],
      [
        2,
        5,
        7,
        8,
        9
      ],
      [
        0,
        1,
        2,
        3,
        5,
        6,
        7,
        8,
        9
      ],
      [
        8
      ],
      [
        0,
        1,
        2,
        3,
        5,
        7,
        8,
        9
      ],
      [
        5,
        8
      ],
      [],
      [
        2,
        5,
        7,
        8
      ]
    ],
    "behind": [
      [
        2,
        3,
        4,
        5,
        6,
        8,
        9
      ],
      [
        0,
        2,
        3,
        4,
        5,
        6,
        7,
        8,
        9
      ],
      [
        3,
        5,
        6,
        8,
        9
      ],
      [
        9
      ],
      [
        2,
        3,
        5,
        6,
        8,
        9
      ],
      [
        3,
        9
      ],
      [
        3,
        5,
        9
      ],
      [
        0,
        2,
        3,
        4,
        5,
        6,
        8,
        9
      ],
      [
        3,
        5,
        6,
        9
      ],
      []
    ]
  },
  "split": "new",
  "image_index": 387,
  "objects": [
    {
      "3d_coords": [
        0.5069068074226379,
        -1.765648603439331,
        0.3499999940395355
      ],
      "x": 112,
      "pixel_coords": [
        125,
        133,
        10.08446979522705
      ],
      "material": "rubber",
      "size": "small",
      "width": 25,
      "height": 33,
      "color": "gray",
      "y": 117,
      "shape": "cylinder",
      "rotation": 238.16647611449304
    },
    {
      "3d_coords": [
        2.306774139404297,
        -2.4845101833343506,
        0.3499999940395355
      ],
      "x": 125,
      "pixel_coords": [
        145,
        170,
        8.452278137207031
      ],
      "material": "metal",
      "size": "small",
      "width": 39,
      "height": 44,
      "color": "purple",
      "y": 149,
      "shape": "cube",
      "rotation": 188.7739266510436
    },
    {
      "3d_coords": [
        0.7515260577201843,
        0.9421026706695557,
        0.699999988079071
      ],
      "x": 176,
      "pixel_coords": [
        197,
        100,
        11.348862648010254
      ],
      "material": "metal",
      "size": "large",
      "width": 43,
      "height": 43,
      "color": "yellow",
      "y": 78,
      "shape": "sphere",
      "rotation": 252.68387392383607
    },
    {
      "3d_coords": [
        -2.0181031227111816,
        1.8271028995513916,
        0.3499999940395355
      ],
      "x": 152,
      "pixel_coords": [
        161,
        81,
        13.888879776000977
      ],
      "material": "metal",
      "size": "small",
      "width": 18,
      "height": 23,
      "color": "yellow",
      "y": 70,
      "shape": "cylinder",
      "rotation": 229.498691152704
    },
    {
      "3d_coords": [
        -1.3820381164550781,
        -2.904972553253174,
        0.699999988079071
      ],
      "x": 28,
      "pixel_coords": [
        57,
        112,
        10.529472351074219
      ],
      "material": "metal",
      "size": "large",
      "width": 56,
      "height": 63,
      "color": "cyan",
      "y": 82,
      "shape": "cube",
      "rotation": 51.38956645619596
    },
    {
      "3d_coords": [
        0.11943630874156952,
        2.803955316543579,
        0.699999988079071
      ],
      "x": 200,
      "pixel_coords": [
        220,
        81,
        12.865327835083008
      ],
      "material": "metal",
      "size": "large",
      "width": 41,
      "height": 49,
      "color": "gray",
      "y": 58,
      "shape": "cylinder",
      "rotation": 132.0552248845948
    },
    {
      "3d_coords": [
        -2.0993809700012207,
        -0.6994898319244385,
        0.699999988079071
      ],
      "x": 84,
      "pixel_coords": [
        106,
        88,
        12.304693222045898
      ],
      "material": "metal",
      "size": "large",
      "width": 43,
      "height": 51,
      "color": "gray",
      "y": 63,
      "shape": "cylinder",
      "rotation": 297.5293861276101
    },
    {
      "3d_coords": [
        2.933314323425293,
        -0.3857712745666504,
        0.3499999940395355
      ],
      "x": 208,
      "pixel_coords": [
        222,
        150,
        9.260832786560059
      ],
      "material": "rubber",
      "size": "small",
      "width": 27,
      "height": 27,
      "color": "brown",
      "y": 137,
      "shape": "sphere",
      "rotation": 8.052537855233744
    },
    {
      "3d_coords": [
        1.7062090635299683,
        2.7915024757385254,
        0.3499999940395355
      ],
      "x": 241,
      "pixel_coords": [
        254,
        104,
        11.948561668395996
      ],
      "material": "rubber",
      "size": "small",
      "width": 28,
      "height": 26,
      "color": "yellow",
      "y": 91,
      "shape": "cube",
      "rotation": 148.59720997510496
    },
    {
      "3d_coords": [
        -2.2533512115478516,
        2.856555700302124,
        0.3499999940395355
      ],
      "x": 165,
      "pixel_coords": [
        176,
        74,
        14.650501251220703
      ],
      "material": "metal",
      "size": "small",
      "width": 22,
      "height": 22,
      "color": "gray",
      "y": 63,
      "shape": "cube",
      "rotation": 334.83720212495535
    }
  ]
}