{
  "image_filename": "CLEVR_new_000567.png",
  "directions": {
    "above": [
      0.0,
      0.0,
      1.0
    ],
    "behind": [
      -0.754490315914154,
      0.6563112735748291,
      0.0
    ],
    "left": [
      -0.6563112735748291,
      -0.7544902563095093,
      0.0
    ],
    "below": [
      -0.0,
      -0.0,
      -1.0
    ],
    "right": [
      0.6563112735748291,
      0.7544902563095093,
      -0.0
    ],
    "front": [
      0.754490315914154,
      -0.6563112735748291,
      -0.0
    ]
  },
  "relationships": {
    "left": [
      [
        3
      ],
      [
        0,
        3,
        4
      ],
      [
        0,
        1,
        3,
        4
      ],
      [],
      [
        0,
        3
      ]
    ],
    "front": [
      [],
      [
        0,
        2,
        3,
        4
      ],
      [
        0,
        4
      ],
      [
        0,
        2,
        4
      ],
      [
        0
      ]
    ],
    "right": [
      [
        1,
        2,
        4
      ],
      [
        2
      ],
      [],
      [
        0,
        1,
        2,
        4
      ],
      [
        1,
        2
      ]
    ],
    "behind": [
      [
        1,
        2,
        3,
        4
      ],
      [],
      [
        1,
        3
      ],
      [
        1
      ],
      [
        1,
        2,
        3
      ]
    ]
  },
  "split": "new",
  "image_index": 567,
  "objects": [
    {
      "3d_coords": [
        2.7205846309661865,
        -2.6371567249298096,
        0.699999988079071
      ],
      "x": 115,
      "pixel_coords": [
        147,
        180,
        7.656684398651123
      ],
      "material": "metal",
      "size": "large",
      "width": 64,
      "height": 65,
      "color": "brown",
      "y": 148,
      "shape": "sphere",
      "rotation": 228.3636714726479
    },
    {
      "3d_coords": [
        -0.7458418011665344,
        2.9631762504577637,
        0.699999988079071
      ],
      "x": 189,
      "pixel_coords": [
        208,
        70,
        13.048794746398926
      ],
      "material": "rubber",
      "size": "large",
      "width": 38,
      "height": 38,
      "color": "purple",
      "y": 51,
      "shape": "sphere",
      "rotation": 98.65589486614509
    },
    {
      "3d_coords": [
        1.0324411392211914,
        2.224064350128174,
        0.699999988079071
      ],
      "x": 211,
      "pixel_coords": [
        232,
        92,
        11.462899208068848
      ],
      "material": "metal",
      "size": "large",
      "width": 44,
      "height": 43,
      "color": "green",
      "y": 70,
      "shape": "sphere",
      "rotation": 81.36785139904366
    },
    {
      "3d_coords": [
        -2.4802937507629395,
        -0.47374066710472107,
        0.699999988079071
      ],
      "x": 84,
      "pixel_coords": [
        104,
        80,
        12.295868873596191
      ],
      "material": "metal",
      "size": "large",
      "width": 40,
      "height": 40,
      "color": "blue",
      "y": 60,
      "shape": "sphere",
      "rotation": 347.9594093296016
    },
    {
      "3d_coords": [
        2.474029541015625,
        -0.6154869198799133,
        0.3499999940395355
      ],
      "x": 189,
      "pixel_coords": [
        203,
        153,
        9.115155220031738
      ],
      "material": "rubber",
      "size": "small",
      "width": 29,
      "height": 37,
      "color": "green",
      "y": 135,
      "shape": "cylinder",
      "rotation": 333.1609406840785
    }
  ]
}