{
  "image_filename": "CLEVR_new_000267.png",
  "directions": {
    "above": [
      0.0,
      0.0,
      1.0
    ],
    "behind": [
      -0.754490315914154,
      0.6563112735748291,
      0.0
    ],
    "left": [
      -0.6563112735748291,
      -0.7544902563095093,
      0.0
    ],
    "below": [
      -0.0,
      -0.0,
      -1.0
    ],
    "right": [
      0.6563112735748291,
      0.7544902563095093,
      -0.0
    ],
    "front": [
      0.754490315914154,
      -0.6563112735748291,
      -0.0
    ]
  },
  "relationships": {
    "left": [
      [
        1,
        3
      ],
      [
        3
      ],
      [
        0,
        1,
        3
      ],
      []
    ],
    "front": [
      [
        1,
        2
      ],
      [],
      [
        1
      ],
      [
        0,
        1,
        2
      ]
    ],
    "right": [
      [
        2
      ],
      [
        0,
        2
      ],
      [],
      [
        0,
        1,
        2
      ]
    ],
    "behind": [
      [
        3
      ],
      [
        0,
        2,
        3
      ],
      [
        0,
        3
      ],
      []
    ]
  },
  "split": "new",
  "image_index": 267,
  "objects": [
    {
      "3d_coords": [
        1.386594295501709,
        0.5642315745353699,
        0.699999988079071
      ],
      "x": 182,
      "pixel_coords": [
        206,
        112,
        10.142909049987793
      ],
      "material": "rubber",
      "size": "large",
      "width": 49,
      "height": 48,
      "color": "purple",
      "y": 87,
      "shape": "sphere",
      "rotation": 41.92742859108891
    },
    {
      "3d_coords": [
        2.1392548084259033,
        -1.6237304210662842,
        0.699999988079071
      ],
      "x": 137,
      "pixel_coords": [
        167,
        153,
        8.433945655822754
      ],
      "material": "metal",
      "size": "large",
      "width": 61,
      "height": 81,
      "color": "red",
      "y": 114,
      "shape": "cylinder",
      "rotation": 356.7463239709945
    },
    {
      "3d_coords": [
        2.8841161727905273,
        1.3922590017318726,
        0.699999988079071
      ],
      "x": 230,
      "pixel_coords": [
        267,
        122,
        9.640922546386719
      ],
      "material": "rubber",
      "size": "large",
      "width": 77,
      "height": 75,
      "color": "cyan",
      "y": 86,
      "shape": "cube",
      "rotation": 113.01456263355743
    },
    {
      "3d_coords": [
        -0.6124505400657654,
        -0.6716698408126831,
        0.3499999940395355
      ],
      "x": 120,
      "pixel_coords": [
        131,
        110,
        10.922422409057617
      ],
      "material": "metal",
      "size": "small",
      "width": 22,
      "height": 22,
      "color": "purple",
      "y": 99,
      "shape": "sphere",
      "rotation": 80.07021248656176
    }
  ]
}