{
  "image_filename": "CLEVR_new_000499.png",
  "directions": {
    "above": [
      0.0,
      0.0,
      1.0
    ],
    "behind": [
      -0.754490315914154,
      0.6563112735748291,
      0.0
    ],
    "left": [
      -0.6563112735748291,
      -0.7544902563095093,
      0.0
    ],
    "below": [
      -0.0,
      -0.0,
      -1.0
    ],
    "right": [
      0.6563112735748291,
      0.7544902563095093,
      -0.0
    ],
    "front": [
      0.754490315914154,
      -0.6563112735748291,
      -0.0
    ]
  },
  "relationships": {
    "left": [
      [
        2,
        5,
        6,
        7
      ],
      [
        0,
        2,
        3,
        4,
        5,
        6,
        7
      ],
      [
        5,
        7
      ],
      [
        0,
        2,
        5,
        6,
        7
      ],
      [
        0,
        2,
        3,
        5,
        6,
        7
      ],
      [],
      [
        2,
        5,
        7
      ],
      [
        5
      ]
    ],
    "front": [
      [
        6,
        7
      ],
      [
        0,
        4,
        6,
        7
      ],
      [
        0,
        1,
        4,
        5,
        6,
        7
      ],
      [
        0,
        1,
        2,
        4,
        5,
        6,
        7
      ],
      [
        0,
        6,
        7
      ],
      [
        0,
        1,
        4,
        6,
        7
      ],
      [],
      [
        6
      ]
    ],
    "right": [
      [
        1,
        3,
        4
      ],
      [],
      [
        0,
        1,
        3,
        4,
        6
      ],
      [
        1,
        4
      ],
      [
        1
      ],
      [
        0,
        1,
        2,
        3,
        4,
        6,
        7
      ],
      [
        0,
        1,
        3,
        4
      ],
      [
        0,
        1,
        2,
        3,
        4,
        6
      ]
    ],
    "behind": [
      [
        1,
        2,
        3,
        4,
        5
      ],
      [
        2,
        3,
        5
      ],
      [
        3
      ],
      [],
      [
        1,
        2,
        3,
        5
      ],
      [
        2,
        3
      ],
      [
        0,
        1,
        2,
        3,
        4,
        5,
        7
      ],
      [
        0,
        1,
        2,
        3,
        4,
        5
      ]
    ]
  },
  "split": "new",
  "image_index": 499,
  "objects": [
    {
      "3d_coords": [
        2.3661551475524902,
        -0.8986038565635681,
        0.699999988079071
      ],
      "x": 156,
      "pixel_coords": [
        191,
        140,
        9.465093612670898
      ],
      "material": "metal",
      "size": "large",
      "width": 72,
      "height": 78,
      "color": "yellow",
      "y": 104,
      "shape": "cube",
      "rotation": 29.89991043148875
    },
    {
      "3d_coords": [
        2.4400839805603027,
        2.495819091796875,
        0.699999988079071
      ],
      "x": 240,
      "pixel_coords": [
        268,
        105,
        11.331480979919434
      ],
      "material": "metal",
      "size": "large",
      "width": 59,
      "height": 56,
      "color": "cyan",
      "y": 78,
      "shape": "cube",
      "rotation": 247.50011391946046
    },
    {
      "3d_coords": [
        -1.3523902893066406,
        0.44253700971603394,
        0.699999988079071
      ],
      "x": 126,
      "pixel_coords": [
        145,
        85,
        12.697013854980469
      ],
      "material": "rubber",
      "size": "large",
      "width": 39,
      "height": 39,
      "color": "red",
      "y": 66,
      "shape": "sphere",
      "rotation": 332.42194466691427
    },
    {
      "3d_coords": [
        -1.3054200410842896,
        2.9284744262695312,
        0.699999988079071
      ],
      "x": 177,
      "pixel_coords": [
        195,
        70,
        14.06865406036377
      ],
      "material": "rubber",
      "size": "large",
      "width": 37,
      "height": 45,
      "color": "brown",
      "y": 48,
      "shape": "cylinder",
      "rotation": 160.20076497570787
    },
    {
      "3d_coords": [
        2.0908873081207275,
        0.8653501868247986,
        0.699999988079071
      ],
      "x": 197,
      "pixel_coords": [
        226,
        117,
        10.643774032592773
      ],
      "material": "metal",
      "size": "large",
      "width": 63,
      "height": 64,
      "color": "red",
      "y": 86,
      "shape": "cube",
      "rotation": 180.1986293384325
    },
    {
      "3d_coords": [
        -2.1352505683898926,
        -1.371044397354126,
        0.699999988079071
      ],
      "x": 70,
      "pixel_coords": [
        90,
        92,
        12.19461727142334
      ],
      "material": "rubber",
      "size": "large",
      "width": 41,
      "height": 40,
      "color": "purple",
      "y": 72,
      "shape": "sphere",
      "rotation": 64.31978125345508
    },
    {
      "3d_coords": [
        2.9256670475006104,
        -2.4930217266082764,
        0.3499999940395355
      ],
      "x": 145,
      "pixel_coords": [
        160,
        186,
        8.363822937011719
      ],
      "material": "metal",
      "size": "small",
      "width": 29,
      "height": 30,
      "color": "green",
      "y": 171,
      "shape": "sphere",
      "rotation": 318.3605437176855
    },
    {
      "3d_coords": [
        1.5917166471481323,
        -2.995924949645996,
        0.3499999940395355
      ],
      "x": 97,
      "pixel_coords": [
        111,
        168,
        8.967894554138184
      ],
      "material": "rubber",
      "size": "small",
      "width": 28,
      "height": 28,
      "color": "brown",
      "y": 154,
      "shape": "sphere",
      "rotation": 314.08447605882884
    }
  ]
}