{
  "image_filename": "CLEVR_new_000425.png",
  "directions": {
    "above": [
      0.0,
      0.0,
      1.0
    ],
    "behind": [
      -0.754490315914154,
      0.6563112735748291,
      0.0
    ],
    "left": [
      -0.6563112735748291,
      -0.7544902563095093,
      0.0
    ],
    "below": [
      -0.0,
      -0.0,
      -1.0
    ],
    "right": [
      0.6563112735748291,
      0.7544902563095093,
      -0.0
    ],
    "front": [
      0.754490315914154,
      -0.6563112735748291,
      -0.0
    ]
  },
  "relationships": {
    "left": [
      [
        2,
        3,
        4,
        5,
        6,
        7,
        8,
        9
      ],
      [
        0,
        2,
        3,
        4,
        5,
        6,
        7,
        8,
        9
      ],
      [
        3,
        6,
        7,
        8
      ],
      [
        7,
        8
      ],
      [
        2,
        3,
        5,
        6,
        7,
        8,
        9
      ],
      [
        2,
        3,
        6,
        7,
        8
      ],
      [
        3,
        7,
        8
      ],
      [
        8
      ],
      [],
      [
        2,
        3,
        5,
        6,
        7,
        8
      ]
    ],
    "front": [
      [
        1,
        3,
        4,
        6,
        7,
        8,
        9
      ],
      [
        3,
        4,
        6,
        7,
        9
      ],
      [
        0,
        1,
        3,
        4,
        6,
        7,
        8,
        9
      ],
      [
        6,
        9
      ],
      [
        3,
        6,
        9
      ],
      [
        0,
        1,
        2,
        3,
        4,
        6,
        7,
        8,
        9
      ],
      [],
      [
        3,
        4,
        6,
        9
      ],
      [
        1,
        3,
        4,
        6,
        7,
        9
      ],
      [
        6
      ]
    ],
    "right": [
      [
        1
      ],
      [],
      [
        0,
        1,
        4,
        5,
        9
      ],
      [
        0,
        1,
        2,
        4,
        5,
        6,
        9
      ],
      [
        0,
        1
      ],
      [
        0,
        1,
        4,
        9
      ],
      [
        0,
        1,
        2,
        4,
        5,
        9
      ],
      [
        0,
        1,
        2,
        3,
        4,
        5,
        6,
        9
      ],
      [
        0,
        1,
        2,
        3,
        4,
        5,
        6,
        7,
        9
      ],
      [
        0,
        1,
        4
      ]
    ],
    "behind": [
      [
        2,
        5
      ],
      [
        0,
        2,
        5,
        8
      ],
      [
        5
      ],
      [
        0,
        1,
        2,
        4,
        5,
        7,
        8
      ],
      [
        0,
        1,
        2,
        5,
        7,
        8
      ],
      [],
      [
        0,
        1,
        2,
        3,
        4,
        5,
        7,
        8,
        9
      ],
      [
        0,
        1,
        2,
        5,
        8
      ],
      [
        0,
        2,
        5
      ],
      [
        0,
        1,
        2,
        3,
        4,
        5,
        7,
        8
      ]
    ]
  },
  "split": "new",
  "image_index": 425,
  "objects": [
    {
      "3d_coords": [
        1.0600831508636475,
        2.7982590198516846,
        0.3499999940395355
      ],
      "x": 226,
      "pixel_coords": [
        240,
        97,
        12.151632308959961
      ],
      "material": "metal",
      "size": "small",
      "width": 29,
      "height": 27,
      "color": "red",
      "y": 84,
      "shape": "cube",
      "rotation": 312.41886753818494
    },
    {
      "3d_coords": [
        2.4965627193450928,
        2.417583703994751,
        0.3499999940395355
      ],
      "x": 259,
      "pixel_coords": [
        271,
        113,
        10.960183143615723
      ],
      "material": "metal",
      "size": "small",
      "width": 23,
      "height": 22,
      "color": "brown",
      "y": 102,
      "shape": "sphere",
      "rotation": 37.51444396766375
    },
    {
      "3d_coords": [
        -2.0625314712524414,
        1.502699375152588,
        0.699999988079071
      ],
      "x": 134,
      "pixel_coords": [
        153,
        74,
        13.312187194824219
      ],
      "material": "rubber",
      "size": "large",
      "width": 38,
      "height": 46,
      "color": "blue",
      "y": 52,
      "shape": "cylinder",
      "rotation": 197.99238072294438
    },
    {
      "3d_coords": [
        0.5185571908950806,
        -2.4584262371063232,
        0.3499999940395355
      ],
      "x": 91,
      "pixel_coords": [
        105,
        141,
        9.352209091186523
      ],
      "material": "metal",
      "size": "small",
      "width": 27,
      "height": 26,
      "color": "green",
      "y": 128,
      "shape": "sphere",
      "rotation": 54.7837840403324
    },
    {
      "3d_coords": [
        2.2805862426757812,
        0.24631865322589874,
        0.699999988079071
      ],
      "x": 189,
      "pixel_coords": [
        222,
        121,
        9.646482467651367
      ],
      "material": "metal",
      "size": "large",
      "width": 71,
      "height": 70,
      "color": "green",
      "y": 88,
      "shape": "cube",
      "rotation": 139.4690080676088
    },
    {
      "3d_coords": [
        -2.969902515411377,
        2.9175045490264893,
        0.699999988079071
      ],
      "x": 143,
      "pixel_coords": [
        164,
        62,
        14.771228790283203
      ],
      "material": "metal",
      "size": "large",
      "width": 42,
      "height": 42,
      "color": "cyan",
      "y": 42,
      "shape": "cube",
      "rotation": 212.52166537708354
    },
    {
      "3d_coords": [
        2.00909686088562,
        -2.619879722595215,
        0.3499999940395355
      ],
      "x": 114,
      "pixel_coords": [
        134,
        166,
        8.256416320800781
      ],
      "material": "rubber",
      "size": "small",
      "width": 40,
      "height": 44,
      "color": "gray",
      "y": 145,
      "shape": "cube",
      "rotation": 55.28659331593554
    },
    {
      "3d_coords": [
        -0.8764334917068481,
        -2.080841302871704,
        0.3499999940395355
      ],
      "x": 76,
      "pixel_coords": [
        89,
        120,
        10.514001846313477
      ],
      "material": "rubber",
      "size": "small",
      "width": 26,
      "height": 31,
      "color": "green",
      "y": 105,
      "shape": "cylinder",
      "rotation": 68.74011651596749
    },
    {
      "3d_coords": [
        -2.640925645828247,
        -2.5239033699035645,
        0.3499999940395355
      ],
      "x": 36,
      "pixel_coords": [
        48,
        107,
        11.4296875
      ],
      "material": "rubber",
      "size": "small",
      "width": 25,
      "height": 28,
      "color": "cyan",
      "y": 93,
      "shape": "cylinder",
      "rotation": 150.29123365726002
    },
    {
      "3d_coords": [
        2.424211025238037,
        -1.213813304901123,
        0.3499999940395355
      ],
      "x": 170,
      "pixel_coords": [
        188,
        153,
        8.82413101196289
      ],
      "material": "rubber",
      "size": "small",
      "width": 38,
      "height": 41,
      "color": "red",
      "y": 133,
      "shape": "cube",
      "rotation": 329.8346982695991
    }
  ]
}