{
  "image_filename": "CLEVR_new_000291.png",
  "directions": {
    "above": [
      0.0,
      0.0,
      1.0
    ],
    "behind": [
      -0.754490315914154,
      0.6563112735748291,
      0.0
    ],
    "left": [
      -0.6563112735748291,
      -0.7544902563095093,
      0.0
    ],
    "below": [
      -0.0,
      -0.0,
      -1.0
    ],
    "right": [
      0.6563112735748291,
      0.7544902563095093,
      -0.0
    ],
    "front": [
      0.754490315914154,
      -0.6563112735748291,
      -0.0
    ]
  },
  "relationships": {
    "left": [
      [
        2
      ],
      [
        0,
        2
      ],
      [],
      [
        0,
        1,
        2
      ],
      [
        0,
        1,
        2,
        3,
        5,
        6
      ],
      [
        0,
        1,
        2,
        3,
        6
      ],
      [
        0,
        1,
        2,
        3
      ]
    ],
    "front": [
      [
        1,
        2,
        5,
        6
      ],
      [],
      [
        1
      ],
      [
        0,
        1,
        2,
        4,
        5,
        6
      ],
      [
        0,
        1,
        2,
        5,
        6
      ],
      [
        1,
        2
      ],
      [
        1,
        2,
        5
      ]
    ],
    "right": [
      [
        1,
        3,
        4,
        5,
        6
      ],
      [
        3,
        4,
        5,
        6
      ],
      [
        0,
        1,
        3,
        4,
        5,
        6
      ],
      [
        4,
        5,
        6
      ],
      [],
      [
        4
      ],
      [
        4,
        5
      ]
    ],
    "behind": [
      [
        3,
        4
      ],
      [
        0,
        2,
        3,
        4,
        5,
        6
      ],
      [
        0,
        3,
        4,
        5,
        6
      ],
      [],
      [
        3
      ],
      [
        0,
        3,
        4,
        6
      ],
      [
        0,
        3,
        4
      ]
    ]
  },
  "split": "new",
  "image_index": 291,
  "objects": [
    {
      "3d_coords": [
        -0.9795308113098145,
        -0.6593500375747681,
        0.3499999940395355
      ],
      "x": 113,
      "pixel_coords": [
        125,
        107,
        11.425769805908203
      ],
      "material": "metal",
      "size": "small",
      "width": 22,
      "height": 28,
      "color": "red",
      "y": 93,
      "shape": "cylinder",
      "rotation": 206.9884769813309
    },
    {
      "3d_coords": [
        1.7199742794036865,
        -2.0347812175750732,
        0.3499999940395355
      ],
      "x": 133,
      "pixel_coords": [
        147,
        156,
        8.842857360839844
      ],
      "material": "rubber",
      "size": "small",
      "width": 28,
      "height": 38,
      "color": "yellow",
      "y": 138,
      "shape": "cylinder",
      "rotation": 265.2541852015023
    },
    {
      "3d_coords": [
        -0.17555828392505646,
        -2.7675838470458984,
        0.699999988079071
      ],
      "x": 54,
      "pixel_coords": [
        81,
        127,
        9.471759796142578
      ],
      "material": "rubber",
      "size": "large",
      "width": 53,
      "height": 52,
      "color": "gray",
      "y": 101,
      "shape": "sphere",
      "rotation": 89.53860406921122
    },
    {
      "3d_coords": [
        -1.2040623426437378,
        1.479453206062317,
        0.699999988079071
      ],
      "x": 148,
      "pixel_coords": [
        167,
        79,
        12.696891784667969
      ],
      "material": "rubber",
      "size": "large",
      "width": 40,
      "height": 50,
      "color": "cyan",
      "y": 55,
      "shape": "cylinder",
      "rotation": 323.09567838051737
    },
    {
      "3d_coords": [
        1.3084368705749512,
        2.9996590614318848,
        0.699999988079071
      ],
      "x": 229,
      "pixel_coords": [
        250,
        87,
        11.9785737991333
      ],
      "material": "metal",
      "size": "large",
      "width": 42,
      "height": 41,
      "color": "brown",
      "y": 67,
      "shape": "sphere",
      "rotation": 203.38283687972998
    },
    {
      "3d_coords": [
        2.0999960899353027,
        1.150448203086853,
        0.699999988079071
      ],
      "x": 213,
      "pixel_coords": [
        237,
        111,
        10.350846290588379
      ],
      "material": "rubber",
      "size": "large",
      "width": 49,
      "height": 47,
      "color": "purple",
      "y": 87,
      "shape": "sphere",
      "rotation": 237.58131249007397
    },
    {
      "3d_coords": [
        0.6680571436882019,
        0.5697115063667297,
        0.3499999940395355
      ],
      "x": 176,
      "pixel_coords": [
        188,
        112,
        11.094486236572266
      ],
      "material": "rubber",
      "size": "small",
      "width": 23,
      "height": 29,
      "color": "red",
      "y": 97,
      "shape": "cylinder",
      "rotation": 78.16260925020423
    }
  ]
}