{
  "image_filename": "CLEVR_new_000489.png",
  "directions": {
    "above": [
      0.0,
      0.0,
      1.0
    ],
    "behind": [
      -0.754490315914154,
      0.6563112735748291,
      0.0
    ],
    "left": [
      -0.6563112735748291,
      -0.7544902563095093,
      0.0
    ],
    "below": [
      -0.0,
      -0.0,
      -1.0
    ],
    "right": [
      0.6563112735748291,
      0.7544902563095093,
      -0.0
    ],
    "front": [
      0.754490315914154,
      -0.6563112735748291,
      -0.0
    ]
  },
  "relationships": {
    "left": [
      [],
      [
        0
      ],
      [
        0,
        1,
        4
      ],
      [
        0,
        1,
        2,
        4
      ],
      [
        0,
        1
      ]
    ],
    "front": [
      [
        1,
        3,
        4
      ],
      [],
      [
        0,
        1,
        3,
        4
      ],
      [
        1,
        4
      ],
      [
        1
      ]
    ],
    "right": [
      [
        1,
        2,
        3,
        4
      ],
      [
        2,
        3,
        4
      ],
      [
        3
      ],
      [],
      [
        2,
        3
      ]
    ],
    "behind": [
      [
        2
      ],
      [
        0,
        2,
        3,
        4
      ],
      [],
      [
        0,
        2
      ],
      [
        0,
        2,
        3
      ]
    ]
  },
  "split": "new",
  "image_index": 489,
  "objects": [
    {
      "3d_coords": [
        -1.8708001375198364,
        0.4112185537815094,
        0.3499999940395355
      ],
      "x": 121,
      "pixel_coords": [
        135,
        89,
        12.33976936340332
      ],
      "material": "metal",
      "size": "small",
      "width": 27,
      "height": 27,
      "color": "red",
      "y": 75,
      "shape": "cube",
      "rotation": 248.56746324068786
    },
    {
      "3d_coords": [
        1.1887556314468384,
        -1.2341629266738892,
        0.699999988079071
      ],
      "x": 126,
      "pixel_coords": [
        153,
        127,
        9.165614128112793
      ],
      "material": "metal",
      "size": "large",
      "width": 54,
      "height": 54,
      "color": "gray",
      "y": 100,
      "shape": "sphere",
      "rotation": 49.645503574522216
    },
    {
      "3d_coords": [
        -0.7908156514167786,
        2.7737929821014404,
        0.699999988079071
      ],
      "x": 185,
      "pixel_coords": [
        204,
        73,
        12.786398887634277
      ],
      "material": "rubber",
      "size": "large",
      "width": 39,
      "height": 39,
      "color": "gray",
      "y": 53,
      "shape": "sphere",
      "rotation": 209.7891475618796
    },
    {
      "3d_coords": [
        1.021478533744812,
        2.891583204269409,
        0.3499999940395355
      ],
      "x": 235,
      "pixel_coords": [
        245,
        96,
        11.786309242248535
      ],
      "material": "metal",
      "size": "small",
      "width": 21,
      "height": 21,
      "color": "red",
      "y": 86,
      "shape": "sphere",
      "rotation": 142.94784244684507
    },
    {
      "3d_coords": [
        -0.17833875119686127,
        0.6167847514152527,
        0.699999988079071
      ],
      "x": 149,
      "pixel_coords": [
        171,
        93,
        11.145112037658691
      ],
      "material": "rubber",
      "size": "large",
      "width": 45,
      "height": 57,
      "color": "red",
      "y": 65,
      "shape": "cylinder",
      "rotation": 214.7506096165754
    }
  ]
}