{
  "image_filename": "CLEVR_new_000614.png",
  "directions": {
    "above": [
      0.0,
      0.0,
      1.0
    ],
    "behind": [
      -0.754490315914154,
      0.6563112735748291,
      0.0
    ],
    "left": [
      -0.6563112735748291,
      -0.7544902563095093,
      0.0
    ],
    "below": [
      -0.0,
      -0.0,
      -1.0
    ],
    "right": [
      0.6563112735748291,
      0.7544902563095093,
      -0.0
    ],
    "front": [
      0.754490315914154,
      -0.6563112735748291,
      -0.0
    ]
  },
  "relationships": {
    "left": [
      [
        2
      ],
      [
        0,
        2
      ],
      [],
      [
        0,
        1,
        2
      ]
    ],
    "front": [
      [],
      [
        0
      ],
      [
        0,
        1,
        3
      ],
      [
        0,
        1
      ]
    ],
    "right": [
      [
        1,
        3
      ],
      [
        3
      ],
      [
        0,
        1,
        3
      ],
      []
    ],
    "behind": [
      [
        1,
        2,
        3
      ],
      [
        2,
        3
      ],
      [],
      [
        2
      ]
    ]
  },
  "split": "new",
  "image_index": 614,
  "objects": [
    {
      "3d_coords": [
        1.1117199659347534,
        -2.6850221157073975,
        0.699999988079071
      ],
      "x": 79,
      "pixel_coords": [
        108,
        142,
        8.53064250946045
      ],
      "material": "metal",
      "size": "large",
      "width": 58,
      "height": 58,
      "color": "gray",
      "y": 113,
      "shape": "sphere",
      "rotation": 244.5755870814263
    },
    {
      "3d_coords": [
        2.4856534004211426,
        -0.15046240389347076,
        0.699999988079071
      ],
      "x": 188,
      "pixel_coords": [
        219,
        129,
        9.120692253112793
      ],
      "material": "metal",
      "size": "large",
      "width": 61,
      "height": 73,
      "color": "brown",
      "y": 94,
      "shape": "cube",
      "rotation": 132.56424301813573
    },
    {
      "3d_coords": [
        -2.397484540939331,
        -1.71318519115448,
        0.3499999940395355
      ],
      "x": 61,
      "pixel_coords": [
        73,
        102,
        11.616623878479004
      ],
      "material": "rubber",
      "size": "small",
      "width": 24,
      "height": 27,
      "color": "green",
      "y": 88,
      "shape": "cylinder",
      "rotation": 335.63745030770224
    },
    {
      "3d_coords": [
        2.1834278106689453,
        1.7854251861572266,
        0.3499999940395355
      ],
      "x": 236,
      "pixel_coords": [
        252,
        116,
        10.63199234008789
      ],
      "material": "metal",
      "size": "small",
      "width": 33,
      "height": 31,
      "color": "gray",
      "y": 101,
      "shape": "cube",
      "rotation": 137.76897156634462
    }
  ]
}