{
  "image_filename": "CLEVR_new_000315.png",
  "directions": {
    "above": [
      0.0,
      0.0,
      1.0
    ],
    "behind": [
      -0.754490315914154,
      0.6563112735748291,
      0.0
    ],
    "left": [
      -0.6563112735748291,
      -0.7544902563095093,
      0.0
    ],
    "below": [
      -0.0,
      -0.0,
      -1.0
    ],
    "right": [
      0.6563112735748291,
      0.7544902563095093,
      -0.0
    ],
    "front": [
      0.754490315914154,
      -0.6563112735748291,
      -0.0
    ]
  },
  "relationships": {
    "left": [
      [],
      [
        0
      ],
      [
        0,
        1
      ],
      [
        0,
        1,
        2
      ]
    ],
    "front": [
      [
        1,
        2,
        3
      ],
      [],
      [
        1,
        3
      ],
      [
        1
      ]
    ],
    "right": [
      [
        1,
        2,
        3
      ],
      [
        2,
        3
      ],
      [
        3
      ],
      []
    ],
    "behind": [
      [],
      [
        0,
        2,
        3
      ],
      [
        0
      ],
      [
        0,
        2
      ]
    ]
  },
  "split": "new",
  "image_index": 315,
  "objects": [
    {
      "3d_coords": [
        -2.625498056411743,
        0.39861199259757996,
        0.699999988079071
      ],
      "x": 104,
      "pixel_coords": [
        123,
        75,
        12.76783275604248
      ],
      "material": "rubber",
      "size": "large",
      "width": 39,
      "height": 39,
      "color": "blue",
      "y": 55,
      "shape": "sphere",
      "rotation": 327.62111325182786
    },
    {
      "3d_coords": [
        2.321800470352173,
        -2.062197685241699,
        0.699999988079071
      ],
      "x": 119,
      "pixel_coords": [
        153,
        153,
        7.9246954917907715
      ],
      "material": "metal",
      "size": "large",
      "width": 68,
      "height": 82,
      "color": "yellow",
      "y": 113,
      "shape": "cube",
      "rotation": 35.48652731299621
    },
    {
      "3d_coords": [
        -0.3126911520957947,
        2.3294904232025146,
        0.699999988079071
      ],
      "x": 179,
      "pixel_coords": [
        206,
        81,
        12.234735488891602
      ],
      "material": "rubber",
      "size": "large",
      "width": 55,
      "height": 54,
      "color": "blue",
      "y": 55,
      "shape": "cube",
      "rotation": 122.75072242333071
    },
    {
      "3d_coords": [
        2.5240535736083984,
        1.0407930612564087,
        0.3499999940395355
      ],
      "x": 233,
      "pixel_coords": [
        246,
        130,
        9.681017875671387
      ],
      "material": "metal",
      "size": "small",
      "width": 29,
      "height": 34,
      "color": "blue",
      "y": 113,
      "shape": "cylinder",
      "rotation": 334.2166222883565
    }
  ]
}