{
  "image_filename": "CLEVR_new_000171.png",
  "directions": {
    "above": [
      0.0,
      0.0,
      1.0
    ],
    "behind": [
      -0.754490315914154,
      0.6563112735748291,
      0.0
    ],
    "left": [
      -0.6563112735748291,
      -0.7544902563095093,
      0.0
    ],
    "below": [
      -0.0,
      -0.0,
      -1.0
    ],
    "right": [
      0.6563112735748291,
      0.7544902563095093,
      -0.0
    ],
    "front": [
      0.754490315914154,
      -0.6563112735748291,
      -0.0
    ]
  },
  "relationships": {
    "left": [
      [
        3,
        4
      ],
      [
        0,
        3,
        4
      ],
      [
        0,
        1,
        3,
        4
      ],
      [],
      [
        3
      ]
    ],
    "front": [
      [
        1,
        2,
        3,
        4
      ],
      [],
      [
        1
      ],
      [
        1,
        2
      ],
      [
        1,
        2,
        3
      ]
    ],
    "right": [
      [
        1,
        2
      ],
      [
        2
      ],
      [],
      [
        0,
        1,
        2,
        4
      ],
      [
        0,
        1,
        2
      ]
    ],
    "behind": [
      [],
      [
        0,
        2,
        3,
        4
      ],
      [
        0,
        3,
        4
      ],
      [
        0,
        4
      ],
      [
        0
      ]
    ]
  },
  "split": "new",
  "image_index": 171,
  "objects": [
    {
      "3d_coords": [
        -1.8578373193740845,
        1.6833606958389282,
        0.699999988079071
      ],
      "x": 141,
      "pixel_coords": [
        159,
        72,
        13.189807891845703
      ],
      "material": "metal",
      "size": "large",
      "width": 37,
      "height": 38,
      "color": "green",
      "y": 53,
      "shape": "sphere",
      "rotation": 6.640701593345475
    },
    {
      "3d_coords": [
        2.3050873279571533,
        0.04920702800154686,
        0.3499999940395355
      ],
      "x": 201,
      "pixel_coords": [
        218,
        138,
        9.707965850830078
      ],
      "material": "metal",
      "size": "small",
      "width": 34,
      "height": 37,
      "color": "cyan",
      "y": 119,
      "shape": "cube",
      "rotation": 17.515528743031034
    },
    {
      "3d_coords": [
        1.6650278568267822,
        1.911298155784607,
        0.3499999940395355
      ],
      "x": 228,
      "pixel_coords": [
        239,
        109,
        11.229424476623535
      ],
      "material": "metal",
      "size": "small",
      "width": 22,
      "height": 22,
      "color": "red",
      "y": 98,
      "shape": "sphere",
      "rotation": 144.46054802591874
    },
    {
      "3d_coords": [
        -2.0107951164245605,
        -1.3547464609146118,
        0.3499999940395355
      ],
      "x": 78,
      "pixel_coords": [
        89,
        103,
        11.645469665527344
      ],
      "material": "rubber",
      "size": "small",
      "width": 21,
      "height": 21,
      "color": "purple",
      "y": 92,
      "shape": "sphere",
      "rotation": 222.34249976165512
    },
    {
      "3d_coords": [
        -2.57157039642334,
        -0.12498951703310013,
        0.699999988079071
      ],
      "x": 87,
      "pixel_coords": [
        109,
        79,
        12.570652961730957
      ],
      "material": "metal",
      "size": "large",
      "width": 44,
      "height": 51,
      "color": "purple",
      "y": 54,
      "shape": "cube",
      "rotation": 88.98662906064632
    }
  ]
}