{
  "image_filename": "CLEVR_new_000520.png",
  "directions": {
    "above": [
      0.0,
      0.0,
      1.0
    ],
    "behind": [
      -0.754490315914154,
      0.6563112735748291,
      0.0
    ],
    "left": [
      -0.6563112735748291,
      -0.7544902563095093,
      0.0
    ],
    "below": [
      -0.0,
      -0.0,
      -1.0
    ],
    "right": [
      0.6563112735748291,
      0.7544902563095093,
      -0.0
    ],
    "front": [
      0.754490315914154,
      -0.6563112735748291,
      -0.0
    ]
  },
  "relationships": {
    "left": [
      [
        1,
        2,
        3,
        4,
        5,
        6,
        7,
        8
      ],
      [
        5,
        6,
        7,
        8
      ],
      [
        1,
        3,
        4,
        5,
        6,
        7,
        8
      ],
      [
        1,
        4,
        5,
        6,
        7,
        8
      ],
      [
        1,
        5,
        6,
        7,
        8
      ],
      [
        6,
        7,
        8
      ],
      [],
      [
        6
      ],
      [
        6,
        7
      ]
    ],
    "front": [
      [
        1,
        4,
        8
      ],
      [
        4,
        8
      ],
      [
        0,
        1,
        4,
        6,
        7,
        8
      ],
      [
        0,
        1,
        2,
        4,
        5,
        6,
        7,
        8
      ],
      [],
      [
        0,
        1,
        2,
        4,
        6,
        7,
        8
      ],
      [
        0,
        1,
        4,
        7,
        8
      ],
      [
        0,
        1,
        4,
        8
      ],
      [
        4
      ]
    ],
    "right": [
      [],
      [
        0,
        2,
        3,
        4
      ],
      [
        0
      ],
      [
        0,
        2
      ],
      [
        0,
        2,
        3
      ],
      [
        0,
        1,
        2,
        3,
        4
      ],
      [
        0,
        1,
        2,
        3,
        4,
        5,
        7,
        8
      ],
      [
        0,
        1,
        2,
        3,
        4,
        5,
        8
      ],
      [
        0,
        1,
        2,
        3,
        4,
        5
      ]
    ],
    "behind": [
      [
        2,
        3,
        5,
        6,
        7
      ],
      [
        0,
        2,
        3,
        5,
        6,
        7
      ],
      [
        3,
        5
      ],
      [],
      [
        0,
        1,
        2,
        3,
        5,
        6,
        7,
        8
      ],
      [
        3
      ],
      [
        2,
        3,
        5
      ],
      [
        2,
        3,
        5,
        6
      ],
      [
        0,
        1,
        2,
        3,
        5,
        6,
        7
      ]
    ]
  },
  "split": "new",
  "image_index": 520,
  "objects": [
    {
      "3d_coords": [
        1.6270896196365356,
        0.6761869192123413,
        0.3499999940395355
      ],
      "x": 200,
      "pixel_coords": [
        213,
        121,
        10.546211242675781
      ],
      "material": "metal",
      "size": "small",
      "width": 25,
      "height": 31,
      "color": "cyan",
      "y": 106,
      "shape": "cylinder",
      "rotation": 53.15169404082282
    },
    {
      "3d_coords": [
        0.3509652316570282,
        -1.4453492164611816,
        0.699999988079071
      ],
      "x": 104,
      "pixel_coords": [
        130,
        118,
        9.974485397338867
      ],
      "material": "rubber",
      "size": "large",
      "width": 51,
      "height": 65,
      "color": "red",
      "y": 86,
      "shape": "cylinder",
      "rotation": 111.9652086878662
    },
    {
      "3d_coords": [
        0.07897846400737762,
        1.3119696378707886,
        0.699999988079071
      ],
      "x": 170,
      "pixel_coords": [
        191,
        90,
        11.784500122070312
      ],
      "material": "metal",
      "size": "large",
      "width": 43,
      "height": 54,
      "color": "red",
      "y": 64,
      "shape": "cylinder",
      "rotation": 88.24867664969423
    },
    {
      "3d_coords": [
        -1.5433647632598877,
        1.8226697444915771,
        0.699999988079071
      ],
      "x": 150,
      "pixel_coords": [
        169,
        74,
        13.159475326538086
      ],
      "material": "metal",
      "size": "large",
      "width": 37,
      "height": 38,
      "color": "red",
      "y": 56,
      "shape": "sphere",
      "rotation": 14.279219087807874
    },
    {
      "3d_coords": [
        2.849849224090576,
        -2.750394105911255,
        0.699999988079071
      ],
      "x": 119,
      "pixel_coords": [
        153,
        176,
        7.550134658813477
      ],
      "material": "metal",
      "size": "large",
      "width": 68,
      "height": 91,
      "color": "red",
      "y": 132,
      "shape": "cylinder",
      "rotation": 159.01093687863522
    },
    {
      "3d_coords": [
        -1.9822584390640259,
        -0.4198865592479706,
        0.699999988079071
      ],
      "x": 84,
      "pixel_coords": [
        113,
        86,
        12.123976707458496
      ],
      "material": "metal",
      "size": "large",
      "width": 56,
      "height": 56,
      "color": "blue",
      "y": 59,
      "shape": "cube",
      "rotation": 158.6916612902388
    },
    {
      "3d_coords": [
        -2.937124729156494,
        -2.8451642990112305,
        0.699999988079071
      ],
      "x": 10,
      "pixel_coords": [
        34,
        97,
        11.321727752685547
      ],
      "material": "rubber",
      "size": "large",
      "width": 46,
      "height": 43,
      "color": "yellow",
      "y": 75,
      "shape": "sphere",
      "rotation": 278.351926830108
    },
    {
      "3d_coords": [
        -1.6439745426177979,
        -2.3851311206817627,
        0.3499999940395355
      ],
      "x": 56,
      "pixel_coords": [
        68,
        115,
        10.899917602539062
      ],
      "material": "metal",
      "size": "small",
      "width": 23,
      "height": 22,
      "color": "purple",
      "y": 104,
      "shape": "sphere",
      "rotation": 59.63370684538668
    },
    {
      "3d_coords": [
        0.09600193798542023,
        -2.8127493858337402,
        0.3499999940395355
      ],
      "x": 72,
      "pixel_coords": [
        85,
        142,
        9.496255874633789
      ],
      "material": "rubber",
      "size": "small",
      "width": 26,
      "height": 26,
      "color": "brown",
      "y": 129,
      "shape": "sphere",
      "rotation": 63.08191910674954
    }
  ]
}