{
  "image_filename": "CLEVR_new_000208.png",
  "directions": {
    "above": [
      0.0,
      0.0,
      1.0
    ],
    "behind": [
      -0.754490315914154,
      0.6563112735748291,
      0.0
    ],
    "left": [
      -0.6563112735748291,
      -0.7544902563095093,
      0.0
    ],
    "below": [
      -0.0,
      -0.0,
      -1.0
    ],
    "right": [
      0.6563112735748291,
      0.7544902563095093,
      -0.0
    ],
    "front": [
      0.754490315914154,
      -0.6563112735748291,
      -0.0
    ]
  },
  "relationships": {
    "left": [
      [
        2
      ],
      [
        0,
        2,
        3,
        4,
        5,
        6
      ],
      [],
      [
        0,
        2
      ],
      [
        0,
        2,
        3,
        6
      ],
      [
        0,
        2,
        3,
        4,
        6
      ],
      [
        0,
        2,
        3
      ]
    ],
    "front": [
      [
        1,
        2,
        4,
        5,
        6
      ],
      [
        2,
        5,
        6
      ],
      [
        5,
        6
      ],
      [
        0,
        1,
        2,
        4,
        5,
        6
      ],
      [
        1,
        2,
        5,
        6
      ],
      [
        6
      ],
      []
    ],
    "right": [
      [
        1,
        3,
        4,
        5,
        6
      ],
      [],
      [
        0,
        1,
        3,
        4,
        5,
        6
      ],
      [
        1,
        4,
        5,
        6
      ],
      [
        1,
        5
      ],
      [
        1
      ],
      [
        1,
        4,
        5
      ]
    ],
    "behind": [
      [
        3
      ],
      [
        0,
        3,
        4
      ],
      [
        0,
        1,
        3,
        4
      ],
      [],
      [
        0,
        3
      ],
      [
        0,
        1,
        2,
        3,
        4
      ],
      [
        0,
        1,
        2,
        3,
        4,
        5
      ]
    ]
  },
  "split": "new",
  "image_index": 208,
  "objects": [
    {
      "3d_coords": [
        -2.472309112548828,
        0.21025574207305908,
        0.3499999940395355
      ],
      "x": 112,
      "pixel_coords": [
        122,
        85,
        12.783709526062012
      ],
      "material": "rubber",
      "size": "small",
      "width": 19,
      "height": 19,
      "color": "green",
      "y": 75,
      "shape": "sphere",
      "rotation": 300.8011712786088
    },
    {
      "3d_coords": [
        2.0657126903533936,
        2.3865773677825928,
        0.699999988079071
      ],
      "x": 239,
      "pixel_coords": [
        263,
        101,
        10.733805656433105
      ],
      "material": "rubber",
      "size": "large",
      "width": 48,
      "height": 46,
      "color": "cyan",
      "y": 78,
      "shape": "sphere",
      "rotation": 221.61414006696765
    },
    {
      "3d_coords": [
        -1.4275192022323608,
        -2.5223543643951416,
        0.3499999940395355
      ],
      "x": 53,
      "pixel_coords": [
        65,
        118,
        10.55604076385498
      ],
      "material": "rubber",
      "size": "small",
      "width": 24,
      "height": 23,
      "color": "purple",
      "y": 106,
      "shape": "sphere",
      "rotation": 323.94637210362083
    },
    {
      "3d_coords": [
        -2.939746856689453,
        1.8617618083953857,
        0.699999988079071
      ],
      "x": 131,
      "pixel_coords": [
        150,
        63,
        13.851086616516113
      ],
      "material": "metal",
      "size": "large",
      "width": 36,
      "height": 45,
      "color": "purple",
      "y": 41,
      "shape": "cylinder",
      "rotation": 200.9686975699052
    },
    {
      "3d_coords": [
        0.06517820805311203,
        1.0119425058364868,
        0.699999988079071
      ],
      "x": 164,
      "pixel_coords": [
        185,
        92,
        11.333344459533691
      ],
      "material": "rubber",
      "size": "large",
      "width": 43,
      "height": 43,
      "color": "green",
      "y": 71,
      "shape": "sphere",
      "rotation": 338.93872930895566
    },
    {
      "3d_coords": [
        2.31977915763855,
        0.1911994367837906,
        0.699999988079071
      ],
      "x": 194,
      "pixel_coords": [
        220,
        127,
        9.342671394348145
      ],
      "material": "metal",
      "size": "large",
      "width": 53,
      "height": 53,
      "color": "green",
      "y": 101,
      "shape": "sphere",
      "rotation": 75.358672127227
    },
    {
      "3d_coords": [
        2.2778666019439697,
        -1.824027419090271,
        0.699999988079071
      ],
      "x": 127,
      "pixel_coords": [
        161,
        153,
        8.253042221069336
      ],
      "material": "rubber",
      "size": "large",
      "width": 71,
      "height": 84,
      "color": "purple",
      "y": 113,
      "shape": "cube",
      "rotation": 27.814109133526095
    }
  ]
}