{
  "image_filename": "CLEVR_new_000532.png",
  "directions": {
    "above": [
      0.0,
      0.0,
      1.0
    ],
    "behind": [
      -0.754490315914154,
      0.6563112735748291,
      0.0
    ],
    "left": [
      -0.6563112735748291,
      -0.7544902563095093,
      0.0
    ],
    "below": [
      -0.0,
      -0.0,
      -1.0
    ],
    "right": [
      0.6563112735748291,
      0.7544902563095093,
      -0.0
    ],
    "front": [
      0.754490315914154,
      -0.6563112735748291,
      -0.0
    ]
  },
  "relationships": {
    "left": [
      [
        1,
        2
      ],
      [],
      [
        1
      ],
      [
        0,
        1,
        2
      ]
    ],
    "front": [
      [
        3
      ],
      [
        0,
        3
      ],
      [
        0,
        1,
        3
      ],
      []
    ],
    "right": [
      [
        3
      ],
      [
        0,
        2,
        3
      ],
      [
        0,
        3
      ],
      []
    ],
    "behind": [
      [
        1,
        2
      ],
      [
        2
      ],
      [],
      [
        0,
        1,
        2
      ]
    ]
  },
  "split": "new",
  "image_index": 532,
  "objects": [
    {
      "3d_coords": [
        0.34499073028564453,
        -0.07154275476932526,
        0.3499999940395355
      ],
      "x": 154,
      "pixel_coords": [
        166,
        114,
        10.50438117980957
      ],
      "material": "metal",
      "size": "small",
      "width": 24,
      "height": 31,
      "color": "cyan",
      "y": 99,
      "shape": "cylinder",
      "rotation": 356.931821088899
    },
    {
      "3d_coords": [
        -2.9921157360076904,
        -2.9261672496795654,
        0.699999988079071
      ],
      "x": 0,
      "pixel_coords": [
        24,
        97,
        10.792013168334961
      ],
      "material": "rubber",
      "size": "large",
      "width": 48,
      "height": 46,
      "color": "red",
      "y": 74,
      "shape": "sphere",
      "rotation": 123.28071202757322
    },
    {
      "3d_coords": [
        -2.0603456497192383,
        -0.4124161899089813,
        0.699999988079071
      ],
      "x": 88,
      "pixel_coords": [
        109,
        84,
        11.693268775939941
      ],
      "material": "rubber",
      "size": "large",
      "width": 42,
      "height": 42,
      "color": "blue",
      "y": 63,
      "shape": "sphere",
      "rotation": 166.35445275247653
    },
    {
      "3d_coords": [
        2.3381433486938477,
        0.9931774139404297,
        0.3499999940395355
      ],
      "x": 225,
      "pixel_coords": [
        242,
        126,
        9.850790023803711
      ],
      "material": "rubber",
      "size": "small",
      "width": 36,
      "height": 35,
      "color": "red",
      "y": 109,
      "shape": "cube",
      "rotation": 79.78696438572847
    }
  ]
}