{
  "image_filename": "CLEVR_new_000509.png",
  "directions": {
    "above": [
      0.0,
      0.0,
      1.0
    ],
    "behind": [
      -0.754490315914154,
      0.6563112735748291,
      0.0
    ],
    "left": [
      -0.6563112735748291,
      -0.7544902563095093,
      0.0
    ],
    "below": [
      -0.0,
      -0.0,
      -1.0
    ],
    "right": [
      0.6563112735748291,
      0.7544902563095093,
      -0.0
    ],
    "front": [
      0.754490315914154,
      -0.6563112735748291,
      -0.0
    ]
  },
  "relationships": {
    "left": [
      [
        1,
        3,
        4,
        5,
        6,
        8
      ],
      [
        3,
        5,
        6,
        8
      ],
      [
        0,
        1,
        3,
        4,
        5,
        6,
        7,
        8
      ],
      [
        6
      ],
      [
        1,
        3,
        5,
        6,
        8
      ],
      [
        3,
        6,
        8
      ],
      [],
      [
        0,
        1,
        3,
        4,
        5,
        6,
        8
      ],
      [
        3,
        6
      ]
    ],
    "front": [
      [],
      [
        0,
        2,
        3,
        4,
        5,
        6,
        7,
        8
      ],
      [
        0,
        3,
        5
      ],
      [
        0,
        5
      ],
      [
        0,
        2,
        3,
        5,
        6,
        7
      ],
      [
        0
      ],
      [
        0,
        2,
        3,
        5
      ],
      [
        0,
        2,
        3,
        5,
        6
      ],
      [
        0,
        2,
        3,
        4,
        5,
        6,
        7
      ]
    ],
    "right": [
      [
        2,
        7
      ],
      [
        0,
        2,
        4,
        7
      ],
      [],
      [
        0,
        1,
        2,
        4,
        5,
        7,
        8
      ],
      [
        0,
        2,
        7
      ],
      [
        0,
        1,
        2,
        4,
        7
      ],
      [
        0,
        1,
        2,
        3,
        4,
        5,
        7,
        8
      ],
      [
        2
      ],
      [
        0,
        1,
        2,
        4,
        5,
        7
      ]
    ],
    "behind": [
      [
        1,
        2,
        3,
        4,
        5,
        6,
        7,
        8
      ],
      [],
      [
        1,
        4,
        6,
        7,
        8
      ],
      [
        1,
        2,
        4,
        6,
        7,
        8
      ],
      [
        1,
        8
      ],
      [
        1,
        2,
        3,
        4,
        6,
        7,
        8
      ],
      [
        1,
        4,
        7,
        8
      ],
      [
        1,
        4,
        8
      ],
      [
        1
      ]
    ]
  },
  "split": "new",
  "image_index": 509,
  "objects": [
    {
      "3d_coords": [
        2.9086356163024902,
        -1.1863397359848022,
        0.699999988079071
      ],
      "x": 178,
      "pixel_coords": [
        209,
        155,
        8.14743423461914
      ],
      "material": "metal",
      "size": "large",
      "width": 68,
      "height": 82,
      "color": "blue",
      "y": 115,
      "shape": "cube",
      "rotation": 281.9177388290719
    },
    {
      "3d_coords": [
        -2.31823468208313,
        1.861476182937622,
        0.3499999940395355
      ],
      "x": 142,
      "pixel_coords": [
        154,
        75,
        13.473159790039062
      ],
      "material": "metal",
      "size": "small",
      "width": 24,
      "height": 25,
      "color": "green",
      "y": 63,
      "shape": "cube",
      "rotation": 105.10518908457799
    },
    {
      "3d_coords": [
        2.3948800563812256,
        2.030708074569702,
        0.3499999940395355
      ],
      "x": 251,
      "pixel_coords": [
        263,
        115,
        10.577486991882324
      ],
      "material": "rubber",
      "size": "small",
      "width": 24,
      "height": 23,
      "color": "cyan",
      "y": 104,
      "shape": "sphere",
      "rotation": 81.06172793206073
    },
    {
      "3d_coords": [
        -0.30046311020851135,
        -2.420525312423706,
        0.699999988079071
      ],
      "x": 48,
      "pixel_coords": [
        87,
        123,
        9.446388244628906
      ],
      "material": "metal",
      "size": "large",
      "width": 75,
      "height": 75,
      "color": "red",
      "y": 87,
      "shape": "cube",
      "rotation": 88.27254715788459
    },
    {
      "3d_coords": [
        -0.9784523248672485,
        1.5048624277114868,
        0.699999988079071
      ],
      "x": 152,
      "pixel_coords": [
        172,
        78,
        12.237353324890137
      ],
      "material": "metal",
      "size": "large",
      "width": 40,
      "height": 40,
      "color": "brown",
      "y": 58,
      "shape": "sphere",
      "rotation": 315.6731780250463
    },
    {
      "3d_coords": [
        0.9300922751426697,
        -1.7210601568222046,
        0.3499999940395355
      ],
      "x": 124,
      "pixel_coords": [
        137,
        142,
        9.253640174865723
      ],
      "material": "rubber",
      "size": "small",
      "width": 27,
      "height": 27,
      "color": "blue",
      "y": 129,
      "shape": "sphere",
      "rotation": 12.193762281570129
    },
    {
      "3d_coords": [
        -2.2205371856689453,
        -2.0451977252960205,
        0.699999988079071
      ],
      "x": 39,
      "pixel_coords": [
        63,
        97,
        10.893133163452148
      ],
      "material": "metal",
      "size": "large",
      "width": 47,
      "height": 45,
      "color": "red",
      "y": 74,
      "shape": "sphere",
      "rotation": 247.29693599498515
    },
    {
      "3d_coords": [
        0.8200706243515015,
        2.0781917572021484,
        0.699999988079071
      ],
      "x": 201,
      "pixel_coords": [
        223,
        89,
        11.43820571899414
      ],
      "material": "rubber",
      "size": "large",
      "width": 47,
      "height": 56,
      "color": "gray",
      "y": 62,
      "shape": "cylinder",
      "rotation": 25.547329226188047
    },
    {
      "3d_coords": [
        -2.9204418659210205,
        0.5577032566070557,
        0.699999988079071
      ],
      "x": 89,
      "pixel_coords": [
        117,
        70,
        12.903010368347168
      ],
      "material": "rubber",
      "size": "large",
      "width": 53,
      "height": 52,
      "color": "cyan",
      "y": 45,
      "shape": "cube",
      "rotation": 198.16642942334758
    }
  ]
}