{
  "image_filename": "CLEVR_new_000211.png",
  "directions": {
    "above": [
      0.0,
      0.0,
      1.0
    ],
    "behind": [
      -0.754490315914154,
      0.6563112735748291,
      0.0
    ],
    "left": [
      -0.6563112735748291,
      -0.7544902563095093,
      0.0
    ],
    "below": [
      -0.0,
      -0.0,
      -1.0
    ],
    "right": [
      0.6563112735748291,
      0.7544902563095093,
      -0.0
    ],
    "front": [
      0.754490315914154,
      -0.6563112735748291,
      -0.0
    ]
  },
  "relationships": {
    "left": [
      [
        3,
        7
      ],
      [
        0,
        2,
        3,
        7
      ],
      [
        0,
        3,
        7
      ],
      [
        7
      ],
      [
        0,
        1,
        2,
        3,
        6,
        7
      ],
      [
        0,
        1,
        2,
        3,
        4,
        6,
        7
      ],
      [
        0,
        1,
        2,
        3,
        7
      ],
      []
    ],
    "front": [
      [
        1,
        5,
        6,
        7
      ],
      [
        6
      ],
      [
        0,
        1,
        3,
        4,
        5,
        6,
        7
      ],
      [
        0,
        1,
        4,
        5,
        6,
        7
      ],
      [
        0,
        1,
        5,
        6,
        7
      ],
      [
        1,
        6
      ],
      [],
      [
        1,
        5,
        6
      ]
    ],
    "right": [
      [
        1,
        2,
        4,
        5,
        6
      ],
      [
        4,
        5,
        6
      ],
      [
        1,
        4,
        5,
        6
      ],
      [
        0,
        1,
        2,
        4,
        5,
        6
      ],
      [
        5
      ],
      [],
      [
        4,
        5
      ],
      [
        0,
        1,
        2,
        3,
        4,
        5,
        6
      ]
    ],
    "behind": [
      [
        2,
        3,
        4
      ],
      [
        0,
        2,
        3,
        4,
        5,
        7
      ],
      [],
      [
        2
      ],
      [
        2,
        3
      ],
      [
        0,
        2,
        3,
        4,
        7
      ],
      [
        0,
        1,
        2,
        3,
        4,
        5,
        7
      ],
      [
        0,
        2,
        3,
        4
      ]
    ]
  },
  "split": "new",
  "image_index": 211,
  "objects": [
    {
      "3d_coords": [
        -1.0274639129638672,
        -0.7449427247047424,
        0.3499999940395355
      ],
      "x": 112,
      "pixel_coords": [
        123,
        107,
        11.7881498336792
      ],
      "material": "rubber",
      "size": "small",
      "width": 22,
      "height": 28,
      "color": "brown",
      "y": 93,
      "shape": "cylinder",
      "rotation": 8.578146919144451
    },
    {
      "3d_coords": [
        1.616398572921753,
        -0.6551185250282288,
        0.699999988079071
      ],
      "x": 155,
      "pixel_coords": [
        180,
        127,
        9.927377700805664
      ],
      "material": "rubber",
      "size": "large",
      "width": 50,
      "height": 49,
      "color": "red",
      "y": 102,
      "shape": "sphere",
      "rotation": 107.28957378142022
    },
    {
      "3d_coords": [
        -2.4642393589019775,
        1.6942384243011475,
        0.699999988079071
      ],
      "x": 128,
      "pixel_coords": [
        151,
        68,
        13.962854385375977
      ],
      "material": "rubber",
      "size": "large",
      "width": 46,
      "height": 48,
      "color": "yellow",
      "y": 45,
      "shape": "cube",
      "rotation": 279.41621572026605
    },
    {
      "3d_coords": [
        -2.884280204772949,
        -0.10301601141691208,
        0.699999988079071
      ],
      "x": 81,
      "pixel_coords": [
        108,
        77,
        13.209064483642578
      ],
      "material": "metal",
      "size": "large",
      "width": 52,
      "height": 51,
      "color": "brown",
      "y": 52,
      "shape": "cube",
      "rotation": 328.66575604597756
    },
    {
      "3d_coords": [
        0.7996285557746887,
        2.4139151573181152,
        0.699999988079071
      ],
      "x": 204,
      "pixel_coords": [
        227,
        89,
        12.225217819213867
      ],
      "material": "rubber",
      "size": "large",
      "width": 45,
      "height": 53,
      "color": "red",
      "y": 63,
      "shape": "cube",
      "rotation": 2.208025859278595
    },
    {
      "3d_coords": [
        2.845839500427246,
        2.3722481727600098,
        0.699999988079071
      ],
      "x": 255,
      "pixel_coords": [
        278,
        110,
        10.853249549865723
      ],
      "material": "metal",
      "size": "large",
      "width": 48,
      "height": 45,
      "color": "yellow",
      "y": 87,
      "shape": "sphere",
      "rotation": 300.5237709800635
    },
    {
      "3d_coords": [
        2.804100513458252,
        0.05171164870262146,
        0.3499999940395355
      ],
      "x": 215,
      "pixel_coords": [
        228,
        145,
        9.720643997192383
      ],
      "material": "metal",
      "size": "small",
      "width": 26,
      "height": 25,
      "color": "green",
      "y": 133,
      "shape": "sphere",
      "rotation": 42.40835673783736
    },
    {
      "3d_coords": [
        -1.9215703010559082,
        -2.466188430786133,
        0.699999988079071
      ],
      "x": 36,
      "pixel_coords": [
        63,
        104,
        11.219806671142578
      ],
      "material": "metal",
      "size": "large",
      "width": 51,
      "height": 58,
      "color": "gray",
      "y": 75,
      "shape": "cylinder",
      "rotation": 48.39850014360789
    }
  ]
}