{
  "image_filename": "CLEVR_new_000656.png",
  "directions": {
    "above": [
      0.0,
      0.0,
      1.0
    ],
    "behind": [
      -0.754490315914154,
      0.6563112735748291,
      0.0
    ],
    "left": [
      -0.6563112735748291,
      -0.7544902563095093,
      0.0
    ],
    "below": [
      -0.0,
      -0.0,
      -1.0
    ],
    "right": [
      0.6563112735748291,
      0.7544902563095093,
      -0.0
    ],
    "front": [
      0.754490315914154,
      -0.6563112735748291,
      -0.0
    ]
  },
  "relationships": {
    "left": [
      [],
      [
        0,
        2,
        3,
        4
      ],
      [
        0
      ],
      [
        0,
        2,
        4
      ],
      [
        0,
        2
      ]
    ],
    "front": [
      [
        1
      ],
      [],
      [
        0,
        1,
        3,
        4
      ],
      [
        0,
        1
      ],
      [
        0,
        1,
        3
      ]
    ],
    "right": [
      [
        1,
        2,
        3,
        4
      ],
      [],
      [
        1,
        3,
        4
      ],
      [
        1
      ],
      [
        1,
        3
      ]
    ],
    "behind": [
      [
        2,
        3,
        4
      ],
      [
        0,
        2,
        3,
        4
      ],
      [],
      [
        2,
        4
      ],
      [
        2
      ]
    ]
  },
  "split": "new",
  "image_index": 656,
  "objects": [
    {
      "3d_coords": [
        -1.7886191606521606,
        -1.3580166101455688,
        0.3499999940395355
      ],
      "x": 80,
      "pixel_coords": [
        92,
        104,
        11.327897071838379
      ],
      "material": "metal",
      "size": "small",
      "width": 24,
      "height": 29,
      "color": "cyan",
      "y": 89,
      "shape": "cylinder",
      "rotation": 95.22772004861412
    },
    {
      "3d_coords": [
        2.252640724182129,
        1.750051498413086,
        0.699999988079071
      ],
      "x": 231,
      "pixel_coords": [
        255,
        109,
        10.301054954528809
      ],
      "material": "metal",
      "size": "large",
      "width": 49,
      "height": 48,
      "color": "cyan",
      "y": 85,
      "shape": "sphere",
      "rotation": 286.20680013809016
    },
    {
      "3d_coords": [
        -2.999922037124634,
        2.89739727973938,
        0.3499999940395355
      ],
      "x": 156,
      "pixel_coords": [
        165,
        63,
        14.547595977783203
      ],
      "material": "rubber",
      "size": "small",
      "width": 17,
      "height": 17,
      "color": "yellow",
      "y": 54,
      "shape": "sphere",
      "rotation": 198.874664421878
    },
    {
      "3d_coords": [
        0.4054894745349884,
        2.3217246532440186,
        0.3499999940395355
      ],
      "x": 208,
      "pixel_coords": [
        219,
        93,
        12.004118919372559
      ],
      "material": "metal",
      "size": "small",
      "width": 21,
      "height": 20,
      "color": "yellow",
      "y": 83,
      "shape": "sphere",
      "rotation": 246.99870902996594
    },
    {
      "3d_coords": [
        -0.6644560098648071,
        2.33951735496521,
        0.3499999940395355
      ],
      "x": 186,
      "pixel_coords": [
        196,
        83,
        12.710052490234375
      ],
      "material": "metal",
      "size": "small",
      "width": 20,
      "height": 25,
      "color": "blue",
      "y": 71,
      "shape": "cylinder",
      "rotation": 354.50489486464653
    }
  ]
}