{
  "image_filename": "CLEVR_new_000605.png",
  "directions": {
    "above": [
      0.0,
      0.0,
      1.0
    ],
    "behind": [
      -0.754490315914154,
      0.6563112735748291,
      0.0
    ],
    "left": [
      -0.6563112735748291,
      -0.7544902563095093,
      0.0
    ],
    "below": [
      -0.0,
      -0.0,
      -1.0
    ],
    "right": [
      0.6563112735748291,
      0.7544902563095093,
      -0.0
    ],
    "front": [
      0.754490315914154,
      -0.6563112735748291,
      -0.0
    ]
  },
  "relationships": {
    "left": [
      [
        1,
        3,
        4,
        6
      ],
      [
        3
      ],
      [
        0,
        1,
        3,
        4,
        6
      ],
      [],
      [
        1,
        3,
        6
      ],
      [
        0,
        1,
        2,
        3,
        4,
        6
      ],
      [
        1,
        3
      ]
    ],
    "front": [
      [],
      [
        0
      ],
      [
        0,
        1,
        3,
        5,
        6
      ],
      [
        0,
        1,
        5
      ],
      [
        0,
        1,
        2,
        3,
        5,
        6
      ],
      [
        0,
        1
      ],
      [
        0,
        1,
        3,
        5
      ]
    ],
    "right": [
      [
        2,
        5
      ],
      [
        0,
        2,
        4,
        5,
        6
      ],
      [
        5
      ],
      [
        0,
        1,
        2,
        4,
        5,
        6
      ],
      [
        0,
        2,
        5
      ],
      [],
      [
        0,
        2,
        4,
        5
      ]
    ],
    "behind": [
      [
        1,
        2,
        3,
        4,
        5,
        6
      ],
      [
        2,
        3,
        4,
        5,
        6
      ],
      [
        4
      ],
      [
        2,
        4,
        6
      ],
      [],
      [
        2,
        3,
        4,
        6
      ],
      [
        2,
        4
      ]
    ]
  },
  "split": "new",
  "image_index": 605,
  "objects": [
    {
      "3d_coords": [
        1.4327893257141113,
        -1.392078161239624,
        0.3499999940395355
      ],
      "x": 137,
      "pixel_coords": [
        153,
        142,
        9.397207260131836
      ],
      "material": "metal",
      "size": "small",
      "width": 33,
      "height": 37,
      "color": "blue",
      "y": 124,
      "shape": "cube",
      "rotation": 10.689005993456014
    },
    {
      "3d_coords": [
        -1.0342025756835938,
        -2.3937325477600098,
        0.3499999940395355
      ],
      "x": 60,
      "pixel_coords": [
        77,
        120,
        10.55151081085205
      ],
      "material": "rubber",
      "size": "small",
      "width": 31,
      "height": 31,
      "color": "purple",
      "y": 105,
      "shape": "cube",
      "rotation": 107.55276173294763
    },
    {
      "3d_coords": [
        -0.6018223166465759,
        2.402895212173462,
        0.3499999940395355
      ],
      "x": 191,
      "pixel_coords": [
        201,
        87,
        12.923409461975098
      ],
      "material": "rubber",
      "size": "small",
      "width": 20,
      "height": 24,
      "color": "purple",
      "y": 75,
      "shape": "cylinder",
      "rotation": 218.99665991977454
    },
    {
      "3d_coords": [
        -2.968278646469116,
        -1.8659690618515015,
        0.3499999940395355
      ],
      "x": 53,
      "pixel_coords": [
        65,
        96,
        12.187905311584473
      ],
      "material": "metal",
      "size": "small",
      "width": 23,
      "height": 26,
      "color": "purple",
      "y": 83,
      "shape": "cylinder",
      "rotation": 134.7690141733719
    },
    {
      "3d_coords": [
        -2.9403138160705566,
        1.7085329294204712,
        0.3499999940395355
      ],
      "x": 139,
      "pixel_coords": [
        147,
        74,
        14.159703254699707
      ],
      "material": "metal",
      "size": "small",
      "width": 17,
      "height": 17,
      "color": "purple",
      "y": 66,
      "shape": "sphere",
      "rotation": 356.0517207374981
    },
    {
      "3d_coords": [
        1.5434117317199707,
        2.44128680229187,
        0.3499999940395355
      ],
      "x": 236,
      "pixel_coords": [
        248,
        106,
        11.45583724975586
      ],
      "material": "metal",
      "size": "small",
      "width": 24,
      "height": 28,
      "color": "gray",
      "y": 92,
      "shape": "cylinder",
      "rotation": 17.260823961214264
    },
    {
      "3d_coords": [
        -2.3027822971343994,
        -0.3183181881904602,
        0.699999988079071
      ],
      "x": 88,
      "pixel_coords": [
        112,
        82,
        12.428529739379883
      ],
      "material": "rubber",
      "size": "large",
      "width": 49,
      "height": 53,
      "color": "red",
      "y": 56,
      "shape": "cube",
      "rotation": 104.97072731061137
    }
  ]
}