{
  "image_filename": "CLEVR_new_000638.png",
  "directions": {
    "above": [
      0.0,
      0.0,
      1.0
    ],
    "behind": [
      -0.754490315914154,
      0.6563112735748291,
      0.0
    ],
    "left": [
      -0.6563112735748291,
      -0.7544902563095093,
      0.0
    ],
    "below": [
      -0.0,
      -0.0,
      -1.0
    ],
    "right": [
      0.6563112735748291,
      0.7544902563095093,
      -0.0
    ],
    "front": [
      0.754490315914154,
      -0.6563112735748291,
      -0.0
    ]
  },
  "relationships": {
    "left": [
      [
        1,
        2,
        4,
        5,
        6,
        7,
        8
      ],
      [
        8
      ],
      [
        1,
        6,
        7,
        8
      ],
      [
        0,
        1,
        2,
        4,
        5,
        6,
        7,
        8
      ],
      [
        1,
        2,
        6,
        7,
        8
      ],
      [
        1,
        2,
        4,
        6,
        7,
        8
      ],
      [
        1,
        7,
        8
      ],
      [
        1,
        8
      ],
      []
    ],
    "front": [
      [
        3,
        4,
        6,
        8
      ],
      [
        0,
        3,
        4,
        6,
        8
      ],
      [
        0,
        1,
        3,
        4,
        5,
        6,
        7,
        8
      ],
      [
        4,
        6,
        8
      ],
      [],
      [
        0,
        1,
        3,
        4,
        6,
        8
      ],
      [
        4
      ],
      [
        0,
        1,
        3,
        4,
        5,
        6,
        8
      ],
      [
        4,
        6
      ]
    ],
    "right": [
      [
        3
      ],
      [
        0,
        2,
        3,
        4,
        5,
        6,
        7
      ],
      [
        0,
        3,
        4,
        5
      ],
      [],
      [
        0,
        3,
        5
      ],
      [
        0,
        3
      ],
      [
        0,
        2,
        3,
        4,
        5
      ],
      [
        0,
        2,
        3,
        4,
        5,
        6
      ],
      [
        0,
        1,
        2,
        3,
        4,
        5,
        6,
        7
      ]
    ],
    "behind": [
      [
        1,
        2,
        5,
        7
      ],
      [
        2,
        5,
        7
      ],
      [],
      [
        0,
        1,
        2,
        5,
        7
      ],
      [
        0,
        1,
        2,
        3,
        5,
        6,
        7,
        8
      ],
      [
        2,
        7
      ],
      [
        0,
        1,
        2,
        3,
        5,
        7,
        8
      ],
      [
        2
      ],
      [
        0,
        1,
        2,
        3,
        5,
        7
      ]
    ]
  },
  "split": "new",
  "image_index": 638,
  "objects": [
    {
      "3d_coords": [
        1.1486775875091553,
        1.7031890153884888,
        0.3499999940395355
      ],
      "x": 207,
      "pixel_coords": [
        220,
        106,
        11.811782836914062
      ],
      "material": "metal",
      "size": "small",
      "width": 28,
      "height": 28,
      "color": "purple",
      "y": 92,
      "shape": "cube",
      "rotation": 197.46013952773973
    },
    {
      "3d_coords": [
        -1.6448256969451904,
        -0.4748298227787018,
        0.699999988079071
      ],
      "x": 97,
      "pixel_coords": [
        118,
        90,
        12.145821571350098
      ],
      "material": "metal",
      "size": "large",
      "width": 41,
      "height": 41,
      "color": "purple",
      "y": 69,
      "shape": "sphere",
      "rotation": 24.85944859456792
    },
    {
      "3d_coords": [
        -2.938506603240967,
        2.809426784515381,
        0.3499999940395355
      ],
      "x": 152,
      "pixel_coords": [
        162,
        67,
        15.084096908569336
      ],
      "material": "rubber",
      "size": "small",
      "width": 20,
      "height": 21,
      "color": "purple",
      "y": 56,
      "shape": "cube",
      "rotation": 30.9624671309998
    },
    {
      "3d_coords": [
        2.1225829124450684,
        1.616594910621643,
        0.3499999940395355
      ],
      "x": 227,
      "pixel_coords": [
        243,
        118,
        11.13644790649414
      ],
      "material": "rubber",
      "size": "small",
      "width": 32,
      "height": 32,
      "color": "cyan",
      "y": 102,
      "shape": "cube",
      "rotation": 10.861417417969758
    },
    {
      "3d_coords": [
        2.4750864505767822,
        -1.3244987726211548,
        0.3499999940395355
      ],
      "x": 173,
      "pixel_coords": [
        187,
        159,
        9.17576789855957
      ],
      "material": "metal",
      "size": "small",
      "width": 28,
      "height": 37,
      "color": "green",
      "y": 141,
      "shape": "cylinder",
      "rotation": 319.7373018865617
    },
    {
      "3d_coords": [
        -0.9465320706367493,
        2.3619298934936523,
        0.699999988079071
      ],
      "x": 170,
      "pixel_coords": [
        189,
        75,
        13.371416091918945
      ],
      "material": "metal",
      "size": "large",
      "width": 38,
      "height": 48,
      "color": "red",
      "y": 51,
      "shape": "cylinder",
      "rotation": 292.47334180362736
    },
    {
      "3d_coords": [
        1.1756924390792847,
        -1.5347399711608887,
        0.699999988079071
      ],
      "x": 115,
      "pixel_coords": [
        148,
        132,
        9.712747573852539
      ],
      "material": "rubber",
      "size": "large",
      "width": 62,
      "height": 71,
      "color": "gray",
      "y": 98,
      "shape": "cube",
      "rotation": 123.09318963621311
    },
    {
      "3d_coords": [
        -2.9628689289093018,
        1.3179887533187866,
        0.699999988079071
      ],
      "x": 114,
      "pixel_coords": [
        134,
        67,
        14.048117637634277
      ],
      "material": "metal",
      "size": "large",
      "width": 41,
      "height": 46,
      "color": "blue",
      "y": 45,
      "shape": "cube",
      "rotation": 4.248621259721199
    },
    {
      "3d_coords": [
        -0.44231387972831726,
        -2.2897188663482666,
        0.3499999940395355
      ],
      "x": 80,
      "pixel_coords": [
        94,
        130,
        10.476469993591309
      ],
      "material": "rubber",
      "size": "small",
      "width": 27,
      "height": 31,
      "color": "green",
      "y": 115,
      "shape": "cube",
      "rotation": 216.09597299027192
    }
  ]
}