{
  "image_filename": "CLEVR_new_000393.png",
  "directions": {
    "above": [
      0.0,
      0.0,
      1.0
    ],
    "behind": [
      -0.754490315914154,
      0.6563112735748291,
      0.0
    ],
    "left": [
      -0.6563112735748291,
      -0.7544902563095093,
      0.0
    ],
    "below": [
      -0.0,
      -0.0,
      -1.0
    ],
    "right": [
      0.6563112735748291,
      0.7544902563095093,
      -0.0
    ],
    "front": [
      0.754490315914154,
      -0.6563112735748291,
      -0.0
    ]
  },
  "relationships": {
    "left": [
      [
        1,
        2,
        3
      ],
      [],
      [
        1
      ],
      [
        1,
        2
      ],
      [
        0,
        1,
        2,
        3
      ]
    ],
    "front": [
      [
        2,
        3,
        4
      ],
      [
        0,
        2,
        3,
        4
      ],
      [
        3
      ],
      [],
      [
        2,
        3
      ]
    ],
    "right": [
      [
        4
      ],
      [
        0,
        2,
        3,
        4
      ],
      [
        0,
        3,
        4
      ],
      [
        0,
        4
      ],
      []
    ],
    "behind": [
      [
        1
      ],
      [],
      [
        0,
        1,
        4
      ],
      [
        0,
        1,
        2,
        4
      ],
      [
        0,
        1
      ]
    ]
  },
  "split": "new",
  "image_index": 393,
  "objects": [
    {
      "3d_coords": [
        0.09574954211711884,
        0.7027474045753479,
        0.3499999940395355
      ],
      "x": 168,
      "pixel_coords": [
        178,
        105,
        11.43107795715332
      ],
      "material": "rubber",
      "size": "small",
      "width": 21,
      "height": 21,
      "color": "blue",
      "y": 94,
      "shape": "sphere",
      "rotation": 304.535982669361
    },
    {
      "3d_coords": [
        -2.6756725311279297,
        -1.5991979837417603,
        0.699999988079071
      ],
      "x": 48,
      "pixel_coords": [
        73,
        88,
        11.834489822387695
      ],
      "material": "metal",
      "size": "large",
      "width": 47,
      "height": 53,
      "color": "red",
      "y": 62,
      "shape": "cylinder",
      "rotation": 112.68008080259423
    },
    {
      "3d_coords": [
        -0.3861449956893921,
        -2.71930193901062,
        0.3499999940395355
      ],
      "x": 62,
      "pixel_coords": [
        77,
        132,
        9.784828186035156
      ],
      "material": "metal",
      "size": "small",
      "width": 28,
      "height": 34,
      "color": "red",
      "y": 116,
      "shape": "cylinder",
      "rotation": 86.5563369594349
    },
    {
      "3d_coords": [
        2.8917977809906006,
        -2.616593837738037,
        0.699999988079071
      ],
      "x": 119,
      "pixel_coords": [
        154,
        173,
        7.452175617218018
      ],
      "material": "metal",
      "size": "large",
      "width": 69,
      "height": 92,
      "color": "brown",
      "y": 129,
      "shape": "cylinder",
      "rotation": 209.3661975686399
    },
    {
      "3d_coords": [
        2.8294472694396973,
        2.295222759246826,
        0.3499999940395355
      ],
      "x": 265,
      "pixel_coords": [
        279,
        120,
        10.486543655395508
      ],
      "material": "metal",
      "size": "small",
      "width": 31,
      "height": 31,
      "color": "gray",
      "y": 105,
      "shape": "cube",
      "rotation": 76.16672298900336
    }
  ]
}