{
  "image_filename": "CLEVR_new_000237.png",
  "directions": {
    "above": [
      0.0,
      0.0,
      1.0
    ],
    "behind": [
      -0.754490315914154,
      0.6563112735748291,
      0.0
    ],
    "left": [
      -0.6563112735748291,
      -0.7544902563095093,
      0.0
    ],
    "below": [
      -0.0,
      -0.0,
      -1.0
    ],
    "right": [
      0.6563112735748291,
      0.7544902563095093,
      -0.0
    ],
    "front": [
      0.754490315914154,
      -0.6563112735748291,
      -0.0
    ]
  },
  "relationships": {
    "left": [
      [
        2,
        4,
        6
      ],
      [
        0,
        2,
        4,
        6,
        7
      ],
      [
        4,
        6
      ],
      [
        0,
        1,
        2,
        4,
        5,
        6,
        7
      ],
      [
        6
      ],
      [
        0,
        1,
        2,
        4,
        6,
        7
      ],
      [],
      [
        0,
        2,
        4,
        6
      ]
    ],
    "front": [
      [
        1,
        2,
        3,
        6
      ],
      [],
      [
        1
      ],
      [
        1,
        2
      ],
      [
        0,
        1,
        2,
        3,
        6
      ],
      [
        0,
        1,
        2,
        3,
        4,
        6
      ],
      [
        1,
        2,
        3
      ],
      [
        0,
        1,
        2,
        3,
        4,
        5,
        6
      ]
    ],
    "right": [
      [
        1,
        3,
        5,
        7
      ],
      [
        3,
        5
      ],
      [
        0,
        1,
        3,
        5,
        7
      ],
      [],
      [
        0,
        1,
        2,
        3,
        5,
        7
      ],
      [
        3
      ],
      [
        0,
        1,
        2,
        3,
        4,
        5,
        7
      ],
      [
        1,
        3,
        5
      ]
    ],
    "behind": [
      [
        4,
        5,
        7
      ],
      [
        0,
        2,
        3,
        4,
        5,
        6,
        7
      ],
      [
        0,
        3,
        4,
        5,
        6,
        7
      ],
      [
        0,
        4,
        5,
        6,
        7
      ],
      [
        5,
        7
      ],
      [
        7
      ],
      [
        0,
        4,
        5,
        7
      ],
      []
    ]
  },
  "split": "new",
  "image_index": 237,
  "objects": [
    {
      "3d_coords": [
        -1.526736855506897,
        -0.3687470257282257,
        0.699999988079071
      ],
      "x": 97,
      "pixel_coords": [
        119,
        87,
        11.048136711120605
      ],
      "material": "metal",
      "size": "large",
      "width": 45,
      "height": 45,
      "color": "brown",
      "y": 65,
      "shape": "sphere",
      "rotation": 60.92854842701647
    },
    {
      "3d_coords": [
        2.424107074737549,
        -1.7604457139968872,
        0.699999988079071
      ],
      "x": 141,
      "pixel_coords": [
        173,
        155,
        7.602412700653076
      ],
      "material": "rubber",
      "size": "large",
      "width": 65,
      "height": 65,
      "color": "green",
      "y": 122,
      "shape": "sphere",
      "rotation": 186.04309116958825
    },
    {
      "3d_coords": [
        -0.097506582736969,
        -2.447737216949463,
        0.699999988079071
      ],
      "x": 43,
      "pixel_coords": [
        85,
        124,
        8.874181747436523
      ],
      "material": "rubber",
      "size": "large",
      "width": 78,
      "height": 77,
      "color": "purple",
      "y": 87,
      "shape": "cube",
      "rotation": 61.75089953851166
    },
    {
      "3d_coords": [
        2.4014644622802734,
        1.7149615287780762,
        0.3499999940395355
      ],
      "x": 248,
      "pixel_coords": [
        262,
        120,
        9.824265480041504
      ],
      "material": "metal",
      "size": "small",
      "width": 29,
      "height": 33,
      "color": "brown",
      "y": 103,
      "shape": "cylinder",
      "rotation": 151.39480532164825
    },
    {
      "3d_coords": [
        -2.938091993331909,
        -0.6709257364273071,
        0.3499999940395355
      ],
      "x": 77,
      "pixel_coords": [
        88,
        87,
        11.969489097595215
      ],
      "material": "metal",
      "size": "small",
      "width": 23,
      "height": 27,
      "color": "yellow",
      "y": 74,
      "shape": "cube",
      "rotation": 93.74302546307179
    },
    {
      "3d_coords": [
        -1.2108149528503418,
        2.4190289974212646,
        0.3499999940395355
      ],
      "x": 178,
      "pixel_coords": [
        188,
        79,
        12.640135765075684
      ],
      "material": "rubber",
      "size": "small",
      "width": 19,
      "height": 20,
      "color": "blue",
      "y": 70,
      "shape": "sphere",
      "rotation": 35.055444087753045
    },
    {
      "3d_coords": [
        -2.4473166465759277,
        -2.4688727855682373,
        0.3499999940395355
      ],
      "x": 31,
      "pixel_coords": [
        45,
        107,
        10.584850311279297
      ],
      "material": "rubber",
      "size": "small",
      "width": 27,
      "height": 30,
      "color": "green",
      "y": 92,
      "shape": "cylinder",
      "rotation": 289.63240550120395
    },
    {
      "3d_coords": [
        -2.9547886848449707,
        2.2407660484313965,
        0.3499999940395355
      ],
      "x": 141,
      "pixel_coords": [
        153,
        69,
        13.694579124450684
      ],
      "material": "rubber",
      "size": "small",
      "width": 24,
      "height": 24,
      "color": "blue",
      "y": 57,
      "shape": "cube",
      "rotation": 353.25691756447276
    }
  ]
}