{
  "image_filename": "CLEVR_new_000518.png",
  "directions": {
    "above": [
      0.0,
      0.0,
      1.0
    ],
    "behind": [
      -0.754490315914154,
      0.6563112735748291,
      0.0
    ],
    "left": [
      -0.6563112735748291,
      -0.7544902563095093,
      0.0
    ],
    "below": [
      -0.0,
      -0.0,
      -1.0
    ],
    "right": [
      0.6563112735748291,
      0.7544902563095093,
      -0.0
    ],
    "front": [
      0.754490315914154,
      -0.6563112735748291,
      -0.0
    ]
  },
  "relationships": {
    "left": [
      [],
      [
        0,
        2
      ],
      [
        0
      ]
    ],
    "front": [
      [
        1
      ],
      [],
      [
        0,
        1
      ]
    ],
    "right": [
      [
        1,
        2
      ],
      [],
      [
        1
      ]
    ],
    "behind": [
      [
        2
      ],
      [
        0,
        2
      ],
      []
    ]
  },
  "split": "new",
  "image_index": 518,
  "objects": [
    {
      "3d_coords": [
        -2.4675698280334473,
        -2.4522159099578857,
        0.699999988079071
      ],
      "x": 33,
      "pixel_coords": [
        56,
        97,
        11.621082305908203
      ],
      "material": "metal",
      "size": "large",
      "width": 44,
      "height": 42,
      "color": "yellow",
      "y": 76,
      "shape": "sphere",
      "rotation": 317.36840501413326
    },
    {
      "3d_coords": [
        1.9348269701004028,
        -0.4837982952594757,
        0.3499999940395355
      ],
      "x": 175,
      "pixel_coords": [
        191,
        140,
        9.982779502868652
      ],
      "material": "rubber",
      "size": "small",
      "width": 33,
      "height": 37,
      "color": "red",
      "y": 122,
      "shape": "cube",
      "rotation": 320.6010509987713
    },
    {
      "3d_coords": [
        -2.608261823654175,
        1.6162259578704834,
        0.3499999940395355
      ],
      "x": 140,
      "pixel_coords": [
        149,
        76,
        14.19404411315918
      ],
      "material": "metal",
      "size": "small",
      "width": 18,
      "height": 22,
      "color": "red",
      "y": 65,
      "shape": "cylinder",
      "rotation": 33.724020413678616
    }
  ]
}