{
  "image_filename": "CLEVR_new_000487.png",
  "directions": {
    "above": [
      0.0,
      0.0,
      1.0
    ],
    "behind": [
      -0.754490315914154,
      0.6563112735748291,
      0.0
    ],
    "left": [
      -0.6563112735748291,
      -0.7544902563095093,
      0.0
    ],
    "below": [
      -0.0,
      -0.0,
      -1.0
    ],
    "right": [
      0.6563112735748291,
      0.7544902563095093,
      -0.0
    ],
    "front": [
      0.754490315914154,
      -0.6563112735748291,
      -0.0
    ]
  },
  "relationships": {
    "left": [
      [
        1,
        5,
        8
      ],
      [
        8
      ],
      [
        0,
        1,
        3,
        4,
        5,
        6,
        7,
        8
      ],
      [
        0,
        1,
        5,
        6,
        7,
        8
      ],
      [
        0,
        1,
        3,
        5,
        6,
        7,
        8
      ],
      [
        1,
        8
      ],
      [
        0,
        1,
        5,
        7,
        8
      ],
      [
        0,
        1,
        5,
        8
      ],
      []
    ],
    "front": [
      [
        2,
        3,
        4,
        5,
        7,
        8
      ],
      [
        0,
        2,
        3,
        4,
        5,
        7,
        8
      ],
      [
        3,
        4,
        5,
        7,
        8
      ],
      [
        5,
        7
      ],
      [
        3,
        5,
        7,
        8
      ],
      [],
      [
        0,
        1,
        2,
        3,
        4,
        5,
        7,
        8
      ],
      [
        5
      ],
      [
        3,
        5,
        7
      ]
    ],
    "right": [
      [
        2,
        3,
        4,
        6,
        7
      ],
      [
        0,
        2,
        3,
        4,
        5,
        6,
        7
      ],
      [],
      [
        2,
        4
      ],
      [
        2
      ],
      [
        0,
        2,
        3,
        4,
        6,
        7
      ],
      [
        2,
        3,
        4
      ],
      [
        2,
        3,
        4,
        6
      ],
      [
        0,
        1,
        2,
        3,
        4,
        5,
        6,
        7
      ]
    ],
    "behind": [
      [
        1,
        6
      ],
      [
        6
      ],
      [
        0,
        1,
        6
      ],
      [
        0,
        1,
        2,
        4,
        6,
        8
      ],
      [
        0,
        1,
        2,
        6
      ],
      [
        0,
        1,
        2,
        3,
        4,
        6,
        7,
        8
      ],
      [],
      [
        0,
        1,
        2,
        3,
        4,
        6,
        8
      ],
      [
        0,
        1,
        2,
        4,
        6
      ]
    ]
  },
  "split": "new",
  "image_index": 487,
  "objects": [
    {
      "3d_coords": [
        -1.162369966506958,
        0.354034960269928,
        0.3499999940395355
      ],
      "x": 131,
      "pixel_coords": [
        146,
        94,
        11.974749565124512
      ],
      "material": "rubber",
      "size": "small",
      "width": 28,
      "height": 29,
      "color": "blue",
      "y": 80,
      "shape": "cube",
      "rotation": 220.06528061554897
    },
    {
      "3d_coords": [
        -2.7760732173919678,
        0.15866930782794952,
        0.699999988079071
      ],
      "x": 94,
      "pixel_coords": [
        113,
        72,
        12.725189208984375
      ],
      "material": "metal",
      "size": "large",
      "width": 39,
      "height": 39,
      "color": "purple",
      "y": 53,
      "shape": "sphere",
      "rotation": 282.6537633751877
    },
    {
      "3d_coords": [
        1.9428879022598267,
        2.9769182205200195,
        0.3499999940395355
      ],
      "x": 257,
      "pixel_coords": [
        268,
        103,
        11.444021224975586
      ],
      "material": "metal",
      "size": "small",
      "width": 22,
      "height": 21,
      "color": "purple",
      "y": 92,
      "shape": "sphere",
      "rotation": 18.157305142581247
    },
    {
      "3d_coords": [
        1.9759938716888428,
        0.43651729822158813,
        0.3499999940395355
      ],
      "x": 204,
      "pixel_coords": [
        217,
        131,
        9.995776176452637
      ],
      "material": "rubber",
      "size": "small",
      "width": 27,
      "height": 33,
      "color": "green",
      "y": 115,
      "shape": "cylinder",
      "rotation": 52.532263081831786
    },
    {
      "3d_coords": [
        1.3786063194274902,
        1.6475927829742432,
        0.699999988079071
      ],
      "x": 199,
      "pixel_coords": [
        229,
        100,
        10.880311965942383
      ],
      "material": "metal",
      "size": "large",
      "width": 64,
      "height": 63,
      "color": "gray",
      "y": 69,
      "shape": "cube",
      "rotation": 45.21908575928191
    },
    {
      "3d_coords": [
        1.812723159790039,
        -2.9691824913024902,
        0.699999988079071
      ],
      "x": 71,
      "pixel_coords": [
        114,
        169,
        8.007033348083496
      ],
      "material": "metal",
      "size": "large",
      "width": 79,
      "height": 89,
      "color": "brown",
      "y": 126,
      "shape": "cube",
      "rotation": 68.17056993609395
    },
    {
      "3d_coords": [
        -1.5999406576156616,
        2.529189348220825,
        0.3499999940395355
      ],
      "x": 170,
      "pixel_coords": [
        182,
        74,
        13.478860855102539
      ],
      "material": "metal",
      "size": "small",
      "width": 24,
      "height": 25,
      "color": "purple",
      "y": 61,
      "shape": "cube",
      "rotation": 190.32602641275855
    },
    {
      "3d_coords": [
        1.5695868730545044,
        -1.4673829078674316,
        0.3499999940395355
      ],
      "x": 144,
      "pixel_coords": [
        157,
        151,
        9.18867301940918
      ],
      "material": "rubber",
      "size": "small",
      "width": 27,
      "height": 27,
      "color": "purple",
      "y": 138,
      "shape": "sphere",
      "rotation": 346.0259329249699
    },
    {
      "3d_coords": [
        -1.5678857564926147,
        -2.927386522293091,
        0.3499999940395355
      ],
      "x": 39,
      "pixel_coords": [
        51,
        123,
        10.393351554870605
      ],
      "material": "metal",
      "size": "small",
      "width": 25,
      "height": 24,
      "color": "gray",
      "y": 111,
      "shape": "sphere",
      "rotation": 257.4472819864064
    }
  ]
}