{
  "image_filename": "CLEVR_new_000697.png",
  "directions": {
    "above": [
      0.0,
      0.0,
      1.0
    ],
    "behind": [
      -0.754490315914154,
      0.6563112735748291,
      0.0
    ],
    "left": [
      -0.6563112735748291,
      -0.7544902563095093,
      0.0
    ],
    "below": [
      -0.0,
      -0.0,
      -1.0
    ],
    "right": [
      0.6563112735748291,
      0.7544902563095093,
      -0.0
    ],
    "front": [
      0.754490315914154,
      -0.6563112735748291,
      -0.0
    ]
  },
  "relationships": {
    "left": [
      [],
      [
        0,
        4,
        6
      ],
      [
        0,
        1,
        3,
        4,
        5,
        6
      ],
      [
        0,
        1,
        4,
        6
      ],
      [
        0,
        6
      ],
      [
        0,
        1,
        3,
        4,
        6
      ],
      [
        0
      ],
      [
        0,
        1,
        2,
        3,
        4,
        5,
        6
      ]
    ],
    "front": [
      [
        2,
        3,
        4,
        6,
        7
      ],
      [
        0,
        2,
        3,
        4,
        5,
        6,
        7
      ],
      [
        3,
        4,
        6
      ],
      [
        6
      ],
      [
        3,
        6
      ],
      [
        0,
        2,
        3,
        4,
        6,
        7
      ],
      [],
      [
        2,
        3,
        4,
        6
      ]
    ],
    "right": [
      [
        1,
        2,
        3,
        4,
        5,
        6,
        7
      ],
      [
        2,
        3,
        5,
        7
      ],
      [
        7
      ],
      [
        2,
        5,
        7
      ],
      [
        1,
        2,
        3,
        5,
        7
      ],
      [
        2,
        7
      ],
      [
        1,
        2,
        3,
        4,
        5,
        7
      ],
      []
    ],
    "behind": [
      [
        1,
        5
      ],
      [],
      [
        0,
        1,
        5,
        7
      ],
      [
        0,
        1,
        2,
        4,
        5,
        7
      ],
      [
        0,
        1,
        2,
        5,
        7
      ],
      [
        1
      ],
      [
        0,
        1,
        2,
        3,
        4,
        5,
        7
      ],
      [
        0,
        1,
        5
      ]
    ]
  },
  "split": "new",
  "image_index": 697,
  "objects": [
    {
      "3d_coords": [
        -2.1256420612335205,
        -1.030501127243042,
        0.699999988079071
      ],
      "x": 67,
      "pixel_coords": [
        97,
        90,
        12.18209457397461
      ],
      "material": "rubber",
      "size": "large",
      "width": 57,
      "height": 55,
      "color": "yellow",
      "y": 64,
      "shape": "cube",
      "rotation": 283.13952740228797
    },
    {
      "3d_coords": [
        -2.144904375076294,
        1.8057790994644165,
        0.699999988079071
      ],
      "x": 140,
      "pixel_coords": [
        157,
        71,
        13.877606391906738
      ],
      "material": "rubber",
      "size": "large",
      "width": 35,
      "height": 36,
      "color": "yellow",
      "y": 53,
      "shape": "sphere",
      "rotation": 46.718386788681585
    },
    {
      "3d_coords": [
        1.937323808670044,
        1.504095196723938,
        0.699999988079071
      ],
      "x": 213,
      "pixel_coords": [
        237,
        107,
        11.031740188598633
      ],
      "material": "metal",
      "size": "large",
      "width": 50,
      "height": 59,
      "color": "cyan",
      "y": 78,
      "shape": "cylinder",
      "rotation": 57.40127169378138
    },
    {
      "3d_coords": [
        1.8377548456192017,
        -1.0096230506896973,
        0.3499999940395355
      ],
      "x": 165,
      "pixel_coords": [
        177,
        143,
        9.769845962524414
      ],
      "material": "metal",
      "size": "small",
      "width": 26,
      "height": 34,
      "color": "blue",
      "y": 126,
      "shape": "cylinder",
      "rotation": 115.61954259408532
    },
    {
      "3d_coords": [
        0.4978572130203247,
        -1.0600756406784058,
        0.699999988079071
      ],
      "x": 121,
      "pixel_coords": [
        145,
        116,
        10.450653076171875
      ],
      "material": "metal",
      "size": "large",
      "width": 47,
      "height": 47,
      "color": "green",
      "y": 93,
      "shape": "sphere",
      "rotation": 158.70281783766103
    },
    {
      "3d_coords": [
        -0.8234257698059082,
        2.280182123184204,
        0.3499999940395355
      ],
      "x": 180,
      "pixel_coords": [
        189,
        86,
        13.4603853225708
      ],
      "material": "metal",
      "size": "small",
      "width": 19,
      "height": 24,
      "color": "cyan",
      "y": 74,
      "shape": "cylinder",
      "rotation": 275.2691996942774
    },
    {
      "3d_coords": [
        0.9623262882232666,
        -2.8677988052368164,
        0.699999988079071
      ],
      "x": 75,
      "pixel_coords": [
        103,
        144,
        9.074596405029297
      ],
      "material": "metal",
      "size": "large",
      "width": 55,
      "height": 54,
      "color": "cyan",
      "y": 117,
      "shape": "sphere",
      "rotation": 180.82412966124207
    },
    {
      "3d_coords": [
        2.3285176753997803,
        2.892392158508301,
        0.3499999940395355
      ],
      "x": 258,
      "pixel_coords": [
        270,
        108,
        11.7645263671875
      ],
      "material": "rubber",
      "size": "small",
      "width": 25,
      "height": 28,
      "color": "red",
      "y": 94,
      "shape": "cylinder",
      "rotation": 329.17769322740276
    }
  ]
}