{
  "image_filename": "CLEVR_new_000636.png",
  "directions": {
    "above": [
      0.0,
      0.0,
      1.0
    ],
    "behind": [
      -0.754490315914154,
      0.6563112735748291,
      0.0
    ],
    "left": [
      -0.6563112735748291,
      -0.7544902563095093,
      0.0
    ],
    "below": [
      -0.0,
      -0.0,
      -1.0
    ],
    "right": [
      0.6563112735748291,
      0.7544902563095093,
      -0.0
    ],
    "front": [
      0.754490315914154,
      -0.6563112735748291,
      -0.0
    ]
  },
  "relationships": {
    "left": [
      [
        2
      ],
      [
        0,
        2
      ],
      []
    ],
    "front": [
      [
        1,
        2
      ],
      [
        2
      ],
      []
    ],
    "right": [
      [
        1
      ],
      [],
      [
        0,
        1
      ]
    ],
    "behind": [
      [],
      [
        0
      ],
      [
        0,
        1
      ]
    ]
  },
  "split": "new",
  "image_index": 636,
  "objects": [
    {
      "3d_coords": [
        -0.825463056564331,
        1.5699222087860107,
        0.699999988079071
      ],
      "x": 157,
      "pixel_coords": [
        178,
        81,
        12.784073829650879
      ],
      "material": "rubber",
      "size": "large",
      "width": 43,
      "height": 50,
      "color": "gray",
      "y": 57,
      "shape": "cube",
      "rotation": 230.2911610805164
    },
    {
      "3d_coords": [
        0.7658342719078064,
        2.655942916870117,
        0.3499999940395355
      ],
      "x": 216,
      "pixel_coords": [
        230,
        96,
        12.526987075805664
      ],
      "material": "metal",
      "size": "small",
      "width": 28,
      "height": 28,
      "color": "cyan",
      "y": 82,
      "shape": "cube",
      "rotation": 29.81972668247398
    },
    {
      "3d_coords": [
        0.4563814103603363,
        -0.5235204100608826,
        0.3499999940395355
      ],
      "x": 145,
      "pixel_coords": [
        157,
        121,
        10.9170503616333
      ],
      "material": "rubber",
      "size": "small",
      "width": 23,
      "height": 30,
      "color": "yellow",
      "y": 106,
      "shape": "cylinder",
      "rotation": 278.0163277403886
    }
  ]
}