{
  "image_filename": "CLEVR_new_000426.png",
  "directions": {
    "above": [
      0.0,
      0.0,
      1.0
    ],
    "behind": [
      -0.754490315914154,
      0.6563112735748291,
      0.0
    ],
    "left": [
      -0.6563112735748291,
      -0.7544902563095093,
      0.0
    ],
    "below": [
      -0.0,
      -0.0,
      -1.0
    ],
    "right": [
      0.6563112735748291,
      0.7544902563095093,
      -0.0
    ],
    "front": [
      0.754490315914154,
      -0.6563112735748291,
      -0.0
    ]
  },
  "relationships": {
    "left": [
      [
        1,
        2,
        3,
        4,
        5
      ],
      [
        2,
        4,
        5
      ],
      [
        4,
        5
      ],
      [
        1,
        2,
        4,
        5
      ],
      [
        5
      ],
      []
    ],
    "front": [
      [
        3,
        4
      ],
      [
        0,
        3,
        4,
        5
      ],
      [
        0,
        1,
        3,
        4,
        5
      ],
      [],
      [
        3
      ],
      [
        0,
        3,
        4
      ]
    ],
    "right": [
      [],
      [
        0,
        3
      ],
      [
        0,
        1,
        3
      ],
      [
        0
      ],
      [
        0,
        1,
        2,
        3
      ],
      [
        0,
        1,
        2,
        3,
        4
      ]
    ],
    "behind": [
      [
        1,
        2,
        5
      ],
      [
        2
      ],
      [],
      [
        0,
        1,
        2,
        4,
        5
      ],
      [
        0,
        1,
        2,
        5
      ],
      [
        1,
        2
      ]
    ]
  },
  "split": "new",
  "image_index": 426,
  "objects": [
    {
      "3d_coords": [
        1.8038148880004883,
        2.6628003120422363,
        0.699999988079071
      ],
      "x": 235,
      "pixel_coords": [
        257,
        94,
        11.434733390808105
      ],
      "material": "rubber",
      "size": "large",
      "width": 45,
      "height": 43,
      "color": "blue",
      "y": 72,
      "shape": "sphere",
      "rotation": 281.2435698393832
    },
    {
      "3d_coords": [
        -1.418983817100525,
        1.2021527290344238,
        0.3499999940395355
      ],
      "x": 148,
      "pixel_coords": [
        158,
        88,
        12.80463695526123
      ],
      "material": "metal",
      "size": "small",
      "width": 19,
      "height": 19,
      "color": "cyan",
      "y": 79,
      "shape": "sphere",
      "rotation": 233.73647912740728
    },
    {
      "3d_coords": [
        -2.765007972717285,
        0.6769331693649292,
        0.3499999940395355
      ],
      "x": 113,
      "pixel_coords": [
        124,
        82,
        13.361352920532227
      ],
      "material": "metal",
      "size": "small",
      "width": 21,
      "height": 23,
      "color": "purple",
      "y": 71,
      "shape": "cube",
      "rotation": 318.0890202117341
    },
    {
      "3d_coords": [
        1.732970952987671,
        -0.5555601716041565,
        0.3499999940395355
      ],
      "x": 175,
      "pixel_coords": [
        188,
        136,
        9.689030647277832
      ],
      "material": "metal",
      "size": "small",
      "width": 25,
      "height": 25,
      "color": "yellow",
      "y": 123,
      "shape": "sphere",
      "rotation": 149.00780688264658
    },
    {
      "3d_coords": [
        -1.291948676109314,
        -2.8656563758850098,
        0.699999988079071
      ],
      "x": 31,
      "pixel_coords": [
        57,
        114,
        10.094804763793945
      ],
      "material": "rubber",
      "size": "large",
      "width": 51,
      "height": 49,
      "color": "purple",
      "y": 90,
      "shape": "sphere",
      "rotation": 277.5164711148224
    },
    {
      "3d_coords": [
        -2.991790294647217,
        -2.026850700378418,
        0.699999988079071
      ],
      "x": 32,
      "pixel_coords": [
        55,
        90,
        11.708860397338867
      ],
      "material": "rubber",
      "size": "large",
      "width": 44,
      "height": 42,
      "color": "cyan",
      "y": 69,
      "shape": "sphere",
      "rotation": 59.690190419196846
    }
  ]
}