{
  "image_filename": "CLEVR_new_000569.png",
  "directions": {
    "above": [
      0.0,
      0.0,
      1.0
    ],
    "behind": [
      -0.754490315914154,
      0.6563112735748291,
      0.0
    ],
    "left": [
      -0.6563112735748291,
      -0.7544902563095093,
      0.0
    ],
    "below": [
      -0.0,
      -0.0,
      -1.0
    ],
    "right": [
      0.6563112735748291,
      0.7544902563095093,
      -0.0
    ],
    "front": [
      0.754490315914154,
      -0.6563112735748291,
      -0.0
    ]
  },
  "relationships": {
    "left": [
      [
        1,
        2
      ],
      [],
      [
        1
      ],
      [
        0,
        1,
        2
      ]
    ],
    "front": [
      [],
      [
        0,
        3
      ],
      [
        0,
        1,
        3
      ],
      [
        0
      ]
    ],
    "right": [
      [
        3
      ],
      [
        0,
        2,
        3
      ],
      [
        0,
        3
      ],
      []
    ],
    "behind": [
      [
        1,
        2,
        3
      ],
      [
        2
      ],
      [],
      [
        1,
        2
      ]
    ]
  },
  "split": "new",
  "image_index": 569,
  "objects": [
    {
      "3d_coords": [
        2.9720876216888428,
        1.200160264968872,
        0.3499999940395355
      ],
      "x": 251,
      "pixel_coords": [
        265,
        134,
        9.705778121948242
      ],
      "material": "metal",
      "size": "small",
      "width": 26,
      "height": 25,
      "color": "purple",
      "y": 121,
      "shape": "sphere",
      "rotation": 248.27797825089365
    },
    {
      "3d_coords": [
        -2.421513080596924,
        -2.38981032371521,
        0.699999988079071
      ],
      "x": 22,
      "pixel_coords": [
        50,
        98,
        10.844767570495605
      ],
      "material": "rubber",
      "size": "large",
      "width": 54,
      "height": 60,
      "color": "red",
      "y": 69,
      "shape": "cylinder",
      "rotation": 191.47574785322894
    },
    {
      "3d_coords": [
        -1.561159372329712,
        -0.266855925321579,
        0.699999988079071
      ],
      "x": 92,
      "pixel_coords": [
        122,
        87,
        11.543281555175781
      ],
      "material": "metal",
      "size": "large",
      "width": 57,
      "height": 59,
      "color": "purple",
      "y": 59,
      "shape": "cube",
      "rotation": 27.12818605604579
    },
    {
      "3d_coords": [
        2.798713207244873,
        2.5399093627929688,
        0.699999988079071
      ],
      "x": 255,
      "pixel_coords": [
        286,
        105,
        10.424017906188965
      ],
      "material": "rubber",
      "size": "large",
      "width": 65,
      "height": 61,
      "color": "blue",
      "y": 75,
      "shape": "cube",
      "rotation": 266.31994915007726
    }
  ]
}