{
  "image_filename": "CLEVR_new_000665.png",
  "directions": {
    "above": [
      0.0,
      0.0,
      1.0
    ],
    "behind": [
      -0.754490315914154,
      0.6563112735748291,
      0.0
    ],
    "left": [
      -0.6563112735748291,
      -0.7544902563095093,
      0.0
    ],
    "below": [
      -0.0,
      -0.0,
      -1.0
    ],
    "right": [
      0.6563112735748291,
      0.7544902563095093,
      -0.0
    ],
    "front": [
      0.754490315914154,
      -0.6563112735748291,
      -0.0
    ]
  },
  "relationships": {
    "left": [
      [
        1,
        2,
        3
      ],
      [],
      [
        1,
        3
      ],
      [
        1
      ]
    ],
    "front": [
      [
        2
      ],
      [
        0,
        2
      ],
      [],
      [
        0,
        1,
        2
      ]
    ],
    "right": [
      [],
      [
        0,
        2,
        3
      ],
      [
        0
      ],
      [
        0,
        2
      ]
    ],
    "behind": [
      [
        1,
        3
      ],
      [
        3
      ],
      [
        0,
        1,
        3
      ],
      []
    ]
  },
  "split": "new",
  "image_index": 665,
  "objects": [
    {
      "3d_coords": [
        1.2147222757339478,
        1.1951370239257812,
        0.3499999940395355
      ],
      "x": 200,
      "pixel_coords": [
        211,
        112,
        11.59447193145752
      ],
      "material": "metal",
      "size": "small",
      "width": 23,
      "height": 28,
      "color": "purple",
      "y": 98,
      "shape": "cylinder",
      "rotation": 196.24702067793524
    },
    {
      "3d_coords": [
        -2.341520309448242,
        -0.4183037579059601,
        0.699999988079071
      ],
      "x": 84,
      "pixel_coords": [
        109,
        84,
        12.807757377624512
      ],
      "material": "rubber",
      "size": "large",
      "width": 47,
      "height": 49,
      "color": "green",
      "y": 60,
      "shape": "cube",
      "rotation": 319.60711937292723
    },
    {
      "3d_coords": [
        0.7870611548423767,
        -1.1561771631240845,
        0.699999988079071
      ],
      "x": 119,
      "pixel_coords": [
        149,
        121,
        10.331318855285645
      ],
      "material": "metal",
      "size": "large",
      "width": 56,
      "height": 64,
      "color": "red",
      "y": 90,
      "shape": "cube",
      "rotation": 90.19728944274475
    },
    {
      "3d_coords": [
        -2.341552972793579,
        0.9377327561378479,
        0.3499999940395355
      ],
      "x": 129,
      "pixel_coords": [
        138,
        83,
        13.768681526184082
      ],
      "material": "metal",
      "size": "small",
      "width": 18,
      "height": 18,
      "color": "green",
      "y": 74,
      "shape": "sphere",
      "rotation": 176.55467116083472
    }
  ]
}