{
  "image_filename": "CLEVR_new_000602.png",
  "directions": {
    "above": [
      0.0,
      0.0,
      1.0
    ],
    "behind": [
      -0.754490315914154,
      0.6563112735748291,
      0.0
    ],
    "left": [
      -0.6563112735748291,
      -0.7544902563095093,
      0.0
    ],
    "below": [
      -0.0,
      -0.0,
      -1.0
    ],
    "right": [
      0.6563112735748291,
      0.7544902563095093,
      -0.0
    ],
    "front": [
      0.754490315914154,
      -0.6563112735748291,
      -0.0
    ]
  },
  "relationships": {
    "left": [
      [],
      [
        0
      ],
      [
        0,
        1
      ]
    ],
    "front": [
      [
        2
      ],
      [
        0,
        2
      ],
      []
    ],
    "right": [
      [
        1,
        2
      ],
      [
        2
      ],
      []
    ],
    "behind": [
      [
        1
      ],
      [],
      [
        0,
        1
      ]
    ]
  },
  "split": "new",
  "image_index": 602,
  "objects": [
    {
      "3d_coords": [
        -0.44097432494163513,
        -2.4735305309295654,
        0.699999988079071
      ],
      "x": 58,
      "pixel_coords": [
        84,
        120,
        9.916325569152832
      ],
      "material": "rubber",
      "size": "large",
      "width": 51,
      "height": 49,
      "color": "yellow",
      "y": 95,
      "shape": "sphere",
      "rotation": 282.5307396757372
    },
    {
      "3d_coords": [
        -0.8740606904029846,
        1.059288740158081,
        0.699999988079071
      ],
      "x": 146,
      "pixel_coords": [
        166,
        84,
        12.2657470703125
      ],
      "material": "rubber",
      "size": "large",
      "width": 40,
      "height": 40,
      "color": "yellow",
      "y": 64,
      "shape": "sphere",
      "rotation": 162.81048610523408
    },
    {
      "3d_coords": [
        2.4438164234161377,
        0.09988780319690704,
        0.699999988079071
      ],
      "x": 195,
      "pixel_coords": [
        222,
        128,
        9.49871826171875
      ],
      "material": "rubber",
      "size": "large",
      "width": 56,
      "height": 69,
      "color": "red",
      "y": 94,
      "shape": "cylinder",
      "rotation": 23.22664532074276
    }
  ]
}