{
  "image_filename": "CLEVR_new_000339.png",
  "directions": {
    "above": [
      0.0,
      0.0,
      1.0
    ],
    "behind": [
      -0.754490315914154,
      0.6563112735748291,
      0.0
    ],
    "left": [
      -0.6563112735748291,
      -0.7544902563095093,
      0.0
    ],
    "below": [
      -0.0,
      -0.0,
      -1.0
    ],
    "right": [
      0.6563112735748291,
      0.7544902563095093,
      -0.0
    ],
    "front": [
      0.754490315914154,
      -0.6563112735748291,
      -0.0
    ]
  },
  "relationships": {
    "left": [
      [
        2,
        4,
        6,
        7
      ],
      [
        0,
        2,
        4,
        6,
        7
      ],
      [],
      [
        0,
        1,
        2,
        4,
        6,
        7,
        9
      ],
      [
        2,
        7
      ],
      [
        0,
        1,
        2,
        3,
        4,
        6,
        7,
        9
      ],
      [
        2,
        4,
        7
      ],
      [
        2
      ],
      [
        0,
        1,
        2,
        3,
        4,
        5,
        6,
        7,
        9
      ],
      [
        0,
        1,
        2,
        4,
        6,
        7
      ]
    ],
    "front": [
      [
        1,
        2,
        3,
        4,
        5,
        6,
        7,
        8,
        9
      ],
      [
        6
      ],
      [
        1,
        3,
        6,
        7,
        8
      ],
      [
        1,
        6,
        7
      ],
      [
        1,
        2,
        3,
        5,
        6,
        7,
        8
      ],
      [
        1,
        2,
        3,
        6,
        7,
        8
      ],
      [],
      [
        1,
        6
      ],
      [
        1,
        3,
        6,
        7
      ],
      [
        1,
        2,
        3,
        4,
        5,
        6,
        7,
        8
      ]
    ],
    "right": [
      [
        1,
        3,
        5,
        8,
        9
      ],
      [
        3,
        5,
        8,
        9
      ],
      [
        0,
        1,
        3,
        4,
        5,
        6,
        7,
        8,
        9
      ],
      [
        5,
        8
      ],
      [
        0,
        1,
        3,
        5,
        6,
        8,
        9
      ],
      [
        8
      ],
      [
        0,
        1,
        3,
        5,
        8,
        9
      ],
      [
        0,
        1,
        3,
        4,
        5,
        6,
        8,
        9
      ],
      [],
      [
        3,
        5,
        8
      ]
    ],
    "behind": [
      [],
      [
        0,
        2,
        3,
        4,
        5,
        7,
        8,
        9
      ],
      [
        0,
        4,
        5,
        9
      ],
      [
        0,
        2,
        4,
        5,
        8,
        9
      ],
      [
        0,
        9
      ],
      [
        0,
        4,
        9
      ],
      [
        0,
        1,
        2,
        3,
        4,
        5,
        7,
        8,
        9
      ],
      [
        0,
        2,
        3,
        4,
        5,
        8,
        9
      ],
      [
        0,
        2,
        4,
        5,
        9
      ],
      [
        0
      ]
    ]
  },
  "split": "new",
  "image_index": 339,
  "objects": [
    {
      "3d_coords": [
        -2.987710952758789,
        2.6360745429992676,
        0.3499999940395355
      ],
      "x": 152,
      "pixel_coords": [
        160,
        70,
        14.54947280883789
      ],
      "material": "rubber",
      "size": "small",
      "width": 17,
      "height": 17,
      "color": "cyan",
      "y": 61,
      "shape": "sphere",
      "rotation": 213.2365493984166
    },
    {
      "3d_coords": [
        2.363913059234619,
        -1.0396357774734497,
        0.3499999940395355
      ],
      "x": 177,
      "pixel_coords": [
        191,
        151,
        8.77448558807373
      ],
      "material": "rubber",
      "size": "small",
      "width": 29,
      "height": 38,
      "color": "red",
      "y": 132,
      "shape": "cylinder",
      "rotation": 217.19430425311572
    },
    {
      "3d_coords": [
        -2.1094417572021484,
        -2.8129212856292725,
        0.699999988079071
      ],
      "x": 15,
      "pixel_coords": [
        44,
        103,
        10.581957817077637
      ],
      "material": "metal",
      "size": "large",
      "width": 55,
      "height": 60,
      "color": "brown",
      "y": 74,
      "shape": "cylinder",
      "rotation": 41.38237927449177
    },
    {
      "3d_coords": [
        2.2507660388946533,
        0.5124223828315735,
        0.699999988079071
      ],
      "x": 195,
      "pixel_coords": [
        228,
        119,
        9.612482070922852
      ],
      "material": "metal",
      "size": "large",
      "width": 71,
      "height": 71,
      "color": "gray",
      "y": 85,
      "shape": "cube",
      "rotation": 282.38941623505
    },
    {
      "3d_coords": [
        -2.386131763458252,
        -0.04646746814250946,
        0.699999988079071
      ],
      "x": 91,
      "pixel_coords": [
        115,
        80,
        12.40339183807373
      ],
      "material": "rubber",
      "size": "large",
      "width": 45,
      "height": 49,
      "color": "yellow",
      "y": 56,
      "shape": "cube",
      "rotation": 260.0529472485203
    },
    {
      "3d_coords": [
        1.0828206539154053,
        2.366325855255127,
        0.699999988079071
      ],
      "x": 214,
      "pixel_coords": [
        236,
        91,
        11.494464874267578
      ],
      "material": "rubber",
      "size": "large",
      "width": 44,
      "height": 43,
      "color": "yellow",
      "y": 69,
      "shape": "sphere",
      "rotation": 36.74396798312676
    },
    {
      "3d_coords": [
        1.849665641784668,
        -2.9098591804504395,
        0.3499999940395355
      ],
      "x": 101,
      "pixel_coords": [
        118,
        171,
        8.015198707580566
      ],
      "material": "rubber",
      "size": "small",
      "width": 32,
      "height": 42,
      "color": "cyan",
      "y": 150,
      "shape": "cylinder",
      "rotation": 279.2744334316518
    },
    {
      "3d_coords": [
        0.15220025181770325,
        -2.854919195175171,
        0.699999988079071
      ],
      "x": 52,
      "pixel_coords": [
        81,
        130,
        9.034744262695312
      ],
      "material": "metal",
      "size": "large",
      "width": 56,
      "height": 54,
      "color": "brown",
      "y": 103,
      "shape": "sphere",
      "rotation": 342.6336459209625
    },
    {
      "3d_coords": [
        2.8283238410949707,
        2.106583833694458,
        0.3499999940395355
      ],
      "x": 259,
      "pixel_coords": [
        277,
        120,
        10.321529388427734
      ],
      "material": "metal",
      "size": "small",
      "width": 36,
      "height": 33,
      "color": "green",
      "y": 104,
      "shape": "cube",
      "rotation": 320.2546308901976
    },
    {
      "3d_coords": [
        -1.225092887878418,
        2.6463420391082764,
        0.3499999940395355
      ],
      "x": 179,
      "pixel_coords": [
        191,
        81,
        13.369062423706055
      ],
      "material": "rubber",
      "size": "small",
      "width": 24,
      "height": 25,
      "color": "yellow",
      "y": 69,
      "shape": "cube",
      "rotation": 61.51639265494177
    }
  ]
}