{
  "image_filename": "CLEVR_new_000490.png",
  "directions": {
    "above": [
      0.0,
      0.0,
      1.0
    ],
    "behind": [
      -0.754490315914154,
      0.6563112735748291,
      0.0
    ],
    "left": [
      -0.6563112735748291,
      -0.7544902563095093,
      0.0
    ],
    "below": [
      -0.0,
      -0.0,
      -1.0
    ],
    "right": [
      0.6563112735748291,
      0.7544902563095093,
      -0.0
    ],
    "front": [
      0.754490315914154,
      -0.6563112735748291,
      -0.0
    ]
  },
  "relationships": {
    "left": [
      [],
      [
        0,
        2,
        4,
        5
      ],
      [
        0,
        4
      ],
      [
        0,
        1,
        2,
        4,
        5
      ],
      [
        0
      ],
      [
        0,
        2,
        4
      ]
    ],
    "front": [
      [
        1,
        2,
        4,
        5
      ],
      [
        2,
        4,
        5
      ],
      [
        4,
        5
      ],
      [
        0,
        1,
        2,
        4,
        5
      ],
      [
        5
      ],
      []
    ],
    "right": [
      [
        1,
        2,
        3,
        4,
        5
      ],
      [
        3
      ],
      [
        1,
        3,
        5
      ],
      [],
      [
        1,
        2,
        3,
        5
      ],
      [
        1,
        3
      ]
    ],
    "behind": [
      [
        3
      ],
      [
        0,
        3
      ],
      [
        0,
        1,
        3
      ],
      [],
      [
        0,
        1,
        2,
        3
      ],
      [
        0,
        1,
        2,
        3,
        4
      ]
    ]
  },
  "split": "new",
  "image_index": 490,
  "objects": [
    {
      "3d_coords": [
        -2.515968084335327,
        -1.0719101428985596,
        0.699999988079071
      ],
      "x": 61,
      "pixel_coords": [
        85,
        83,
        11.60029125213623
      ],
      "material": "metal",
      "size": "large",
      "width": 47,
      "height": 56,
      "color": "blue",
      "y": 56,
      "shape": "cylinder",
      "rotation": 204.27958176760816
    },
    {
      "3d_coords": [
        0.15911094844341278,
        0.4072886109352112,
        0.699999988079071
      ],
      "x": 150,
      "pixel_coords": [
        173,
        98,
        10.731493949890137
      ],
      "material": "metal",
      "size": "large",
      "width": 47,
      "height": 61,
      "color": "red",
      "y": 68,
      "shape": "cylinder",
      "rotation": 171.70669846109786
    },
    {
      "3d_coords": [
        0.3776753842830658,
        -0.9155057072639465,
        0.3499999940395355
      ],
      "x": 129,
      "pixel_coords": [
        145,
        126,
        10.028538703918457
      ],
      "material": "metal",
      "size": "small",
      "width": 31,
      "height": 35,
      "color": "blue",
      "y": 109,
      "shape": "cube",
      "rotation": 275.4082224452133
    },
    {
      "3d_coords": [
        -0.7147601246833801,
        2.058323621749878,
        0.699999988079071
      ],
      "x": 169,
      "pixel_coords": [
        191,
        74,
        12.220914840698242
      ],
      "material": "rubber",
      "size": "large",
      "width": 46,
      "height": 52,
      "color": "purple",
      "y": 49,
      "shape": "cube",
      "rotation": 184.68069180562009
    },
    {
      "3d_coords": [
        0.41277825832366943,
        -1.9436408281326294,
        0.3499999940395355
      ],
      "x": 102,
      "pixel_coords": [
        116,
        140,
        9.425392150878906
      ],
      "material": "rubber",
      "size": "small",
      "width": 28,
      "height": 35,
      "color": "cyan",
      "y": 123,
      "shape": "cube",
      "rotation": 234.97368003744322
    },
    {
      "3d_coords": [
        1.8597919940948486,
        -1.6633563041687012,
        0.3499999940395355
      ],
      "x": 143,
      "pixel_coords": [
        160,
        161,
        8.661782264709473
      ],
      "material": "rubber",
      "size": "small",
      "width": 33,
      "height": 41,
      "color": "red",
      "y": 141,
      "shape": "cube",
      "rotation": 137.70948421524457
    }
  ]
}