{
  "image_filename": "CLEVR_new_000548.png",
  "directions": {
    "above": [
      0.0,
      0.0,
      1.0
    ],
    "behind": [
      -0.754490315914154,
      0.6563112735748291,
      0.0
    ],
    "left": [
      -0.6563112735748291,
      -0.7544902563095093,
      0.0
    ],
    "below": [
      -0.0,
      -0.0,
      -1.0
    ],
    "right": [
      0.6563112735748291,
      0.7544902563095093,
      -0.0
    ],
    "front": [
      0.754490315914154,
      -0.6563112735748291,
      -0.0
    ]
  },
  "relationships": {
    "left": [
      [
        1,
        5
      ],
      [
        5
      ],
      [
        0,
        1,
        4,
        5
      ],
      [
        0,
        1,
        2,
        4,
        5
      ],
      [
        0,
        1,
        5
      ],
      []
    ],
    "front": [
      [
        1,
        2,
        3,
        4,
        5
      ],
      [
        2,
        4
      ],
      [
        4
      ],
      [
        1,
        2,
        4
      ],
      [],
      [
        1,
        2,
        3,
        4
      ]
    ],
    "right": [
      [
        2,
        3,
        4
      ],
      [
        0,
        2,
        3,
        4
      ],
      [
        3
      ],
      [],
      [
        2,
        3
      ],
      [
        0,
        1,
        2,
        3,
        4
      ]
    ],
    "behind": [
      [],
      [
        0,
        3,
        5
      ],
      [
        0,
        1,
        3,
        5
      ],
      [
        0,
        5
      ],
      [
        0,
        1,
        2,
        3,
        5
      ],
      [
        0
      ]
    ]
  },
  "split": "new",
  "image_index": 548,
  "objects": [
    {
      "3d_coords": [
        -2.052344560623169,
        0.8925687670707703,
        0.3499999940395355
      ],
      "x": 131,
      "pixel_coords": [
        142,
        82,
        12.927764892578125
      ],
      "material": "rubber",
      "size": "small",
      "width": 22,
      "height": 25,
      "color": "purple",
      "y": 69,
      "shape": "cube",
      "rotation": 231.59177024337862
    },
    {
      "3d_coords": [
        -0.4937456250190735,
        -1.3569905757904053,
        0.3499999940395355
      ],
      "x": 103,
      "pixel_coords": [
        116,
        119,
        10.663899421691895
      ],
      "material": "metal",
      "size": "small",
      "width": 25,
      "height": 31,
      "color": "brown",
      "y": 103,
      "shape": "cylinder",
      "rotation": 307.09092364830667
    },
    {
      "3d_coords": [
        1.0568710565567017,
        -0.18787486851215363,
        0.699999988079071
      ],
      "x": 155,
      "pixel_coords": [
        179,
        116,
        10.12277603149414
      ],
      "material": "metal",
      "size": "large",
      "width": 49,
      "height": 48,
      "color": "red",
      "y": 92,
      "shape": "sphere",
      "rotation": 21.767446735943633
    },
    {
      "3d_coords": [
        1.6137316226959229,
        2.1459858417510986,
        0.3499999940395355
      ],
      "x": 229,
      "pixel_coords": [
        243,
        108,
        11.237668991088867
      ],
      "material": "rubber",
      "size": "small",
      "width": 30,
      "height": 32,
      "color": "brown",
      "y": 93,
      "shape": "cube",
      "rotation": 325.4439711501144
    },
    {
      "3d_coords": [
        2.386375904083252,
        -2.363416910171509,
        0.699999988079071
      ],
      "x": 110,
      "pixel_coords": [
        149,
        169,
        8.049135208129883
      ],
      "material": "rubber",
      "size": "large",
      "width": 80,
      "height": 93,
      "color": "yellow",
      "y": 125,
      "shape": "cube",
      "rotation": 191.4039141040954
    },
    {
      "3d_coords": [
        -2.051351308822632,
        -1.1743066310882568,
        0.3499999940395355
      ],
      "x": 82,
      "pixel_coords": [
        94,
        99,
        11.779197692871094
      ],
      "material": "rubber",
      "size": "small",
      "width": 23,
      "height": 28,
      "color": "purple",
      "y": 85,
      "shape": "cylinder",
      "rotation": 322.7663706076854
    }
  ]
}