{
  "image_filename": "CLEVR_new_000558.png",
  "directions": {
    "above": [
      0.0,
      0.0,
      1.0
    ],
    "behind": [
      -0.754490315914154,
      0.6563112735748291,
      0.0
    ],
    "left": [
      -0.6563112735748291,
      -0.7544902563095093,
      0.0
    ],
    "below": [
      -0.0,
      -0.0,
      -1.0
    ],
    "right": [
      0.6563112735748291,
      0.7544902563095093,
      -0.0
    ],
    "front": [
      0.754490315914154,
      -0.6563112735748291,
      -0.0
    ]
  },
  "relationships": {
    "left": [
      [
        1,
        2,
        4,
        6
      ],
      [
        2,
        4,
        6
      ],
      [
        4
      ],
      [
        0,
        1,
        2,
        4,
        6
      ],
      [],
      [
        0,
        1,
        2,
        3,
        4,
        6,
        7
      ],
      [
        2,
        4
      ],
      [
        0,
        1,
        2,
        3,
        4,
        6
      ]
    ],
    "front": [
      [
        1,
        2,
        3,
        4,
        5,
        6,
        7
      ],
      [],
      [
        1,
        3,
        5,
        6
      ],
      [
        1,
        6
      ],
      [
        1,
        2,
        3,
        5,
        6
      ],
      [
        1,
        3,
        6
      ],
      [
        1
      ],
      [
        1,
        2,
        3,
        4,
        5,
        6
      ]
    ],
    "right": [
      [
        3,
        5,
        7
      ],
      [
        0,
        3,
        5,
        7
      ],
      [
        0,
        1,
        3,
        5,
        6,
        7
      ],
      [
        5,
        7
      ],
      [
        0,
        1,
        2,
        3,
        5,
        6,
        7
      ],
      [],
      [
        0,
        1,
        3,
        5,
        7
      ],
      [
        5
      ]
    ],
    "behind": [
      [],
      [
        0,
        2,
        3,
        4,
        5,
        6,
        7
      ],
      [
        0,
        4,
        7
      ],
      [
        0,
        2,
        4,
        5,
        7
      ],
      [
        0,
        7
      ],
      [
        0,
        2,
        4,
        7
      ],
      [
        0,
        2,
        3,
        4,
        5,
        7
      ],
      [
        0
      ]
    ]
  },
  "split": "new",
  "image_index": 558,
  "objects": [
    {
      "3d_coords": [
        -1.0189425945281982,
        2.252182960510254,
        0.3499999940395355
      ],
      "x": 179,
      "pixel_coords": [
        189,
        81,
        12.519050598144531
      ],
      "material": "metal",
      "size": "small",
      "width": 20,
      "height": 20,
      "color": "cyan",
      "y": 71,
      "shape": "sphere",
      "rotation": 287.6473452359444
    },
    {
      "3d_coords": [
        2.1044013500213623,
        -2.21989107131958,
        0.3499999940395355
      ],
      "x": 130,
      "pixel_coords": [
        147,
        172,
        7.904562473297119
      ],
      "material": "metal",
      "size": "small",
      "width": 32,
      "height": 43,
      "color": "brown",
      "y": 151,
      "shape": "cylinder",
      "rotation": 87.54482623213265
    },
    {
      "3d_coords": [
        -1.0156497955322266,
        -0.9287126660346985,
        0.3499999940395355
      ],
      "x": 100,
      "pixel_coords": [
        115,
        107,
        10.701958656311035
      ],
      "material": "rubber",
      "size": "small",
      "width": 31,
      "height": 32,
      "color": "blue",
      "y": 92,
      "shape": "cube",
      "rotation": 193.7275270057416
    },
    {
      "3d_coords": [
        1.9897007942199707,
        0.19085101783275604,
        0.699999988079071
      ],
      "x": 180,
      "pixel_coords": [
        215,
        122,
        9.184978485107422
      ],
      "material": "rubber",
      "size": "large",
      "width": 72,
      "height": 78,
      "color": "purple",
      "y": 85,
      "shape": "cube",
      "rotation": 311.2837237460906
    },
    {
      "3d_coords": [
        -2.3247203826904297,
        -1.1883056163787842,
        0.3499999940395355
      ],
      "x": 75,
      "pixel_coords": [
        86,
        96,
        11.418440818786621
      ],
      "material": "rubber",
      "size": "small",
      "width": 22,
      "height": 21,
      "color": "purple",
      "y": 85,
      "shape": "sphere",
      "rotation": 240.36634300211085
    },
    {
      "3d_coords": [
        2.897275924682617,
        2.629324436187744,
        0.3499999940395355
      ],
      "x": 281,
      "pixel_coords": [
        294,
        117,
        10.147703170776367
      ],
      "material": "rubber",
      "size": "small",
      "width": 26,
      "height": 24,
      "color": "cyan",
      "y": 105,
      "shape": "sphere",
      "rotation": 69.07884855006608
    },
    {
      "3d_coords": [
        0.9475865960121155,
        -1.9253443479537964,
        0.3499999940395355
      ],
      "x": 113,
      "pixel_coords": [
        127,
        146,
        8.83665943145752
      ],
      "material": "metal",
      "size": "small",
      "width": 28,
      "height": 28,
      "color": "gray",
      "y": 132,
      "shape": "sphere",
      "rotation": 131.24090843756684
    },
    {
      "3d_coords": [
        0.5089690089225769,
        2.816409111022949,
        0.3499999940395355
      ],
      "x": 221,
      "pixel_coords": [
        233,
        90,
        11.8318452835083
      ],
      "material": "metal",
      "size": "small",
      "width": 23,
      "height": 28,
      "color": "cyan",
      "y": 76,
      "shape": "cube",
      "rotation": 91.73977983430146
    }
  ]
}