{
  "image_filename": "CLEVR_new_000238.png",
  "directions": {
    "above": [
      0.0,
      0.0,
      1.0
    ],
    "behind": [
      -0.754490315914154,
      0.6563112735748291,
      0.0
    ],
    "left": [
      -0.6563112735748291,
      -0.7544902563095093,
      0.0
    ],
    "below": [
      -0.0,
      -0.0,
      -1.0
    ],
    "right": [
      0.6563112735748291,
      0.7544902563095093,
      -0.0
    ],
    "front": [
      0.754490315914154,
      -0.6563112735748291,
      -0.0
    ]
  },
  "relationships": {
    "left": [
      [
        1,
        2,
        3,
        4,
        5,
        7,
        9
      ],
      [
        2,
        3,
        4,
        5,
        7,
        9
      ],
      [
        3,
        5,
        7,
        9
      ],
      [
        7,
        9
      ],
      [
        2,
        3,
        5,
        7,
        9
      ],
      [
        3,
        7,
        9
      ],
      [
        0,
        1,
        2,
        3,
        4,
        5,
        7,
        8,
        9
      ],
      [
        9
      ],
      [
        0,
        1,
        2,
        3,
        4,
        5,
        7,
        9
      ],
      []
    ],
    "front": [
      [
        2,
        3
      ],
      [
        0,
        2,
        3,
        7
      ],
      [],
      [
        2
      ],
      [
        0,
        1,
        2,
        3,
        5,
        6,
        7,
        8,
        9
      ],
      [
        0,
        1,
        2,
        3,
        6,
        7,
        9
      ],
      [
        0,
        1,
        2,
        3,
        7
      ],
      [
        0,
        2,
        3
      ],
      [
        0,
        1,
        2,
        3,
        5,
        6,
        7,
        9
      ],
      [
        0,
        1,
        2,
        3,
        6,
        7
      ]
    ],
    "right": [
      [
        6,
        8
      ],
      [
        0,
        6,
        8
      ],
      [
        0,
        1,
        4,
        6,
        8
      ],
      [
        0,
        1,
        2,
        4,
        5,
        6,
        8
      ],
      [
        0,
        1,
        6,
        8
      ],
      [
        0,
        1,
        2,
        4,
        6,
        8
      ],
      [],
      [
        0,
        1,
        2,
        3,
        4,
        5,
        6,
        8
      ],
      [
        6
      ],
      [
        0,
        1,
        2,
        3,
        4,
        5,
        6,
        7,
        8
      ]
    ],
    "behind": [
      [
        1,
        4,
        5,
        6,
        7,
        8,
        9
      ],
      [
        4,
        5,
        6,
        8,
        9
      ],
      [
        0,
        1,
        3,
        4,
        5,
        6,
        7,
        8,
        9
      ],
      [
        0,
        1,
        4,
        5,
        6,
        7,
        8,
        9
      ],
      [],
      [
        4,
        8
      ],
      [
        4,
        5,
        8,
        9
      ],
      [
        1,
        4,
        5,
        6,
        8,
        9
      ],
      [
        4
      ],
      [
        4,
        5,
        8
      ]
    ]
  },
  "split": "new",
  "image_index": 238,
  "objects": [
    {
      "3d_coords": [
        2.8724374771118164,
        -0.14807970821857452,
        0.699999988079071
      ],
      "x": 200,
      "pixel_coords": [
        229,
        145,
        8.725516319274902
      ],
      "material": "metal",
      "size": "large",
      "width": 63,
      "height": 78,
      "color": "red",
      "y": 107,
      "shape": "cylinder",
      "rotation": 86.54820204438487
    },
    {
      "3d_coords": [
        1.246577501296997,
        0.7094075679779053,
        0.699999988079071
      ],
      "x": 173,
      "pixel_coords": [
        206,
        109,
        10.253469467163086
      ],
      "material": "rubber",
      "size": "large",
      "width": 67,
      "height": 70,
      "color": "green",
      "y": 75,
      "shape": "cube",
      "rotation": 133.60000361952635
    },
    {
      "3d_coords": [
        2.7415037155151367,
        -2.7418360710144043,
        0.699999988079071
      ],
      "x": 108,
      "pixel_coords": [
        144,
        188,
        7.393579483032227
      ],
      "material": "rubber",
      "size": "large",
      "width": 70,
      "height": 94,
      "color": "blue",
      "y": 142,
      "shape": "cylinder",
      "rotation": 179.77154267761634
    },
    {
      "3d_coords": [
        0.9645737409591675,
        -2.9924209117889404,
        0.3499999940395355
      ],
      "x": 73,
      "pixel_coords": [
        92,
        165,
        8.59866714477539
      ],
      "material": "rubber",
      "size": "small",
      "width": 37,
      "height": 43,
      "color": "cyan",
      "y": 144,
      "shape": "cube",
      "rotation": 186.70419931275774
    },
    {
      "3d_coords": [
        -1.3286112546920776,
        2.3011131286621094,
        0.699999988079071
      ],
      "x": 165,
      "pixel_coords": [
        185,
        68,
        12.801191329956055
      ],
      "material": "metal",
      "size": "large",
      "width": 41,
      "height": 49,
      "color": "brown",
      "y": 44,
      "shape": "cube",
      "rotation": 216.01754270950113
    },
    {
      "3d_coords": [
        -1.5202715396881104,
        0.17725320160388947,
        0.699999988079071
      ],
      "x": 113,
      "pixel_coords": [
        135,
        82,
        11.765580177307129
      ],
      "material": "rubber",
      "size": "large",
      "width": 43,
      "height": 55,
      "color": "green",
      "y": 55,
      "shape": "cylinder",
      "rotation": 213.18407750018972
    },
    {
      "3d_coords": [
        2.4154086112976074,
        2.9855992794036865,
        0.699999988079071
      ],
      "x": 261,
      "pixel_coords": [
        285,
        99,
        10.735590934753418
      ],
      "material": "metal",
      "size": "large",
      "width": 49,
      "height": 46,
      "color": "blue",
      "y": 76,
      "shape": "sphere",
      "rotation": 91.73872025673813
    },
    {
      "3d_coords": [
        -0.7707103490829468,
        -2.417884588241577,
        0.699999988079071
      ],
      "x": 47,
      "pixel_coords": [
        77,
        117,
        9.859155654907227
      ],
      "material": "rubber",
      "size": "large",
      "width": 57,
      "height": 67,
      "color": "green",
      "y": 84,
      "shape": "cylinder",
      "rotation": 320.5674140731496
    },
    {
      "3d_coords": [
        0.13126422464847565,
        2.9391798973083496,
        0.3499999940395355
      ],
      "x": 214,
      "pixel_coords": [
        226,
        85,
        12.38273811340332
      ],
      "material": "metal",
      "size": "small",
      "width": 25,
      "height": 26,
      "color": "cyan",
      "y": 72,
      "shape": "cube",
      "rotation": 297.8587588919683
    },
    {
      "3d_coords": [
        -2.945674419403076,
        -2.14328670501709,
        0.3499999940395355
      ],
      "x": 39,
      "pixel_coords": [
        53,
        97,
        11.610568046569824
      ],
      "material": "rubber",
      "size": "small",
      "width": 27,
      "height": 28,
      "color": "red",
      "y": 83,
      "shape": "cube",
      "rotation": 214.58166182173923
    }
  ]
}