{
  "image_filename": "CLEVR_new_000230.png",
  "directions": {
    "above": [
      0.0,
      0.0,
      1.0
    ],
    "behind": [
      -0.754490315914154,
      0.6563112735748291,
      0.0
    ],
    "left": [
      -0.6563112735748291,
      -0.7544902563095093,
      0.0
    ],
    "below": [
      -0.0,
      -0.0,
      -1.0
    ],
    "right": [
      0.6563112735748291,
      0.7544902563095093,
      -0.0
    ],
    "front": [
      0.754490315914154,
      -0.6563112735748291,
      -0.0
    ]
  },
  "relationships": {
    "left": [
      [
        2
      ],
      [
        0,
        2
      ],
      []
    ],
    "front": [
      [
        1,
        2
      ],
      [],
      [
        1
      ]
    ],
    "right": [
      [
        1
      ],
      [],
      [
        0,
        1
      ]
    ],
    "behind": [
      [],
      [
        0,
        2
      ],
      [
        0
      ]
    ]
  },
  "split": "new",
  "image_index": 230,
  "objects": [
    {
      "3d_coords": [
        -0.5324695706367493,
        -0.07002391666173935,
        0.3499999940395355
      ],
      "x": 137,
      "pixel_coords": [
        148,
        106,
        11.7968111038208
      ],
      "material": "rubber",
      "size": "small",
      "width": 21,
      "height": 27,
      "color": "brown",
      "y": 93,
      "shape": "cylinder",
      "rotation": 333.578702672618
    },
    {
      "3d_coords": [
        2.4343724250793457,
        0.0016944616800174117,
        0.3499999940395355
      ],
      "x": 203,
      "pixel_coords": [
        217,
        137,
        9.817523956298828
      ],
      "material": "metal",
      "size": "small",
      "width": 27,
      "height": 34,
      "color": "red",
      "y": 121,
      "shape": "cube",
      "rotation": 135.78215035146735
    },
    {
      "3d_coords": [
        -1.6005890369415283,
        -2.710975170135498,
        0.3499999940395355
      ],
      "x": 45,
      "pixel_coords": [
        61,
        118,
        10.966052055358887
      ],
      "material": "rubber",
      "size": "small",
      "width": 32,
      "height": 30,
      "color": "purple",
      "y": 103,
      "shape": "cube",
      "rotation": 16.295588076733747
    }
  ]
}