{
  "image_filename": "CLEVR_new_000686.png",
  "directions": {
    "above": [
      0.0,
      0.0,
      1.0
    ],
    "behind": [
      -0.754490315914154,
      0.6563112735748291,
      0.0
    ],
    "left": [
      -0.6563112735748291,
      -0.7544902563095093,
      0.0
    ],
    "below": [
      -0.0,
      -0.0,
      -1.0
    ],
    "right": [
      0.6563112735748291,
      0.7544902563095093,
      -0.0
    ],
    "front": [
      0.754490315914154,
      -0.6563112735748291,
      -0.0
    ]
  },
  "relationships": {
    "left": [
      [],
      [
        0
      ],
      [
        0,
        1,
        3
      ],
      [
        0,
        1
      ]
    ],
    "front": [
      [
        2,
        3
      ],
      [
        0,
        2,
        3
      ],
      [
        3
      ],
      []
    ],
    "right": [
      [
        1,
        2,
        3
      ],
      [
        2,
        3
      ],
      [],
      [
        2
      ]
    ],
    "behind": [
      [
        1
      ],
      [],
      [
        0,
        1
      ],
      [
        0,
        1,
        2
      ]
    ]
  },
  "split": "new",
  "image_index": 686,
  "objects": [
    {
      "3d_coords": [
        -1.0708452463150024,
        -0.21716707944869995,
        0.3499999940395355
      ],
      "x": 124,
      "pixel_coords": [
        134,
        102,
        11.80557918548584
      ],
      "material": "metal",
      "size": "small",
      "width": 21,
      "height": 21,
      "color": "brown",
      "y": 92,
      "shape": "sphere",
      "rotation": 255.4970374477337
    },
    {
      "3d_coords": [
        -1.209922432899475,
        0.8727053999900818,
        0.3499999940395355
      ],
      "x": 143,
      "pixel_coords": [
        156,
        93,
        12.543875694274902
      ],
      "material": "metal",
      "size": "small",
      "width": 26,
      "height": 27,
      "color": "gray",
      "y": 80,
      "shape": "cube",
      "rotation": 259.1191649358758
    },
    {
      "3d_coords": [
        2.7034103870391846,
        2.2780754566192627,
        0.699999988079071
      ],
      "x": 242,
      "pixel_coords": [
        276,
        107,
        10.596503257751465
      ],
      "material": "metal",
      "size": "large",
      "width": 70,
      "height": 64,
      "color": "cyan",
      "y": 76,
      "shape": "cube",
      "rotation": 337.42335812783625
    },
    {
      "3d_coords": [
        2.6494808197021484,
        0.17435936629772186,
        0.3499999940395355
      ],
      "x": 212,
      "pixel_coords": [
        229,
        139,
        9.54419994354248
      ],
      "material": "rubber",
      "size": "small",
      "width": 34,
      "height": 37,
      "color": "yellow",
      "y": 121,
      "shape": "cube",
      "rotation": 334.86278562194695
    }
  ]
}