{
  "image_filename": "CLEVR_new_000419.png",
  "directions": {
    "above": [
      0.0,
      0.0,
      1.0
    ],
    "behind": [
      -0.754490315914154,
      0.6563112735748291,
      0.0
    ],
    "left": [
      -0.6563112735748291,
      -0.7544902563095093,
      0.0
    ],
    "below": [
      -0.0,
      -0.0,
      -1.0
    ],
    "right": [
      0.6563112735748291,
      0.7544902563095093,
      -0.0
    ],
    "front": [
      0.754490315914154,
      -0.6563112735748291,
      -0.0
    ]
  },
  "relationships": {
    "left": [
      [
        1,
        2,
        3,
        4,
        5,
        6,
        7
      ],
      [
        5
      ],
      [
        1,
        5
      ],
      [
        1,
        2,
        4,
        5,
        6,
        7
      ],
      [
        1,
        2,
        5
      ],
      [],
      [
        1,
        2,
        4,
        5
      ],
      [
        1,
        2,
        4,
        5,
        6
      ]
    ],
    "front": [
      [
        1,
        3,
        4,
        6
      ],
      [
        4
      ],
      [
        0,
        1,
        3,
        4,
        5,
        6
      ],
      [
        1,
        4
      ],
      [],
      [
        0,
        1,
        3,
        4,
        6
      ],
      [
        1,
        3,
        4
      ],
      [
        0,
        1,
        2,
        3,
        4,
        5,
        6
      ]
    ],
    "right": [
      [],
      [
        0,
        2,
        3,
        4,
        6,
        7
      ],
      [
        0,
        3,
        4,
        6,
        7
      ],
      [
        0
      ],
      [
        0,
        3,
        6,
        7
      ],
      [
        0,
        1,
        2,
        3,
        4,
        6,
        7
      ],
      [
        0,
        3,
        7
      ],
      [
        0,
        3
      ]
    ],
    "behind": [
      [
        2,
        5,
        7
      ],
      [
        0,
        2,
        3,
        5,
        6,
        7
      ],
      [
        7
      ],
      [
        0,
        2,
        5,
        6,
        7
      ],
      [
        0,
        1,
        2,
        3,
        5,
        6,
        7
      ],
      [
        2,
        7
      ],
      [
        0,
        2,
        5,
        7
      ],
      []
    ]
  },
  "split": "new",
  "image_index": 419,
  "objects": [
    {
      "3d_coords": [
        1.9506546258926392,
        2.5990335941314697,
        0.699999988079071
      ],
      "x": 241,
      "pixel_coords": [
        267,
        97,
        10.568757057189941
      ],
      "material": "metal",
      "size": "large",
      "width": 55,
      "height": 62,
      "color": "purple",
      "y": 67,
      "shape": "cylinder",
      "rotation": 222.31689156318157
    },
    {
      "3d_coords": [
        1.1001487970352173,
        -2.8391242027282715,
        0.3499999940395355
      ],
      "x": 82,
      "pixel_coords": [
        99,
        164,
        8.260846138000488
      ],
      "material": "metal",
      "size": "small",
      "width": 32,
      "height": 41,
      "color": "gray",
      "y": 144,
      "shape": "cylinder",
      "rotation": 133.90525727979633
    },
    {
      "3d_coords": [
        -2.502704381942749,
        1.0019595623016357,
        0.699999988079071
      ],
      "x": 117,
      "pixel_coords": [
        136,
        68,
        12.607597351074219
      ],
      "material": "rubber",
      "size": "large",
      "width": 39,
      "height": 39,
      "color": "yellow",
      "y": 48,
      "shape": "sphere",
      "rotation": 266.2313801168405
    },
    {
      "3d_coords": [
        2.5358262062072754,
        0.10695294290781021,
        0.699999988079071
      ],
      "x": 201,
      "pixel_coords": [
        229,
        133,
        8.788420677185059
      ],
      "material": "metal",
      "size": "large",
      "width": 57,
      "height": 56,
      "color": "purple",
      "y": 105,
      "shape": "sphere",
      "rotation": 102.76151546102949
    },
    {
      "3d_coords": [
        2.4980757236480713,
        -2.6763405799865723,
        0.699999988079071
      ],
      "x": 106,
      "pixel_coords": [
        140,
        179,
        7.255308151245117
      ],
      "material": "metal",
      "size": "large",
      "width": 68,
      "height": 69,
      "color": "purple",
      "y": 145,
      "shape": "sphere",
      "rotation": 60.82482546465658
    },
    {
      "3d_coords": [
        -2.3249688148498535,
        -1.6212713718414307,
        0.3499999940395355
      ],
      "x": 63,
      "pixel_coords": [
        74,
        99,
        11.198205947875977
      ],
      "material": "metal",
      "size": "small",
      "width": 23,
      "height": 22,
      "color": "red",
      "y": 88,
      "shape": "sphere",
      "rotation": 118.44466994770848
    },
    {
      "3d_coords": [
        0.7270011901855469,
        -0.1037650927901268,
        0.699999988079071
      ],
      "x": 149,
      "pixel_coords": [
        174,
        110,
        9.8616943359375
      ],
      "material": "rubber",
      "size": "large",
      "width": 51,
      "height": 67,
      "color": "gray",
      "y": 77,
      "shape": "cylinder",
      "rotation": 221.38230949185981
    },
    {
      "3d_coords": [
        -1.7200673818588257,
        2.675999402999878,
        0.699999988079071
      ],
      "x": 160,
      "pixel_coords": [
        185,
        63,
        13.029240608215332
      ],
      "material": "metal",
      "size": "large",
      "width": 51,
      "height": 52,
      "color": "yellow",
      "y": 38,
      "shape": "cube",
      "rotation": 22.212893445277953
    }
  ]
}