{
  "image_filename": "CLEVR_new_000695.png",
  "directions": {
    "above": [
      0.0,
      0.0,
      1.0
    ],
    "behind": [
      -0.754490315914154,
      0.6563112735748291,
      0.0
    ],
    "left": [
      -0.6563112735748291,
      -0.7544902563095093,
      0.0
    ],
    "below": [
      -0.0,
      -0.0,
      -1.0
    ],
    "right": [
      0.6563112735748291,
      0.7544902563095093,
      -0.0
    ],
    "front": [
      0.754490315914154,
      -0.6563112735748291,
      -0.0
    ]
  },
  "relationships": {
    "left": [
      [
        4,
        5,
        6
      ],
      [
        0,
        4,
        5,
        6
      ],
      [
        0,
        1,
        4,
        5,
        6
      ],
      [
        0,
        1,
        2,
        4,
        5,
        6,
        7
      ],
      [],
      [
        4
      ],
      [
        4,
        5
      ],
      [
        0,
        1,
        2,
        4,
        5,
        6
      ]
    ],
    "front": [
      [
        1,
        3,
        4,
        6,
        7
      ],
      [
        6
      ],
      [
        0,
        1,
        3,
        4,
        5,
        6,
        7
      ],
      [
        1,
        6
      ],
      [
        1,
        3,
        6
      ],
      [
        0,
        1,
        3,
        4,
        6,
        7
      ],
      [],
      [
        1,
        3,
        4,
        6
      ]
    ],
    "right": [
      [
        1,
        2,
        3,
        7
      ],
      [
        2,
        3,
        7
      ],
      [
        3,
        7
      ],
      [],
      [
        0,
        1,
        2,
        3,
        5,
        6,
        7
      ],
      [
        0,
        1,
        2,
        3,
        6,
        7
      ],
      [
        0,
        1,
        2,
        3,
        7
      ],
      [
        3
      ]
    ],
    "behind": [
      [
        2,
        5
      ],
      [
        0,
        2,
        3,
        4,
        5,
        7
      ],
      [],
      [
        0,
        2,
        4,
        5,
        7
      ],
      [
        0,
        2,
        5,
        7
      ],
      [
        2
      ],
      [
        0,
        1,
        2,
        3,
        4,
        5,
        7
      ],
      [
        0,
        2,
        5
      ]
    ]
  },
  "split": "new",
  "image_index": 695,
  "objects": [
    {
      "3d_coords": [
        -1.54767644405365,
        -0.1258724182844162,
        0.3499999940395355
      ],
      "x": 112,
      "pixel_coords": [
        126,
        97,
        12.106925964355469
      ],
      "material": "rubber",
      "size": "small",
      "width": 27,
      "height": 28,
      "color": "blue",
      "y": 83,
      "shape": "cube",
      "rotation": 256.3936682538277
    },
    {
      "3d_coords": [
        1.9013339281082153,
        -1.001889705657959,
        0.699999988079071
      ],
      "x": 148,
      "pixel_coords": [
        183,
        134,
        9.243082046508789
      ],
      "material": "rubber",
      "size": "large",
      "width": 73,
      "height": 78,
      "color": "purple",
      "y": 97,
      "shape": "cube",
      "rotation": 59.59279564473193
    },
    {
      "3d_coords": [
        -1.5562148094177246,
        2.5656514167785645,
        0.699999988079071
      ],
      "x": 157,
      "pixel_coords": [
        179,
        68,
        13.598541259765625
      ],
      "material": "rubber",
      "size": "large",
      "width": 46,
      "height": 48,
      "color": "red",
      "y": 45,
      "shape": "cube",
      "rotation": 136.2151778923449
    },
    {
      "3d_coords": [
        2.1872639656066895,
        0.9955792427062988,
        0.3499999940395355
      ],
      "x": 223,
      "pixel_coords": [
        235,
        124,
        10.460301399230957
      ],
      "material": "metal",
      "size": "small",
      "width": 24,
      "height": 23,
      "color": "yellow",
      "y": 112,
      "shape": "sphere",
      "rotation": 303.9734859446268
    },
    {
      "3d_coords": [
        -2.1296732425689697,
        -2.5922083854675293,
        0.699999988079071
      ],
      "x": 24,
      "pixel_coords": [
        52,
        105,
        10.786664962768555
      ],
      "material": "metal",
      "size": "large",
      "width": 54,
      "height": 60,
      "color": "green",
      "y": 75,
      "shape": "cylinder",
      "rotation": 120.05429159777154
    },
    {
      "3d_coords": [
        -2.746701717376709,
        -0.7573196291923523,
        0.699999988079071
      ],
      "x": 69,
      "pixel_coords": [
        90,
        83,
        12.300487518310547
      ],
      "material": "metal",
      "size": "large",
      "width": 41,
      "height": 40,
      "color": "red",
      "y": 63,
      "shape": "sphere",
      "rotation": 205.2597772590115
    },
    {
      "3d_coords": [
        0.8838854432106018,
        -2.8837220668792725,
        0.3499999940395355
      ],
      "x": 89,
      "pixel_coords": [
        103,
        158,
        8.890877723693848
      ],
      "material": "rubber",
      "size": "small",
      "width": 28,
      "height": 28,
      "color": "brown",
      "y": 144,
      "shape": "sphere",
      "rotation": 235.3938970368916
    },
    {
      "3d_coords": [
        0.5412092804908752,
        1.4135446548461914,
        0.3499999940395355
      ],
      "x": 190,
      "pixel_coords": [
        201,
        102,
        11.746733665466309
      ],
      "material": "metal",
      "size": "small",
      "width": 22,
      "height": 28,
      "color": "yellow",
      "y": 89,
      "shape": "cylinder",
      "rotation": 12.847065441604046
    }
  ]
}