{
  "image_filename": "CLEVR_new_000630.png",
  "directions": {
    "above": [
      0.0,
      0.0,
      1.0
    ],
    "behind": [
      -0.754490315914154,
      0.6563112735748291,
      0.0
    ],
    "left": [
      -0.6563112735748291,
      -0.7544902563095093,
      0.0
    ],
    "below": [
      -0.0,
      -0.0,
      -1.0
    ],
    "right": [
      0.6563112735748291,
      0.7544902563095093,
      -0.0
    ],
    "front": [
      0.754490315914154,
      -0.6563112735748291,
      -0.0
    ]
  },
  "relationships": {
    "left": [
      [],
      [
        0
      ],
      [
        0,
        1
      ]
    ],
    "front": [
      [
        2
      ],
      [
        0,
        2
      ],
      []
    ],
    "right": [
      [
        1,
        2
      ],
      [
        2
      ],
      []
    ],
    "behind": [
      [
        1
      ],
      [],
      [
        0,
        1
      ]
    ]
  },
  "split": "new",
  "image_index": 630,
  "objects": [
    {
      "3d_coords": [
        -2.524714708328247,
        -1.2797595262527466,
        0.699999988079071
      ],
      "x": 50,
      "pixel_coords": [
        79,
        86,
        11.319291114807129
      ],
      "material": "metal",
      "size": "large",
      "width": 54,
      "height": 55,
      "color": "red",
      "y": 59,
      "shape": "cube",
      "rotation": 275.7819820314097
    },
    {
      "3d_coords": [
        -1.477408766746521,
        0.673507034778595,
        0.699999988079071
      ],
      "x": 118,
      "pixel_coords": [
        146,
        80,
        11.75928020477295
      ],
      "material": "metal",
      "size": "large",
      "width": 54,
      "height": 56,
      "color": "cyan",
      "y": 53,
      "shape": "cube",
      "rotation": 267.51106032620146
    },
    {
      "3d_coords": [
        2.6927170753479004,
        2.7092909812927246,
        0.3499999940395355
      ],
      "x": 277,
      "pixel_coords": [
        289,
        113,
        10.335476875305176
      ],
      "material": "metal",
      "size": "small",
      "width": 25,
      "height": 24,
      "color": "brown",
      "y": 102,
      "shape": "sphere",
      "rotation": 277.10137911806385
    }
  ]
}