{
  "image_filename": "CLEVR_new_000676.png",
  "directions": {
    "above": [
      0.0,
      0.0,
      1.0
    ],
    "behind": [
      -0.754490315914154,
      0.6563112735748291,
      0.0
    ],
    "left": [
      -0.6563112735748291,
      -0.7544902563095093,
      0.0
    ],
    "below": [
      -0.0,
      -0.0,
      -1.0
    ],
    "right": [
      0.6563112735748291,
      0.7544902563095093,
      -0.0
    ],
    "front": [
      0.754490315914154,
      -0.6563112735748291,
      -0.0
    ]
  },
  "relationships": {
    "left": [
      [
        1,
        4
      ],
      [],
      [
        0,
        1,
        4
      ],
      [
        0,
        1,
        2,
        4
      ],
      [
        1
      ]
    ],
    "front": [
      [
        1,
        2,
        3,
        4
      ],
      [
        2
      ],
      [],
      [
        1,
        2
      ],
      [
        1,
        2,
        3
      ]
    ],
    "right": [
      [
        2,
        3
      ],
      [
        0,
        2,
        3,
        4
      ],
      [
        3
      ],
      [],
      [
        0,
        2,
        3
      ]
    ],
    "behind": [
      [],
      [
        0,
        3,
        4
      ],
      [
        0,
        1,
        3,
        4
      ],
      [
        0,
        4
      ],
      [
        0
      ]
    ]
  },
  "split": "new",
  "image_index": 676,
  "objects": [
    {
      "3d_coords": [
        -2.188040256500244,
        1.9429084062576294,
        0.3499999940395355
      ],
      "x": 151,
      "pixel_coords": [
        163,
        78,
        13.824817657470703
      ],
      "material": "metal",
      "size": "small",
      "width": 24,
      "height": 24,
      "color": "green",
      "y": 66,
      "shape": "cube",
      "rotation": 185.27673463867274
    },
    {
      "3d_coords": [
        -1.0589945316314697,
        -1.3179868459701538,
        0.699999988079071
      ],
      "x": 84,
      "pixel_coords": [
        107,
        101,
        11.06141185760498
      ],
      "material": "rubber",
      "size": "large",
      "width": 45,
      "height": 44,
      "color": "blue",
      "y": 78,
      "shape": "sphere",
      "rotation": 20.969429076258525
    },
    {
      "3d_coords": [
        1.3682222366333008,
        0.7299113273620605,
        0.3499999940395355
      ],
      "x": 195,
      "pixel_coords": [
        207,
        119,
        10.704479217529297
      ],
      "material": "rubber",
      "size": "small",
      "width": 23,
      "height": 23,
      "color": "purple",
      "y": 108,
      "shape": "sphere",
      "rotation": 33.704938438405684
    },
    {
      "3d_coords": [
        1.7619349956512451,
        2.7447714805603027,
        0.699999988079071
      ],
      "x": 233,
      "pixel_coords": [
        259,
        96,
        11.400115013122559
      ],
      "material": "rubber",
      "size": "large",
      "width": 53,
      "height": 58,
      "color": "brown",
      "y": 68,
      "shape": "cube",
      "rotation": 47.64421101703626
    },
    {
      "3d_coords": [
        -2.0465502738952637,
        0.3468889892101288,
        0.699999988079071
      ],
      "x": 111,
      "pixel_coords": [
        132,
        80,
        12.67158031463623
      ],
      "material": "rubber",
      "size": "large",
      "width": 40,
      "height": 50,
      "color": "cyan",
      "y": 55,
      "shape": "cylinder",
      "rotation": 122.04112602687425
    }
  ]
}