{
  "image_filename": "CLEVR_new_000482.png",
  "directions": {
    "above": [
      0.0,
      0.0,
      1.0
    ],
    "behind": [
      -0.754490315914154,
      0.6563112735748291,
      0.0
    ],
    "left": [
      -0.6563112735748291,
      -0.7544902563095093,
      0.0
    ],
    "below": [
      -0.0,
      -0.0,
      -1.0
    ],
    "right": [
      0.6563112735748291,
      0.7544902563095093,
      -0.0
    ],
    "front": [
      0.754490315914154,
      -0.6563112735748291,
      -0.0
    ]
  },
  "relationships": {
    "left": [
      [
        1,
        2,
        3,
        4,
        5,
        6,
        7
      ],
      [
        2,
        3,
        4,
        5,
        6,
        7
      ],
      [],
      [
        2,
        4,
        6
      ],
      [
        2
      ],
      [
        2,
        3,
        4,
        6,
        7
      ],
      [
        2,
        4
      ],
      [
        2,
        3,
        4,
        6
      ],
      [
        0,
        1,
        2,
        3,
        4,
        5,
        6,
        7
      ]
    ],
    "front": [
      [
        7
      ],
      [
        0,
        4,
        7
      ],
      [
        0,
        1,
        3,
        4,
        7,
        8
      ],
      [
        0,
        1,
        4,
        7
      ],
      [
        0,
        7
      ],
      [
        0,
        1,
        2,
        3,
        4,
        7,
        8
      ],
      [
        0,
        1,
        2,
        3,
        4,
        5,
        7,
        8
      ],
      [],
      [
        0,
        1,
        3,
        4,
        7
      ]
    ],
    "right": [
      [
        8
      ],
      [
        0,
        8
      ],
      [
        0,
        1,
        3,
        4,
        5,
        6,
        7,
        8
      ],
      [
        0,
        1,
        5,
        7,
        8
      ],
      [
        0,
        1,
        3,
        5,
        6,
        7,
        8
      ],
      [
        0,
        1,
        8
      ],
      [
        0,
        1,
        3,
        5,
        7,
        8
      ],
      [
        0,
        1,
        5,
        8
      ],
      []
    ],
    "behind": [
      [
        1,
        2,
        3,
        4,
        5,
        6,
        8
      ],
      [
        2,
        3,
        5,
        6,
        8
      ],
      [
        5,
        6
      ],
      [
        2,
        5,
        6,
        8
      ],
      [
        1,
        2,
        3,
        5,
        6,
        8
      ],
      [
        6
      ],
      [],
      [
        0,
        1,
        2,
        3,
        4,
        5,
        6,
        8
      ],
      [
        2,
        5,
        6
      ]
    ]
  },
  "split": "new",
  "image_index": 482,
  "objects": [
    {
      "3d_coords": [
        2.7728841304779053,
        -0.19873741269111633,
        0.3499999940395355
      ],
      "x": 211,
      "pixel_coords": [
        225,
        145,
        9.07688045501709
      ],
      "material": "metal",
      "size": "small",
      "width": 29,
      "height": 37,
      "color": "yellow",
      "y": 128,
      "shape": "cylinder",
      "rotation": 231.9430218039409
    },
    {
      "3d_coords": [
        1.4614596366882324,
        0.13755476474761963,
        0.3499999940395355
      ],
      "x": 185,
      "pixel_coords": [
        197,
        124,
        10.159204483032227
      ],
      "material": "metal",
      "size": "small",
      "width": 24,
      "height": 24,
      "color": "brown",
      "y": 112,
      "shape": "sphere",
      "rotation": 32.50360042476005
    },
    {
      "3d_coords": [
        -2.142350912094116,
        -1.2375268936157227,
        0.699999988079071
      ],
      "x": 68,
      "pixel_coords": [
        89,
        91,
        11.613510131835938
      ],
      "material": "rubber",
      "size": "large",
      "width": 43,
      "height": 42,
      "color": "brown",
      "y": 69,
      "shape": "sphere",
      "rotation": 92.66808184798552
    },
    {
      "3d_coords": [
        0.005026462487876415,
        -0.8487198352813721,
        0.699999988079071
      ],
      "x": 114,
      "pixel_coords": [
        139,
        107,
        10.399283409118652
      ],
      "material": "rubber",
      "size": "large",
      "width": 49,
      "height": 62,
      "color": "brown",
      "y": 77,
      "shape": "cylinder",
      "rotation": 337.31214527422185
    },
    {
      "3d_coords": [
        0.17057234048843384,
        -2.279667377471924,
        0.3499999940395355
      ],
      "x": 88,
      "pixel_coords": [
        102,
        135,
        9.592206954956055
      ],
      "material": "rubber",
      "size": "small",
      "width": 28,
      "height": 34,
      "color": "purple",
      "y": 118,
      "shape": "cylinder",
      "rotation": 222.90227994906593
    },
    {
      "3d_coords": [
        -0.7584352493286133,
        1.220635175704956,
        0.699999988079071
      ],
      "x": 149,
      "pixel_coords": [
        172,
        84,
        12.142216682434082
      ],
      "material": "rubber",
      "size": "large",
      "width": 44,
      "height": 51,
      "color": "red",
      "y": 59,
      "shape": "cube",
      "rotation": 193.94147255485322
    },
    {
      "3d_coords": [
        -2.4840235710144043,
        0.7449163794517517,
        0.699999988079071
      ],
      "x": 111,
      "pixel_coords": [
        131,
        75,
        13.020960807800293
      ],
      "material": "rubber",
      "size": "large",
      "width": 39,
      "height": 48,
      "color": "red",
      "y": 52,
      "shape": "cylinder",
      "rotation": 275.93952784713315
    },
    {
      "3d_coords": [
        2.275066375732422,
        -2.2339322566986084,
        0.699999988079071
      ],
      "x": 117,
      "pixel_coords": [
        153,
        154,
        8.04879379272461
      ],
      "material": "rubber",
      "size": "large",
      "width": 74,
      "height": 86,
      "color": "red",
      "y": 113,
      "shape": "cube",
      "rotation": 134.6284228708223
    },
    {
      "3d_coords": [
        1.832820177078247,
        1.9752204418182373,
        0.699999988079071
      ],
      "x": 224,
      "pixel_coords": [
        247,
        101,
        10.846524238586426
      ],
      "material": "metal",
      "size": "large",
      "width": 47,
      "height": 45,
      "color": "blue",
      "y": 78,
      "shape": "sphere",
      "rotation": 68.78311672650308
    }
  ]
}