{
  "image_filename": "CLEVR_new_000689.png",
  "directions": {
    "above": [
      0.0,
      0.0,
      1.0
    ],
    "behind": [
      -0.754490315914154,
      0.6563112735748291,
      0.0
    ],
    "left": [
      -0.6563112735748291,
      -0.7544902563095093,
      0.0
    ],
    "below": [
      -0.0,
      -0.0,
      -1.0
    ],
    "right": [
      0.6563112735748291,
      0.7544902563095093,
      -0.0
    ],
    "front": [
      0.754490315914154,
      -0.6563112735748291,
      -0.0
    ]
  },
  "relationships": {
    "left": [
      [
        2
      ],
      [
        0,
        2
      ],
      []
    ],
    "front": [
      [
        1,
        2
      ],
      [],
      [
        1
      ]
    ],
    "right": [
      [
        1
      ],
      [],
      [
        0,
        1
      ]
    ],
    "behind": [
      [],
      [
        0,
        2
      ],
      [
        0
      ]
    ]
  },
  "split": "new",
  "image_index": 689,
  "objects": [
    {
      "3d_coords": [
        -2.6384334564208984,
        0.9466027021408081,
        0.699999988079071
      ],
      "x": 109,
      "pixel_coords": [
        135,
        75,
        13.540764808654785
      ],
      "material": "rubber",
      "size": "large",
      "width": 50,
      "height": 48,
      "color": "green",
      "y": 51,
      "shape": "cube",
      "rotation": 245.2389836867649
    },
    {
      "3d_coords": [
        1.064286231994629,
        0.06098070368170738,
        0.3499999940395355
      ],
      "x": 173,
      "pixel_coords": [
        184,
        120,
        10.622331619262695
      ],
      "material": "metal",
      "size": "small",
      "width": 24,
      "height": 30,
      "color": "green",
      "y": 106,
      "shape": "cylinder",
      "rotation": 46.45224235761222
    },
    {
      "3d_coords": [
        -2.796076536178589,
        -2.5756852626800537,
        0.699999988079071
      ],
      "x": 23,
      "pixel_coords": [
        46,
        95,
        11.589188575744629
      ],
      "material": "rubber",
      "size": "large",
      "width": 45,
      "height": 42,
      "color": "purple",
      "y": 74,
      "shape": "sphere",
      "rotation": 173.67742210183727
    }
  ]
}