{
  "image_filename": "CLEVR_new_000163.png",
  "directions": {
    "above": [
      0.0,
      0.0,
      1.0
    ],
    "behind": [
      -0.754490315914154,
      0.6563112735748291,
      0.0
    ],
    "left": [
      -0.6563112735748291,
      -0.7544902563095093,
      0.0
    ],
    "below": [
      -0.0,
      -0.0,
      -1.0
    ],
    "right": [
      0.6563112735748291,
      0.7544902563095093,
      -0.0
    ],
    "front": [
      0.754490315914154,
      -0.6563112735748291,
      -0.0
    ]
  },
  "relationships": {
    "left": [
      [
        1,
        2,
        3,
        4,
        5,
        6,
        7,
        8,
        9
      ],
      [
        2,
        5,
        6,
        7,
        9
      ],
      [
        5,
        6,
        7,
        9
      ],
      [
        1,
        2,
        5,
        6,
        7,
        8,
        9
      ],
      [
        1,
        2,
        3,
        5,
        6,
        7,
        8,
        9
      ],
      [],
      [
        5,
        9
      ],
      [
        5,
        6,
        9
      ],
      [
        1,
        2,
        5,
        6,
        7,
        9
      ],
      [
        5
      ]
    ],
    "front": [
      [
        1,
        4,
        7,
        8,
        9
      ],
      [
        7
      ],
      [
        0,
        1,
        4,
        7,
        8,
        9
      ],
      [
        0,
        1,
        2,
        4,
        5,
        6,
        7,
        8,
        9
      ],
      [
        1,
        7,
        9
      ],
      [
        0,
        1,
        2,
        4,
        7,
        8,
        9
      ],
      [
        0,
        1,
        2,
        4,
        5,
        7,
        8,
        9
      ],
      [],
      [
        1,
        4,
        7,
        9
      ],
      [
        1,
        7
      ]
    ],
    "right": [
      [],
      [
        0,
        3,
        4,
        8
      ],
      [
        0,
        1,
        3,
        4,
        8
      ],
      [
        0,
        4
      ],
      [
        0
      ],
      [
        0,
        1,
        2,
        3,
        4,
        6,
        7,
        8,
        9
      ],
      [
        0,
        1,
        2,
        3,
        4,
        7,
        8
      ],
      [
        0,
        1,
        2,
        3,
        4,
        8
      ],
      [
        0,
        3,
        4
      ],
      [
        0,
        1,
        2,
        3,
        4,
        6,
        7,
        8
      ]
    ],
    "behind": [
      [
        2,
        3,
        5,
        6
      ],
      [
        0,
        2,
        3,
        4,
        5,
        6,
        8,
        9
      ],
      [
        3,
        5,
        6
      ],
      [],
      [
        0,
        2,
        3,
        5,
        6,
        8
      ],
      [
        3,
        6
      ],
      [
        3
      ],
      [
        0,
        1,
        2,
        3,
        4,
        5,
        6,
        8,
        9
      ],
      [
        0,
        2,
        3,
        5,
        6
      ],
      [
        0,
        2,
        3,
        4,
        5,
        6,
        8
      ]
    ]
  },
  "split": "new",
  "image_index": 163,
  "objects": [
    {
      "3d_coords": [
        2.94600510597229,
        2.939845323562622,
        0.3499999940395355
      ],
      "x": 282,
      "pixel_coords": [
        294,
        111,
        10.838567733764648
      ],
      "material": "metal",
      "size": "small",
      "width": 24,
      "height": 23,
      "color": "yellow",
      "y": 99,
      "shape": "sphere",
      "rotation": 242.06318503774776
    },
    {
      "3d_coords": [
        1.7666863203048706,
        -1.8515740633010864,
        0.3499999940395355
      ],
      "x": 142,
      "pixel_coords": [
        157,
        155,
        8.594937324523926
      ],
      "material": "rubber",
      "size": "small",
      "width": 29,
      "height": 39,
      "color": "green",
      "y": 135,
      "shape": "cylinder",
      "rotation": 300.1519704492985
    },
    {
      "3d_coords": [
        -0.8210649490356445,
        -0.15158942341804504,
        0.699999988079071
      ],
      "x": 116,
      "pixel_coords": [
        139,
        94,
        11.14194107055664
      ],
      "material": "rubber",
      "size": "large",
      "width": 44,
      "height": 44,
      "color": "cyan",
      "y": 71,
      "shape": "sphere",
      "rotation": 175.94855600197388
    },
    {
      "3d_coords": [
        -0.9890611171722412,
        2.916332483291626,
        0.699999988079071
      ],
      "x": 178,
      "pixel_coords": [
        197,
        70,
        13.165000915527344
      ],
      "material": "rubber",
      "size": "large",
      "width": 37,
      "height": 38,
      "color": "blue",
      "y": 51,
      "shape": "sphere",
      "rotation": 80.67552620580703
    },
    {
      "3d_coords": [
        2.616102457046509,
        1.0508915185928345,
        0.699999988079071
      ],
      "x": 226,
      "pixel_coords": [
        253,
        116,
        9.709329605102539
      ],
      "material": "metal",
      "size": "large",
      "width": 58,
      "height": 67,
      "color": "brown",
      "y": 84,
      "shape": "cylinder",
      "rotation": 128.53469653871423
    },
    {
      "3d_coords": [
        -2.9957311153411865,
        -1.909368634223938,
        0.699999988079071
      ],
      "x": 28,
      "pixel_coords": [
        54,
        90,
        11.425594329833984
      ],
      "material": "metal",
      "size": "large",
      "width": 50,
      "height": 55,
      "color": "green",
      "y": 63,
      "shape": "cylinder",
      "rotation": 284.1032970023897
    },
    {
      "3d_coords": [
        -2.553061008453369,
        0.04350957274436951,
        0.699999988079071
      ],
      "x": 87,
      "pixel_coords": [
        110,
        79,
        12.364188194274902
      ],
      "material": "rubber",
      "size": "large",
      "width": 44,
      "height": 50,
      "color": "yellow",
      "y": 54,
      "shape": "cube",
      "rotation": 211.34439637414485
    },
    {
      "3d_coords": [
        1.4983123540878296,
        -2.9253666400909424,
        0.3499999940395355
      ],
      "x": 100,
      "pixel_coords": [
        115,
        168,
        8.094715118408203
      ],
      "material": "rubber",
      "size": "small",
      "width": 31,
      "height": 31,
      "color": "red",
      "y": 153,
      "shape": "sphere",
      "rotation": 295.14609229070356
    },
    {
      "3d_coords": [
        0.6772932410240173,
        -0.32913169264793396,
        0.3499999940395355
      ],
      "x": 156,
      "pixel_coords": [
        168,
        120,
        10.238025665283203
      ],
      "material": "metal",
      "size": "small",
      "width": 24,
      "height": 24,
      "color": "gray",
      "y": 108,
      "shape": "sphere",
      "rotation": 358.58113007789353
    },
    {
      "3d_coords": [
        -0.10194007307291031,
        -2.890150547027588,
        0.699999988079071
      ],
      "x": 48,
      "pixel_coords": [
        77,
        130,
        8.974464416503906
      ],
      "material": "metal",
      "size": "large",
      "width": 56,
      "height": 55,
      "color": "purple",
      "y": 103,
      "shape": "sphere",
      "rotation": 111.16947652218985
    }
  ]
}