{
  "image_filename": "CLEVR_new_000205.png",
  "directions": {
    "above": [
      0.0,
      0.0,
      1.0
    ],
    "behind": [
      -0.754490315914154,
      0.6563112735748291,
      0.0
    ],
    "left": [
      -0.6563112735748291,
      -0.7544902563095093,
      0.0
    ],
    "below": [
      -0.0,
      -0.0,
      -1.0
    ],
    "right": [
      0.6563112735748291,
      0.7544902563095093,
      -0.0
    ],
    "front": [
      0.754490315914154,
      -0.6563112735748291,
      -0.0
    ]
  },
  "relationships": {
    "left": [
      [
        1,
        2,
        3,
        4,
        5
      ],
      [
        4,
        5
      ],
      [
        1,
        3,
        4,
        5
      ],
      [
        1,
        4,
        5
      ],
      [
        5
      ],
      []
    ],
    "front": [
      [
        1,
        2,
        4,
        5
      ],
      [],
      [
        1
      ],
      [
        0,
        1,
        2,
        4,
        5
      ],
      [
        1,
        2
      ],
      [
        1,
        2,
        4
      ]
    ],
    "right": [
      [],
      [
        0,
        2,
        3
      ],
      [
        0
      ],
      [
        0,
        2
      ],
      [
        0,
        1,
        2,
        3
      ],
      [
        0,
        1,
        2,
        3,
        4
      ]
    ],
    "behind": [
      [
        3
      ],
      [
        0,
        2,
        3,
        4,
        5
      ],
      [
        0,
        3,
        4,
        5
      ],
      [],
      [
        0,
        3,
        5
      ],
      [
        0,
        3
      ]
    ]
  },
  "split": "new",
  "image_index": 205,
  "objects": [
    {
      "3d_coords": [
        -0.3535052537918091,
        2.991151809692383,
        0.3499999940395355
      ],
      "x": 206,
      "pixel_coords": [
        216,
        83,
        13.052671432495117
      ],
      "material": "metal",
      "size": "small",
      "width": 20,
      "height": 24,
      "color": "gray",
      "y": 71,
      "shape": "cube",
      "rotation": 58.880236188167146
    },
    {
      "3d_coords": [
        0.68944251537323,
        -2.058319091796875,
        0.699999988079071
      ],
      "x": 90,
      "pixel_coords": [
        117,
        131,
        9.378575325012207
      ],
      "material": "metal",
      "size": "large",
      "width": 53,
      "height": 52,
      "color": "yellow",
      "y": 104,
      "shape": "sphere",
      "rotation": 134.7156955353042
    },
    {
      "3d_coords": [
        1.1460098028182983,
        -0.17116616666316986,
        0.699999988079071
      ],
      "x": 149,
      "pixel_coords": [
        181,
        116,
        10.116510391235352
      ],
      "material": "rubber",
      "size": "large",
      "width": 63,
      "height": 69,
      "color": "cyan",
      "y": 82,
      "shape": "cube",
      "rotation": 247.03366601952132
    },
    {
      "3d_coords": [
        -2.00986385345459,
        1.9146205186843872,
        0.699999988079071
      ],
      "x": 147,
      "pixel_coords": [
        165,
        69,
        13.404212951660156
      ],
      "material": "rubber",
      "size": "large",
      "width": 37,
      "height": 47,
      "color": "cyan",
      "y": 46,
      "shape": "cylinder",
      "rotation": 239.9757529190473
    },
    {
      "3d_coords": [
        -1.153428316116333,
        -1.4379960298538208,
        0.699999988079071
      ],
      "x": 76,
      "pixel_coords": [
        101,
        101,
        10.967066764831543
      ],
      "material": "metal",
      "size": "large",
      "width": 51,
      "height": 60,
      "color": "brown",
      "y": 72,
      "shape": "cube",
      "rotation": 111.07468363382104
    },
    {
      "3d_coords": [
        -2.9923908710479736,
        -1.1149922609329224,
        0.699999988079071
      ],
      "x": 59,
      "pixel_coords": [
        82,
        81,
        12.388079643249512
      ],
      "material": "rubber",
      "size": "large",
      "width": 44,
      "height": 51,
      "color": "brown",
      "y": 55,
      "shape": "cylinder",
      "rotation": 36.944757587849956
    }
  ]
}