{
  "image_filename": "CLEVR_new_000664.png",
  "directions": {
    "above": [
      0.0,
      0.0,
      1.0
    ],
    "behind": [
      -0.754490315914154,
      0.6563112735748291,
      0.0
    ],
    "left": [
      -0.6563112735748291,
      -0.7544902563095093,
      0.0
    ],
    "below": [
      -0.0,
      -0.0,
      -1.0
    ],
    "right": [
      0.6563112735748291,
      0.7544902563095093,
      -0.0
    ],
    "front": [
      0.754490315914154,
      -0.6563112735748291,
      -0.0
    ]
  },
  "relationships": {
    "left": [
      [
        2,
        5,
        8
      ],
      [
        0,
        2,
        3,
        4,
        5,
        6,
        7,
        8
      ],
      [
        5,
        8
      ],
      [
        0,
        2,
        5,
        7,
        8
      ],
      [
        0,
        2,
        3,
        5,
        6,
        7,
        8
      ],
      [
        8
      ],
      [
        0,
        2,
        3,
        5,
        7,
        8
      ],
      [
        0,
        2,
        5,
        8
      ],
      [],
      [
        0,
        1,
        2,
        3,
        4,
        5,
        6,
        7,
        8
      ]
    ],
    "front": [
      [
        2,
        3,
        4,
        5,
        8,
        9
      ],
      [
        0,
        2,
        3,
        4,
        5,
        8,
        9
      ],
      [
        3,
        4
      ],
      [],
      [
        3
      ],
      [
        2,
        3,
        4,
        8,
        9
      ],
      [
        0,
        1,
        2,
        3,
        4,
        5,
        7,
        8,
        9
      ],
      [
        0,
        1,
        2,
        3,
        4,
        5,
        8,
        9
      ],
      [
        2,
        3,
        4
      ],
      [
        2,
        3,
        4,
        8
      ]
    ],
    "right": [
      [
        1,
        3,
        4,
        6,
        7,
        9
      ],
      [
        9
      ],
      [
        0,
        1,
        3,
        4,
        6,
        7,
        9
      ],
      [
        1,
        4,
        6,
        9
      ],
      [
        1,
        9
      ],
      [
        0,
        1,
        2,
        3,
        4,
        6,
        7,
        9
      ],
      [
        1,
        4,
        9
      ],
      [
        1,
        3,
        4,
        6,
        9
      ],
      [
        0,
        1,
        2,
        3,
        4,
        5,
        6,
        7,
        9
      ],
      []
    ],
    "behind": [
      [
        1,
        6,
        7
      ],
      [
        6,
        7
      ],
      [
        0,
        1,
        5,
        6,
        7,
        8,
        9
      ],
      [
        0,
        1,
        2,
        4,
        5,
        6,
        7,
        8,
        9
      ],
      [
        0,
        1,
        2,
        5,
        6,
        7,
        8,
        9
      ],
      [
        0,
        1,
        6,
        7
      ],
      [],
      [
        6
      ],
      [
        0,
        1,
        5,
        6,
        7,
        9
      ],
      [
        0,
        1,
        5,
        6,
        7
      ]
    ]
  },
  "split": "new",
  "image_index": 664,
  "objects": [
    {
      "3d_coords": [
        -0.915674090385437,
        -0.4273289740085602,
        0.699999988079071
      ],
      "x": 99,
      "pixel_coords": [
        131,
        95,
        11.079300880432129
      ],
      "material": "metal",
      "size": "large",
      "width": 61,
      "height": 62,
      "color": "gray",
      "y": 65,
      "shape": "cube",
      "rotation": 180.78821664766073
    },
    {
      "3d_coords": [
        0.6574004888534546,
        2.46260404586792,
        0.699999988079071
      ],
      "x": 200,
      "pixel_coords": [
        228,
        86,
        11.74660873413086
      ],
      "material": "rubber",
      "size": "large",
      "width": 57,
      "height": 57,
      "color": "red",
      "y": 58,
      "shape": "cube",
      "rotation": 85.04793337497104
    },
    {
      "3d_coords": [
        0.18522140383720398,
        -2.3420193195343018,
        0.3499999940395355
      ],
      "x": 82,
      "pixel_coords": [
        100,
        138,
        9.38825798034668
      ],
      "material": "metal",
      "size": "small",
      "width": 34,
      "height": 36,
      "color": "brown",
      "y": 120,
      "shape": "cube",
      "rotation": 325.82449322508046
    },
    {
      "3d_coords": [
        2.784224271774292,
        -2.153020143508911,
        0.699999988079071
      ],
      "x": 133,
      "pixel_coords": [
        172,
        167,
        7.623478889465332
      ],
      "material": "rubber",
      "size": "large",
      "width": 73,
      "height": 90,
      "color": "gray",
      "y": 124,
      "shape": "cube",
      "rotation": 2.2553786912580165
    },
    {
      "3d_coords": [
        2.5580122470855713,
        -0.5596045851707458,
        0.3499999940395355
      ],
      "x": 196,
      "pixel_coords": [
        211,
        150,
        8.875511169433594
      ],
      "material": "metal",
      "size": "small",
      "width": 30,
      "height": 38,
      "color": "blue",
      "y": 131,
      "shape": "cylinder",
      "rotation": 116.26134772985793
    },
    {
      "3d_coords": [
        -1.24066960811615,
        -1.75186288356781,
        0.3499999940395355
      ],
      "x": 77,
      "pixel_coords": [
        90,
        114,
        10.675921440124512
      ],
      "material": "rubber",
      "size": "small",
      "width": 25,
      "height": 30,
      "color": "green",
      "y": 99,
      "shape": "cylinder",
      "rotation": 16.94788359161011
    },
    {
      "3d_coords": [
        -2.2868332862854004,
        2.996464252471924,
        0.3499999940395355
      ],
      "x": 169,
      "pixel_coords": [
        178,
        70,
        14.165122032165527
      ],
      "material": "metal",
      "size": "small",
      "width": 17,
      "height": 17,
      "color": "red",
      "y": 61,
      "shape": "sphere",
      "rotation": 215.23285685406987
    },
    {
      "3d_coords": [
        -2.393200159072876,
        1.6961934566497803,
        0.699999988079071
      ],
      "x": 132,
      "pixel_coords": [
        151,
        68,
        13.3051118850708
      ],
      "material": "metal",
      "size": "large",
      "width": 38,
      "height": 47,
      "color": "brown",
      "y": 45,
      "shape": "cylinder",
      "rotation": 83.2145221333465
    },
    {
      "3d_coords": [
        -0.9262723326683044,
        -2.6536812782287598,
        0.3499999940395355
      ],
      "x": 53,
      "pixel_coords": [
        69,
        127,
        9.93698787689209
      ],
      "material": "metal",
      "size": "small",
      "width": 30,
      "height": 35,
      "color": "brown",
      "y": 110,
      "shape": "cube",
      "rotation": 294.93849555971815
    },
    {
      "3d_coords": [
        2.864131212234497,
        2.3279411792755127,
        0.699999988079071
      ],
      "x": 257,
      "pixel_coords": [
        285,
        108,
        10.212930679321289
      ],
      "material": "rubber",
      "size": "large",
      "width": 58,
      "height": 63,
      "color": "gray",
      "y": 77,
      "shape": "cylinder",
      "rotation": 5.792236212950095
    }
  ]
}