{
  "image_filename": "CLEVR_new_000670.png",
  "directions": {
    "above": [
      0.0,
      0.0,
      1.0
    ],
    "behind": [
      -0.754490315914154,
      0.6563112735748291,
      0.0
    ],
    "left": [
      -0.6563112735748291,
      -0.7544902563095093,
      0.0
    ],
    "below": [
      -0.0,
      -0.0,
      -1.0
    ],
    "right": [
      0.6563112735748291,
      0.7544902563095093,
      -0.0
    ],
    "front": [
      0.754490315914154,
      -0.6563112735748291,
      -0.0
    ]
  },
  "relationships": {
    "left": [
      [
        1
      ],
      [],
      [
        0,
        1
      ],
      [
        0,
        1,
        2,
        4,
        5
      ],
      [
        0,
        1,
        2
      ],
      [
        0,
        1,
        2,
        4
      ],
      [
        0,
        1,
        2,
        3,
        4,
        5
      ]
    ],
    "front": [
      [],
      [
        0,
        2,
        6
      ],
      [
        0
      ],
      [
        0,
        1,
        2,
        6
      ],
      [
        0,
        1,
        2,
        3,
        6
      ],
      [
        0,
        1,
        2,
        3,
        4,
        6
      ],
      [
        0,
        2
      ]
    ],
    "right": [
      [
        2,
        3,
        4,
        5,
        6
      ],
      [
        0,
        2,
        3,
        4,
        5,
        6
      ],
      [
        3,
        4,
        5,
        6
      ],
      [
        6
      ],
      [
        3,
        5,
        6
      ],
      [
        3,
        6
      ],
      []
    ],
    "behind": [
      [
        1,
        2,
        3,
        4,
        5,
        6
      ],
      [
        3,
        4,
        5
      ],
      [
        1,
        3,
        4,
        5,
        6
      ],
      [
        4,
        5
      ],
      [
        5
      ],
      [],
      [
        1,
        3,
        4,
        5
      ]
    ]
  },
  "split": "new",
  "image_index": 670,
  "objects": [
    {
      "3d_coords": [
        1.4109818935394287,
        -2.906529664993286,
        0.3499999940395355
      ],
      "x": 89,
      "pixel_coords": [
        110,
        172,
        8.432927131652832
      ],
      "material": "rubber",
      "size": "small",
      "width": 41,
      "height": 45,
      "color": "purple",
      "y": 150,
      "shape": "cube",
      "rotation": 36.31392760726792
    },
    {
      "3d_coords": [
        -1.1145282983779907,
        -1.589993953704834,
        0.3499999940395355
      ],
      "x": 81,
      "pixel_coords": [
        97,
        114,
        10.784706115722656
      ],
      "material": "rubber",
      "size": "small",
      "width": 32,
      "height": 33,
      "color": "brown",
      "y": 98,
      "shape": "cube",
      "rotation": 122.56316060913836
    },
    {
      "3d_coords": [
        1.825207233428955,
        -1.6143723726272583,
        0.699999988079071
      ],
      "x": 133,
      "pixel_coords": [
        161,
        147,
        8.730940818786621
      ],
      "material": "metal",
      "size": "large",
      "width": 56,
      "height": 56,
      "color": "blue",
      "y": 119,
      "shape": "sphere",
      "rotation": 64.03173908451453
    },
    {
      "3d_coords": [
        0.9005523920059204,
        2.371614933013916,
        0.3499999940395355
      ],
      "x": 220,
      "pixel_coords": [
        230,
        97,
        11.786189079284668
      ],
      "material": "metal",
      "size": "small",
      "width": 21,
      "height": 21,
      "color": "gray",
      "y": 86,
      "shape": "sphere",
      "rotation": 47.60927540902489
    },
    {
      "3d_coords": [
        -0.9392256140708923,
        1.5513482093811035,
        0.3499999940395355
      ],
      "x": 165,
      "pixel_coords": [
        174,
        86,
        12.477706909179688
      ],
      "material": "metal",
      "size": "small",
      "width": 20,
      "height": 26,
      "color": "yellow",
      "y": 73,
      "shape": "cylinder",
      "rotation": 219.08169256115386
    },
    {
      "3d_coords": [
        -1.495848536491394,
        2.8771896362304688,
        0.3499999940395355
      ],
      "x": 180,
      "pixel_coords": [
        189,
        72,
        13.590729713439941
      ],
      "material": "rubber",
      "size": "small",
      "width": 18,
      "height": 18,
      "color": "purple",
      "y": 62,
      "shape": "sphere",
      "rotation": 252.7258680760423
    },
    {
      "3d_coords": [
        2.9756863117218018,
        1.7073326110839844,
        0.699999988079071
      ],
      "x": 240,
      "pixel_coords": [
        275,
        118,
        9.9113130569458
      ],
      "material": "rubber",
      "size": "large",
      "width": 75,
      "height": 70,
      "color": "green",
      "y": 84,
      "shape": "cube",
      "rotation": 139.39588070418318
    }
  ]
}