{
  "image_filename": "CLEVR_new_000316.png",
  "directions": {
    "above": [
      0.0,
      0.0,
      1.0
    ],
    "behind": [
      -0.754490315914154,
      0.6563112735748291,
      0.0
    ],
    "left": [
      -0.6563112735748291,
      -0.7544902563095093,
      0.0
    ],
    "below": [
      -0.0,
      -0.0,
      -1.0
    ],
    "right": [
      0.6563112735748291,
      0.7544902563095093,
      -0.0
    ],
    "front": [
      0.754490315914154,
      -0.6563112735748291,
      -0.0
    ]
  },
  "relationships": {
    "left": [
      [
        1,
        2,
        3,
        4,
        5,
        6,
        7,
        8,
        9
      ],
      [
        5
      ],
      [
        1,
        4,
        5,
        6
      ],
      [
        1,
        2,
        4,
        5,
        6,
        8
      ],
      [
        1,
        5
      ],
      [],
      [
        1,
        4,
        5
      ],
      [
        1,
        2,
        3,
        4,
        5,
        6,
        8
      ],
      [
        1,
        2,
        4,
        5,
        6
      ],
      [
        1,
        2,
        3,
        4,
        5,
        6,
        7,
        8
      ]
    ],
    "front": [
      [
        1,
        2,
        8,
        9
      ],
      [
        2,
        8,
        9
      ],
      [
        8
      ],
      [
        0,
        1,
        2,
        4,
        5,
        6,
        7,
        8,
        9
      ],
      [
        0,
        1,
        2,
        5,
        6,
        7,
        8,
        9
      ],
      [
        0,
        1,
        2,
        8,
        9
      ],
      [
        0,
        1,
        2,
        5,
        8,
        9
      ],
      [
        0,
        1,
        2,
        5,
        6,
        8,
        9
      ],
      [],
      [
        2,
        8
      ]
    ],
    "right": [
      [],
      [
        0,
        2,
        3,
        4,
        6,
        7,
        8,
        9
      ],
      [
        0,
        3,
        7,
        8,
        9
      ],
      [
        0,
        7,
        9
      ],
      [
        0,
        2,
        3,
        6,
        7,
        8,
        9
      ],
      [
        0,
        1,
        2,
        3,
        4,
        6,
        7,
        8,
        9
      ],
      [
        0,
        2,
        3,
        7,
        8,
        9
      ],
      [
        0,
        9
      ],
      [
        0,
        3,
        7,
        9
      ],
      [
        0
      ]
    ],
    "behind": [
      [
        3,
        4,
        5,
        6,
        7
      ],
      [
        0,
        3,
        4,
        5,
        6,
        7
      ],
      [
        0,
        1,
        3,
        4,
        5,
        6,
        7,
        9
      ],
      [],
      [
        3
      ],
      [
        3,
        4,
        6,
        7
      ],
      [
        3,
        4,
        7
      ],
      [
        3,
        4
      ],
      [
        0,
        1,
        2,
        3,
        4,
        5,
        6,
        7,
        9
      ],
      [
        0,
        1,
        3,
        4,
        5,
        6,
        7
      ]
    ]
  },
  "split": "new",
  "image_index": 316,
  "objects": [
    {
      "3d_coords": [
        1.851322889328003,
        2.554985761642456,
        0.699999988079071
      ],
      "x": 233,
      "pixel_coords": [
        257,
        94,
        11.275064468383789
      ],
      "material": "metal",
      "size": "large",
      "width": 50,
      "height": 56,
      "color": "red",
      "y": 66,
      "shape": "cylinder",
      "rotation": 212.83335557389879
    },
    {
      "3d_coords": [
        -1.2248454093933105,
        -2.128183126449585,
        0.3499999940395355
      ],
      "x": 64,
      "pixel_coords": [
        80,
        119,
        10.44168758392334
      ],
      "material": "rubber",
      "size": "small",
      "width": 32,
      "height": 32,
      "color": "purple",
      "y": 104,
      "shape": "cube",
      "rotation": 148.21557182525618
    },
    {
      "3d_coords": [
        0.9374299645423889,
        -1.1469647884368896,
        0.3499999940395355
      ],
      "x": 142,
      "pixel_coords": [
        154,
        133,
        9.689248085021973
      ],
      "material": "metal",
      "size": "small",
      "width": 25,
      "height": 25,
      "color": "cyan",
      "y": 120,
      "shape": "sphere",
      "rotation": 7.322586014304089
    },
    {
      "3d_coords": [
        -1.7861171960830688,
        2.572763442993164,
        0.699999988079071
      ],
      "x": 157,
      "pixel_coords": [
        175,
        68,
        13.587727546691895
      ],
      "material": "metal",
      "size": "large",
      "width": 36,
      "height": 36,
      "color": "purple",
      "y": 50,
      "shape": "sphere",
      "rotation": 118.3052680291228
    },
    {
      "3d_coords": [
        -2.8741092681884766,
        0.16922378540039062,
        0.699999988079071
      ],
      "x": 88,
      "pixel_coords": [
        108,
        76,
        12.767964363098145
      ],
      "material": "rubber",
      "size": "large",
      "width": 39,
      "height": 39,
      "color": "brown",
      "y": 57,
      "shape": "sphere",
      "rotation": 329.9258534543504
    },
    {
      "3d_coords": [
        -2.5782177448272705,
        -1.8808929920196533,
        0.3499999940395355
      ],
      "x": 53,
      "pixel_coords": [
        64,
        103,
        11.453171730041504
      ],
      "material": "metal",
      "size": "small",
      "width": 22,
      "height": 21,
      "color": "blue",
      "y": 93,
      "shape": "sphere",
      "rotation": 92.05279845568663
    },
    {
      "3d_coords": [
        -1.3903807401657104,
        0.1267903596162796,
        0.3499999940395355
      ],
      "x": 120,
      "pixel_coords": [
        134,
        97,
        11.961370468139648
      ],
      "material": "rubber",
      "size": "small",
      "width": 28,
      "height": 28,
      "color": "blue",
      "y": 83,
      "shape": "cube",
      "rotation": 142.80603633571022
    },
    {
      "3d_coords": [
        -0.3025301992893219,
        2.1660261154174805,
        0.3499999940395355
      ],
      "x": 187,
      "pixel_coords": [
        197,
        89,
        12.552631378173828
      ],
      "material": "rubber",
      "size": "small",
      "width": 20,
      "height": 20,
      "color": "yellow",
      "y": 79,
      "shape": "sphere",
      "rotation": 159.97252365558074
    },
    {
      "3d_coords": [
        2.632335901260376,
        -1.9230334758758545,
        0.3499999940395355
      ],
      "x": 166,
      "pixel_coords": [
        181,
        170,
        8.12986946105957
      ],
      "material": "rubber",
      "size": "small",
      "width": 31,
      "height": 42,
      "color": "blue",
      "y": 149,
      "shape": "cylinder",
      "rotation": 12.532671035072953
    },
    {
      "3d_coords": [
        2.0697579383850098,
        0.9366208910942078,
        0.3499999940395355
      ],
      "x": 216,
      "pixel_coords": [
        232,
        122,
        10.280195236206055
      ],
      "material": "metal",
      "size": "small",
      "width": 34,
      "height": 34,
      "color": "gray",
      "y": 105,
      "shape": "cube",
      "rotation": 125.43433896924248
    }
  ]
}