{
  "image_filename": "CLEVR_new_000552.png",
  "directions": {
    "above": [
      0.0,
      0.0,
      1.0
    ],
    "behind": [
      -0.754490315914154,
      0.6563112735748291,
      0.0
    ],
    "left": [
      -0.6563112735748291,
      -0.7544902563095093,
      0.0
    ],
    "below": [
      -0.0,
      -0.0,
      -1.0
    ],
    "right": [
      0.6563112735748291,
      0.7544902563095093,
      -0.0
    ],
    "front": [
      0.754490315914154,
      -0.6563112735748291,
      -0.0
    ]
  },
  "relationships": {
    "left": [
      [
        2,
        3
      ],
      [
        0,
        2,
        3,
        4,
        5,
        7,
        8
      ],
      [],
      [
        2
      ],
      [
        0,
        2,
        3,
        7,
        8
      ],
      [
        0,
        2,
        3,
        4,
        7,
        8
      ],
      [
        0,
        1,
        2,
        3,
        4,
        5,
        7,
        8
      ],
      [
        0,
        2,
        3
      ],
      [
        0,
        2,
        3,
        7
      ]
    ],
    "front": [
      [
        1,
        2,
        3,
        4,
        6,
        7
      ],
      [
        4,
        7
      ],
      [
        1,
        4,
        7
      ],
      [
        1,
        2,
        4,
        7
      ],
      [],
      [
        0,
        1,
        2,
        3,
        4,
        6,
        7
      ],
      [
        1,
        2,
        3,
        4,
        7
      ],
      [
        4
      ],
      [
        0,
        1,
        2,
        3,
        4,
        5,
        6,
        7
      ]
    ],
    "right": [
      [
        1,
        4,
        5,
        6,
        7,
        8
      ],
      [
        6
      ],
      [
        0,
        1,
        3,
        4,
        5,
        6,
        7,
        8
      ],
      [
        0,
        1,
        4,
        5,
        6,
        7,
        8
      ],
      [
        1,
        5,
        6
      ],
      [
        1,
        6
      ],
      [],
      [
        1,
        4,
        5,
        6,
        8
      ],
      [
        1,
        4,
        5,
        6
      ]
    ],
    "behind": [
      [
        5,
        8
      ],
      [
        0,
        2,
        3,
        5,
        6,
        8
      ],
      [
        0,
        3,
        5,
        6,
        8
      ],
      [
        0,
        5,
        6,
        8
      ],
      [
        0,
        1,
        2,
        3,
        5,
        6,
        7,
        8
      ],
      [
        8
      ],
      [
        0,
        5,
        8
      ],
      [
        0,
        1,
        2,
        3,
        5,
        6,
        8
      ],
      []
    ]
  },
  "split": "new",
  "image_index": 552,
  "objects": [
    {
      "3d_coords": [
        -2.3362348079681396,
        0.17946197092533112,
        0.699999988079071
      ],
      "x": 96,
      "pixel_coords": [
        118,
        79,
        12.185604095458984
      ],
      "material": "rubber",
      "size": "large",
      "width": 43,
      "height": 51,
      "color": "cyan",
      "y": 54,
      "shape": "cylinder",
      "rotation": 72.79556514320822
    },
    {
      "3d_coords": [
        2.1827831268310547,
        1.3742766380310059,
        0.3499999940395355
      ],
      "x": 233,
      "pixel_coords": [
        246,
        119,
        10.14301586151123
      ],
      "material": "metal",
      "size": "small",
      "width": 27,
      "height": 32,
      "color": "brown",
      "y": 103,
      "shape": "cylinder",
      "rotation": 128.26643064752537
    },
    {
      "3d_coords": [
        -2.5329573154449463,
        -2.89582896232605,
        0.699999988079071
      ],
      "x": 1,
      "pixel_coords": [
        31,
        101,
        10.421915054321289
      ],
      "material": "rubber",
      "size": "large",
      "width": 59,
      "height": 63,
      "color": "gray",
      "y": 71,
      "shape": "cube",
      "rotation": 175.5143639073775
    },
    {
      "3d_coords": [
        -2.1659955978393555,
        -1.5064020156860352,
        0.3499999940395355
      ],
      "x": 67,
      "pixel_coords": [
        79,
        103,
        11.194804191589355
      ],
      "material": "rubber",
      "size": "small",
      "width": 24,
      "height": 29,
      "color": "purple",
      "y": 89,
      "shape": "cylinder",
      "rotation": 167.8131958742461
    },
    {
      "3d_coords": [
        2.5300276279449463,
        -1.5465130805969238,
        0.3499999940395355
      ],
      "x": 166,
      "pixel_coords": [
        187,
        162,
        8.121171951293945
      ],
      "material": "metal",
      "size": "small",
      "width": 41,
      "height": 46,
      "color": "green",
      "y": 140,
      "shape": "cube",
      "rotation": 23.650539971358807
    },
    {
      "3d_coords": [
        -0.8183063864707947,
        2.6189780235290527,
        0.699999988079071
      ],
      "x": 176,
      "pixel_coords": [
        197,
        73,
        12.700456619262695
      ],
      "material": "rubber",
      "size": "large",
      "width": 42,
      "height": 49,
      "color": "gray",
      "y": 49,
      "shape": "cube",
      "rotation": 153.04823177486918
    },
    {
      "3d_coords": [
        1.1278401613235474,
        2.980419158935547,
        0.699999988079071
      ],
      "x": 227,
      "pixel_coords": [
        248,
        85,
        11.659191131591797
      ],
      "material": "metal",
      "size": "large",
      "width": 43,
      "height": 42,
      "color": "gray",
      "y": 63,
      "shape": "sphere",
      "rotation": 265.27385818223246
    },
    {
      "3d_coords": [
        0.9047984480857849,
        -2.025862693786621,
        0.3499999940395355
      ],
      "x": 113,
      "pixel_coords": [
        127,
        144,
        8.881559371948242
      ],
      "material": "metal",
      "size": "small",
      "width": 28,
      "height": 28,
      "color": "purple",
      "y": 130,
      "shape": "sphere",
      "rotation": 304.5824778829716
    },
    {
      "3d_coords": [
        -2.530245304107666,
        1.9204837083816528,
        0.3499999940395355
      ],
      "x": 142,
      "pixel_coords": [
        151,
        75,
        13.538956642150879
      ],
      "material": "metal",
      "size": "small",
      "width": 18,
      "height": 23,
      "color": "red",
      "y": 64,
      "shape": "cylinder",
      "rotation": 19.159105885188794
    }
  ]
}