{
  "image_filename": "CLEVR_new_000354.png",
  "directions": {
    "above": [
      0.0,
      0.0,
      1.0
    ],
    "behind": [
      -0.754490315914154,
      0.6563112735748291,
      0.0
    ],
    "left": [
      -0.6563112735748291,
      -0.7544902563095093,
      0.0
    ],
    "below": [
      -0.0,
      -0.0,
      -1.0
    ],
    "right": [
      0.6563112735748291,
      0.7544902563095093,
      -0.0
    ],
    "front": [
      0.754490315914154,
      -0.6563112735748291,
      -0.0
    ]
  },
  "relationships": {
    "left": [
      [
        3,
        6
      ],
      [
        0,
        2,
        3,
        4,
        5,
        6
      ],
      [
        0,
        3,
        5,
        6
      ],
      [],
      [
        0,
        2,
        3,
        5,
        6
      ],
      [
        0,
        3,
        6
      ],
      [
        3
      ]
    ],
    "front": [
      [],
      [
        0,
        2,
        3
      ],
      [
        0,
        3
      ],
      [
        0
      ],
      [
        0,
        1,
        2,
        3
      ],
      [
        0,
        1,
        2,
        3,
        4,
        6
      ],
      [
        0,
        1,
        2,
        3,
        4
      ]
    ],
    "right": [
      [
        1,
        2,
        4,
        5
      ],
      [],
      [
        1,
        4
      ],
      [
        0,
        1,
        2,
        4,
        5,
        6
      ],
      [
        1
      ],
      [
        1,
        2,
        4
      ],
      [
        0,
        1,
        2,
        4,
        5
      ]
    ],
    "behind": [
      [
        1,
        2,
        3,
        4,
        5,
        6
      ],
      [
        4,
        5,
        6
      ],
      [
        1,
        4,
        5,
        6
      ],
      [
        1,
        2,
        4,
        5,
        6
      ],
      [
        5,
        6
      ],
      [],
      [
        5
      ]
    ]
  },
  "split": "new",
  "image_index": 354,
  "objects": [
    {
      "3d_coords": [
        1.2853819131851196,
        -0.9891524910926819,
        0.699999988079071
      ],
      "x": 139,
      "pixel_coords": [
        165,
        125,
        9.621450424194336
      ],
      "material": "metal",
      "size": "large",
      "width": 53,
      "height": 68,
      "color": "green",
      "y": 92,
      "shape": "cylinder",
      "rotation": 262.49546828058874
    },
    {
      "3d_coords": [
        1.9773335456848145,
        2.77286958694458,
        0.3499999940395355
      ],
      "x": 250,
      "pixel_coords": [
        262,
        105,
        11.602334976196289
      ],
      "material": "rubber",
      "size": "small",
      "width": 24,
      "height": 28,
      "color": "red",
      "y": 91,
      "shape": "cylinder",
      "rotation": 135.0242155898377
    },
    {
      "3d_coords": [
        1.2622451782226562,
        0.5813080072402954,
        0.3499999940395355
      ],
      "x": 190,
      "pixel_coords": [
        202,
        118,
        10.745453834533691
      ],
      "material": "rubber",
      "size": "small",
      "width": 24,
      "height": 30,
      "color": "blue",
      "y": 103,
      "shape": "cylinder",
      "rotation": 30.943407564999585
    },
    {
      "3d_coords": [
        -0.18224430084228516,
        -1.7095292806625366,
        0.3499999940395355
      ],
      "x": 101,
      "pixel_coords": [
        113,
        126,
        10.302693367004395
      ],
      "material": "rubber",
      "size": "small",
      "width": 24,
      "height": 24,
      "color": "brown",
      "y": 114,
      "shape": "sphere",
      "rotation": 121.17968196676624
    },
    {
      "3d_coords": [
        0.7819997072219849,
        2.0743496417999268,
        0.3499999940395355
      ],
      "x": 210,
      "pixel_coords": [
        220,
        100,
        11.95787239074707
      ],
      "material": "rubber",
      "size": "small",
      "width": 21,
      "height": 21,
      "color": "blue",
      "y": 89,
      "shape": "sphere",
      "rotation": 315.64774515639743
    },
    {
      "3d_coords": [
        -2.3242974281311035,
        2.8508386611938477,
        0.699999988079071
      ],
      "x": 155,
      "pixel_coords": [
        172,
        63,
        14.282736778259277
      ],
      "material": "rubber",
      "size": "large",
      "width": 34,
      "height": 35,
      "color": "purple",
      "y": 46,
      "shape": "sphere",
      "rotation": 139.96937495119687
    },
    {
      "3d_coords": [
        -1.5880964994430542,
        0.3759997487068176,
        0.3499999940395355
      ],
      "x": 127,
      "pixel_coords": [
        137,
        93,
        12.473883628845215
      ],
      "material": "metal",
      "size": "small",
      "width": 20,
      "height": 26,
      "color": "red",
      "y": 80,
      "shape": "cylinder",
      "rotation": 200.61181135251024
    }
  ]
}