{
  "image_filename": "CLEVR_new_000272.png",
  "directions": {
    "above": [
      0.0,
      0.0,
      1.0
    ],
    "behind": [
      -0.754490315914154,
      0.6563112735748291,
      0.0
    ],
    "left": [
      -0.6563112735748291,
      -0.7544902563095093,
      0.0
    ],
    "below": [
      -0.0,
      -0.0,
      -1.0
    ],
    "right": [
      0.6563112735748291,
      0.7544902563095093,
      -0.0
    ],
    "front": [
      0.754490315914154,
      -0.6563112735748291,
      -0.0
    ]
  },
  "relationships": {
    "left": [
      [
        2,
        4,
        5
      ],
      [
        0,
        2,
        3,
        4,
        5
      ],
      [
        4,
        5
      ],
      [
        0,
        2,
        4,
        5
      ],
      [
        5
      ],
      []
    ],
    "front": [
      [
        1,
        2
      ],
      [
        2
      ],
      [],
      [
        0,
        1,
        2,
        5
      ],
      [
        0,
        1,
        2,
        3,
        5
      ],
      [
        0,
        1,
        2
      ]
    ],
    "right": [
      [
        1,
        3
      ],
      [],
      [
        0,
        1,
        3
      ],
      [
        1
      ],
      [
        0,
        1,
        2,
        3
      ],
      [
        0,
        1,
        2,
        3,
        4
      ]
    ],
    "behind": [
      [
        3,
        4,
        5
      ],
      [
        0,
        3,
        4,
        5
      ],
      [
        0,
        1,
        3,
        4,
        5
      ],
      [
        4
      ],
      [],
      [
        3,
        4
      ]
    ]
  },
  "split": "new",
  "image_index": 272,
  "objects": [
    {
      "3d_coords": [
        0.544590413570404,
        1.142130970954895,
        0.699999988079071
      ],
      "x": 177,
      "pixel_coords": [
        200,
        95,
        10.768781661987305
      ],
      "material": "metal",
      "size": "large",
      "width": 48,
      "height": 60,
      "color": "green",
      "y": 66,
      "shape": "cylinder",
      "rotation": 130.84377567479373
    },
    {
      "3d_coords": [
        2.3116960525512695,
        1.2871208190917969,
        0.699999988079071
      ],
      "x": 222,
      "pixel_coords": [
        250,
        114,
        9.657835006713867
      ],
      "material": "rubber",
      "size": "large",
      "width": 58,
      "height": 67,
      "color": "yellow",
      "y": 81,
      "shape": "cylinder",
      "rotation": 152.703631834558
    },
    {
      "3d_coords": [
        1.5362764596939087,
        -1.5164576768875122,
        0.699999988079071
      ],
      "x": 113,
      "pixel_coords": [
        153,
        136,
        8.592334747314453
      ],
      "material": "rubber",
      "size": "large",
      "width": 79,
      "height": 84,
      "color": "brown",
      "y": 96,
      "shape": "cube",
      "rotation": 139.98988070966047
    },
    {
      "3d_coords": [
        -0.338295042514801,
        2.801732301712036,
        0.699999988079071
      ],
      "x": 195,
      "pixel_coords": [
        215,
        75,
        12.305547714233398
      ],
      "material": "metal",
      "size": "large",
      "width": 40,
      "height": 40,
      "color": "green",
      "y": 55,
      "shape": "sphere",
      "rotation": 296.7784751116258
    },
    {
      "3d_coords": [
        -2.576538324356079,
        1.32490074634552,
        0.699999988079071
      ],
      "x": 123,
      "pixel_coords": [
        143,
        67,
        12.979719161987305
      ],
      "material": "metal",
      "size": "large",
      "width": 39,
      "height": 48,
      "color": "cyan",
      "y": 44,
      "shape": "cylinder",
      "rotation": 290.3176025212827
    },
    {
      "3d_coords": [
        -2.187776565551758,
        -0.8729310631752014,
        0.3499999940395355
      ],
      "x": 82,
      "pixel_coords": [
        98,
        95,
        11.636743545532227
      ],
      "material": "rubber",
      "size": "small",
      "width": 30,
      "height": 29,
      "color": "red",
      "y": 81,
      "shape": "cube",
      "rotation": 226.48548917270844
    }
  ]
}