{
  "image_filename": "CLEVR_new_000250.png",
  "directions": {
    "above": [
      0.0,
      0.0,
      1.0
    ],
    "behind": [
      -0.754490315914154,
      0.6563112735748291,
      0.0
    ],
    "left": [
      -0.6563112735748291,
      -0.7544902563095093,
      0.0
    ],
    "below": [
      -0.0,
      -0.0,
      -1.0
    ],
    "right": [
      0.6563112735748291,
      0.7544902563095093,
      -0.0
    ],
    "front": [
      0.754490315914154,
      -0.6563112735748291,
      -0.0
    ]
  },
  "relationships": {
    "left": [
      [
        1,
        3,
        4,
        5
      ],
      [
        3,
        4
      ],
      [
        0,
        1,
        3,
        4,
        5
      ],
      [
        4
      ],
      [],
      [
        1,
        3,
        4
      ]
    ],
    "front": [
      [
        1,
        2,
        3,
        4
      ],
      [],
      [
        1,
        4
      ],
      [
        1,
        2,
        4
      ],
      [
        1
      ],
      [
        0,
        1,
        2,
        3,
        4
      ]
    ],
    "right": [
      [
        2
      ],
      [
        0,
        2,
        5
      ],
      [],
      [
        0,
        1,
        2,
        5
      ],
      [
        0,
        1,
        2,
        3,
        5
      ],
      [
        0,
        2
      ]
    ],
    "behind": [
      [
        5
      ],
      [
        0,
        2,
        3,
        4,
        5
      ],
      [
        0,
        3,
        5
      ],
      [
        0,
        5
      ],
      [
        0,
        2,
        3,
        5
      ],
      []
    ]
  },
  "split": "new",
  "image_index": 250,
  "objects": [
    {
      "3d_coords": [
        -0.9741612672805786,
        2.9770469665527344,
        0.3499999940395355
      ],
      "x": 195,
      "pixel_coords": [
        204,
        80,
        13.490070343017578
      ],
      "material": "metal",
      "size": "small",
      "width": 18,
      "height": 18,
      "color": "red",
      "y": 71,
      "shape": "sphere",
      "rotation": 59.09175438565745
    },
    {
      "3d_coords": [
        2.2808988094329834,
        -2.4616024494171143,
        0.699999988079071
      ],
      "x": 100,
      "pixel_coords": [
        139,
        161,
        8.088144302368164
      ],
      "material": "rubber",
      "size": "large",
      "width": 71,
      "height": 84,
      "color": "green",
      "y": 121,
      "shape": "cube",
      "rotation": 343.1962403172479
    },
    {
      "3d_coords": [
        2.150960922241211,
        1.4394543170928955,
        0.699999988079071
      ],
      "x": 217,
      "pixel_coords": [
        244,
        112,
        10.331019401550293
      ],
      "material": "rubber",
      "size": "large",
      "width": 58,
      "height": 62,
      "color": "blue",
      "y": 81,
      "shape": "cube",
      "rotation": 200.32333637444637
    },
    {
      "3d_coords": [
        -1.4071213006973267,
        -0.5336523056030273,
        0.699999988079071
      ],
      "x": 100,
      "pixel_coords": [
        121,
        91,
        11.683168411254883
      ],
      "material": "rubber",
      "size": "large",
      "width": 42,
      "height": 42,
      "color": "brown",
      "y": 70,
      "shape": "sphere",
      "rotation": 222.69258032650592
    },
    {
      "3d_coords": [
        -0.21622726321220398,
        -2.2704150676727295,
        0.3499999940395355
      ],
      "x": 79,
      "pixel_coords": [
        94,
        130,
        10.072949409484863
      ],
      "material": "rubber",
      "size": "small",
      "width": 29,
      "height": 34,
      "color": "yellow",
      "y": 113,
      "shape": "cube",
      "rotation": 243.0976968755912
    },
    {
      "3d_coords": [
        -2.538729190826416,
        2.7791848182678223,
        0.699999988079071
      ],
      "x": 152,
      "pixel_coords": [
        174,
        62,
        14.288618087768555
      ],
      "material": "metal",
      "size": "large",
      "width": 45,
      "height": 45,
      "color": "gray",
      "y": 40,
      "shape": "cube",
      "rotation": 271.54448254319954
    }
  ]
}