{
  "image_filename": "CLEVR_new_000624.png",
  "directions": {
    "above": [
      0.0,
      0.0,
      1.0
    ],
    "behind": [
      -0.754490315914154,
      0.6563112735748291,
      0.0
    ],
    "left": [
      -0.6563112735748291,
      -0.7544902563095093,
      0.0
    ],
    "below": [
      -0.0,
      -0.0,
      -1.0
    ],
    "right": [
      0.6563112735748291,
      0.7544902563095093,
      -0.0
    ],
    "front": [
      0.754490315914154,
      -0.6563112735748291,
      -0.0
    ]
  },
  "relationships": {
    "left": [
      [
        1,
        3,
        4
      ],
      [
        4
      ],
      [
        0,
        1,
        3,
        4
      ],
      [
        1,
        4
      ],
      []
    ],
    "front": [
      [],
      [
        0
      ],
      [
        0,
        1
      ],
      [
        0,
        1,
        2
      ],
      [
        0,
        1,
        2,
        3
      ]
    ],
    "right": [
      [
        2
      ],
      [
        0,
        2,
        3
      ],
      [],
      [
        0,
        2
      ],
      [
        0,
        1,
        2,
        3
      ]
    ],
    "behind": [
      [
        1,
        2,
        3,
        4
      ],
      [
        2,
        3,
        4
      ],
      [
        3,
        4
      ],
      [
        4
      ],
      []
    ]
  },
  "split": "new",
  "image_index": 624,
  "objects": [
    {
      "3d_coords": [
        2.681844711303711,
        -1.9111577272415161,
        0.699999988079071
      ],
      "x": 136,
      "pixel_coords": [
        169,
        158,
        7.745450496673584
      ],
      "material": "rubber",
      "size": "large",
      "width": 66,
      "height": 87,
      "color": "blue",
      "y": 116,
      "shape": "cylinder",
      "rotation": 91.55358349009035
    },
    {
      "3d_coords": [
        1.2604798078536987,
        -2.4824378490448,
        0.3499999940395355
      ],
      "x": 99,
      "pixel_coords": [
        113,
        154,
        8.570979118347168
      ],
      "material": "rubber",
      "size": "small",
      "width": 29,
      "height": 29,
      "color": "yellow",
      "y": 139,
      "shape": "sphere",
      "rotation": 168.09818985881768
    },
    {
      "3d_coords": [
        2.3113765716552734,
        0.3410917818546295,
        0.699999988079071
      ],
      "x": 197,
      "pixel_coords": [
        225,
        123,
        9.268319129943848
      ],
      "material": "metal",
      "size": "large",
      "width": 58,
      "height": 70,
      "color": "purple",
      "y": 89,
      "shape": "cylinder",
      "rotation": 44.50412100519761
    },
    {
      "3d_coords": [
        0.38875532150268555,
        -0.8584534525871277,
        0.3499999940395355
      ],
      "x": 133,
      "pixel_coords": [
        145,
        122,
        10.090169906616211
      ],
      "material": "metal",
      "size": "small",
      "width": 25,
      "height": 32,
      "color": "blue",
      "y": 106,
      "shape": "cylinder",
      "rotation": 133.44180750688426
    },
    {
      "3d_coords": [
        -2.5286600589752197,
        -2.188422203063965,
        0.699999988079071
      ],
      "x": 31,
      "pixel_coords": [
        57,
        92,
        11.219066619873047
      ],
      "material": "metal",
      "size": "large",
      "width": 51,
      "height": 56,
      "color": "red",
      "y": 65,
      "shape": "cylinder",
      "rotation": 112.25871874328922
    }
  ]
}