{
  "image_filename": "CLEVR_new_000224.png",
  "directions": {
    "above": [
      0.0,
      0.0,
      1.0
    ],
    "behind": [
      -0.754490315914154,
      0.6563112735748291,
      0.0
    ],
    "left": [
      -0.6563112735748291,
      -0.7544902563095093,
      0.0
    ],
    "below": [
      -0.0,
      -0.0,
      -1.0
    ],
    "right": [
      0.6563112735748291,
      0.7544902563095093,
      -0.0
    ],
    "front": [
      0.754490315914154,
      -0.6563112735748291,
      -0.0
    ]
  },
  "relationships": {
    "left": [
      [
        1,
        3,
        5,
        6,
        8,
        9
      ],
      [
        6,
        9
      ],
      [
        0,
        1,
        3,
        4,
        5,
        6,
        7,
        8,
        9
      ],
      [
        1,
        5,
        6,
        8,
        9
      ],
      [
        0,
        1,
        3,
        5,
        6,
        7,
        8,
        9
      ],
      [
        1,
        6,
        9
      ],
      [],
      [
        0,
        1,
        3,
        5,
        6,
        8,
        9
      ],
      [
        1,
        5,
        6,
        9
      ],
      [
        6
      ]
    ],
    "front": [
      [
        3
      ],
      [
        0,
        2,
        3,
        4,
        5,
        6,
        7,
        9
      ],
      [
        0,
        3,
        4,
        6,
        9
      ],
      [],
      [
        0,
        3
      ],
      [
        0,
        2,
        3,
        4,
        6,
        7,
        9
      ],
      [
        0,
        3,
        4,
        9
      ],
      [
        0,
        2,
        3,
        4,
        6,
        9
      ],
      [
        0,
        1,
        2,
        3,
        4,
        5,
        6,
        7,
        9
      ],
      [
        0,
        3,
        4
      ]
    ],
    "right": [
      [
        2,
        4,
        7
      ],
      [
        0,
        2,
        3,
        4,
        5,
        7,
        8
      ],
      [],
      [
        0,
        2,
        4,
        7
      ],
      [
        2
      ],
      [
        0,
        2,
        3,
        4,
        7,
        8
      ],
      [
        0,
        1,
        2,
        3,
        4,
        5,
        7,
        8,
        9
      ],
      [
        2,
        4
      ],
      [
        0,
        2,
        3,
        4,
        7
      ],
      [
        0,
        1,
        2,
        3,
        4,
        5,
        7,
        8
      ]
    ],
    "behind": [
      [
        1,
        2,
        4,
        5,
        6,
        7,
        8,
        9
      ],
      [
        8
      ],
      [
        1,
        5,
        7,
        8
      ],
      [
        0,
        1,
        2,
        4,
        5,
        6,
        7,
        8,
        9
      ],
      [
        1,
        2,
        5,
        6,
        7,
        8,
        9
      ],
      [
        1,
        8
      ],
      [
        1,
        2,
        5,
        7,
        8
      ],
      [
        1,
        5,
        8
      ],
      [],
      [
        1,
        2,
        5,
        6,
        7,
        8
      ]
    ]
  },
  "split": "new",
  "image_index": 224,
  "objects": [
    {
      "3d_coords": [
        2.496446132659912,
        -0.9810616970062256,
        0.3499999940395355
      ],
      "x": 185,
      "pixel_coords": [
        198,
        150,
        9.021710395812988
      ],
      "material": "metal",
      "size": "small",
      "width": 27,
      "height": 27,
      "color": "brown",
      "y": 137,
      "shape": "sphere",
      "rotation": 222.56914384507442
    },
    {
      "3d_coords": [
        -2.689373016357422,
        0.28843173384666443,
        0.3499999940395355
      ],
      "x": 108,
      "pixel_coords": [
        117,
        86,
        13.202011108398438
      ],
      "material": "metal",
      "size": "small",
      "width": 19,
      "height": 19,
      "color": "gray",
      "y": 77,
      "shape": "sphere",
      "rotation": 313.25061571800916
    },
    {
      "3d_coords": [
        2.281801700592041,
        2.798555612564087,
        0.699999988079071
      ],
      "x": 247,
      "pixel_coords": [
        271,
        97,
        11.326403617858887
      ],
      "material": "metal",
      "size": "large",
      "width": 51,
      "height": 56,
      "color": "gray",
      "y": 70,
      "shape": "cylinder",
      "rotation": 188.93655892233036
    },
    {
      "3d_coords": [
        2.6705732345581055,
        -2.3904449939727783,
        0.699999988079071
      ],
      "x": 131,
      "pixel_coords": [
        163,
        162,
        7.889164447784424
      ],
      "material": "metal",
      "size": "large",
      "width": 65,
      "height": 85,
      "color": "red",
      "y": 121,
      "shape": "cylinder",
      "rotation": 184.60292618088212
    },
    {
      "3d_coords": [
        2.6032116413116455,
        0.7123973369598389,
        0.3499999940395355
      ],
      "x": 227,
      "pixel_coords": [
        241,
        131,
        9.990208625793457
      ],
      "material": "metal",
      "size": "small",
      "width": 27,
      "height": 33,
      "color": "green",
      "y": 115,
      "shape": "cylinder",
      "rotation": 67.65434174663604
    },
    {
      "3d_coords": [
        -1.7230557203292847,
        0.09135494381189346,
        0.3499999940395355
      ],
      "x": 119,
      "pixel_coords": [
        129,
        95,
        12.447271347045898
      ],
      "material": "metal",
      "size": "small",
      "width": 20,
      "height": 20,
      "color": "brown",
      "y": 85,
      "shape": "sphere",
      "rotation": 160.0103618456859
    },
    {
      "3d_coords": [
        -1.758163571357727,
        -2.705336332321167,
        0.3499999940395355
      ],
      "x": 43,
      "pixel_coords": [
        57,
        118,
        10.755197525024414
      ],
      "material": "metal",
      "size": "small",
      "width": 26,
      "height": 30,
      "color": "brown",
      "y": 103,
      "shape": "cylinder",
      "rotation": 197.4924601699931
    },
    {
      "3d_coords": [
        0.6389629244804382,
        1.7349036931991577,
        0.699999988079071
      ],
      "x": 188,
      "pixel_coords": [
        211,
        92,
        11.751768112182617
      ],
      "material": "rubber",
      "size": "large",
      "width": 46,
      "height": 54,
      "color": "green",
      "y": 66,
      "shape": "cube",
      "rotation": 153.01940722603715
    },
    {
      "3d_coords": [
        -2.546137809753418,
        1.5459164381027222,
        0.3499999940395355
      ],
      "x": 136,
      "pixel_coords": [
        145,
        80,
        13.879219055175781
      ],
      "material": "metal",
      "size": "small",
      "width": 18,
      "height": 18,
      "color": "yellow",
      "y": 71,
      "shape": "sphere",
      "rotation": 0.27324454878349336
    },
    {
      "3d_coords": [
        -0.7075400948524475,
        -2.3958895206451416,
        0.3499999940395355
      ],
      "x": 69,
      "pixel_coords": [
        84,
        126,
        10.255786895751953
      ],
      "material": "rubber",
      "size": "small",
      "width": 29,
      "height": 33,
      "color": "purple",
      "y": 110,
      "shape": "cube",
      "rotation": 12.180921016453002
    }
  ]
}