{
  "image_filename": "CLEVR_new_000641.png",
  "directions": {
    "above": [
      0.0,
      0.0,
      1.0
    ],
    "behind": [
      -0.754490315914154,
      0.6563112735748291,
      0.0
    ],
    "left": [
      -0.6563112735748291,
      -0.7544902563095093,
      0.0
    ],
    "below": [
      -0.0,
      -0.0,
      -1.0
    ],
    "right": [
      0.6563112735748291,
      0.7544902563095093,
      -0.0
    ],
    "front": [
      0.754490315914154,
      -0.6563112735748291,
      -0.0
    ]
  },
  "relationships": {
    "left": [
      [
        1,
        2,
        3,
        4,
        5,
        6,
        7
      ],
      [
        2,
        5,
        7
      ],
      [
        7
      ],
      [
        1,
        2,
        4,
        5,
        6,
        7
      ],
      [
        1,
        2,
        5,
        6,
        7
      ],
      [
        2,
        7
      ],
      [
        1,
        2,
        5,
        7
      ],
      []
    ],
    "front": [
      [
        1,
        2,
        3,
        4,
        5,
        7
      ],
      [
        2,
        3,
        4,
        5
      ],
      [
        4,
        5
      ],
      [
        2,
        4,
        5
      ],
      [],
      [
        4
      ],
      [
        0,
        1,
        2,
        3,
        4,
        5,
        7
      ],
      [
        1,
        2,
        3,
        4,
        5
      ]
    ],
    "right": [
      [],
      [
        0,
        3,
        4,
        6
      ],
      [
        0,
        1,
        3,
        4,
        5,
        6
      ],
      [
        0
      ],
      [
        0,
        3
      ],
      [
        0,
        1,
        3,
        4,
        6
      ],
      [
        0,
        3,
        4
      ],
      [
        0,
        1,
        2,
        3,
        4,
        5,
        6
      ]
    ],
    "behind": [
      [
        6
      ],
      [
        0,
        6,
        7
      ],
      [
        0,
        1,
        3,
        6,
        7
      ],
      [
        0,
        1,
        6,
        7
      ],
      [
        0,
        1,
        2,
        3,
        5,
        6,
        7
      ],
      [
        0,
        1,
        2,
        3,
        6,
        7
      ],
      [],
      [
        0,
        6
      ]
    ]
  },
  "split": "new",
  "image_index": 641,
  "objects": [
    {
      "3d_coords": [
        -0.551930844783783,
        2.1328818798065186,
        0.699999988079071
      ],
      "x": 169,
      "pixel_coords": [
        192,
        78,
        12.75278091430664
      ],
      "material": "metal",
      "size": "large",
      "width": 45,
      "height": 51,
      "color": "cyan",
      "y": 53,
      "shape": "cube",
      "rotation": 240.8797328793082
    },
    {
      "3d_coords": [
        -1.0008625984191895,
        -1.0144554376602173,
        0.699999988079071
      ],
      "x": 91,
      "pixel_coords": [
        115,
        100,
        11.158117294311523
      ],
      "material": "metal",
      "size": "large",
      "width": 47,
      "height": 58,
      "color": "gray",
      "y": 72,
      "shape": "cylinder",
      "rotation": 130.75035370889248
    },
    {
      "3d_coords": [
        -0.6104580163955688,
        -2.8274643421173096,
        0.3499999940395355
      ],
      "x": 59,
      "pixel_coords": [
        73,
        135,
        10.001405715942383
      ],
      "material": "rubber",
      "size": "small",
      "width": 28,
      "height": 33,
      "color": "red",
      "y": 119,
      "shape": "cylinder",
      "rotation": 345.66027047909046
    },
    {
      "3d_coords": [
        0.49006837606430054,
        0.023392783477902412,
        0.699999988079071
      ],
      "x": 148,
      "pixel_coords": [
        171,
        106,
        10.834139823913574
      ],
      "material": "metal",
      "size": "large",
      "width": 49,
      "height": 58,
      "color": "green",
      "y": 77,
      "shape": "cube",
      "rotation": 255.2988385071927
    },
    {
      "3d_coords": [
        1.9899446964263916,
        -2.0385897159576416,
        0.3499999940395355
      ],
      "x": 141,
      "pixel_coords": [
        155,
        164,
        8.826699256896973
      ],
      "material": "rubber",
      "size": "small",
      "width": 28,
      "height": 28,
      "color": "cyan",
      "y": 150,
      "shape": "sphere",
      "rotation": 199.21262320431404
    },
    {
      "3d_coords": [
        0.4414500594139099,
        -2.812809944152832,
        0.3499999940395355
      ],
      "x": 80,
      "pixel_coords": [
        95,
        150,
        9.344473838806152
      ],
      "material": "metal",
      "size": "small",
      "width": 29,
      "height": 36,
      "color": "cyan",
      "y": 132,
      "shape": "cylinder",
      "rotation": 230.00377940122877
    },
    {
      "3d_coords": [
        -2.666182279586792,
        1.3962457180023193,
        0.699999988079071
      ],
      "x": 121,
      "pixel_coords": [
        139,
        68,
        13.651019096374512
      ],
      "material": "metal",
      "size": "large",
      "width": 36,
      "height": 36,
      "color": "red",
      "y": 49,
      "shape": "sphere",
      "rotation": 208.59226809426224
    },
    {
      "3d_coords": [
        -2.7108497619628906,
        -1.9281139373779297,
        0.699999988079071
      ],
      "x": 37,
      "pixel_coords": [
        62,
        92,
        11.694852828979492
      ],
      "material": "rubber",
      "size": "large",
      "width": 49,
      "height": 55,
      "color": "yellow",
      "y": 65,
      "shape": "cylinder",
      "rotation": 326.104122525041
    }
  ]
}