{
  "image_filename": "CLEVR_new_000231.png",
  "directions": {
    "above": [
      0.0,
      0.0,
      1.0
    ],
    "behind": [
      -0.754490315914154,
      0.6563112735748291,
      0.0
    ],
    "left": [
      -0.6563112735748291,
      -0.7544902563095093,
      0.0
    ],
    "below": [
      -0.0,
      -0.0,
      -1.0
    ],
    "right": [
      0.6563112735748291,
      0.7544902563095093,
      -0.0
    ],
    "front": [
      0.754490315914154,
      -0.6563112735748291,
      -0.0
    ]
  },
  "relationships": {
    "left": [
      [
        4
      ],
      [
        0,
        2,
        3,
        4
      ],
      [
        0,
        3,
        4
      ],
      [
        0,
        4
      ],
      []
    ],
    "front": [
      [
        1,
        3,
        4
      ],
      [
        3
      ],
      [
        0,
        1,
        3,
        4
      ],
      [],
      [
        1,
        3
      ]
    ],
    "right": [
      [
        1,
        2,
        3
      ],
      [],
      [
        1
      ],
      [
        1,
        2
      ],
      [
        0,
        1,
        2,
        3
      ]
    ],
    "behind": [
      [
        2
      ],
      [
        0,
        2,
        4
      ],
      [],
      [
        0,
        1,
        2,
        4
      ],
      [
        0,
        2
      ]
    ]
  },
  "split": "new",
  "image_index": 231,
  "objects": [
    {
      "3d_coords": [
        -1.687941312789917,
        0.638314425945282,
        0.3499999940395355
      ],
      "x": 133,
      "pixel_coords": [
        142,
        89,
        12.611672401428223
      ],
      "material": "rubber",
      "size": "small",
      "width": 19,
      "height": 19,
      "color": "brown",
      "y": 80,
      "shape": "sphere",
      "rotation": 68.81241383832517
    },
    {
      "3d_coords": [
        2.1908257007598877,
        1.8054684400558472,
        0.699999988079071
      ],
      "x": 224,
      "pixel_coords": [
        253,
        107,
        10.55324649810791
      ],
      "material": "metal",
      "size": "large",
      "width": 63,
      "height": 61,
      "color": "cyan",
      "y": 77,
      "shape": "cube",
      "rotation": 153.31940988400873
    },
    {
      "3d_coords": [
        -0.8097934126853943,
        2.4759621620178223,
        0.699999988079071
      ],
      "x": 177,
      "pixel_coords": [
        196,
        75,
        12.933755874633789
      ],
      "material": "metal",
      "size": "large",
      "width": 40,
      "height": 49,
      "color": "cyan",
      "y": 51,
      "shape": "cylinder",
      "rotation": 7.492812523500003
    },
    {
      "3d_coords": [
        0.9296719431877136,
        -0.3933085501194,
        0.699999988079071
      ],
      "x": 146,
      "pixel_coords": [
        171,
        114,
        10.11038875579834
      ],
      "material": "metal",
      "size": "large",
      "width": 50,
      "height": 64,
      "color": "cyan",
      "y": 83,
      "shape": "cylinder",
      "rotation": 165.3045416674392
    },
    {
      "3d_coords": [
        -2.765947103500366,
        -2.1951406002044678,
        0.699999988079071
      ],
      "x": 32,
      "pixel_coords": [
        54,
        92,
        11.513328552246094
      ],
      "material": "metal",
      "size": "large",
      "width": 44,
      "height": 43,
      "color": "purple",
      "y": 71,
      "shape": "sphere",
      "rotation": 292.41459657007647
    }
  ]
}