{
  "image_filename": "CLEVR_new_000492.png",
  "directions": {
    "above": [
      0.0,
      0.0,
      1.0
    ],
    "behind": [
      -0.754490315914154,
      0.6563112735748291,
      0.0
    ],
    "left": [
      -0.6563112735748291,
      -0.7544902563095093,
      0.0
    ],
    "below": [
      -0.0,
      -0.0,
      -1.0
    ],
    "right": [
      0.6563112735748291,
      0.7544902563095093,
      -0.0
    ],
    "front": [
      0.754490315914154,
      -0.6563112735748291,
      -0.0
    ]
  },
  "relationships": {
    "left": [
      [],
      [
        0,
        2,
        4,
        5,
        6
      ],
      [
        0,
        4,
        5,
        6
      ],
      [
        0,
        1,
        2,
        4,
        5,
        6
      ],
      [
        0,
        5,
        6
      ],
      [
        0
      ],
      [
        0,
        5
      ]
    ],
    "front": [
      [
        1,
        4,
        6
      ],
      [
        4,
        6
      ],
      [
        0,
        1,
        3,
        4,
        6
      ],
      [
        0,
        1,
        4,
        6
      ],
      [
        6
      ],
      [
        0,
        1,
        2,
        3,
        4,
        6
      ],
      []
    ],
    "right": [
      [
        1,
        2,
        3,
        4,
        5,
        6
      ],
      [
        3
      ],
      [
        1,
        3
      ],
      [],
      [
        1,
        2,
        3
      ],
      [
        1,
        2,
        3,
        4,
        6
      ],
      [
        1,
        2,
        3,
        4
      ]
    ],
    "behind": [
      [
        2,
        3,
        5
      ],
      [
        0,
        2,
        3,
        5
      ],
      [
        5
      ],
      [
        2,
        5
      ],
      [
        0,
        1,
        2,
        3,
        5
      ],
      [],
      [
        0,
        1,
        2,
        3,
        4,
        5
      ]
    ]
  },
  "split": "new",
  "image_index": 492,
  "objects": [
    {
      "3d_coords": [
        -1.9651691913604736,
        -2.3415894508361816,
        0.3499999940395355
      ],
      "x": 45,
      "pixel_coords": [
        61,
        110,
        10.821745872497559
      ],
      "material": "metal",
      "size": "small",
      "width": 32,
      "height": 30,
      "color": "cyan",
      "y": 95,
      "shape": "cube",
      "rotation": 116.9144030898468
    },
    {
      "3d_coords": [
        2.0164568424224854,
        0.6808125972747803,
        0.3499999940395355
      ],
      "x": 211,
      "pixel_coords": [
        225,
        127,
        9.807923316955566
      ],
      "material": "rubber",
      "size": "small",
      "width": 27,
      "height": 33,
      "color": "cyan",
      "y": 110,
      "shape": "cylinder",
      "rotation": 82.28992703638018
    },
    {
      "3d_coords": [
        -0.7454797029495239,
        2.0341403484344482,
        0.699999988079071
      ],
      "x": 164,
      "pixel_coords": [
        191,
        79,
        12.329769134521484
      ],
      "material": "metal",
      "size": "large",
      "width": 55,
      "height": 54,
      "color": "blue",
      "y": 53,
      "shape": "cube",
      "rotation": 81.78831405160248
    },
    {
      "3d_coords": [
        1.1896533966064453,
        2.2780237197875977,
        0.3499999940395355
      ],
      "x": 227,
      "pixel_coords": [
        238,
        103,
        11.291632652282715
      ],
      "material": "rubber",
      "size": "small",
      "width": 22,
      "height": 22,
      "color": "red",
      "y": 92,
      "shape": "sphere",
      "rotation": 359.7809082398477
    },
    {
      "3d_coords": [
        2.1071364879608154,
        -1.1332662105560303,
        0.3499999940395355
      ],
      "x": 165,
      "pixel_coords": [
        179,
        149,
        8.707315444946289
      ],
      "material": "metal",
      "size": "small",
      "width": 29,
      "height": 38,
      "color": "green",
      "y": 131,
      "shape": "cylinder",
      "rotation": 319.1403985151722
    },
    {
      "3d_coords": [
        -2.677590847015381,
        1.3561501502990723,
        0.3499999940395355
      ],
      "x": 133,
      "pixel_coords": [
        143,
        78,
        13.428695678710938
      ],
      "material": "metal",
      "size": "small",
      "width": 19,
      "height": 23,
      "color": "gray",
      "y": 66,
      "shape": "cylinder",
      "rotation": 262.9907503171255
    },
    {
      "3d_coords": [
        2.9026005268096924,
        -2.8092856407165527,
        0.3499999940395355
      ],
      "x": 127,
      "pixel_coords": [
        145,
        192,
        7.200100898742676
      ],
      "material": "metal",
      "size": "small",
      "width": 35,
      "height": 48,
      "color": "brown",
      "y": 168,
      "shape": "cylinder",
      "rotation": 267.11706000613253
    }
  ]
}