{
  "image_filename": "CLEVR_new_000370.png",
  "directions": {
    "above": [
      0.0,
      0.0,
      1.0
    ],
    "behind": [
      -0.754490315914154,
      0.6563112735748291,
      0.0
    ],
    "left": [
      -0.6563112735748291,
      -0.7544902563095093,
      0.0
    ],
    "below": [
      -0.0,
      -0.0,
      -1.0
    ],
    "right": [
      0.6563112735748291,
      0.7544902563095093,
      -0.0
    ],
    "front": [
      0.754490315914154,
      -0.6563112735748291,
      -0.0
    ]
  },
  "relationships": {
    "left": [
      [
        2,
        4,
        5,
        6
      ],
      [
        0,
        2,
        4,
        5,
        6
      ],
      [
        4,
        5
      ],
      [
        0,
        1,
        2,
        4,
        5,
        6
      ],
      [],
      [
        4
      ],
      [
        2,
        4,
        5
      ]
    ],
    "front": [
      [
        1,
        2,
        3,
        4,
        5,
        6
      ],
      [
        2,
        3,
        4,
        6
      ],
      [
        6
      ],
      [
        2,
        6
      ],
      [
        2,
        3,
        6
      ],
      [
        1,
        2,
        3,
        4,
        6
      ],
      []
    ],
    "right": [
      [
        1,
        3
      ],
      [
        3
      ],
      [
        0,
        1,
        3,
        6
      ],
      [],
      [
        0,
        1,
        2,
        3,
        5,
        6
      ],
      [
        0,
        1,
        2,
        3,
        6
      ],
      [
        0,
        1,
        3
      ]
    ],
    "behind": [
      [],
      [
        0,
        5
      ],
      [
        0,
        1,
        3,
        4,
        5
      ],
      [
        0,
        1,
        4,
        5
      ],
      [
        0,
        1,
        5
      ],
      [
        0
      ],
      [
        0,
        1,
        2,
        3,
        4,
        5
      ]
    ]
  },
  "split": "new",
  "image_index": 370,
  "objects": [
    {
      "3d_coords": [
        -1.3741235733032227,
        2.10546875,
        0.3499999940395355
      ],
      "x": 170,
      "pixel_coords": [
        180,
        82,
        13.312702178955078
      ],
      "material": "metal",
      "size": "small",
      "width": 18,
      "height": 19,
      "color": "red",
      "y": 73,
      "shape": "sphere",
      "rotation": 63.08601860623485
    },
    {
      "3d_coords": [
        0.7455301880836487,
        1.9517968893051147,
        0.3499999940395355
      ],
      "x": 208,
      "pixel_coords": [
        219,
        101,
        11.7920503616333
      ],
      "material": "metal",
      "size": "small",
      "width": 23,
      "height": 27,
      "color": "purple",
      "y": 88,
      "shape": "cylinder",
      "rotation": 138.640560566042
    },
    {
      "3d_coords": [
        1.0952588319778442,
        -1.7671191692352295,
        0.699999988079071
      ],
      "x": 107,
      "pixel_coords": [
        135,
        132,
        9.300710678100586
      ],
      "material": "rubber",
      "size": "large",
      "width": 55,
      "height": 71,
      "color": "green",
      "y": 98,
      "shape": "cylinder",
      "rotation": 193.07022424086597
    },
    {
      "3d_coords": [
        2.371786117553711,
        1.2332721948623657,
        0.699999988079071
      ],
      "x": 219,
      "pixel_coords": [
        245,
        116,
        10.121444702148438
      ],
      "material": "metal",
      "size": "large",
      "width": 55,
      "height": 65,
      "color": "red",
      "y": 84,
      "shape": "cylinder",
      "rotation": 131.96347881914318
    },
    {
      "3d_coords": [
        -1.829634189605713,
        -2.421644449234009,
        0.699999988079071
      ],
      "x": 36,
      "pixel_coords": [
        63,
        102,
        10.912508010864258
      ],
      "material": "metal",
      "size": "large",
      "width": 52,
      "height": 59,
      "color": "brown",
      "y": 74,
      "shape": "cylinder",
      "rotation": 190.51322281202403
    },
    {
      "3d_coords": [
        -1.8725969791412354,
        0.04029027372598648,
        0.699999988079071
      ],
      "x": 101,
      "pixel_coords": [
        127,
        83,
        12.32382869720459
      ],
      "material": "metal",
      "size": "large",
      "width": 50,
      "height": 52,
      "color": "purple",
      "y": 57,
      "shape": "cube",
      "rotation": 44.63805539388838
    },
    {
      "3d_coords": [
        2.996835708618164,
        -2.3438098430633545,
        0.699999988079071
      ],
      "x": 125,
      "pixel_coords": [
        165,
        174,
        7.690128803253174
      ],
      "material": "metal",
      "size": "large",
      "width": 76,
      "height": 92,
      "color": "yellow",
      "y": 131,
      "shape": "cube",
      "rotation": 132.6149182490483
    }
  ]
}