{
  "image_filename": "CLEVR_new_000457.png",
  "directions": {
    "above": [
      0.0,
      0.0,
      1.0
    ],
    "behind": [
      -0.754490315914154,
      0.6563112735748291,
      0.0
    ],
    "left": [
      -0.6563112735748291,
      -0.7544902563095093,
      0.0
    ],
    "below": [
      -0.0,
      -0.0,
      -1.0
    ],
    "right": [
      0.6563112735748291,
      0.7544902563095093,
      -0.0
    ],
    "front": [
      0.754490315914154,
      -0.6563112735748291,
      -0.0
    ]
  },
  "relationships": {
    "left": [
      [
        2,
        5,
        8,
        9
      ],
      [
        0,
        2,
        3,
        4,
        5,
        6,
        7,
        8,
        9
      ],
      [
        5,
        8,
        9
      ],
      [
        0,
        2,
        5,
        8,
        9
      ],
      [
        0,
        2,
        3,
        5,
        7,
        8,
        9
      ],
      [
        9
      ],
      [
        0,
        2,
        3,
        4,
        5,
        7,
        8,
        9
      ],
      [
        0,
        2,
        3,
        5,
        8,
        9
      ],
      [
        5,
        9
      ],
      []
    ],
    "front": [
      [],
      [
        0,
        3,
        4,
        8
      ],
      [
        0,
        1,
        3,
        4,
        5,
        8
      ],
      [
        0,
        4,
        8
      ],
      [
        0
      ],
      [
        0,
        1,
        3,
        4,
        8
      ],
      [
        0,
        1,
        2,
        3,
        4,
        5,
        8,
        9
      ],
      [
        0,
        1,
        2,
        3,
        4,
        5,
        6,
        8,
        9
      ],
      [
        0,
        4
      ],
      [
        0,
        1,
        2,
        3,
        4,
        5,
        8
      ]
    ],
    "right": [
      [
        1,
        3,
        4,
        6,
        7
      ],
      [],
      [
        0,
        1,
        3,
        4,
        6,
        7
      ],
      [
        1,
        4,
        6,
        7
      ],
      [
        1,
        6
      ],
      [
        0,
        1,
        2,
        3,
        4,
        6,
        7,
        8
      ],
      [
        1
      ],
      [
        1,
        4,
        6
      ],
      [
        0,
        1,
        2,
        3,
        4,
        6,
        7
      ],
      [
        0,
        1,
        2,
        3,
        4,
        5,
        6,
        7,
        8
      ]
    ],
    "behind": [
      [
        1,
        2,
        3,
        4,
        5,
        6,
        7,
        8,
        9
      ],
      [
        2,
        5,
        6,
        7,
        9
      ],
      [
        6,
        7,
        9
      ],
      [
        1,
        2,
        5,
        6,
        7,
        9
      ],
      [
        1,
        2,
        3,
        5,
        6,
        7,
        8,
        9
      ],
      [
        2,
        6,
        7,
        9
      ],
      [
        7
      ],
      [],
      [
        1,
        2,
        3,
        5,
        6,
        7,
        9
      ],
      [
        6,
        7
      ]
    ]
  },
  "split": "new",
  "image_index": 457,
  "objects": [
    {
      "3d_coords": [
        2.4741649627685547,
        -2.788153886795044,
        0.699999988079071
      ],
      "x": 102,
      "pixel_coords": [
        146,
        174,
        7.813117980957031
      ],
      "material": "metal",
      "size": "large",
      "width": 87,
      "height": 98,
      "color": "yellow",
      "y": 128,
      "shape": "cube",
      "rotation": 161.7936785437286
    },
    {
      "3d_coords": [
        2.1900837421417236,
        1.5203819274902344,
        0.3499999940395355
      ],
      "x": 232,
      "pixel_coords": [
        245,
        119,
        10.747260093688965
      ],
      "material": "rubber",
      "size": "small",
      "width": 26,
      "height": 31,
      "color": "gray",
      "y": 104,
      "shape": "cylinder",
      "rotation": 25.280433276641872
    },
    {
      "3d_coords": [
        -1.3402483463287354,
        -0.42894357442855835,
        0.3499999940395355
      ],
      "x": 109,
      "pixel_coords": [
        123,
        101,
        11.810559272766113
      ],
      "material": "metal",
      "size": "small",
      "width": 28,
      "height": 30,
      "color": "yellow",
      "y": 87,
      "shape": "cube",
      "rotation": 29.767012879709785
    },
    {
      "3d_coords": [
        1.160336971282959,
        -1.0206685066223145,
        0.699999988079071
      ],
      "x": 136,
      "pixel_coords": [
        162,
        125,
        9.703204154968262
      ],
      "material": "metal",
      "size": "large",
      "width": 52,
      "height": 68,
      "color": "brown",
      "y": 92,
      "shape": "cylinder",
      "rotation": 67.1650257927101
    },
    {
      "3d_coords": [
        2.916330099105835,
        -0.7712339758872986,
        0.699999988079071
      ],
      "x": 190,
      "pixel_coords": [
        218,
        148,
        8.742619514465332
      ],
      "material": "rubber",
      "size": "large",
      "width": 57,
      "height": 56,
      "color": "yellow",
      "y": 120,
      "shape": "sphere",
      "rotation": 17.279056207037872
    },
    {
      "3d_coords": [
        -1.5559226274490356,
        -1.649868130683899,
        0.3499999940395355
      ],
      "x": 78,
      "pixel_coords": [
        89,
        111,
        11.215028762817383
      ],
      "material": "rubber",
      "size": "small",
      "width": 22,
      "height": 22,
      "color": "gray",
      "y": 100,
      "shape": "sphere",
      "rotation": 115.47249455933046
    },
    {
      "3d_coords": [
        -0.13712207973003387,
        2.966747522354126,
        0.699999988079071
      ],
      "x": 194,
      "pixel_coords": [
        216,
        75,
        12.913664817810059
      ],
      "material": "rubber",
      "size": "large",
      "width": 43,
      "height": 50,
      "color": "blue",
      "y": 51,
      "shape": "cube",
      "rotation": 93.27088277238671
    },
    {
      "3d_coords": [
        -2.292375087738037,
        2.9534361362457275,
        0.699999988079071
      ],
      "x": 152,
      "pixel_coords": [
        174,
        61,
        14.268197059631348
      ],
      "material": "rubber",
      "size": "large",
      "width": 44,
      "height": 46,
      "color": "brown",
      "y": 38,
      "shape": "cube",
      "rotation": 262.7250498400966
    },
    {
      "3d_coords": [
        0.3664824962615967,
        -2.7538959980010986,
        0.699999988079071
      ],
      "x": 66,
      "pixel_coords": [
        93,
        137,
        9.166090965270996
      ],
      "material": "rubber",
      "size": "large",
      "width": 55,
      "height": 54,
      "color": "red",
      "y": 111,
      "shape": "sphere",
      "rotation": 84.74233818361988
    },
    {
      "3d_coords": [
        -2.939492702484131,
        -1.0668540000915527,
        0.3499999940395355
      ],
      "x": 70,
      "pixel_coords": [
        81,
        92,
        12.439180374145508
      ],
      "material": "rubber",
      "size": "small",
      "width": 22,
      "height": 26,
      "color": "green",
      "y": 79,
      "shape": "cylinder",
      "rotation": 75.2418171643463
    }
  ]
}