{
  "image_filename": "CLEVR_new_000207.png",
  "directions": {
    "above": [
      0.0,
      0.0,
      1.0
    ],
    "behind": [
      -0.754490315914154,
      0.6563112735748291,
      0.0
    ],
    "left": [
      -0.6563112735748291,
      -0.7544902563095093,
      0.0
    ],
    "below": [
      -0.0,
      -0.0,
      -1.0
    ],
    "right": [
      0.6563112735748291,
      0.7544902563095093,
      -0.0
    ],
    "front": [
      0.754490315914154,
      -0.6563112735748291,
      -0.0
    ]
  },
  "relationships": {
    "left": [
      [
        5
      ],
      [
        0,
        5
      ],
      [
        0,
        1,
        5,
        6,
        7
      ],
      [
        0,
        1,
        2,
        5,
        6,
        7
      ],
      [
        0,
        1,
        2,
        3,
        5,
        6,
        7
      ],
      [],
      [
        0,
        1,
        5
      ],
      [
        0,
        1,
        5,
        6
      ]
    ],
    "front": [
      [
        1,
        2,
        6
      ],
      [],
      [
        1
      ],
      [
        0,
        1,
        2,
        4,
        5,
        6
      ],
      [
        0,
        1,
        2,
        6
      ],
      [
        0,
        1,
        2,
        4,
        6
      ],
      [
        1,
        2
      ],
      [
        0,
        1,
        2,
        3,
        4,
        5,
        6
      ]
    ],
    "right": [
      [
        1,
        2,
        3,
        4,
        6,
        7
      ],
      [
        2,
        3,
        4,
        6,
        7
      ],
      [
        3,
        4
      ],
      [
        4
      ],
      [],
      [
        0,
        1,
        2,
        3,
        4,
        6,
        7
      ],
      [
        2,
        3,
        4,
        7
      ],
      [
        2,
        3,
        4
      ]
    ],
    "behind": [
      [
        3,
        4,
        5,
        7
      ],
      [
        0,
        2,
        3,
        4,
        5,
        6,
        7
      ],
      [
        0,
        3,
        4,
        5,
        6,
        7
      ],
      [
        7
      ],
      [
        3,
        5,
        7
      ],
      [
        3,
        7
      ],
      [
        0,
        3,
        4,
        5,
        7
      ],
      []
    ]
  },
  "split": "new",
  "image_index": 207,
  "objects": [
    {
      "3d_coords": [
        -0.741521954536438,
        -1.1226218938827515,
        0.3499999940395355
      ],
      "x": 106,
      "pixel_coords": [
        117,
        112,
        10.866347312927246
      ],
      "material": "metal",
      "size": "small",
      "width": 23,
      "height": 23,
      "color": "cyan",
      "y": 101,
      "shape": "sphere",
      "rotation": 265.7109494357616
    },
    {
      "3d_coords": [
        1.9522340297698975,
        -2.5300002098083496,
        0.3499999940395355
      ],
      "x": 116,
      "pixel_coords": [
        131,
        165,
        8.201385498046875
      ],
      "material": "rubber",
      "size": "small",
      "width": 30,
      "height": 30,
      "color": "cyan",
      "y": 150,
      "shape": "sphere",
      "rotation": 206.67425214451526
    },
    {
      "3d_coords": [
        2.2423489093780518,
        -0.76607745885849,
        0.699999988079071
      ],
      "x": 162,
      "pixel_coords": [
        194,
        134,
        8.867837905883789
      ],
      "material": "metal",
      "size": "large",
      "width": 62,
      "height": 75,
      "color": "gray",
      "y": 97,
      "shape": "cube",
      "rotation": 170.31036553797273
    },
    {
      "3d_coords": [
        -0.48429253697395325,
        2.4630653858184814,
        0.699999988079071
      ],
      "x": 184,
      "pixel_coords": [
        204,
        79,
        12.608614921569824
      ],
      "material": "metal",
      "size": "large",
      "width": 39,
      "height": 39,
      "color": "brown",
      "y": 59,
      "shape": "sphere",
      "rotation": 235.2175962090604
    },
    {
      "3d_coords": [
        1.463883399963379,
        2.6231906414031982,
        0.3499999940395355
      ],
      "x": 238,
      "pixel_coords": [
        250,
        103,
        11.516215324401855
      ],
      "material": "rubber",
      "size": "small",
      "width": 25,
      "height": 28,
      "color": "green",
      "y": 89,
      "shape": "cube",
      "rotation": 297.59832221020366
    },
    {
      "3d_coords": [
        -2.869314670562744,
        -1.493674874305725,
        0.699999988079071
      ],
      "x": 49,
      "pixel_coords": [
        72,
        86,
        11.960247993469238
      ],
      "material": "metal",
      "size": "large",
      "width": 46,
      "height": 52,
      "color": "purple",
      "y": 60,
      "shape": "cylinder",
      "rotation": 355.2176235597657
    },
    {
      "3d_coords": [
        0.6877661943435669,
        -0.5968462824821472,
        0.3499999940395355
      ],
      "x": 146,
      "pixel_coords": [
        160,
        123,
        10.188016891479492
      ],
      "material": "metal",
      "size": "small",
      "width": 28,
      "height": 32,
      "color": "brown",
      "y": 107,
      "shape": "cube",
      "rotation": 137.7224256564694
    },
    {
      "3d_coords": [
        -1.8795785903930664,
        2.21128511428833,
        0.3499999940395355
      ],
      "x": 163,
      "pixel_coords": [
        172,
        79,
        13.575916290283203
      ],
      "material": "metal",
      "size": "small",
      "width": 20,
      "height": 23,
      "color": "yellow",
      "y": 68,
      "shape": "cube",
      "rotation": 114.04198608813269
    }
  ]
}