{
  "image_filename": "CLEVR_new_000374.png",
  "directions": {
    "above": [
      0.0,
      0.0,
      1.0
    ],
    "behind": [
      -0.754490315914154,
      0.6563112735748291,
      0.0
    ],
    "left": [
      -0.6563112735748291,
      -0.7544902563095093,
      0.0
    ],
    "below": [
      -0.0,
      -0.0,
      -1.0
    ],
    "right": [
      0.6563112735748291,
      0.7544902563095093,
      -0.0
    ],
    "front": [
      0.754490315914154,
      -0.6563112735748291,
      -0.0
    ]
  },
  "relationships": {
    "left": [
      [
        1,
        3
      ],
      [
        3
      ],
      [
        0,
        1,
        3,
        4,
        6
      ],
      [],
      [
        0,
        1,
        3,
        6
      ],
      [
        0,
        1,
        2,
        3,
        4,
        6
      ],
      [
        0,
        1,
        3
      ]
    ],
    "front": [
      [
        1,
        3,
        4,
        5
      ],
      [],
      [
        0,
        1,
        3,
        4,
        5
      ],
      [
        1
      ],
      [
        1,
        3
      ],
      [
        1,
        3,
        4
      ],
      [
        0,
        1,
        2,
        3,
        4,
        5
      ]
    ],
    "right": [
      [
        2,
        4,
        5,
        6
      ],
      [
        0,
        2,
        4,
        5,
        6
      ],
      [
        5
      ],
      [
        0,
        1,
        2,
        4,
        5,
        6
      ],
      [
        2,
        5
      ],
      [],
      [
        2,
        4,
        5
      ]
    ],
    "behind": [
      [
        2,
        6
      ],
      [
        0,
        2,
        3,
        4,
        5,
        6
      ],
      [
        6
      ],
      [
        0,
        2,
        4,
        5,
        6
      ],
      [
        0,
        2,
        5,
        6
      ],
      [
        0,
        2,
        6
      ],
      []
    ]
  },
  "split": "new",
  "image_index": 374,
  "objects": [
    {
      "3d_coords": [
        0.26088884472846985,
        0.8671878576278687,
        0.3499999940395355
      ],
      "x": 175,
      "pixel_coords": [
        186,
        105,
        11.052369117736816
      ],
      "material": "metal",
      "size": "small",
      "width": 23,
      "height": 30,
      "color": "purple",
      "y": 90,
      "shape": "cylinder",
      "rotation": 339.63898598579686
    },
    {
      "3d_coords": [
        2.602653980255127,
        -2.9530534744262695,
        0.699999988079071
      ],
      "x": 98,
      "pixel_coords": [
        133,
        189,
        7.229263782501221
      ],
      "material": "rubber",
      "size": "large",
      "width": 68,
      "height": 69,
      "color": "cyan",
      "y": 155,
      "shape": "sphere",
      "rotation": 210.6958130776279
    },
    {
      "3d_coords": [
        0.9346185326576233,
        2.9572601318359375,
        0.3499999940395355
      ],
      "x": 234,
      "pixel_coords": [
        245,
        93,
        11.770695686340332
      ],
      "material": "metal",
      "size": "small",
      "width": 21,
      "height": 21,
      "color": "cyan",
      "y": 82,
      "shape": "sphere",
      "rotation": 281.95093912939114
    },
    {
      "3d_coords": [
        0.6923764944076538,
        -2.2622809410095215,
        0.699999988079071
      ],
      "x": 69,
      "pixel_coords": [
        110,
        137,
        8.856768608093262
      ],
      "material": "metal",
      "size": "large",
      "width": 76,
      "height": 81,
      "color": "blue",
      "y": 98,
      "shape": "cube",
      "rotation": 256.50653266842636
    },
    {
      "3d_coords": [
        2.105344295501709,
        0.9130062460899353,
        0.3499999940395355
      ],
      "x": 219,
      "pixel_coords": [
        233,
        128,
        9.875661849975586
      ],
      "material": "rubber",
      "size": "small",
      "width": 28,
      "height": 34,
      "color": "gray",
      "y": 111,
      "shape": "cylinder",
      "rotation": 102.30693372403094
    },
    {
      "3d_coords": [
        2.946991443634033,
        2.7115280628204346,
        0.699999988079071
      ],
      "x": 269,
      "pixel_coords": [
        297,
        108,
        10.141709327697754
      ],
      "material": "metal",
      "size": "large",
      "width": 51,
      "height": 65,
      "color": "green",
      "y": 76,
      "shape": "cylinder",
      "rotation": 109.79458306335046
    },
    {
      "3d_coords": [
        -1.336881399154663,
        2.7897720336914062,
        0.699999988079071
      ],
      "x": 175,
      "pixel_coords": [
        194,
        64,
        12.976950645446777
      ],
      "material": "metal",
      "size": "large",
      "width": 38,
      "height": 38,
      "color": "gray",
      "y": 45,
      "shape": "sphere",
      "rotation": 353.0180813986023
    }
  ]
}