{
  "image_filename": "CLEVR_new_000579.png",
  "directions": {
    "above": [
      0.0,
      0.0,
      1.0
    ],
    "behind": [
      -0.754490315914154,
      0.6563112735748291,
      0.0
    ],
    "left": [
      -0.6563112735748291,
      -0.7544902563095093,
      0.0
    ],
    "below": [
      -0.0,
      -0.0,
      -1.0
    ],
    "right": [
      0.6563112735748291,
      0.7544902563095093,
      -0.0
    ],
    "front": [
      0.754490315914154,
      -0.6563112735748291,
      -0.0
    ]
  },
  "relationships": {
    "left": [
      [
        3
      ],
      [
        0,
        3
      ],
      [
        0,
        1,
        3,
        4
      ],
      [],
      [
        0,
        1,
        3
      ]
    ],
    "front": [
      [
        2,
        3,
        4
      ],
      [
        0,
        2,
        3,
        4
      ],
      [
        3,
        4
      ],
      [],
      [
        3
      ]
    ],
    "right": [
      [
        1,
        2,
        4
      ],
      [
        2,
        4
      ],
      [],
      [
        0,
        1,
        2,
        4
      ],
      [
        2
      ]
    ],
    "behind": [
      [
        1
      ],
      [],
      [
        0,
        1
      ],
      [
        0,
        1,
        2,
        4
      ],
      [
        0,
        1,
        2
      ]
    ]
  },
  "split": "new",
  "image_index": 579,
  "objects": [
    {
      "3d_coords": [
        -1.1300551891326904,
        0.6161872148513794,
        0.3499999940395355
      ],
      "x": 143,
      "pixel_coords": [
        154,
        94,
        12.496940612792969
      ],
      "material": "metal",
      "size": "small",
      "width": 21,
      "height": 25,
      "color": "purple",
      "y": 82,
      "shape": "cube",
      "rotation": 312.00114912146165
    },
    {
      "3d_coords": [
        -1.7290363311767578,
        2.0439889430999756,
        0.699999988079071
      ],
      "x": 152,
      "pixel_coords": [
        173,
        71,
        13.519225120544434
      ],
      "material": "metal",
      "size": "large",
      "width": 44,
      "height": 47,
      "color": "green",
      "y": 48,
      "shape": "cube",
      "rotation": 30.971414609930648
    },
    {
      "3d_coords": [
        2.054436683654785,
        2.841176986694336,
        0.699999988079071
      ],
      "x": 244,
      "pixel_coords": [
        268,
        99,
        11.361654281616211
      ],
      "material": "rubber",
      "size": "large",
      "width": 51,
      "height": 57,
      "color": "purple",
      "y": 71,
      "shape": "cylinder",
      "rotation": 334.46767121918884
    },
    {
      "3d_coords": [
        0.9184489846229553,
        -1.9973602294921875,
        0.3499999940395355
      ],
      "x": 111,
      "pixel_coords": [
        124,
        143,
        9.664775848388672
      ],
      "material": "rubber",
      "size": "small",
      "width": 25,
      "height": 25,
      "color": "green",
      "y": 130,
      "shape": "sphere",
      "rotation": 30.875494799180657
    },
    {
      "3d_coords": [
        1.091713786125183,
        1.1020129919052124,
        0.3499999940395355
      ],
      "x": 197,
      "pixel_coords": [
        208,
        113,
        11.239618301391602
      ],
      "material": "rubber",
      "size": "small",
      "width": 22,
      "height": 22,
      "color": "gray",
      "y": 102,
      "shape": "sphere",
      "rotation": 15.756681305157795
    }
  ]
}