{
  "image_filename": "CLEVR_new_000175.png",
  "directions": {
    "above": [
      0.0,
      0.0,
      1.0
    ],
    "behind": [
      -0.754490315914154,
      0.6563112735748291,
      0.0
    ],
    "left": [
      -0.6563112735748291,
      -0.7544902563095093,
      0.0
    ],
    "below": [
      -0.0,
      -0.0,
      -1.0
    ],
    "right": [
      0.6563112735748291,
      0.7544902563095093,
      -0.0
    ],
    "front": [
      0.754490315914154,
      -0.6563112735748291,
      -0.0
    ]
  },
  "relationships": {
    "left": [
      [
        1
      ],
      [],
      [
        0,
        1
      ],
      [
        0,
        1,
        2
      ]
    ],
    "front": [
      [
        1,
        3
      ],
      [],
      [
        0,
        1,
        3
      ],
      [
        1
      ]
    ],
    "right": [
      [
        2,
        3
      ],
      [
        0,
        2,
        3
      ],
      [
        3
      ],
      []
    ],
    "behind": [
      [
        2
      ],
      [
        0,
        2,
        3
      ],
      [],
      [
        0,
        2
      ]
    ]
  },
  "split": "new",
  "image_index": 175,
  "objects": [
    {
      "3d_coords": [
        -1.186334252357483,
        0.3598923683166504,
        0.3499999940395355
      ],
      "x": 134,
      "pixel_coords": [
        145,
        96,
        11.75284481048584
      ],
      "material": "rubber",
      "size": "small",
      "width": 21,
      "height": 21,
      "color": "red",
      "y": 85,
      "shape": "sphere",
      "rotation": 133.61498317828165
    },
    {
      "3d_coords": [
        -0.7888395190238953,
        -1.735713243484497,
        0.699999988079071
      ],
      "x": 64,
      "pixel_coords": [
        97,
        107,
        10.09714412689209
      ],
      "material": "rubber",
      "size": "large",
      "width": 65,
      "height": 68,
      "color": "red",
      "y": 74,
      "shape": "cube",
      "rotation": 120.80161775942939
    },
    {
      "3d_coords": [
        -1.9568018913269043,
        2.598879814147949,
        0.699999988079071
      ],
      "x": 159,
      "pixel_coords": [
        178,
        67,
        13.432032585144043
      ],
      "material": "rubber",
      "size": "large",
      "width": 37,
      "height": 46,
      "color": "cyan",
      "y": 44,
      "shape": "cylinder",
      "rotation": 165.35870455235897
    },
    {
      "3d_coords": [
        1.1146262884140015,
        1.8583439588546753,
        0.699999988079071
      ],
      "x": 206,
      "pixel_coords": [
        228,
        95,
        10.923900604248047
      ],
      "material": "metal",
      "size": "large",
      "width": 46,
      "height": 45,
      "color": "blue",
      "y": 72,
      "shape": "sphere",
      "rotation": 265.8264967337322
    }
  ]
}