{
  "image_filename": "CLEVR_new_000537.png",
  "directions": {
    "above": [
      0.0,
      0.0,
      1.0
    ],
    "behind": [
      -0.754490315914154,
      0.6563112735748291,
      0.0
    ],
    "left": [
      -0.6563112735748291,
      -0.7544902563095093,
      0.0
    ],
    "below": [
      -0.0,
      -0.0,
      -1.0
    ],
    "right": [
      0.6563112735748291,
      0.7544902563095093,
      -0.0
    ],
    "front": [
      0.754490315914154,
      -0.6563112735748291,
      -0.0
    ]
  },
  "relationships": {
    "left": [
      [
        1,
        2
      ],
      [],
      [
        1
      ]
    ],
    "front": [
      [
        1,
        2
      ],
      [
        2
      ],
      []
    ],
    "right": [
      [],
      [
        0,
        2
      ],
      [
        0
      ]
    ],
    "behind": [
      [],
      [
        0
      ],
      [
        0,
        1
      ]
    ]
  },
  "split": "new",
  "image_index": 537,
  "objects": [
    {
      "3d_coords": [
        2.738666534423828,
        2.239917278289795,
        0.3499999940395355
      ],
      "x": 259,
      "pixel_coords": [
        272,
        120,
        10.917977333068848
      ],
      "material": "rubber",
      "size": "small",
      "width": 27,
      "height": 30,
      "color": "yellow",
      "y": 105,
      "shape": "cylinder",
      "rotation": 305.66068105794784
    },
    {
      "3d_coords": [
        0.09879162162542343,
        -1.5125746726989746,
        0.699999988079071
      ],
      "x": 98,
      "pixel_coords": [
        124,
        118,
        10.309054374694824
      ],
      "material": "rubber",
      "size": "large",
      "width": 50,
      "height": 64,
      "color": "brown",
      "y": 87,
      "shape": "cylinder",
      "rotation": 78.430716036596
    },
    {
      "3d_coords": [
        2.3145298957824707,
        -0.2668096721172333,
        0.699999988079071
      ],
      "x": 174,
      "pixel_coords": [
        209,
        133,
        9.583662986755371
      ],
      "material": "metal",
      "size": "large",
      "width": 71,
      "height": 76,
      "color": "blue",
      "y": 96,
      "shape": "cube",
      "rotation": 106.95441465087923
    }
  ]
}