{
  "image_filename": "CLEVR_new_000220.png",
  "directions": {
    "above": [
      0.0,
      0.0,
      1.0
    ],
    "behind": [
      -0.754490315914154,
      0.6563112735748291,
      0.0
    ],
    "left": [
      -0.6563112735748291,
      -0.7544902563095093,
      0.0
    ],
    "below": [
      -0.0,
      -0.0,
      -1.0
    ],
    "right": [
      0.6563112735748291,
      0.7544902563095093,
      -0.0
    ],
    "front": [
      0.754490315914154,
      -0.6563112735748291,
      -0.0
    ]
  },
  "relationships": {
    "left": [
      [
        1,
        3,
        5,
        7
      ],
      [
        3,
        7
      ],
      [
        0,
        1,
        3,
        5,
        7
      ],
      [],
      [
        0,
        1,
        2,
        3,
        5,
        7
      ],
      [
        1,
        3,
        7
      ],
      [
        0,
        1,
        2,
        3,
        4,
        5,
        7,
        8
      ],
      [
        3
      ],
      [
        0,
        1,
        2,
        3,
        4,
        5,
        7
      ]
    ],
    "front": [
      [
        1,
        2,
        3,
        4,
        5,
        6,
        7,
        8
      ],
      [
        3,
        4,
        5,
        6,
        7,
        8
      ],
      [
        1,
        3,
        4,
        5,
        6,
        7,
        8
      ],
      [
        4,
        5,
        6,
        7
      ],
      [
        5,
        7
      ],
      [],
      [
        4,
        5,
        7
      ],
      [
        5
      ],
      [
        3,
        4,
        5,
        6,
        7
      ]
    ],
    "right": [
      [
        2,
        4,
        6,
        8
      ],
      [
        0,
        2,
        4,
        5,
        6,
        8
      ],
      [
        4,
        6,
        8
      ],
      [
        0,
        1,
        2,
        4,
        5,
        6,
        7,
        8
      ],
      [
        6,
        8
      ],
      [
        0,
        2,
        4,
        6,
        8
      ],
      [],
      [
        0,
        1,
        2,
        4,
        5,
        6,
        8
      ],
      [
        6
      ]
    ],
    "behind": [
      [],
      [
        0,
        2
      ],
      [
        0
      ],
      [
        0,
        1,
        2,
        8
      ],
      [
        0,
        1,
        2,
        3,
        6,
        8
      ],
      [
        0,
        1,
        2,
        3,
        4,
        6,
        7,
        8
      ],
      [
        0,
        1,
        2,
        3,
        8
      ],
      [
        0,
        1,
        2,
        3,
        4,
        6,
        8
      ],
      [
        0,
        1,
        2
      ]
    ]
  },
  "split": "new",
  "image_index": 220,
  "objects": [
    {
      "3d_coords": [
        -2.323957681655884,
        2.6504783630371094,
        0.3499999940395355
      ],
      "x": 161,
      "pixel_coords": [
        172,
        71,
        14.2451810836792
      ],
      "material": "metal",
      "size": "small",
      "width": 22,
      "height": 23,
      "color": "brown",
      "y": 59,
      "shape": "cube",
      "rotation": 357.8321458215946
    },
    {
      "3d_coords": [
        -1.9348905086517334,
        0.2949218153953552,
        0.699999988079071
      ],
      "x": 110,
      "pixel_coords": [
        131,
        80,
        12.477231979370117
      ],
      "material": "metal",
      "size": "large",
      "width": 41,
      "height": 51,
      "color": "gray",
      "y": 55,
      "shape": "cylinder",
      "rotation": 334.8183994974503
    },
    {
      "3d_coords": [
        -1.1149065494537354,
        2.4157910346984863,
        0.3499999940395355
      ],
      "x": 180,
      "pixel_coords": [
        189,
        81,
        13.31184196472168
      ],
      "material": "rubber",
      "size": "small",
      "width": 19,
      "height": 24,
      "color": "gray",
      "y": 69,
      "shape": "cylinder",
      "rotation": 132.11664408802687
    },
    {
      "3d_coords": [
        -1.49876070022583,
        -1.4005364179611206,
        0.699999988079071
      ],
      "x": 72,
      "pixel_coords": [
        96,
        98,
        11.224595069885254
      ],
      "material": "metal",
      "size": "large",
      "width": 49,
      "height": 59,
      "color": "green",
      "y": 69,
      "shape": "cube",
      "rotation": 107.8885461689458
    },
    {
      "3d_coords": [
        2.783888101577759,
        0.2708902657032013,
        0.699999988079071
      ],
      "x": 209,
      "pixel_coords": [
        236,
        133,
        9.341704368591309
      ],
      "material": "metal",
      "size": "large",
      "width": 54,
      "height": 53,
      "color": "gray",
      "y": 106,
      "shape": "sphere",
      "rotation": 33.29603770011333
    },
    {
      "3d_coords": [
        2.659823179244995,
        -2.6685616970062256,
        0.3499999940395355
      ],
      "x": 131,
      "pixel_coords": [
        147,
        188,
        7.923394203186035
      ],
      "material": "rubber",
      "size": "small",
      "width": 32,
      "height": 44,
      "color": "gray",
      "y": 166,
      "shape": "cylinder",
      "rotation": 339.68100764325345
    },
    {
      "3d_coords": [
        2.984302282333374,
        2.344794988632202,
        0.699999988079071
      ],
      "x": 251,
      "pixel_coords": [
        285,
        112,
        10.388413429260254
      ],
      "material": "metal",
      "size": "large",
      "width": 69,
      "height": 68,
      "color": "gray",
      "y": 79,
      "shape": "cube",
      "rotation": 337.6186699480767
    },
    {
      "3d_coords": [
        0.9110450744628906,
        -2.7408761978149414,
        0.3499999940395355
      ],
      "x": 83,
      "pixel_coords": [
        103,
        155,
        9.03923511505127
      ],
      "material": "metal",
      "size": "small",
      "width": 38,
      "height": 41,
      "color": "purple",
      "y": 135,
      "shape": "cube",
      "rotation": 199.79406865647601
    },
    {
      "3d_coords": [
        0.9854201078414917,
        2.976496934890747,
        0.3499999940395355
      ],
      "x": 231,
      "pixel_coords": [
        243,
        95,
        12.241140365600586
      ],
      "material": "rubber",
      "size": "small",
      "width": 23,
      "height": 27,
      "color": "purple",
      "y": 81,
      "shape": "cube",
      "rotation": 217.39313075299037
    }
  ]
}