{
  "image_filename": "CLEVR_new_000151.png",
  "directions": {
    "above": [
      0.0,
      0.0,
      1.0
    ],
    "behind": [
      -0.754490315914154,
      0.6563112735748291,
      0.0
    ],
    "left": [
      -0.6563112735748291,
      -0.7544902563095093,
      0.0
    ],
    "below": [
      -0.0,
      -0.0,
      -1.0
    ],
    "right": [
      0.6563112735748291,
      0.7544902563095093,
      -0.0
    ],
    "front": [
      0.754490315914154,
      -0.6563112735748291,
      -0.0
    ]
  },
  "relationships": {
    "left": [
      [
        1,
        5,
        6
      ],
      [],
      [
        0,
        1,
        5,
        6
      ],
      [
        0,
        1,
        2,
        4,
        5,
        6
      ],
      [
        0,
        1,
        2,
        5,
        6
      ],
      [
        1
      ],
      [
        1,
        5
      ]
    ],
    "front": [
      [
        1,
        2,
        3,
        4,
        5,
        6
      ],
      [
        2,
        3,
        4,
        5,
        6
      ],
      [
        5,
        6
      ],
      [
        2,
        5,
        6
      ],
      [
        2,
        3,
        5,
        6
      ],
      [
        6
      ],
      []
    ],
    "right": [
      [
        2,
        3,
        4
      ],
      [
        0,
        2,
        3,
        4,
        5,
        6
      ],
      [
        3,
        4
      ],
      [],
      [
        3
      ],
      [
        0,
        2,
        3,
        4,
        6
      ],
      [
        0,
        2,
        3,
        4
      ]
    ],
    "behind": [
      [],
      [
        0
      ],
      [
        0,
        1,
        3,
        4
      ],
      [
        0,
        1,
        4
      ],
      [
        0,
        1
      ],
      [
        0,
        1,
        2,
        3,
        4
      ],
      [
        0,
        1,
        2,
        3,
        4,
        5
      ]
    ]
  },
  "split": "new",
  "image_index": 151,
  "objects": [
    {
      "3d_coords": [
        -2.5538952350616455,
        2.76973295211792,
        0.699999988079071
      ],
      "x": 153,
      "pixel_coords": [
        171,
        56,
        13.690302848815918
      ],
      "material": "metal",
      "size": "large",
      "width": 38,
      "height": 45,
      "color": "green",
      "y": 34,
      "shape": "cube",
      "rotation": 351.14242947993904
    },
    {
      "3d_coords": [
        -2.9085028171539307,
        -1.9578579664230347,
        0.699999988079071
      ],
      "x": 28,
      "pixel_coords": [
        55,
        87,
        11.26311206817627
      ],
      "material": "metal",
      "size": "large",
      "width": 51,
      "height": 57,
      "color": "blue",
      "y": 59,
      "shape": "cylinder",
      "rotation": 234.59915164876202
    },
    {
      "3d_coords": [
        1.4416606426239014,
        0.061516109853982925,
        0.3499999940395355
      ],
      "x": 183,
      "pixel_coords": [
        195,
        128,
        9.734724998474121
      ],
      "material": "metal",
      "size": "small",
      "width": 26,
      "height": 34,
      "color": "blue",
      "y": 111,
      "shape": "cylinder",
      "rotation": 46.00640810913144
    },
    {
      "3d_coords": [
        2.2230224609375,
        2.0049805641174316,
        0.3499999940395355
      ],
      "x": 243,
      "pixel_coords": [
        261,
        116,
        10.317352294921875
      ],
      "material": "rubber",
      "size": "small",
      "width": 36,
      "height": 35,
      "color": "green",
      "y": 99,
      "shape": "cube",
      "rotation": 6.177219037759749
    },
    {
      "3d_coords": [
        1.2398221492767334,
        1.8700776100158691,
        0.3499999940395355
      ],
      "x": 220,
      "pixel_coords": [
        232,
        106,
        10.883710861206055
      ],
      "material": "metal",
      "size": "small",
      "width": 23,
      "height": 23,
      "color": "gray",
      "y": 94,
      "shape": "sphere",
      "rotation": 77.88415683510239
    },
    {
      "3d_coords": [
        0.6850009560585022,
        -1.9591007232666016,
        0.3499999940395355
      ],
      "x": 104,
      "pixel_coords": [
        120,
        143,
        9.092571258544922
      ],
      "material": "rubber",
      "size": "small",
      "width": 32,
      "height": 38,
      "color": "purple",
      "y": 125,
      "shape": "cube",
      "rotation": 128.3595318274758
    },
    {
      "3d_coords": [
        1.959885835647583,
        -2.3957748413085938,
        0.3499999940395355
      ],
      "x": 119,
      "pixel_coords": [
        137,
        174,
        8.014225959777832
      ],
      "material": "rubber",
      "size": "small",
      "width": 36,
      "height": 45,
      "color": "yellow",
      "y": 152,
      "shape": "cube",
      "rotation": 27.81989504870163
    }
  ]
}