{
  "image_filename": "CLEVR_new_000661.png",
  "directions": {
    "above": [
      0.0,
      0.0,
      1.0
    ],
    "behind": [
      -0.754490315914154,
      0.6563112735748291,
      0.0
    ],
    "left": [
      -0.6563112735748291,
      -0.7544902563095093,
      0.0
    ],
    "below": [
      -0.0,
      -0.0,
      -1.0
    ],
    "right": [
      0.6563112735748291,
      0.7544902563095093,
      -0.0
    ],
    "front": [
      0.754490315914154,
      -0.6563112735748291,
      -0.0
    ]
  },
  "relationships": {
    "left": [
      [
        1,
        2,
        4,
        5
      ],
      [
        5
      ],
      [
        1,
        5
      ],
      [
        0,
        1,
        2,
        4,
        5
      ],
      [
        1,
        2,
        5
      ],
      []
    ],
    "front": [
      [
        1,
        2,
        3,
        5
      ],
      [
        2,
        3,
        5
      ],
      [],
      [
        2
      ],
      [
        0,
        1,
        2,
        3,
        5
      ],
      [
        2,
        3
      ]
    ],
    "right": [
      [
        3
      ],
      [
        0,
        2,
        3,
        4
      ],
      [
        0,
        3,
        4
      ],
      [],
      [
        0,
        3
      ],
      [
        0,
        1,
        2,
        3,
        4
      ]
    ],
    "behind": [
      [
        4
      ],
      [
        0,
        4
      ],
      [
        0,
        1,
        3,
        4,
        5
      ],
      [
        0,
        1,
        4,
        5
      ],
      [],
      [
        0,
        1,
        4
      ]
    ]
  },
  "split": "new",
  "image_index": 661,
  "objects": [
    {
      "3d_coords": [
        -0.09933613240718842,
        2.15592098236084,
        0.3499999940395355
      ],
      "x": 196,
      "pixel_coords": [
        207,
        92,
        12.162569046020508
      ],
      "material": "rubber",
      "size": "small",
      "width": 23,
      "height": 26,
      "color": "green",
      "y": 79,
      "shape": "cube",
      "rotation": 299.3461512566049
    },
    {
      "3d_coords": [
        -2.6498281955718994,
        -1.4130489826202393,
        0.3499999940395355
      ],
      "x": 68,
      "pixel_coords": [
        80,
        94,
        11.990453720092773
      ],
      "material": "rubber",
      "size": "small",
      "width": 23,
      "height": 27,
      "color": "red",
      "y": 81,
      "shape": "cylinder",
      "rotation": 259.7959986751057
    },
    {
      "3d_coords": [
        1.5866554975509644,
        -2.7646279335021973,
        0.699999988079071
      ],
      "x": 75,
      "pixel_coords": [
        109,
        154,
        8.160685539245605
      ],
      "material": "rubber",
      "size": "large",
      "width": 65,
      "height": 83,
      "color": "purple",
      "y": 114,
      "shape": "cylinder",
      "rotation": 24.151005463178294
    },
    {
      "3d_coords": [
        2.951789617538452,
        1.8940016031265259,
        0.3499999940395355
      ],
      "x": 259,
      "pixel_coords": [
        277,
        129,
        9.91053295135498
      ],
      "material": "metal",
      "size": "small",
      "width": 36,
      "height": 34,
      "color": "yellow",
      "y": 112,
      "shape": "cube",
      "rotation": 41.94324860747796
    },
    {
      "3d_coords": [
        -2.0131092071533203,
        2.363361120223999,
        0.699999988079071
      ],
      "x": 152,
      "pixel_coords": [
        176,
        66,
        13.431572914123535
      ],
      "material": "metal",
      "size": "large",
      "width": 48,
      "height": 49,
      "color": "gray",
      "y": 42,
      "shape": "cube",
      "rotation": 36.48071133726859
    },
    {
      "3d_coords": [
        -2.9319825172424316,
        -2.830535411834717,
        0.699999988079071
      ],
      "x": 11,
      "pixel_coords": [
        34,
        93,
        11.249741554260254
      ],
      "material": "rubber",
      "size": "large",
      "width": 46,
      "height": 44,
      "color": "red",
      "y": 71,
      "shape": "sphere",
      "rotation": 54.942626925721044
    }
  ]
}