{
  "image_filename": "CLEVR_new_000407.png",
  "directions": {
    "above": [
      0.0,
      0.0,
      1.0
    ],
    "behind": [
      -0.754490315914154,
      0.6563112735748291,
      0.0
    ],
    "left": [
      -0.6563112735748291,
      -0.7544902563095093,
      0.0
    ],
    "below": [
      -0.0,
      -0.0,
      -1.0
    ],
    "right": [
      0.6563112735748291,
      0.7544902563095093,
      -0.0
    ],
    "front": [
      0.754490315914154,
      -0.6563112735748291,
      -0.0
    ]
  },
  "relationships": {
    "left": [
      [
        2,
        4,
        5,
        6,
        7
      ],
      [
        0,
        2,
        3,
        4,
        5,
        6,
        7
      ],
      [
        7
      ],
      [
        0,
        2,
        4,
        5,
        6,
        7
      ],
      [
        2,
        7
      ],
      [
        2,
        4,
        7
      ],
      [
        2,
        4,
        5,
        7
      ],
      []
    ],
    "front": [
      [
        1,
        2,
        3,
        6,
        7
      ],
      [
        3,
        6
      ],
      [
        1,
        3,
        6
      ],
      [
        6
      ],
      [
        0,
        1,
        2,
        3,
        6,
        7
      ],
      [
        0,
        1,
        2,
        3,
        4,
        6,
        7
      ],
      [],
      [
        1,
        2,
        3,
        6
      ]
    ],
    "right": [
      [
        1,
        3
      ],
      [],
      [
        0,
        1,
        3,
        4,
        5,
        6
      ],
      [
        1
      ],
      [
        0,
        1,
        3,
        5,
        6
      ],
      [
        0,
        1,
        3,
        6
      ],
      [
        0,
        1,
        3
      ],
      [
        0,
        1,
        2,
        3,
        4,
        5,
        6
      ]
    ],
    "behind": [
      [
        4,
        5
      ],
      [
        0,
        2,
        4,
        5,
        7
      ],
      [
        0,
        4,
        5,
        7
      ],
      [
        0,
        1,
        2,
        4,
        5,
        7
      ],
      [
        5
      ],
      [],
      [
        0,
        1,
        2,
        3,
        4,
        5,
        7
      ],
      [
        0,
        4,
        5
      ]
    ]
  },
  "split": "new",
  "image_index": 407,
  "objects": [
    {
      "3d_coords": [
        -0.6954554319381714,
        2.1366758346557617,
        0.3499999940395355
      ],
      "x": 179,
      "pixel_coords": [
        191,
        87,
        12.708887100219727
      ],
      "material": "metal",
      "size": "small",
      "width": 25,
      "height": 25,
      "color": "cyan",
      "y": 75,
      "shape": "cube",
      "rotation": 326.2790467562379
    },
    {
      "3d_coords": [
        2.2752461433410645,
        2.4123194217681885,
        0.699999988079071
      ],
      "x": 244,
      "pixel_coords": [
        268,
        100,
        10.755373001098633
      ],
      "material": "metal",
      "size": "large",
      "width": 48,
      "height": 46,
      "color": "yellow",
      "y": 77,
      "shape": "sphere",
      "rotation": 277.0350165327955
    },
    {
      "3d_coords": [
        -1.648533821105957,
        -1.4563459157943726,
        0.699999988079071
      ],
      "x": 67,
      "pixel_coords": [
        90,
        97,
        11.011199951171875
      ],
      "material": "metal",
      "size": "large",
      "width": 45,
      "height": 45,
      "color": "brown",
      "y": 74,
      "shape": "sphere",
      "rotation": 159.49376122654658
    },
    {
      "3d_coords": [
        2.1533093452453613,
        0.8888130187988281,
        0.3499999940395355
      ],
      "x": 221,
      "pixel_coords": [
        233,
        124,
        10.06997299194336
      ],
      "material": "rubber",
      "size": "small",
      "width": 25,
      "height": 24,
      "color": "purple",
      "y": 112,
      "shape": "sphere",
      "rotation": 282.14410774290593
    },
    {
      "3d_coords": [
        -2.668125867843628,
        0.9402183890342712,
        0.699999988079071
      ],
      "x": 112,
      "pixel_coords": [
        131,
        73,
        13.134885787963867
      ],
      "material": "rubber",
      "size": "large",
      "width": 37,
      "height": 38,
      "color": "brown",
      "y": 54,
      "shape": "sphere",
      "rotation": 124.7426078349942
    },
    {
      "3d_coords": [
        -2.917320489883423,
        2.7532882690429688,
        0.3499999940395355
      ],
      "x": 153,
      "pixel_coords": [
        162,
        70,
        14.55140495300293
      ],
      "material": "metal",
      "size": "small",
      "width": 17,
      "height": 21,
      "color": "purple",
      "y": 59,
      "shape": "cylinder",
      "rotation": 89.45177054027802
    },
    {
      "3d_coords": [
        2.044219493865967,
        -0.9603657722473145,
        0.3499999940395355
      ],
      "x": 172,
      "pixel_coords": [
        186,
        145,
        9.023865699768066
      ],
      "material": "metal",
      "size": "small",
      "width": 28,
      "height": 37,
      "color": "red",
      "y": 127,
      "shape": "cylinder",
      "rotation": 330.1569982687282
    },
    {
      "3d_coords": [
        -2.7823781967163086,
        -2.101263999938965,
        0.3499999940395355
      ],
      "x": 45,
      "pixel_coords": [
        56,
        102,
        11.526430130004883
      ],
      "material": "metal",
      "size": "small",
      "width": 22,
      "height": 21,
      "color": "yellow",
      "y": 91,
      "shape": "sphere",
      "rotation": 80.80764898427046
    }
  ]
}