{
  "image_filename": "CLEVR_new_000313.png",
  "directions": {
    "above": [
      0.0,
      0.0,
      1.0
    ],
    "behind": [
      -0.754490315914154,
      0.6563112735748291,
      0.0
    ],
    "left": [
      -0.6563112735748291,
      -0.7544902563095093,
      0.0
    ],
    "below": [
      -0.0,
      -0.0,
      -1.0
    ],
    "right": [
      0.6563112735748291,
      0.7544902563095093,
      -0.0
    ],
    "front": [
      0.754490315914154,
      -0.6563112735748291,
      -0.0
    ]
  },
  "relationships": {
    "left": [
      [
        1,
        2,
        3,
        4,
        5
      ],
      [
        2,
        3,
        4,
        5
      ],
      [
        4,
        5
      ],
      [
        2,
        4,
        5
      ],
      [],
      [
        4
      ]
    ],
    "front": [
      [
        1,
        2,
        5
      ],
      [
        2,
        5
      ],
      [],
      [
        0,
        1,
        2,
        5
      ],
      [
        0,
        1,
        2,
        3,
        5
      ],
      [
        2
      ]
    ],
    "right": [
      [],
      [
        0
      ],
      [
        0,
        1,
        3
      ],
      [
        0,
        1
      ],
      [
        0,
        1,
        2,
        3,
        5
      ],
      [
        0,
        1,
        2,
        3
      ]
    ],
    "behind": [
      [
        3,
        4
      ],
      [
        0,
        3,
        4
      ],
      [
        0,
        1,
        3,
        4,
        5
      ],
      [
        4
      ],
      [],
      [
        0,
        1,
        3,
        4
      ]
    ]
  },
  "split": "new",
  "image_index": 313,
  "objects": [
    {
      "3d_coords": [
        1.7974683046340942,
        2.3309731483459473,
        0.699999988079071
      ],
      "x": 232,
      "pixel_coords": [
        255,
        96,
        10.769829750061035
      ],
      "material": "rubber",
      "size": "large",
      "width": 47,
      "height": 46,
      "color": "yellow",
      "y": 73,
      "shape": "sphere",
      "rotation": 359.51885136120944
    },
    {
      "3d_coords": [
        1.5141558647155762,
        0.2495124191045761,
        0.3499999940395355
      ],
      "x": 188,
      "pixel_coords": [
        203,
        125,
        9.863643646240234
      ],
      "material": "rubber",
      "size": "small",
      "width": 31,
      "height": 35,
      "color": "purple",
      "y": 108,
      "shape": "cube",
      "rotation": 193.66259241199495
    },
    {
      "3d_coords": [
        2.1183054447174072,
        -2.1305887699127197,
        0.699999988079071
      ],
      "x": 123,
      "pixel_coords": [
        155,
        156,
        7.875875949859619
      ],
      "material": "rubber",
      "size": "large",
      "width": 65,
      "height": 86,
      "color": "purple",
      "y": 114,
      "shape": "cylinder",
      "rotation": 324.57199519325326
    },
    {
      "3d_coords": [
        -0.39714187383651733,
        0.679814875125885,
        0.3499999940395355
      ],
      "x": 156,
      "pixel_coords": [
        167,
        100,
        11.352673530578613
      ],
      "material": "metal",
      "size": "small",
      "width": 22,
      "height": 28,
      "color": "red",
      "y": 86,
      "shape": "cube",
      "rotation": 234.8192389310412
    },
    {
      "3d_coords": [
        -2.330360174179077,
        -0.647540271282196,
        0.699999988079071
      ],
      "x": 74,
      "pixel_coords": [
        98,
        84,
        11.63172435760498
      ],
      "material": "rubber",
      "size": "large",
      "width": 48,
      "height": 56,
      "color": "gray",
      "y": 57,
      "shape": "cube",
      "rotation": 71.75234022861784
    },
    {
      "3d_coords": [
        0.34652993083000183,
        -2.3649239540100098,
        0.699999988079071
      ],
      "x": 73,
      "pixel_coords": [
        101,
        130,
        8.874773025512695
      ],
      "material": "metal",
      "size": "large",
      "width": 56,
      "height": 55,
      "color": "purple",
      "y": 103,
      "shape": "sphere",
      "rotation": 159.127809584672
    }
  ]
}