{
  "image_filename": "CLEVR_new_000226.png",
  "directions": {
    "above": [
      0.0,
      0.0,
      1.0
    ],
    "behind": [
      -0.754490315914154,
      0.6563112735748291,
      0.0
    ],
    "left": [
      -0.6563112735748291,
      -0.7544902563095093,
      0.0
    ],
    "below": [
      -0.0,
      -0.0,
      -1.0
    ],
    "right": [
      0.6563112735748291,
      0.7544902563095093,
      -0.0
    ],
    "front": [
      0.754490315914154,
      -0.6563112735748291,
      -0.0
    ]
  },
  "relationships": {
    "left": [
      [
        1,
        2,
        7
      ],
      [
        2,
        7
      ],
      [],
      [
        0,
        1,
        2,
        7
      ],
      [
        0,
        1,
        2,
        3,
        7
      ],
      [
        0,
        1,
        2,
        3,
        4,
        7
      ],
      [
        0,
        1,
        2,
        3,
        4,
        5,
        7
      ],
      [
        2
      ]
    ],
    "front": [
      [],
      [
        0,
        2,
        5
      ],
      [
        0,
        5
      ],
      [
        0,
        1,
        2,
        4,
        5,
        6,
        7
      ],
      [
        0,
        1,
        2,
        5,
        6,
        7
      ],
      [
        0
      ],
      [
        0,
        1,
        2,
        5
      ],
      [
        0,
        1,
        2,
        5,
        6
      ]
    ],
    "right": [
      [
        3,
        4,
        5,
        6
      ],
      [
        0,
        3,
        4,
        5,
        6
      ],
      [
        0,
        1,
        3,
        4,
        5,
        6,
        7
      ],
      [
        4,
        5,
        6
      ],
      [
        5,
        6
      ],
      [
        6
      ],
      [],
      [
        0,
        1,
        3,
        4,
        5,
        6
      ]
    ],
    "behind": [
      [
        1,
        2,
        3,
        4,
        5,
        6,
        7
      ],
      [
        3,
        4,
        6,
        7
      ],
      [
        1,
        3,
        4,
        6,
        7
      ],
      [],
      [
        3
      ],
      [
        1,
        2,
        3,
        4,
        6,
        7
      ],
      [
        3,
        4,
        7
      ],
      [
        3,
        4
      ]
    ]
  },
  "split": "new",
  "image_index": 226,
  "objects": [
    {
      "3d_coords": [
        2.345292806625366,
        -2.2258520126342773,
        0.3499999940395355
      ],
      "x": 136,
      "pixel_coords": [
        152,
        174,
        7.723891258239746
      ],
      "material": "metal",
      "size": "small",
      "width": 32,
      "height": 32,
      "color": "red",
      "y": 158,
      "shape": "sphere",
      "rotation": 47.107824218473205
    },
    {
      "3d_coords": [
        -1.5136442184448242,
        -0.2833288013935089,
        0.699999988079071
      ],
      "x": 101,
      "pixel_coords": [
        123,
        87,
        11.282374382019043
      ],
      "material": "metal",
      "size": "large",
      "width": 44,
      "height": 44,
      "color": "gray",
      "y": 65,
      "shape": "sphere",
      "rotation": 55.02344748230628
    },
    {
      "3d_coords": [
        -1.4039005041122437,
        -2.867143154144287,
        0.699999988079071
      ],
      "x": 17,
      "pixel_coords": [
        49,
        111,
        9.731237411499023
      ],
      "material": "rubber",
      "size": "large",
      "width": 60,
      "height": 67,
      "color": "brown",
      "y": 78,
      "shape": "cylinder",
      "rotation": 68.30271250252451
    },
    {
      "3d_coords": [
        -2.1888864040374756,
        2.288567543029785,
        0.3499999940395355
      ],
      "x": 158,
      "pixel_coords": [
        169,
        74,
        13.371785163879395
      ],
      "material": "rubber",
      "size": "small",
      "width": 21,
      "height": 24,
      "color": "red",
      "y": 62,
      "shape": "cube",
      "rotation": 85.49307910055056
    },
    {
      "3d_coords": [
        -1.1820660829544067,
        2.2234694957733154,
        0.3499999940395355
      ],
      "x": 176,
      "pixel_coords": [
        186,
        81,
        12.653437614440918
      ],
      "material": "metal",
      "size": "small",
      "width": 19,
      "height": 19,
      "color": "blue",
      "y": 72,
      "shape": "sphere",
      "rotation": 357.5295422897721
    },
    {
      "3d_coords": [
        2.1555402278900146,
        0.2702832520008087,
        0.699999988079071
      ],
      "x": 194,
      "pixel_coords": [
        221,
        122,
        9.11652660369873
      ],
      "material": "rubber",
      "size": "large",
      "width": 55,
      "height": 54,
      "color": "green",
      "y": 96,
      "shape": "sphere",
      "rotation": 355.41606117057097
    },
    {
      "3d_coords": [
        0.5665723085403442,
        2.7433857917785645,
        0.699999988079071
      ],
      "x": 212,
      "pixel_coords": [
        234,
        83,
        11.605111122131348
      ],
      "material": "rubber",
      "size": "large",
      "width": 47,
      "height": 54,
      "color": "blue",
      "y": 56,
      "shape": "cylinder",
      "rotation": 300.2555263881047
    },
    {
      "3d_coords": [
        -2.974742889404297,
        -0.49332112073898315,
        0.3499999940395355
      ],
      "x": 83,
      "pixel_coords": [
        95,
        85,
        12.313323974609375
      ],
      "material": "metal",
      "size": "small",
      "width": 24,
      "height": 26,
      "color": "green",
      "y": 72,
      "shape": "cube",
      "rotation": 353.03742874702857
    }
  ]
}