{
  "image_filename": "CLEVR_new_000433.png",
  "directions": {
    "above": [
      0.0,
      0.0,
      1.0
    ],
    "behind": [
      -0.754490315914154,
      0.6563112735748291,
      0.0
    ],
    "left": [
      -0.6563112735748291,
      -0.7544902563095093,
      0.0
    ],
    "below": [
      -0.0,
      -0.0,
      -1.0
    ],
    "right": [
      0.6563112735748291,
      0.7544902563095093,
      -0.0
    ],
    "front": [
      0.754490315914154,
      -0.6563112735748291,
      -0.0
    ]
  },
  "relationships": {
    "left": [
      [
        2,
        5,
        7,
        8,
        9
      ],
      [
        0,
        2,
        3,
        5,
        7,
        8,
        9
      ],
      [
        7,
        8,
        9
      ],
      [
        0,
        2,
        5,
        7,
        8,
        9
      ],
      [
        0,
        1,
        2,
        3,
        5,
        7,
        8,
        9
      ],
      [
        2,
        7,
        8,
        9
      ],
      [
        0,
        1,
        2,
        3,
        4,
        5,
        7,
        8,
        9
      ],
      [
        8
      ],
      [],
      [
        7,
        8
      ]
    ],
    "front": [
      [
        1,
        2,
        3,
        4,
        5,
        6,
        7,
        8,
        9
      ],
      [
        5,
        9
      ],
      [
        1,
        3,
        4,
        5,
        6,
        7,
        8,
        9
      ],
      [
        1,
        5,
        6,
        7,
        9
      ],
      [
        1,
        3,
        5,
        6,
        7,
        8,
        9
      ],
      [],
      [
        1,
        5,
        7,
        9
      ],
      [
        1,
        5,
        9
      ],
      [
        1,
        3,
        5,
        6,
        7,
        9
      ],
      [
        5
      ]
    ],
    "right": [
      [
        1,
        3,
        4,
        6
      ],
      [
        4,
        6
      ],
      [
        0,
        1,
        3,
        4,
        5,
        6
      ],
      [
        1,
        4,
        6
      ],
      [
        6
      ],
      [
        0,
        1,
        3,
        4,
        6
      ],
      [],
      [
        0,
        1,
        2,
        3,
        4,
        5,
        6,
        9
      ],
      [
        0,
        1,
        2,
        3,
        4,
        5,
        6,
        7,
        9
      ],
      [
        0,
        1,
        2,
        3,
        4,
        5,
        6
      ]
    ],
    "behind": [
      [],
      [
        0,
        2,
        3,
        4,
        6,
        7,
        8
      ],
      [
        0
      ],
      [
        0,
        2,
        4,
        8
      ],
      [
        0,
        2
      ],
      [
        0,
        1,
        2,
        3,
        4,
        6,
        7,
        8,
        9
      ],
      [
        0,
        2,
        3,
        4,
        8
      ],
      [
        0,
        2,
        3,
        4,
        6,
        8
      ],
      [
        0,
        2,
        4
      ],
      [
        0,
        1,
        2,
        3,
        4,
        6,
        7,
        8
      ]
    ]
  },
  "split": "new",
  "image_index": 433,
  "objects": [
    {
      "3d_coords": [
        -2.2798357009887695,
        2.76710844039917,
        0.699999988079071
      ],
      "x": 161,
      "pixel_coords": [
        178,
        65,
        14.298590660095215
      ],
      "material": "rubber",
      "size": "large",
      "width": 34,
      "height": 35,
      "color": "cyan",
      "y": 48,
      "shape": "sphere",
      "rotation": 127.0635619259267
    },
    {
      "3d_coords": [
        2.5979866981506348,
        0.039141006767749786,
        0.699999988079071
      ],
      "x": 196,
      "pixel_coords": [
        222,
        131,
        9.411992073059082
      ],
      "material": "metal",
      "size": "large",
      "width": 53,
      "height": 52,
      "color": "purple",
      "y": 105,
      "shape": "sphere",
      "rotation": 37.692100792846034
    },
    {
      "3d_coords": [
        -2.3837873935699463,
        0.1346735656261444,
        0.3499999940395355
      ],
      "x": 113,
      "pixel_coords": [
        123,
        88,
        13.067011833190918
      ],
      "material": "rubber",
      "size": "small",
      "width": 20,
      "height": 24,
      "color": "yellow",
      "y": 76,
      "shape": "cylinder",
      "rotation": 302.6561274219573
    },
    {
      "3d_coords": [
        0.7228413820266724,
        1.0733927488327026,
        0.3499999940395355
      ],
      "x": 188,
      "pixel_coords": [
        199,
        109,
        11.444159507751465
      ],
      "material": "rubber",
      "size": "small",
      "width": 23,
      "height": 28,
      "color": "gray",
      "y": 95,
      "shape": "cylinder",
      "rotation": 156.93952597310766
    },
    {
      "3d_coords": [
        0.6530686616897583,
        2.711695432662964,
        0.3499999940395355
      ],
      "x": 218,
      "pixel_coords": [
        231,
        96,
        12.404117584228516
      ],
      "material": "rubber",
      "size": "small",
      "width": 28,
      "height": 27,
      "color": "red",
      "y": 82,
      "shape": "cube",
      "rotation": 155.21716571387702
    },
    {
      "3d_coords": [
        2.1377267837524414,
        -2.4812064170837402,
        0.3499999940395355
      ],
      "x": 121,
      "pixel_coords": [
        136,
        169,
        8.488842964172363
      ],
      "material": "metal",
      "size": "small",
      "width": 29,
      "height": 29,
      "color": "brown",
      "y": 154,
      "shape": "sphere",
      "rotation": 191.83338670537702
    },
    {
      "3d_coords": [
        2.978677749633789,
        2.5909605026245117,
        0.699999988079071
      ],
      "x": 262,
      "pixel_coords": [
        289,
        110,
        10.56928825378418
      ],
      "material": "rubber",
      "size": "large",
      "width": 56,
      "height": 61,
      "color": "purple",
      "y": 80,
      "shape": "cylinder",
      "rotation": 247.27245905193433
    },
    {
      "3d_coords": [
        -0.7433874607086182,
        -2.666470527648926,
        0.699999988079071
      ],
      "x": 48,
      "pixel_coords": [
        73,
        116,
        10.213605880737305
      ],
      "material": "rubber",
      "size": "large",
      "width": 50,
      "height": 48,
      "color": "purple",
      "y": 92,
      "shape": "sphere",
      "rotation": 58.67730418439762
    },
    {
      "3d_coords": [
        -2.6717851161956787,
        -1.769494891166687,
        0.699999988079071
      ],
      "x": 50,
      "pixel_coords": [
        71,
        89,
        12.044462203979492
      ],
      "material": "metal",
      "size": "large",
      "width": 42,
      "height": 41,
      "color": "brown",
      "y": 68,
      "shape": "sphere",
      "rotation": 56.550431225324374
    },
    {
      "3d_coords": [
        0.526154100894928,
        -2.9757840633392334,
        0.3499999940395355
      ],
      "x": 71,
      "pixel_coords": [
        85,
        148,
        9.32646369934082
      ],
      "material": "rubber",
      "size": "small",
      "width": 29,
      "height": 36,
      "color": "brown",
      "y": 130,
      "shape": "cylinder",
      "rotation": 308.6229227412297
    }
  ]
}