{
  "image_filename": "CLEVR_new_000391.png",
  "directions": {
    "above": [
      0.0,
      0.0,
      1.0
    ],
    "behind": [
      -0.754490315914154,
      0.6563112735748291,
      0.0
    ],
    "left": [
      -0.6563112735748291,
      -0.7544902563095093,
      0.0
    ],
    "below": [
      -0.0,
      -0.0,
      -1.0
    ],
    "right": [
      0.6563112735748291,
      0.7544902563095093,
      -0.0
    ],
    "front": [
      0.754490315914154,
      -0.6563112735748291,
      -0.0
    ]
  },
  "relationships": {
    "left": [
      [
        1,
        4,
        5
      ],
      [
        5
      ],
      [
        0,
        1,
        3,
        4,
        5
      ],
      [
        0,
        1,
        4,
        5
      ],
      [
        1,
        5
      ],
      []
    ],
    "front": [
      [
        4
      ],
      [
        0,
        2,
        4
      ],
      [
        0,
        4
      ],
      [
        0,
        1,
        2,
        4
      ],
      [],
      [
        0,
        1,
        2,
        3,
        4
      ]
    ],
    "right": [
      [
        2,
        3
      ],
      [
        0,
        2,
        3,
        4
      ],
      [],
      [
        2
      ],
      [
        0,
        2,
        3
      ],
      [
        0,
        1,
        2,
        3,
        4
      ]
    ],
    "behind": [
      [
        1,
        2,
        3,
        5
      ],
      [
        3,
        5
      ],
      [
        1,
        3,
        5
      ],
      [
        5
      ],
      [
        0,
        1,
        2,
        3,
        5
      ],
      []
    ]
  },
  "split": "new",
  "image_index": 391,
  "objects": [
    {
      "3d_coords": [
        1.2960586547851562,
        -0.6017841696739197,
        0.3499999940395355
      ],
      "x": 155,
      "pixel_coords": [
        172,
        131,
        10.028018951416016
      ],
      "material": "rubber",
      "size": "small",
      "width": 33,
      "height": 36,
      "color": "green",
      "y": 114,
      "shape": "cube",
      "rotation": 168.28081905098082
    },
    {
      "3d_coords": [
        -0.512336015701294,
        -0.6683392524719238,
        0.699999988079071
      ],
      "x": 109,
      "pixel_coords": [
        133,
        101,
        11.089777946472168
      ],
      "material": "rubber",
      "size": "large",
      "width": 48,
      "height": 57,
      "color": "yellow",
      "y": 73,
      "shape": "cube",
      "rotation": 148.62425345813614
    },
    {
      "3d_coords": [
        2.6078648567199707,
        1.703580617904663,
        0.699999988079071
      ],
      "x": 235,
      "pixel_coords": [
        261,
        114,
        10.232583045959473
      ],
      "material": "rubber",
      "size": "large",
      "width": 56,
      "height": 63,
      "color": "green",
      "y": 83,
      "shape": "cylinder",
      "rotation": 209.8546962159443
    },
    {
      "3d_coords": [
        0.5110442042350769,
        1.8409394025802612,
        0.3499999940395355
      ],
      "x": 197,
      "pixel_coords": [
        212,
        101,
        11.927814483642578
      ],
      "material": "rubber",
      "size": "small",
      "width": 29,
      "height": 29,
      "color": "yellow",
      "y": 87,
      "shape": "cube",
      "rotation": 303.26562831410735
    },
    {
      "3d_coords": [
        2.5207579135894775,
        -2.254972457885742,
        0.699999988079071
      ],
      "x": 120,
      "pixel_coords": [
        152,
        160,
        8.099822998046875
      ],
      "material": "metal",
      "size": "large",
      "width": 63,
      "height": 83,
      "color": "purple",
      "y": 120,
      "shape": "cylinder",
      "rotation": 127.60125248033297
    },
    {
      "3d_coords": [
        -2.467759370803833,
        0.1704660803079605,
        0.699999988079071
      ],
      "x": 101,
      "pixel_coords": [
        122,
        78,
        12.915387153625488
      ],
      "material": "metal",
      "size": "large",
      "width": 40,
      "height": 49,
      "color": "red",
      "y": 54,
      "shape": "cylinder",
      "rotation": 135.27753672980143
    }
  ]
}