{
  "image_filename": "CLEVR_new_000598.png",
  "directions": {
    "above": [
      0.0,
      0.0,
      1.0
    ],
    "behind": [
      -0.754490315914154,
      0.6563112735748291,
      0.0
    ],
    "left": [
      -0.6563112735748291,
      -0.7544902563095093,
      0.0
    ],
    "below": [
      -0.0,
      -0.0,
      -1.0
    ],
    "right": [
      0.6563112735748291,
      0.7544902563095093,
      -0.0
    ],
    "front": [
      0.754490315914154,
      -0.6563112735748291,
      -0.0
    ]
  },
  "relationships": {
    "left": [
      [
        1,
        2,
        3,
        4,
        5
      ],
      [
        3
      ],
      [
        1,
        3,
        5
      ],
      [],
      [
        1,
        2,
        3,
        5
      ],
      [
        1,
        3
      ]
    ],
    "front": [
      [
        4,
        5
      ],
      [
        0,
        2,
        3,
        4,
        5
      ],
      [
        0,
        3,
        4,
        5
      ],
      [
        0,
        4,
        5
      ],
      [
        5
      ],
      []
    ],
    "right": [
      [],
      [
        0,
        2,
        4,
        5
      ],
      [
        0,
        4
      ],
      [
        0,
        1,
        2,
        4,
        5
      ],
      [
        0
      ],
      [
        0,
        2,
        4
      ]
    ],
    "behind": [
      [
        1,
        2,
        3
      ],
      [],
      [
        1
      ],
      [
        1,
        2
      ],
      [
        0,
        1,
        2,
        3
      ],
      [
        0,
        1,
        2,
        3,
        4
      ]
    ]
  },
  "split": "new",
  "image_index": 598,
  "objects": [
    {
      "3d_coords": [
        2.4438016414642334,
        1.8863699436187744,
        0.3499999940395355
      ],
      "x": 250,
      "pixel_coords": [
        264,
        120,
        10.110515594482422
      ],
      "material": "rubber",
      "size": "small",
      "width": 28,
      "height": 32,
      "color": "cyan",
      "y": 105,
      "shape": "cylinder",
      "rotation": 259.80601808689727
    },
    {
      "3d_coords": [
        -2.731478214263916,
        0.9650027751922607,
        0.3499999940395355
      ],
      "x": 125,
      "pixel_coords": [
        135,
        79,
        13.204462051391602
      ],
      "material": "metal",
      "size": "small",
      "width": 19,
      "height": 19,
      "color": "yellow",
      "y": 70,
      "shape": "sphere",
      "rotation": 212.21462122710528
    },
    {
      "3d_coords": [
        -0.7302381992340088,
        1.2185763120651245,
        0.699999988079071
      ],
      "x": 154,
      "pixel_coords": [
        175,
        84,
        11.793438911437988
      ],
      "material": "metal",
      "size": "large",
      "width": 42,
      "height": 42,
      "color": "blue",
      "y": 63,
      "shape": "sphere",
      "rotation": 79.99177772306301
    },
    {
      "3d_coords": [
        -1.1470301151275635,
        -1.2036585807800293,
        0.3499999940395355
      ],
      "x": 95,
      "pixel_coords": [
        107,
        108,
        10.888408660888672
      ],
      "material": "rubber",
      "size": "small",
      "width": 23,
      "height": 23,
      "color": "purple",
      "y": 97,
      "shape": "sphere",
      "rotation": 284.4830426763793
    },
    {
      "3d_coords": [
        1.8758463859558105,
        -0.38076409697532654,
        0.699999988079071
      ],
      "x": 167,
      "pixel_coords": [
        194,
        125,
        9.083014488220215
      ],
      "material": "rubber",
      "size": "large",
      "width": 54,
      "height": 54,
      "color": "cyan",
      "y": 98,
      "shape": "sphere",
      "rotation": 76.48209548618178
    },
    {
      "3d_coords": [
        2.291302442550659,
        -2.794743776321411,
        0.3499999940395355
      ],
      "x": 109,
      "pixel_coords": [
        126,
        179,
        7.602293968200684
      ],
      "material": "metal",
      "size": "small",
      "width": 32,
      "height": 33,
      "color": "purple",
      "y": 163,
      "shape": "sphere",
      "rotation": 136.47052923500001
    }
  ]
}