{
  "image_filename": "CLEVR_new_000247.png",
  "directions": {
    "above": [
      0.0,
      0.0,
      1.0
    ],
    "behind": [
      -0.754490315914154,
      0.6563112735748291,
      0.0
    ],
    "left": [
      -0.6563112735748291,
      -0.7544902563095093,
      0.0
    ],
    "below": [
      -0.0,
      -0.0,
      -1.0
    ],
    "right": [
      0.6563112735748291,
      0.7544902563095093,
      -0.0
    ],
    "front": [
      0.754490315914154,
      -0.6563112735748291,
      -0.0
    ]
  },
  "relationships": {
    "left": [
      [
        1,
        2,
        4
      ],
      [
        4
      ],
      [
        1,
        4
      ],
      [
        0,
        1,
        2,
        4,
        5
      ],
      [],
      [
        0,
        1,
        2,
        4
      ]
    ],
    "front": [
      [
        1,
        2,
        3,
        4,
        5
      ],
      [],
      [
        1,
        3,
        4,
        5
      ],
      [
        1,
        4
      ],
      [
        1
      ],
      [
        1,
        3,
        4
      ]
    ],
    "right": [
      [
        3,
        5
      ],
      [
        0,
        2,
        3,
        5
      ],
      [
        0,
        3,
        5
      ],
      [],
      [
        0,
        1,
        2,
        3,
        5
      ],
      [
        3
      ]
    ],
    "behind": [
      [],
      [
        0,
        2,
        3,
        4,
        5
      ],
      [
        0
      ],
      [
        0,
        2,
        5
      ],
      [
        0,
        2,
        3,
        5
      ],
      [
        0,
        2
      ]
    ]
  },
  "split": "new",
  "image_index": 247,
  "objects": [
    {
      "3d_coords": [
        -2.433687448501587,
        1.8559765815734863,
        0.699999988079071
      ],
      "x": 130,
      "pixel_coords": [
        155,
        71,
        13.97664737701416
      ],
      "material": "metal",
      "size": "large",
      "width": 48,
      "height": 46,
      "color": "brown",
      "y": 48,
      "shape": "cube",
      "rotation": 50.38072871060489
    },
    {
      "3d_coords": [
        0.22593797743320465,
        -2.8218274116516113,
        0.3499999940395355
      ],
      "x": 75,
      "pixel_coords": [
        88,
        141,
        9.551307678222656
      ],
      "material": "metal",
      "size": "small",
      "width": 26,
      "height": 26,
      "color": "cyan",
      "y": 128,
      "shape": "sphere",
      "rotation": 121.806756061286
    },
    {
      "3d_coords": [
        -2.4944992065429688,
        0.1538686901330948,
        0.3499999940395355
      ],
      "x": 108,
      "pixel_coords": [
        119,
        89,
        13.157818794250488
      ],
      "material": "rubber",
      "size": "small",
      "width": 22,
      "height": 24,
      "color": "yellow",
      "y": 77,
      "shape": "cube",
      "rotation": 238.3484041882923
    },
    {
      "3d_coords": [
        0.6118470430374146,
        0.5721955895423889,
        0.699999988079071
      ],
      "x": 164,
      "pixel_coords": [
        186,
        101,
        11.15727710723877
      ],
      "material": "rubber",
      "size": "large",
      "width": 44,
      "height": 44,
      "color": "blue",
      "y": 79,
      "shape": "sphere",
      "rotation": 74.43270479259105
    },
    {
      "3d_coords": [
        -1.0611873865127563,
        -2.645007610321045,
        0.3499999940395355
      ],
      "x": 57,
      "pixel_coords": [
        71,
        123,
        10.525260925292969
      ],
      "material": "rubber",
      "size": "small",
      "width": 26,
      "height": 31,
      "color": "gray",
      "y": 108,
      "shape": "cylinder",
      "rotation": 202.0809342046457
    },
    {
      "3d_coords": [
        -0.7291430830955505,
        0.9393280744552612,
        0.3499999940395355
      ],
      "x": 155,
      "pixel_coords": [
        166,
        97,
        12.43356704711914
      ],
      "material": "rubber",
      "size": "small",
      "width": 23,
      "height": 26,
      "color": "cyan",
      "y": 84,
      "shape": "cube",
      "rotation": 209.9546130950211
    }
  ]
}