{
  "image_filename": "CLEVR_new_000572.png",
  "directions": {
    "above": [
      0.0,
      0.0,
      1.0
    ],
    "behind": [
      -0.754490315914154,
      0.6563112735748291,
      0.0
    ],
    "left": [
      -0.6563112735748291,
      -0.7544902563095093,
      0.0
    ],
    "below": [
      -0.0,
      -0.0,
      -1.0
    ],
    "right": [
      0.6563112735748291,
      0.7544902563095093,
      -0.0
    ],
    "front": [
      0.754490315914154,
      -0.6563112735748291,
      -0.0
    ]
  },
  "relationships": {
    "left": [
      [
        3,
        5
      ],
      [
        0,
        2,
        3,
        4,
        5
      ],
      [
        0,
        3,
        4,
        5
      ],
      [
        5
      ],
      [
        0,
        3,
        5
      ],
      []
    ],
    "front": [
      [
        2,
        3
      ],
      [
        0,
        2,
        3,
        5
      ],
      [],
      [
        2
      ],
      [
        0,
        1,
        2,
        3,
        5
      ],
      [
        0,
        2,
        3
      ]
    ],
    "right": [
      [
        1,
        2,
        4
      ],
      [],
      [
        1
      ],
      [
        0,
        1,
        2,
        4
      ],
      [
        1,
        2
      ],
      [
        0,
        1,
        2,
        3,
        4
      ]
    ],
    "behind": [
      [
        1,
        4,
        5
      ],
      [
        4
      ],
      [
        0,
        1,
        3,
        4,
        5
      ],
      [
        0,
        1,
        4,
        5
      ],
      [],
      [
        1,
        4
      ]
    ]
  },
  "split": "new",
  "image_index": 572,
  "objects": [
    {
      "3d_coords": [
        -0.5691888928413391,
        -0.21135713160037994,
        0.3499999940395355
      ],
      "x": 129,
      "pixel_coords": [
        143,
        107,
        11.427570343017578
      ],
      "material": "rubber",
      "size": "small",
      "width": 29,
      "height": 30,
      "color": "blue",
      "y": 92,
      "shape": "cube",
      "rotation": 7.816242530333022
    },
    {
      "3d_coords": [
        -0.22821420431137085,
        2.7592673301696777,
        0.3499999940395355
      ],
      "x": 197,
      "pixel_coords": [
        210,
        86,
        13.017036437988281
      ],
      "material": "metal",
      "size": "small",
      "width": 25,
      "height": 25,
      "color": "blue",
      "y": 74,
      "shape": "cube",
      "rotation": 233.6483574249002
    },
    {
      "3d_coords": [
        1.5975874662399292,
        -0.34191977977752686,
        0.699999988079071
      ],
      "x": 165,
      "pixel_coords": [
        190,
        121,
        9.78681755065918
      ],
      "material": "metal",
      "size": "large",
      "width": 52,
      "height": 67,
      "color": "purple",
      "y": 88,
      "shape": "cylinder",
      "rotation": 32.996253325378014
    },
    {
      "3d_coords": [
        -0.5455086827278137,
        -1.6896083354949951,
        0.3499999940395355
      ],
      "x": 95,
      "pixel_coords": [
        107,
        121,
        10.511648178100586
      ],
      "material": "rubber",
      "size": "small",
      "width": 24,
      "height": 23,
      "color": "yellow",
      "y": 110,
      "shape": "sphere",
      "rotation": 224.24908288328723
    },
    {
      "3d_coords": [
        -1.719909429550171,
        1.8503977060317993,
        0.3499999940395355
      ],
      "x": 155,
      "pixel_coords": [
        164,
        82,
        13.427398681640625
      ],
      "material": "metal",
      "size": "small",
      "width": 18,
      "height": 23,
      "color": "green",
      "y": 70,
      "shape": "cylinder",
      "rotation": 263.51169329861796
    },
    {
      "3d_coords": [
        -2.765308380126953,
        -1.245269775390625,
        0.699999988079071
      ],
      "x": 49,
      "pixel_coords": [
        79,
        87,
        12.056207656860352
      ],
      "material": "metal",
      "size": "large",
      "width": 56,
      "height": 53,
      "color": "gray",
      "y": 61,
      "shape": "cube",
      "rotation": 248.7889541314964
    }
  ]
}