{
  "image_filename": "CLEVR_new_000341.png",
  "directions": {
    "above": [
      0.0,
      0.0,
      1.0
    ],
    "behind": [
      -0.754490315914154,
      0.6563112735748291,
      0.0
    ],
    "left": [
      -0.6563112735748291,
      -0.7544902563095093,
      0.0
    ],
    "below": [
      -0.0,
      -0.0,
      -1.0
    ],
    "right": [
      0.6563112735748291,
      0.7544902563095093,
      -0.0
    ],
    "front": [
      0.754490315914154,
      -0.6563112735748291,
      -0.0
    ]
  },
  "relationships": {
    "left": [
      [
        2,
        3,
        5,
        6
      ],
      [
        0,
        2,
        3,
        4,
        5,
        6
      ],
      [],
      [
        2
      ],
      [
        0,
        2,
        3,
        5,
        6
      ],
      [
        2,
        3,
        6
      ],
      [
        2,
        3
      ]
    ],
    "front": [
      [
        3,
        5
      ],
      [
        0,
        2,
        3,
        5
      ],
      [
        0,
        3,
        5
      ],
      [
        5
      ],
      [
        0,
        1,
        2,
        3,
        5,
        6
      ],
      [],
      [
        0,
        1,
        2,
        3,
        5
      ]
    ],
    "right": [
      [
        1,
        4
      ],
      [],
      [
        0,
        1,
        3,
        4,
        5,
        6
      ],
      [
        0,
        1,
        4,
        5,
        6
      ],
      [
        1
      ],
      [
        0,
        1,
        4
      ],
      [
        0,
        1,
        4,
        5
      ]
    ],
    "behind": [
      [
        1,
        2,
        4,
        6
      ],
      [
        4,
        6
      ],
      [
        1,
        4,
        6
      ],
      [
        0,
        1,
        2,
        4,
        6
      ],
      [],
      [
        0,
        1,
        2,
        3,
        4,
        6
      ],
      [
        4
      ]
    ]
  },
  "split": "new",
  "image_index": 341,
  "objects": [
    {
      "3d_coords": [
        0.14604990184307098,
        -0.16455192863941193,
        0.3499999940395355
      ],
      "x": 148,
      "pixel_coords": [
        159,
        113,
        11.213910102844238
      ],
      "material": "rubber",
      "size": "small",
      "width": 22,
      "height": 22,
      "color": "yellow",
      "y": 102,
      "shape": "sphere",
      "rotation": 292.7429955171758
    },
    {
      "3d_coords": [
        0.5611577033996582,
        2.772095203399658,
        0.3499999940395355
      ],
      "x": 218,
      "pixel_coords": [
        228,
        95,
        12.674570083618164
      ],
      "material": "rubber",
      "size": "small",
      "width": 20,
      "height": 19,
      "color": "brown",
      "y": 85,
      "shape": "sphere",
      "rotation": 172.10885624546336
    },
    {
      "3d_coords": [
        -1.7041155099868774,
        -1.6317507028579712,
        0.699999988079071
      ],
      "x": 58,
      "pixel_coords": [
        88,
        98,
        11.462939262390137
      ],
      "material": "metal",
      "size": "large",
      "width": 57,
      "height": 55,
      "color": "brown",
      "y": 71,
      "shape": "cube",
      "rotation": 179.74958304923504
    },
    {
      "3d_coords": [
        0.4465538561344147,
        -2.5493032932281494,
        0.3499999940395355
      ],
      "x": 86,
      "pixel_coords": [
        100,
        139,
        9.590713500976562
      ],
      "material": "metal",
      "size": "small",
      "width": 28,
      "height": 34,
      "color": "blue",
      "y": 122,
      "shape": "cylinder",
      "rotation": 168.0625390689007
    },
    {
      "3d_coords": [
        -1.966285228729248,
        2.4008705615997314,
        0.3499999940395355
      ],
      "x": 162,
      "pixel_coords": [
        173,
        80,
        14.186402320861816
      ],
      "material": "metal",
      "size": "small",
      "width": 22,
      "height": 22,
      "color": "cyan",
      "y": 69,
      "shape": "cube",
      "rotation": 116.69422375127657
    },
    {
      "3d_coords": [
        2.304896831512451,
        -2.8647773265838623,
        0.3499999940395355
      ],
      "x": 116,
      "pixel_coords": [
        132,
        172,
        8.129425048828125
      ],
      "material": "metal",
      "size": "small",
      "width": 31,
      "height": 42,
      "color": "red",
      "y": 151,
      "shape": "cylinder",
      "rotation": 77.60486786828076
    },
    {
      "3d_coords": [
        -2.300936698913574,
        0.5050966143608093,
        0.699999988079071
      ],
      "x": 108,
      "pixel_coords": [
        130,
        80,
        13.141922950744629
      ],
      "material": "metal",
      "size": "large",
      "width": 42,
      "height": 46,
      "color": "gray",
      "y": 57,
      "shape": "cube",
      "rotation": 261.5507989554719
    }
  ]
}