{
  "image_filename": "CLEVR_new_000223.png",
  "directions": {
    "above": [
      0.0,
      0.0,
      1.0
    ],
    "behind": [
      -0.754490315914154,
      0.6563112735748291,
      0.0
    ],
    "left": [
      -0.6563112735748291,
      -0.7544902563095093,
      0.0
    ],
    "below": [
      -0.0,
      -0.0,
      -1.0
    ],
    "right": [
      0.6563112735748291,
      0.7544902563095093,
      -0.0
    ],
    "front": [
      0.754490315914154,
      -0.6563112735748291,
      -0.0
    ]
  },
  "relationships": {
    "left": [
      [
        1,
        2,
        3
      ],
      [],
      [
        1
      ],
      [
        1,
        2
      ]
    ],
    "front": [
      [],
      [
        0,
        2
      ],
      [
        0
      ],
      [
        0,
        1,
        2
      ]
    ],
    "right": [
      [],
      [
        0,
        2,
        3
      ],
      [
        0,
        3
      ],
      [
        0
      ]
    ],
    "behind": [
      [
        1,
        2,
        3
      ],
      [
        3
      ],
      [
        1,
        3
      ],
      []
    ]
  },
  "split": "new",
  "image_index": 223,
  "objects": [
    {
      "3d_coords": [
        2.4443037509918213,
        0.24944332242012024,
        0.3499999940395355
      ],
      "x": 205,
      "pixel_coords": [
        223,
        139,
        9.514989852905273
      ],
      "material": "metal",
      "size": "small",
      "width": 37,
      "height": 38,
      "color": "gray",
      "y": 121,
      "shape": "cube",
      "rotation": 329.9239952670945
    },
    {
      "3d_coords": [
        -2.115283489227295,
        -0.1673741638660431,
        0.699999988079071
      ],
      "x": 94,
      "pixel_coords": [
        119,
        81,
        12.284529685974121
      ],
      "material": "metal",
      "size": "large",
      "width": 48,
      "height": 51,
      "color": "cyan",
      "y": 56,
      "shape": "cube",
      "rotation": 299.2408605711284
    },
    {
      "3d_coords": [
        -0.24195049703121185,
        -0.4660492241382599,
        0.3499999940395355
      ],
      "x": 132,
      "pixel_coords": [
        144,
        112,
        10.988882064819336
      ],
      "material": "rubber",
      "size": "small",
      "width": 23,
      "height": 30,
      "color": "purple",
      "y": 97,
      "shape": "cylinder",
      "rotation": 230.89760753168378
    },
    {
      "3d_coords": [
        -1.8714865446090698,
        2.4190711975097656,
        0.699999988079071
      ],
      "x": 161,
      "pixel_coords": [
        179,
        68,
        13.520873069763184
      ],
      "material": "rubber",
      "size": "large",
      "width": 36,
      "height": 37,
      "color": "red",
      "y": 49,
      "shape": "sphere",
      "rotation": 207.73860891383123
    }
  ]
}