{
  "image_filename": "CLEVR_new_000227.png",
  "directions": {
    "above": [
      0.0,
      0.0,
      1.0
    ],
    "behind": [
      -0.754490315914154,
      0.6563112735748291,
      0.0
    ],
    "left": [
      -0.6563112735748291,
      -0.7544902563095093,
      0.0
    ],
    "below": [
      -0.0,
      -0.0,
      -1.0
    ],
    "right": [
      0.6563112735748291,
      0.7544902563095093,
      -0.0
    ],
    "front": [
      0.754490315914154,
      -0.6563112735748291,
      -0.0
    ]
  },
  "relationships": {
    "left": [
      [
        3,
        4,
        6,
        8
      ],
      [
        0,
        2,
        3,
        4,
        6,
        8
      ],
      [
        0,
        3,
        4,
        6,
        8
      ],
      [
        4,
        6
      ],
      [],
      [
        0,
        1,
        2,
        3,
        4,
        6,
        8
      ],
      [
        4
      ],
      [
        0,
        1,
        2,
        3,
        4,
        5,
        6,
        8
      ],
      [
        3,
        4,
        6
      ]
    ],
    "front": [
      [
        1,
        2,
        3,
        4,
        5,
        6,
        7,
        8
      ],
      [
        4,
        5,
        6,
        7,
        8
      ],
      [
        1,
        3,
        4,
        5,
        6,
        7,
        8
      ],
      [
        1,
        4,
        5,
        6,
        7,
        8
      ],
      [
        5,
        8
      ],
      [
        8
      ],
      [
        4,
        5,
        7,
        8
      ],
      [
        4,
        5,
        8
      ],
      []
    ],
    "right": [
      [
        1,
        2,
        5,
        7
      ],
      [
        5,
        7
      ],
      [
        1,
        5,
        7
      ],
      [
        0,
        1,
        2,
        5,
        7,
        8
      ],
      [
        0,
        1,
        2,
        3,
        5,
        6,
        7,
        8
      ],
      [
        7
      ],
      [
        0,
        1,
        2,
        3,
        5,
        7,
        8
      ],
      [],
      [
        0,
        1,
        2,
        5,
        7
      ]
    ],
    "behind": [
      [],
      [
        0,
        2,
        3
      ],
      [
        0
      ],
      [
        0,
        2
      ],
      [
        0,
        1,
        2,
        3,
        6,
        7
      ],
      [
        0,
        1,
        2,
        3,
        4,
        6,
        7
      ],
      [
        0,
        1,
        2,
        3
      ],
      [
        0,
        1,
        2,
        3,
        6
      ],
      [
        0,
        1,
        2,
        3,
        4,
        5,
        6,
        7
      ]
    ]
  },
  "split": "new",
  "image_index": 227,
  "objects": [
    {
      "3d_coords": [
        -2.9828262329101562,
        2.6132161617279053,
        0.699999988079071
      ],
      "x": 141,
      "pixel_coords": [
        157,
        62,
        14.674449920654297
      ],
      "material": "metal",
      "size": "large",
      "width": 33,
      "height": 34,
      "color": "gray",
      "y": 45,
      "shape": "sphere",
      "rotation": 325.4424389364725
    },
    {
      "3d_coords": [
        0.06524161994457245,
        1.4549586772918701,
        0.3499999940395355
      ],
      "x": 182,
      "pixel_coords": [
        192,
        99,
        12.141195297241211
      ],
      "material": "rubber",
      "size": "small",
      "width": 21,
      "height": 26,
      "color": "gray",
      "y": 86,
      "shape": "cylinder",
      "rotation": 159.70885391080463
    },
    {
      "3d_coords": [
        -1.711197853088379,
        2.11849308013916,
        0.3499999940395355
      ],
      "x": 159,
      "pixel_coords": [
        170,
        81,
        13.703343391418457
      ],
      "material": "metal",
      "size": "small",
      "width": 22,
      "height": 24,
      "color": "green",
      "y": 69,
      "shape": "cube",
      "rotation": 105.72600435793687
    },
    {
      "3d_coords": [
        -2.102069139480591,
        -0.09932618588209152,
        0.699999988079071
      ],
      "x": 91,
      "pixel_coords": [
        118,
        84,
        12.456367492675781
      ],
      "material": "metal",
      "size": "large",
      "width": 50,
      "height": 51,
      "color": "brown",
      "y": 59,
      "shape": "cube",
      "rotation": 247.20055054891372
    },
    {
      "3d_coords": [
        -1.4597339630126953,
        -2.795483350753784,
        0.699999988079071
      ],
      "x": 22,
      "pixel_coords": [
        58,
        112,
        10.403935432434082
      ],
      "material": "rubber",
      "size": "large",
      "width": 67,
      "height": 63,
      "color": "gray",
      "y": 81,
      "shape": "cube",
      "rotation": 46.210730985122005
    },
    {
      "3d_coords": [
        2.743823528289795,
        0.8361430168151855,
        0.699999988079071
      ],
      "x": 213,
      "pixel_coords": [
        248,
        121,
        9.857806205749512
      ],
      "material": "metal",
      "size": "large",
      "width": 73,
      "height": 71,
      "color": "cyan",
      "y": 87,
      "shape": "cube",
      "rotation": 224.3919160977823
    },
    {
      "3d_coords": [
        -1.7551732063293457,
        -1.5065193176269531,
        0.3499999940395355
      ],
      "x": 79,
      "pixel_coords": [
        90,
        107,
        11.536629676818848
      ],
      "material": "metal",
      "size": "small",
      "width": 22,
      "height": 21,
      "color": "green",
      "y": 96,
      "shape": "sphere",
      "rotation": 74.97130366272779
    },
    {
      "3d_coords": [
        2.6528470516204834,
        2.7925326824188232,
        0.699999988079071
      ],
      "x": 256,
      "pixel_coords": [
        281,
        101,
        11.102087020874023
      ],
      "material": "rubber",
      "size": "large",
      "width": 53,
      "height": 58,
      "color": "blue",
      "y": 73,
      "shape": "cylinder",
      "rotation": 229.67593612556706
    },
    {
      "3d_coords": [
        0.9089236259460449,
        -1.9363486766815186,
        0.3499999940395355
      ],
      "x": 117,
      "pixel_coords": [
        131,
        142,
        9.53624439239502
      ],
      "material": "metal",
      "size": "small",
      "width": 27,
      "height": 35,
      "color": "red",
      "y": 125,
      "shape": "cylinder",
      "rotation": 133.39792792538037
    }
  ]
}