{
  "image_filename": "CLEVR_new_000153.png",
  "directions": {
    "above": [
      0.0,
      0.0,
      1.0
    ],
    "behind": [
      -0.754490315914154,
      0.6563112735748291,
      0.0
    ],
    "left": [
      -0.6563112735748291,
      -0.7544902563095093,
      0.0
    ],
    "below": [
      -0.0,
      -0.0,
      -1.0
    ],
    "right": [
      0.6563112735748291,
      0.7544902563095093,
      -0.0
    ],
    "front": [
      0.754490315914154,
      -0.6563112735748291,
      -0.0
    ]
  },
  "relationships": {
    "left": [
      [
        1,
        2,
        3,
        4,
        5
      ],
      [],
      [
        1
      ],
      [
        1,
        2,
        5
      ],
      [
        1,
        2,
        3,
        5
      ],
      [
        1,
        2
      ]
    ],
    "front": [
      [
        1,
        3,
        4
      ],
      [
        3
      ],
      [
        0,
        1,
        3,
        4,
        5
      ],
      [],
      [
        1,
        3
      ],
      [
        0,
        1,
        3,
        4
      ]
    ],
    "right": [
      [],
      [
        0,
        2,
        3,
        4,
        5
      ],
      [
        0,
        3,
        4,
        5
      ],
      [
        0,
        4
      ],
      [
        0
      ],
      [
        0,
        3,
        4
      ]
    ],
    "behind": [
      [
        2,
        5
      ],
      [
        0,
        2,
        4,
        5
      ],
      [],
      [
        0,
        1,
        2,
        4,
        5
      ],
      [
        0,
        2,
        5
      ],
      [
        2
      ]
    ]
  },
  "split": "new",
  "image_index": 153,
  "objects": [
    {
      "3d_coords": [
        2.42826771736145,
        2.853163957595825,
        0.699999988079071
      ],
      "x": 260,
      "pixel_coords": [
        284,
        100,
        10.582944869995117
      ],
      "material": "rubber",
      "size": "large",
      "width": 49,
      "height": 46,
      "color": "green",
      "y": 76,
      "shape": "sphere",
      "rotation": 37.62817486878592
    },
    {
      "3d_coords": [
        -0.6688452363014221,
        -2.992849588394165,
        0.699999988079071
      ],
      "x": 26,
      "pixel_coords": [
        58,
        121,
        9.346909523010254
      ],
      "material": "rubber",
      "size": "large",
      "width": 61,
      "height": 70,
      "color": "yellow",
      "y": 87,
      "shape": "cylinder",
      "rotation": 68.56363844115415
    },
    {
      "3d_coords": [
        -2.301267147064209,
        0.7170032262802124,
        0.699999988079071
      ],
      "x": 114,
      "pixel_coords": [
        134,
        74,
        12.573790550231934
      ],
      "material": "metal",
      "size": "large",
      "width": 39,
      "height": 39,
      "color": "purple",
      "y": 54,
      "shape": "sphere",
      "rotation": 316.8290674391703
    },
    {
      "3d_coords": [
        2.781801223754883,
        -0.910676121711731,
        0.699999988079071
      ],
      "x": 176,
      "pixel_coords": [
        207,
        147,
        8.19344425201416
      ],
      "material": "metal",
      "size": "large",
      "width": 64,
      "height": 82,
      "color": "cyan",
      "y": 108,
      "shape": "cylinder",
      "rotation": 125.05509257197713
    },
    {
      "3d_coords": [
        1.872606635093689,
        1.5736991167068481,
        0.3499999940395355
      ],
      "x": 224,
      "pixel_coords": [
        241,
        116,
        10.39100456237793
      ],
      "material": "rubber",
      "size": "small",
      "width": 34,
      "height": 34,
      "color": "cyan",
      "y": 100,
      "shape": "cube",
      "rotation": 62.800110693543594
    },
    {
      "3d_coords": [
        -0.957567572593689,
        0.5312315225601196,
        0.3499999940395355
      ],
      "x": 141,
      "pixel_coords": [
        154,
        96,
        11.717010498046875
      ],
      "material": "metal",
      "size": "small",
      "width": 24,
      "height": 27,
      "color": "blue",
      "y": 82,
      "shape": "cube",
      "rotation": 253.58195880906337
    }
  ]
}