{
  "image_filename": "CLEVR_new_000683.png",
  "directions": {
    "above": [
      0.0,
      0.0,
      1.0
    ],
    "behind": [
      -0.754490315914154,
      0.6563112735748291,
      0.0
    ],
    "left": [
      -0.6563112735748291,
      -0.7544902563095093,
      0.0
    ],
    "below": [
      -0.0,
      -0.0,
      -1.0
    ],
    "right": [
      0.6563112735748291,
      0.7544902563095093,
      -0.0
    ],
    "front": [
      0.754490315914154,
      -0.6563112735748291,
      -0.0
    ]
  },
  "relationships": {
    "left": [
      [],
      [
        0,
        2,
        3,
        4
      ],
      [
        0
      ],
      [
        0,
        2
      ],
      [
        0,
        2,
        3
      ]
    ],
    "front": [
      [
        3,
        4
      ],
      [
        0,
        3,
        4
      ],
      [
        0,
        1,
        3,
        4
      ],
      [
        4
      ],
      []
    ],
    "right": [
      [
        1,
        2,
        3,
        4
      ],
      [],
      [
        1,
        3,
        4
      ],
      [
        1,
        4
      ],
      [
        1
      ]
    ],
    "behind": [
      [
        1,
        2
      ],
      [
        2
      ],
      [],
      [
        0,
        1,
        2
      ],
      [
        0,
        1,
        2,
        3
      ]
    ]
  },
  "split": "new",
  "image_index": 683,
  "objects": [
    {
      "3d_coords": [
        -2.736894130706787,
        -2.8597049713134766,
        0.699999988079071
      ],
      "x": 7,
      "pixel_coords": [
        39,
        97,
        11.409392356872559
      ],
      "material": "metal",
      "size": "large",
      "width": 63,
      "height": 61,
      "color": "yellow",
      "y": 67,
      "shape": "cube",
      "rotation": 120.9914426504496
    },
    {
      "3d_coords": [
        1.2162021398544312,
        2.451474666595459,
        0.699999988079071
      ],
      "x": 217,
      "pixel_coords": [
        240,
        92,
        11.706509590148926
      ],
      "material": "metal",
      "size": "large",
      "width": 47,
      "height": 55,
      "color": "purple",
      "y": 65,
      "shape": "cylinder",
      "rotation": 120.738491890691
    },
    {
      "3d_coords": [
        -2.0471255779266357,
        0.35432809591293335,
        0.3499999940395355
      ],
      "x": 122,
      "pixel_coords": [
        132,
        87,
        12.898090362548828
      ],
      "material": "rubber",
      "size": "small",
      "width": 20,
      "height": 25,
      "color": "red",
      "y": 75,
      "shape": "cylinder",
      "rotation": 29.825334659715924
    },
    {
      "3d_coords": [
        1.2640745639801025,
        -1.6938940286636353,
        0.3499999940395355
      ],
      "x": 125,
      "pixel_coords": [
        142,
        147,
        9.566303253173828
      ],
      "material": "rubber",
      "size": "small",
      "width": 33,
      "height": 37,
      "color": "cyan",
      "y": 128,
      "shape": "cube",
      "rotation": 160.71891151494376
    },
    {
      "3d_coords": [
        2.818742036819458,
        -1.1132090091705322,
        0.699999988079071
      ],
      "x": 164,
      "pixel_coords": [
        198,
        154,
        8.675741195678711
      ],
      "material": "metal",
      "size": "large",
      "width": 67,
      "height": 82,
      "color": "gray",
      "y": 115,
      "shape": "cube",
      "rotation": 295.909659275201
    }
  ]
}