{
  "image_filename": "CLEVR_new_000634.png",
  "directions": {
    "above": [
      0.0,
      0.0,
      1.0
    ],
    "behind": [
      -0.754490315914154,
      0.6563112735748291,
      0.0
    ],
    "left": [
      -0.6563112735748291,
      -0.7544902563095093,
      0.0
    ],
    "below": [
      -0.0,
      -0.0,
      -1.0
    ],
    "right": [
      0.6563112735748291,
      0.7544902563095093,
      -0.0
    ],
    "front": [
      0.754490315914154,
      -0.6563112735748291,
      -0.0
    ]
  },
  "relationships": {
    "left": [
      [
        5
      ],
      [
        0,
        2,
        3,
        4,
        5,
        6,
        7
      ],
      [
        0,
        3,
        4,
        5,
        6,
        7
      ],
      [
        0,
        4,
        5,
        6,
        7
      ],
      [
        0,
        5,
        6
      ],
      [],
      [
        0,
        5
      ],
      [
        0,
        4,
        5,
        6
      ]
    ],
    "front": [
      [
        2,
        6
      ],
      [
        0,
        2,
        6
      ],
      [
        6
      ],
      [
        0,
        1,
        2,
        4,
        5,
        6
      ],
      [
        0,
        1,
        2,
        6
      ],
      [
        0,
        1,
        2,
        4,
        6
      ],
      [],
      [
        0,
        1,
        2,
        3,
        4,
        5,
        6
      ]
    ],
    "right": [
      [
        1,
        2,
        3,
        4,
        6,
        7
      ],
      [],
      [
        1
      ],
      [
        1,
        2
      ],
      [
        1,
        2,
        3,
        7
      ],
      [
        0,
        1,
        2,
        3,
        4,
        6,
        7
      ],
      [
        1,
        2,
        3,
        4,
        7
      ],
      [
        1,
        2,
        3
      ]
    ],
    "behind": [
      [
        1,
        3,
        4,
        5,
        7
      ],
      [
        3,
        4,
        5,
        7
      ],
      [
        0,
        1,
        3,
        4,
        5,
        7
      ],
      [
        7
      ],
      [
        3,
        5,
        7
      ],
      [
        3,
        7
      ],
      [
        0,
        1,
        2,
        3,
        4,
        5,
        7
      ],
      []
    ]
  },
  "split": "new",
  "image_index": 634,
  "objects": [
    {
      "3d_coords": [
        -0.3146013617515564,
        -1.901171326637268,
        0.699999988079071
      ],
      "x": 82,
      "pixel_coords": [
        106,
        116,
        10.411064147949219
      ],
      "material": "rubber",
      "size": "large",
      "width": 48,
      "height": 47,
      "color": "purple",
      "y": 92,
      "shape": "sphere",
      "rotation": 199.40972942360622
    },
    {
      "3d_coords": [
        1.7964378595352173,
        1.4465887546539307,
        0.3499999940395355
      ],
      "x": 219,
      "pixel_coords": [
        231,
        116,
        11.187777519226074
      ],
      "material": "rubber",
      "size": "small",
      "width": 24,
      "height": 29,
      "color": "brown",
      "y": 101,
      "shape": "cylinder",
      "rotation": 212.75371285055886
    },
    {
      "3d_coords": [
        2.2600226402282715,
        -0.2787909507751465,
        0.3499999940395355
      ],
      "x": 194,
      "pixel_coords": [
        207,
        140,
        9.85986042022705
      ],
      "material": "metal",
      "size": "small",
      "width": 25,
      "height": 25,
      "color": "gray",
      "y": 128,
      "shape": "sphere",
      "rotation": 19.335835612036934
    },
    {
      "3d_coords": [
        -0.734212338924408,
        1.3968993425369263,
        0.3499999940395355
      ],
      "x": 165,
      "pixel_coords": [
        175,
        93,
        12.8095121383667
      ],
      "material": "rubber",
      "size": "small",
      "width": 19,
      "height": 25,
      "color": "brown",
      "y": 80,
      "shape": "cylinder",
      "rotation": 292.54696534000095
    },
    {
      "3d_coords": [
        -0.7107047438621521,
        -0.27910926938056946,
        0.3499999940395355
      ],
      "x": 129,
      "pixel_coords": [
        140,
        106,
        11.798090934753418
      ],
      "material": "metal",
      "size": "small",
      "width": 21,
      "height": 21,
      "color": "red",
      "y": 96,
      "shape": "sphere",
      "rotation": 181.00840089693378
    },
    {
      "3d_coords": [
        -2.871188163757324,
        -2.1108059883117676,
        0.3499999940395355
      ],
      "x": 46,
      "pixel_coords": [
        59,
        102,
        12.119209289550781
      ],
      "material": "metal",
      "size": "small",
      "width": 25,
      "height": 27,
      "color": "blue",
      "y": 88,
      "shape": "cube",
      "rotation": 297.86436079750206
    },
    {
      "3d_coords": [
        1.3286453485488892,
        -2.647270917892456,
        0.3499999940395355
      ],
      "x": 105,
      "pixel_coords": [
        119,
        158,
        9.059959411621094
      ],
      "material": "metal",
      "size": "small",
      "width": 27,
      "height": 27,
      "color": "gray",
      "y": 145,
      "shape": "sphere",
      "rotation": 236.79136229607465
    },
    {
      "3d_coords": [
        -2.1153111457824707,
        1.7263412475585938,
        0.699999988079071
      ],
      "x": 138,
      "pixel_coords": [
        156,
        72,
        13.741937637329102
      ],
      "material": "rubber",
      "size": "large",
      "width": 36,
      "height": 36,
      "color": "brown",
      "y": 53,
      "shape": "sphere",
      "rotation": 235.0198721674692
    }
  ]
}