{
  "image_filename": "CLEVR_new_000542.png",
  "directions": {
    "above": [
      0.0,
      0.0,
      1.0
    ],
    "behind": [
      -0.754490315914154,
      0.6563112735748291,
      0.0
    ],
    "left": [
      -0.6563112735748291,
      -0.7544902563095093,
      0.0
    ],
    "below": [
      -0.0,
      -0.0,
      -1.0
    ],
    "right": [
      0.6563112735748291,
      0.7544902563095093,
      -0.0
    ],
    "front": [
      0.754490315914154,
      -0.6563112735748291,
      -0.0
    ]
  },
  "relationships": {
    "left": [
      [
        1,
        3
      ],
      [],
      [
        0,
        1,
        3
      ],
      [
        1
      ]
    ],
    "front": [
      [
        1,
        2,
        3
      ],
      [
        2,
        3
      ],
      [
        3
      ],
      []
    ],
    "right": [
      [
        2
      ],
      [
        0,
        2,
        3
      ],
      [],
      [
        0,
        2
      ]
    ],
    "behind": [
      [],
      [
        0
      ],
      [
        0,
        1
      ],
      [
        0,
        1,
        2
      ]
    ]
  },
  "split": "new",
  "image_index": 542,
  "objects": [
    {
      "3d_coords": [
        -2.9796297550201416,
        2.992975950241089,
        0.3499999940395355
      ],
      "x": 159,
      "pixel_coords": [
        167,
        67,
        15.03013801574707
      ],
      "material": "rubber",
      "size": "small",
      "width": 16,
      "height": 16,
      "color": "cyan",
      "y": 59,
      "shape": "sphere",
      "rotation": 32.77406347961521
    },
    {
      "3d_coords": [
        -0.0499558262526989,
        -2.3454508781433105,
        0.699999988079071
      ],
      "x": 67,
      "pixel_coords": [
        96,
        123,
        9.822013854980469
      ],
      "material": "rubber",
      "size": "large",
      "width": 55,
      "height": 67,
      "color": "green",
      "y": 91,
      "shape": "cylinder",
      "rotation": 175.54340340726984
    },
    {
      "3d_coords": [
        2.5811522006988525,
        -0.8581672310829163,
        0.699999988079071
      ],
      "x": 168,
      "pixel_coords": [
        201,
        142,
        8.927596092224121
      ],
      "material": "metal",
      "size": "large",
      "width": 71,
      "height": 77,
      "color": "gray",
      "y": 105,
      "shape": "cube",
      "rotation": 128.36671619544768
    },
    {
      "3d_coords": [
        2.160609245300293,
        -2.5514602661132812,
        0.3499999940395355
      ],
      "x": 123,
      "pixel_coords": [
        139,
        172,
        8.39233112335205
      ],
      "material": "metal",
      "size": "small",
      "width": 30,
      "height": 41,
      "color": "green",
      "y": 152,
      "shape": "cylinder",
      "rotation": 27.09023175435496
    }
  ]
}