{
  "image_filename": "CLEVR_new_000434.png",
  "directions": {
    "above": [
      0.0,
      0.0,
      1.0
    ],
    "behind": [
      -0.754490315914154,
      0.6563112735748291,
      0.0
    ],
    "left": [
      -0.6563112735748291,
      -0.7544902563095093,
      0.0
    ],
    "below": [
      -0.0,
      -0.0,
      -1.0
    ],
    "right": [
      0.6563112735748291,
      0.7544902563095093,
      -0.0
    ],
    "front": [
      0.754490315914154,
      -0.6563112735748291,
      -0.0
    ]
  },
  "relationships": {
    "left": [
      [
        3,
        4,
        5,
        6,
        7
      ],
      [
        0,
        3,
        4,
        5,
        6,
        7
      ],
      [
        0,
        1,
        3,
        4,
        5,
        6,
        7
      ],
      [],
      [
        3,
        7
      ],
      [
        3,
        4,
        7
      ],
      [
        3,
        4,
        5,
        7
      ],
      [
        3
      ]
    ],
    "front": [
      [
        4,
        6
      ],
      [
        0,
        2,
        3,
        4,
        5,
        6,
        7
      ],
      [
        0,
        3,
        4,
        6
      ],
      [
        0,
        4,
        6
      ],
      [
        6
      ],
      [
        0,
        2,
        3,
        4,
        6
      ],
      [],
      [
        0,
        2,
        3,
        4,
        5,
        6
      ]
    ],
    "right": [
      [
        1,
        2
      ],
      [
        2
      ],
      [],
      [
        0,
        1,
        2,
        4,
        5,
        6,
        7
      ],
      [
        0,
        1,
        2,
        5,
        6
      ],
      [
        0,
        1,
        2,
        6
      ],
      [
        0,
        1,
        2
      ],
      [
        0,
        1,
        2,
        4,
        5,
        6
      ]
    ],
    "behind": [
      [
        1,
        2,
        3,
        5,
        7
      ],
      [],
      [
        1,
        5,
        7
      ],
      [
        1,
        2,
        5,
        7
      ],
      [
        0,
        1,
        2,
        3,
        5,
        7
      ],
      [
        1,
        7
      ],
      [
        0,
        1,
        2,
        3,
        4,
        5,
        7
      ],
      [
        1
      ]
    ]
  },
  "split": "new",
  "image_index": 434,
  "objects": [
    {
      "3d_coords": [
        1.9866540431976318,
        0.08645719289779663,
        0.699999988079071
      ],
      "x": 177,
      "pixel_coords": [
        210,
        120,
        9.477242469787598
      ],
      "material": "rubber",
      "size": "large",
      "width": 65,
      "height": 72,
      "color": "brown",
      "y": 86,
      "shape": "cube",
      "rotation": 240.7955094653009
    },
    {
      "3d_coords": [
        -0.4738811254501343,
        2.916316270828247,
        0.3499999940395355
      ],
      "x": 201,
      "pixel_coords": [
        212,
        85,
        12.963987350463867
      ],
      "material": "metal",
      "size": "small",
      "width": 22,
      "height": 25,
      "color": "brown",
      "y": 73,
      "shape": "cube",
      "rotation": 148.22139354809568
    },
    {
      "3d_coords": [
        2.7859573364257812,
        2.8025503158569336,
        0.699999988079071
      ],
      "x": 264,
      "pixel_coords": [
        291,
        104,
        10.507116317749023
      ],
      "material": "rubber",
      "size": "large",
      "width": 56,
      "height": 61,
      "color": "cyan",
      "y": 74,
      "shape": "cylinder",
      "rotation": 239.45874586713217
    },
    {
      "3d_coords": [
        -1.2416223287582397,
        -2.8740174770355225,
        0.699999988079071
      ],
      "x": 29,
      "pixel_coords": [
        55,
        112,
        9.97276782989502
      ],
      "material": "rubber",
      "size": "large",
      "width": 51,
      "height": 49,
      "color": "purple",
      "y": 87,
      "shape": "sphere",
      "rotation": 178.20382723352603
    },
    {
      "3d_coords": [
        0.4720611870288849,
        -2.394761562347412,
        0.3499999940395355
      ],
      "x": 83,
      "pixel_coords": [
        102,
        140,
        9.227852821350098
      ],
      "material": "metal",
      "size": "small",
      "width": 38,
      "height": 39,
      "color": "red",
      "y": 121,
      "shape": "cube",
      "rotation": 259.4528561936687
    },
    {
      "3d_coords": [
        -0.6631903648376465,
        0.1192263513803482,
        0.3499999940395355
      ],
      "x": 136,
      "pixel_coords": [
        150,
        103,
        11.468291282653809
      ],
      "material": "rubber",
      "size": "small",
      "width": 28,
      "height": 29,
      "color": "red",
      "y": 88,
      "shape": "cube",
      "rotation": 35.96902119765614
    },
    {
      "3d_coords": [
        2.9664969444274902,
        -2.489255666732788,
        0.3499999940395355
      ],
      "x": 144,
      "pixel_coords": [
        161,
        185,
        7.460561275482178
      ],
      "material": "metal",
      "size": "small",
      "width": 33,
      "height": 46,
      "color": "blue",
      "y": 162,
      "shape": "cylinder",
      "rotation": 0.7858915188263493
    },
    {
      "3d_coords": [
        -2.372802495956421,
        -1.0856220722198486,
        0.3499999940395355
      ],
      "x": 79,
      "pixel_coords": [
        91,
        97,
        11.941649436950684
      ],
      "material": "rubber",
      "size": "small",
      "width": 22,
      "height": 26,
      "color": "cyan",
      "y": 84,
      "shape": "cylinder",
      "rotation": 49.853376750324635
    }
  ]
}