{
  "image_filename": "CLEVR_new_000690.png",
  "directions": {
    "above": [
      0.0,
      0.0,
      1.0
    ],
    "behind": [
      -0.754490315914154,
      0.6563112735748291,
      0.0
    ],
    "left": [
      -0.6563112735748291,
      -0.7544902563095093,
      0.0
    ],
    "below": [
      -0.0,
      -0.0,
      -1.0
    ],
    "right": [
      0.6563112735748291,
      0.7544902563095093,
      -0.0
    ],
    "front": [
      0.754490315914154,
      -0.6563112735748291,
      -0.0
    ]
  },
  "relationships": {
    "left": [
      [
        1,
        2,
        3,
        4
      ],
      [
        2,
        3,
        4
      ],
      [],
      [
        2
      ],
      [
        2,
        3
      ],
      [
        0,
        1,
        2,
        3,
        4
      ]
    ],
    "front": [
      [
        4
      ],
      [
        0,
        2,
        3,
        4,
        5
      ],
      [
        0,
        4
      ],
      [
        0,
        2,
        4
      ],
      [],
      [
        0,
        2,
        3,
        4
      ]
    ],
    "right": [
      [
        5
      ],
      [
        0,
        5
      ],
      [
        0,
        1,
        3,
        4,
        5
      ],
      [
        0,
        1,
        4,
        5
      ],
      [
        0,
        1,
        5
      ],
      []
    ],
    "behind": [
      [
        1,
        2,
        3,
        5
      ],
      [],
      [
        1,
        3,
        5
      ],
      [
        1,
        5
      ],
      [
        0,
        1,
        2,
        3,
        5
      ],
      [
        1
      ]
    ]
  },
  "split": "new",
  "image_index": 690,
  "objects": [
    {
      "3d_coords": [
        2.455940008163452,
        -0.11069004237651825,
        0.3499999940395355
      ],
      "x": 199,
      "pixel_coords": [
        217,
        143,
        9.23730754852295
      ],
      "material": "metal",
      "size": "small",
      "width": 37,
      "height": 39,
      "color": "blue",
      "y": 123,
      "shape": "cube",
      "rotation": 114.76170377637293
    },
    {
      "3d_coords": [
        -2.459138870239258,
        2.5198981761932373,
        0.699999988079071
      ],
      "x": 149,
      "pixel_coords": [
        168,
        63,
        13.896417617797852
      ],
      "material": "rubber",
      "size": "large",
      "width": 37,
      "height": 44,
      "color": "purple",
      "y": 42,
      "shape": "cube",
      "rotation": 172.03731426776167
    },
    {
      "3d_coords": [
        -2.4054763317108154,
        -2.579711437225342,
        0.3499999940395355
      ],
      "x": 36,
      "pixel_coords": [
        49,
        108,
        11.10250473022461
      ],
      "material": "metal",
      "size": "small",
      "width": 26,
      "height": 29,
      "color": "red",
      "y": 93,
      "shape": "cylinder",
      "rotation": 23.72516020083347
    },
    {
      "3d_coords": [
        -1.7965707778930664,
        -0.6479532718658447,
        0.699999988079071
      ],
      "x": 89,
      "pixel_coords": [
        110,
        88,
        11.6351318359375
      ],
      "material": "rubber",
      "size": "large",
      "width": 43,
      "height": 42,
      "color": "brown",
      "y": 67,
      "shape": "sphere",
      "rotation": 133.57145794561245
    },
    {
      "3d_coords": [
        1.6212208271026611,
        -2.4715304374694824,
        0.3499999940395355
      ],
      "x": 110,
      "pixel_coords": [
        125,
        162,
        8.448230743408203
      ],
      "material": "metal",
      "size": "small",
      "width": 30,
      "height": 40,
      "color": "yellow",
      "y": 142,
      "shape": "cylinder",
      "rotation": 95.04491501001507
    },
    {
      "3d_coords": [
        0.07862305641174316,
        2.568995714187622,
        0.3499999940395355
      ],
      "x": 206,
      "pixel_coords": [
        217,
        90,
        12.375696182250977
      ],
      "material": "rubber",
      "size": "small",
      "width": 22,
      "height": 26,
      "color": "green",
      "y": 77,
      "shape": "cube",
      "rotation": 24.2144282315971
    }
  ]
}