{
  "image_filename": "CLEVR_new_000279.png",
  "directions": {
    "above": [
      0.0,
      0.0,
      1.0
    ],
    "behind": [
      -0.754490315914154,
      0.6563112735748291,
      0.0
    ],
    "left": [
      -0.6563112735748291,
      -0.7544902563095093,
      0.0
    ],
    "below": [
      -0.0,
      -0.0,
      -1.0
    ],
    "right": [
      0.6563112735748291,
      0.7544902563095093,
      -0.0
    ],
    "front": [
      0.754490315914154,
      -0.6563112735748291,
      -0.0
    ]
  },
  "relationships": {
    "left": [
      [
        1,
        2,
        3,
        4,
        5
      ],
      [
        4,
        5
      ],
      [
        1,
        4,
        5
      ],
      [
        1,
        2,
        4,
        5
      ],
      [
        5
      ],
      []
    ],
    "front": [
      [
        2,
        4,
        5
      ],
      [
        0,
        2,
        4,
        5
      ],
      [],
      [
        0,
        1,
        2,
        4,
        5
      ],
      [
        2
      ],
      [
        2,
        4
      ]
    ],
    "right": [
      [],
      [
        0,
        2,
        3
      ],
      [
        0,
        3
      ],
      [
        0
      ],
      [
        0,
        1,
        2,
        3
      ],
      [
        0,
        1,
        2,
        3,
        4
      ]
    ],
    "behind": [
      [
        1,
        3
      ],
      [
        3
      ],
      [
        0,
        1,
        3,
        4,
        5
      ],
      [],
      [
        0,
        1,
        3,
        5
      ],
      [
        0,
        1,
        3
      ]
    ]
  },
  "split": "new",
  "image_index": 279,
  "objects": [
    {
      "3d_coords": [
        1.490560531616211,
        2.192692279815674,
        0.699999988079071
      ],
      "x": 219,
      "pixel_coords": [
        241,
        97,
        11.361836433410645
      ],
      "material": "metal",
      "size": "large",
      "width": 44,
      "height": 43,
      "color": "gray",
      "y": 75,
      "shape": "sphere",
      "rotation": 256.9989861322576
    },
    {
      "3d_coords": [
        -1.2987595796585083,
        -0.24873001873493195,
        0.699999988079071
      ],
      "x": 109,
      "pixel_coords": [
        130,
        90,
        11.853788375854492
      ],
      "material": "rubber",
      "size": "large",
      "width": 42,
      "height": 42,
      "color": "blue",
      "y": 70,
      "shape": "sphere",
      "rotation": 244.45024144372672
    },
    {
      "3d_coords": [
        2.6010966300964355,
        -2.2531025409698486,
        0.699999988079071
      ],
      "x": 128,
      "pixel_coords": [
        158,
        161,
        8.044126510620117
      ],
      "material": "rubber",
      "size": "large",
      "width": 61,
      "height": 61,
      "color": "gray",
      "y": 130,
      "shape": "sphere",
      "rotation": 166.63370457952877
    },
    {
      "3d_coords": [
        -1.142991304397583,
        2.579803466796875,
        0.699999988079071
      ],
      "x": 169,
      "pixel_coords": [
        192,
        74,
        13.377605438232422
      ],
      "material": "metal",
      "size": "large",
      "width": 49,
      "height": 48,
      "color": "green",
      "y": 50,
      "shape": "cube",
      "rotation": 205.48097253290283
    },
    {
      "3d_coords": [
        0.7913835644721985,
        -2.7998476028442383,
        0.699999988079071
      ],
      "x": 68,
      "pixel_coords": [
        97,
        138,
        8.960988998413086
      ],
      "material": "metal",
      "size": "large",
      "width": 56,
      "height": 55,
      "color": "blue",
      "y": 111,
      "shape": "sphere",
      "rotation": 108.85787915986363
    },
    {
      "3d_coords": [
        -0.864574134349823,
        -2.8806674480438232,
        0.699999988079071
      ],
      "x": 27,
      "pixel_coords": [
        64,
        117,
        10.04166030883789
      ],
      "material": "rubber",
      "size": "large",
      "width": 71,
      "height": 70,
      "color": "gray",
      "y": 84,
      "shape": "cube",
      "rotation": 154.03467034155915
    }
  ]
}