{
  "image_filename": "CLEVR_new_000394.png",
  "directions": {
    "above": [
      0.0,
      0.0,
      1.0
    ],
    "behind": [
      -0.754490315914154,
      0.6563112735748291,
      0.0
    ],
    "left": [
      -0.6563112735748291,
      -0.7544902563095093,
      0.0
    ],
    "below": [
      -0.0,
      -0.0,
      -1.0
    ],
    "right": [
      0.6563112735748291,
      0.7544902563095093,
      -0.0
    ],
    "front": [
      0.754490315914154,
      -0.6563112735748291,
      -0.0
    ]
  },
  "relationships": {
    "left": [
      [
        1,
        2,
        3
      ],
      [
        2,
        3
      ],
      [],
      [
        2
      ]
    ],
    "front": [
      [],
      [
        0,
        3
      ],
      [
        0,
        1,
        3
      ],
      [
        0
      ]
    ],
    "right": [
      [],
      [
        0
      ],
      [
        0,
        1,
        3
      ],
      [
        0,
        1
      ]
    ],
    "behind": [
      [
        1,
        2,
        3
      ],
      [
        2
      ],
      [],
      [
        1,
        2
      ]
    ]
  },
  "split": "new",
  "image_index": 394,
  "objects": [
    {
      "3d_coords": [
        2.044860601425171,
        -0.1396169513463974,
        0.699999988079071
      ],
      "x": 171,
      "pixel_coords": [
        205,
        129,
        9.36955738067627
      ],
      "material": "rubber",
      "size": "large",
      "width": 72,
      "height": 77,
      "color": "blue",
      "y": 92,
      "shape": "cube",
      "rotation": 9.210532654843018
    },
    {
      "3d_coords": [
        -0.3194391131401062,
        0.4666880667209625,
        0.3499999940395355
      ],
      "x": 151,
      "pixel_coords": [
        165,
        102,
        11.439011573791504
      ],
      "material": "metal",
      "size": "small",
      "width": 27,
      "height": 30,
      "color": "red",
      "y": 88,
      "shape": "cube",
      "rotation": 284.8040444522074
    },
    {
      "3d_coords": [
        -2.870842695236206,
        -0.9207044839859009,
        0.3499999940395355
      ],
      "x": 77,
      "pixel_coords": [
        88,
        88,
        12.346035957336426
      ],
      "material": "rubber",
      "size": "small",
      "width": 20,
      "height": 20,
      "color": "gray",
      "y": 78,
      "shape": "sphere",
      "rotation": 179.59908845328104
    },
    {
      "3d_coords": [
        -0.48634129762649536,
        -2.4046547412872314,
        0.3499999940395355
      ],
      "x": 72,
      "pixel_coords": [
        84,
        131,
        9.954093933105469
      ],
      "material": "metal",
      "size": "small",
      "width": 25,
      "height": 25,
      "color": "red",
      "y": 118,
      "shape": "sphere",
      "rotation": 46.534061012965054
    }
  ]
}