{
  "image_filename": "CLEVR_new_000399.png",
  "directions": {
    "above": [
      0.0,
      0.0,
      1.0
    ],
    "behind": [
      -0.754490315914154,
      0.6563112735748291,
      0.0
    ],
    "left": [
      -0.6563112735748291,
      -0.7544902563095093,
      0.0
    ],
    "below": [
      -0.0,
      -0.0,
      -1.0
    ],
    "right": [
      0.6563112735748291,
      0.7544902563095093,
      -0.0
    ],
    "front": [
      0.754490315914154,
      -0.6563112735748291,
      -0.0
    ]
  },
  "relationships": {
    "left": [
      [
        1,
        2,
        3
      ],
      [
        2
      ],
      [],
      [
        1,
        2
      ],
      [
        0,
        1,
        2,
        3
      ]
    ],
    "front": [
      [
        1
      ],
      [],
      [
        0,
        1,
        4
      ],
      [
        0,
        1,
        2,
        4
      ],
      [
        0,
        1
      ]
    ],
    "right": [
      [
        4
      ],
      [
        0,
        3,
        4
      ],
      [
        0,
        1,
        3,
        4
      ],
      [
        0,
        4
      ],
      []
    ],
    "behind": [
      [
        2,
        3,
        4
      ],
      [
        0,
        2,
        3,
        4
      ],
      [
        3
      ],
      [],
      [
        2,
        3
      ]
    ]
  },
  "split": "new",
  "image_index": 399,
  "objects": [
    {
      "3d_coords": [
        1.5495468378067017,
        0.9817798733711243,
        0.3499999940395355
      ],
      "x": 204,
      "pixel_coords": [
        219,
        119,
        10.274648666381836
      ],
      "material": "rubber",
      "size": "small",
      "width": 30,
      "height": 33,
      "color": "yellow",
      "y": 103,
      "shape": "cube",
      "rotation": 77.49732233209008
    },
    {
      "3d_coords": [
        0.9654291868209839,
        -1.649590253829956,
        0.3499999940395355
      ],
      "x": 117,
      "pixel_coords": [
        133,
        139,
        9.244668006896973
      ],
      "material": "metal",
      "size": "small",
      "width": 31,
      "height": 36,
      "color": "purple",
      "y": 121,
      "shape": "cube",
      "rotation": 159.41141885828415
    },
    {
      "3d_coords": [
        -2.787383794784546,
        -0.05285004898905754,
        0.699999988079071
      ],
      "x": 91,
      "pixel_coords": [
        111,
        75,
        12.597880363464355
      ],
      "material": "metal",
      "size": "large",
      "width": 39,
      "height": 39,
      "color": "red",
      "y": 56,
      "shape": "sphere",
      "rotation": 359.13396293232546
    },
    {
      "3d_coords": [
        -1.8337197303771973,
        1.7399836778640747,
        0.699999988079071
      ],
      "x": 141,
      "pixel_coords": [
        167,
        72,
        12.909028053283691
      ],
      "material": "rubber",
      "size": "large",
      "width": 50,
      "height": 51,
      "color": "purple",
      "y": 48,
      "shape": "cube",
      "rotation": 176.31287269156275
    },
    {
      "3d_coords": [
        1.2257075309753418,
        2.809375762939453,
        0.699999988079071
      ],
      "x": 228,
      "pixel_coords": [
        252,
        90,
        11.343905448913574
      ],
      "material": "rubber",
      "size": "large",
      "width": 49,
      "height": 56,
      "color": "gray",
      "y": 63,
      "shape": "cylinder",
      "rotation": 50.069947230456265
    }
  ]
}