{
  "image_filename": "CLEVR_new_000596.png",
  "directions": {
    "above": [
      0.0,
      0.0,
      1.0
    ],
    "behind": [
      -0.754490315914154,
      0.6563112735748291,
      0.0
    ],
    "left": [
      -0.6563112735748291,
      -0.7544902563095093,
      0.0
    ],
    "below": [
      -0.0,
      -0.0,
      -1.0
    ],
    "right": [
      0.6563112735748291,
      0.7544902563095093,
      -0.0
    ],
    "front": [
      0.754490315914154,
      -0.6563112735748291,
      -0.0
    ]
  },
  "relationships": {
    "left": [
      [
        4,
        5
      ],
      [
        0,
        2,
        4,
        5
      ],
      [
        0,
        4,
        5
      ],
      [
        0,
        1,
        2,
        4,
        5,
        6
      ],
      [
        5
      ],
      [],
      [
        0,
        1,
        2,
        4,
        5
      ]
    ],
    "front": [
      [],
      [
        0,
        2,
        3,
        4,
        5
      ],
      [
        0,
        3,
        4
      ],
      [
        0
      ],
      [
        0,
        3
      ],
      [
        0,
        2,
        3,
        4
      ],
      [
        0,
        1,
        2,
        3,
        4,
        5
      ]
    ],
    "right": [
      [
        1,
        2,
        3,
        6
      ],
      [
        3,
        6
      ],
      [
        1,
        3,
        6
      ],
      [],
      [
        0,
        1,
        2,
        3,
        6
      ],
      [
        0,
        1,
        2,
        3,
        4,
        6
      ],
      [
        3
      ]
    ],
    "behind": [
      [
        1,
        2,
        3,
        4,
        5,
        6
      ],
      [
        6
      ],
      [
        1,
        5,
        6
      ],
      [
        1,
        2,
        4,
        5,
        6
      ],
      [
        1,
        2,
        5,
        6
      ],
      [
        1,
        6
      ],
      []
    ]
  },
  "split": "new",
  "image_index": 596,
  "objects": [
    {
      "3d_coords": [
        1.3212031126022339,
        -2.661052942276001,
        0.699999988079071
      ],
      "x": 80,
      "pixel_coords": [
        113,
        152,
        8.33950138092041
      ],
      "material": "rubber",
      "size": "large",
      "width": 63,
      "height": 81,
      "color": "gray",
      "y": 113,
      "shape": "cylinder",
      "rotation": 313.6506851614228
    },
    {
      "3d_coords": [
        -1.2411723136901855,
        1.310701847076416,
        0.699999988079071
      ],
      "x": 145,
      "pixel_coords": [
        165,
        77,
        12.28543758392334
      ],
      "material": "metal",
      "size": "large",
      "width": 40,
      "height": 40,
      "color": "brown",
      "y": 57,
      "shape": "sphere",
      "rotation": 305.12513557410887
    },
    {
      "3d_coords": [
        -0.3186221718788147,
        -0.30829355120658875,
        0.3499999940395355
      ],
      "x": 135,
      "pixel_coords": [
        146,
        110,
        10.93044376373291
      ],
      "material": "metal",
      "size": "small",
      "width": 22,
      "height": 22,
      "color": "red",
      "y": 99,
      "shape": "sphere",
      "rotation": 357.534950889721
    },
    {
      "3d_coords": [
        2.005591869354248,
        0.5448883175849915,
        0.699999988079071
      ],
      "x": 188,
      "pixel_coords": [
        222,
        119,
        9.734155654907227
      ],
      "material": "metal",
      "size": "large",
      "width": 71,
      "height": 74,
      "color": "brown",
      "y": 83,
      "shape": "cube",
      "rotation": 252.95030660219226
    },
    {
      "3d_coords": [
        -1.2348606586456299,
        -2.049147129058838,
        0.3499999940395355
      ],
      "x": 65,
      "pixel_coords": [
        82,
        117,
        10.527366638183594
      ],
      "material": "metal",
      "size": "small",
      "width": 34,
      "height": 33,
      "color": "brown",
      "y": 101,
      "shape": "cube",
      "rotation": 19.236710121635973
    },
    {
      "3d_coords": [
        -2.644376516342163,
        -2.1295692920684814,
        0.699999988079071
      ],
      "x": 29,
      "pixel_coords": [
        56,
        92,
        11.223849296569824
      ],
      "material": "rubber",
      "size": "large",
      "width": 51,
      "height": 58,
      "color": "gray",
      "y": 64,
      "shape": "cylinder",
      "rotation": 291.72737858172957
    },
    {
      "3d_coords": [
        -1.5710079669952393,
        2.93096661567688,
        0.699999988079071
      ],
      "x": 166,
      "pixel_coords": [
        190,
        64,
        13.429800033569336
      ],
      "material": "metal",
      "size": "large",
      "width": 50,
      "height": 50,
      "color": "cyan",
      "y": 40,
      "shape": "cube",
      "rotation": 4.655223371702015
    }
  ]
}