{
  "image_filename": "CLEVR_new_000412.png",
  "directions": {
    "above": [
      0.0,
      0.0,
      1.0
    ],
    "behind": [
      -0.754490315914154,
      0.6563112735748291,
      0.0
    ],
    "left": [
      -0.6563112735748291,
      -0.7544902563095093,
      0.0
    ],
    "below": [
      -0.0,
      -0.0,
      -1.0
    ],
    "right": [
      0.6563112735748291,
      0.7544902563095093,
      -0.0
    ],
    "front": [
      0.754490315914154,
      -0.6563112735748291,
      -0.0
    ]
  },
  "relationships": {
    "left": [
      [
        1,
        2,
        3,
        4,
        5,
        6,
        7,
        8
      ],
      [
        3,
        5,
        6,
        8
      ],
      [
        1,
        3,
        4,
        5,
        6,
        7,
        8
      ],
      [],
      [
        1,
        3,
        5,
        6,
        7,
        8
      ],
      [
        3,
        6,
        8
      ],
      [
        3
      ],
      [
        1,
        3,
        5,
        6,
        8
      ],
      [
        3,
        6
      ]
    ],
    "front": [
      [
        1,
        4,
        6,
        8
      ],
      [
        8
      ],
      [
        0,
        1,
        3,
        4,
        6,
        8
      ],
      [
        0,
        1,
        4,
        6,
        8
      ],
      [
        1,
        8
      ],
      [
        0,
        1,
        2,
        3,
        4,
        6,
        8
      ],
      [
        1,
        4,
        8
      ],
      [
        0,
        1,
        2,
        3,
        4,
        5,
        6,
        8
      ],
      []
    ],
    "right": [
      [],
      [
        0,
        2,
        4,
        7
      ],
      [
        0
      ],
      [
        0,
        1,
        2,
        4,
        5,
        6,
        7,
        8
      ],
      [
        0,
        2
      ],
      [
        0,
        1,
        2,
        4,
        7
      ],
      [
        0,
        1,
        2,
        4,
        5,
        7,
        8
      ],
      [
        0,
        2,
        4
      ],
      [
        0,
        1,
        2,
        4,
        5,
        7
      ]
    ],
    "behind": [
      [
        2,
        3,
        5,
        7
      ],
      [
        0,
        2,
        3,
        4,
        5,
        6,
        7
      ],
      [
        5,
        7
      ],
      [
        2,
        5,
        7
      ],
      [
        0,
        2,
        3,
        5,
        6,
        7
      ],
      [
        7
      ],
      [
        0,
        2,
        3,
        5,
        7
      ],
      [],
      [
        0,
        1,
        2,
        3,
        4,
        5,
        6,
        7
      ]
    ]
  },
  "split": "new",
  "image_index": 412,
  "objects": [
    {
      "3d_coords": [
        2.8253703117370605,
        2.586899995803833,
        0.3499999940395355
      ],
      "x": 268,
      "pixel_coords": [
        281,
        115,
        11.016214370727539
      ],
      "material": "rubber",
      "size": "small",
      "width": 26,
      "height": 29,
      "color": "purple",
      "y": 100,
      "shape": "cylinder",
      "rotation": 321.7974866426728
    },
    {
      "3d_coords": [
        1.706845760345459,
        -1.6415839195251465,
        0.699999988079071
      ],
      "x": 130,
      "pixel_coords": [
        158,
        136,
        9.040396690368652
      ],
      "material": "metal",
      "size": "large",
      "width": 56,
      "height": 73,
      "color": "green",
      "y": 101,
      "shape": "cylinder",
      "rotation": 110.87849311241918
    },
    {
      "3d_coords": [
        0.8969364762306213,
        2.985261917114258,
        0.699999988079071
      ],
      "x": 219,
      "pixel_coords": [
        239,
        85,
        12.382084846496582
      ],
      "material": "metal",
      "size": "large",
      "width": 41,
      "height": 40,
      "color": "red",
      "y": 65,
      "shape": "sphere",
      "rotation": 149.8814558547682
    },
    {
      "3d_coords": [
        -1.8493293523788452,
        -1.6284180879592896,
        0.3499999940395355
      ],
      "x": 75,
      "pixel_coords": [
        86,
        107,
        11.55931568145752
      ],
      "material": "rubber",
      "size": "small",
      "width": 22,
      "height": 21,
      "color": "green",
      "y": 96,
      "shape": "sphere",
      "rotation": 255.06525536083453
    },
    {
      "3d_coords": [
        2.5652801990509033,
        0.3329082131385803,
        0.699999988079071
      ],
      "x": 200,
      "pixel_coords": [
        232,
        124,
        9.668375015258789
      ],
      "material": "rubber",
      "size": "large",
      "width": 63,
      "height": 71,
      "color": "red",
      "y": 90,
      "shape": "cube",
      "rotation": 275.3378700648866
    },
    {
      "3d_coords": [
        -1.8698357343673706,
        0.5754981637001038,
        0.699999988079071
      ],
      "x": 118,
      "pixel_coords": [
        137,
        81,
        12.755125045776367
      ],
      "material": "metal",
      "size": "large",
      "width": 39,
      "height": 39,
      "color": "red",
      "y": 62,
      "shape": "sphere",
      "rotation": 231.5275179285472
    },
    {
      "3d_coords": [
        -0.14389032125473022,
        -2.1402344703674316,
        0.3499999940395355
      ],
      "x": 90,
      "pixel_coords": [
        102,
        129,
        10.118643760681152
      ],
      "material": "rubber",
      "size": "small",
      "width": 25,
      "height": 24,
      "color": "yellow",
      "y": 117,
      "shape": "sphere",
      "rotation": 297.1788698748673
    },
    {
      "3d_coords": [
        -2.2119100093841553,
        2.68180775642395,
        0.699999988079071
      ],
      "x": 155,
      "pixel_coords": [
        172,
        67,
        14.258735656738281
      ],
      "material": "metal",
      "size": "large",
      "width": 34,
      "height": 35,
      "color": "blue",
      "y": 50,
      "shape": "sphere",
      "rotation": 44.77155033049567
    },
    {
      "3d_coords": [
        1.476857304573059,
        -2.95613169670105,
        0.3499999940395355
      ],
      "x": 97,
      "pixel_coords": [
        112,
        163,
        8.549768447875977
      ],
      "material": "metal",
      "size": "small",
      "width": 29,
      "height": 29,
      "color": "purple",
      "y": 148,
      "shape": "sphere",
      "rotation": 168.6540056208127
    }
  ]
}