{
  "image_filename": "CLEVR_new_000300.png",
  "directions": {
    "above": [
      0.0,
      0.0,
      1.0
    ],
    "behind": [
      -0.754490315914154,
      0.6563112735748291,
      0.0
    ],
    "left": [
      -0.6563112735748291,
      -0.7544902563095093,
      0.0
    ],
    "below": [
      -0.0,
      -0.0,
      -1.0
    ],
    "right": [
      0.6563112735748291,
      0.7544902563095093,
      -0.0
    ],
    "front": [
      0.754490315914154,
      -0.6563112735748291,
      -0.0
    ]
  },
  "relationships": {
    "left": [
      [
        1,
        3
      ],
      [],
      [
        0,
        1,
        3
      ],
      [
        1
      ]
    ],
    "front": [
      [],
      [
        0
      ],
      [
        0,
        1
      ],
      [
        0,
        1,
        2
      ]
    ],
    "right": [
      [
        2
      ],
      [
        0,
        2,
        3
      ],
      [],
      [
        0,
        2
      ]
    ],
    "behind": [
      [
        1,
        2,
        3
      ],
      [
        2,
        3
      ],
      [
        3
      ],
      []
    ]
  },
  "split": "new",
  "image_index": 300,
  "objects": [
    {
      "3d_coords": [
        2.3184287548065186,
        -0.2886306941509247,
        0.3499999940395355
      ],
      "x": 189,
      "pixel_coords": [
        207,
        140,
        9.318278312683105
      ],
      "material": "rubber",
      "size": "small",
      "width": 37,
      "height": 38,
      "color": "yellow",
      "y": 122,
      "shape": "cube",
      "rotation": 153.96564585666994
    },
    {
      "3d_coords": [
        -0.669215202331543,
        -2.813937187194824,
        0.699999988079071
      ],
      "x": 41,
      "pixel_coords": [
        67,
        117,
        9.799488067626953
      ],
      "material": "rubber",
      "size": "large",
      "width": 52,
      "height": 50,
      "color": "yellow",
      "y": 92,
      "shape": "sphere",
      "rotation": 35.98439637325814
    },
    {
      "3d_coords": [
        1.0132989883422852,
        2.6714255809783936,
        0.3499999940395355
      ],
      "x": 229,
      "pixel_coords": [
        239,
        99,
        11.92016887664795
      ],
      "material": "rubber",
      "size": "small",
      "width": 21,
      "height": 21,
      "color": "green",
      "y": 89,
      "shape": "sphere",
      "rotation": 2.9568081561811965
    },
    {
      "3d_coords": [
        -1.2118221521377563,
        0.7754628658294678,
        0.699999988079071
      ],
      "x": 135,
      "pixel_coords": [
        155,
        84,
        12.231084823608398
      ],
      "material": "metal",
      "size": "large",
      "width": 40,
      "height": 40,
      "color": "blue",
      "y": 64,
      "shape": "sphere",
      "rotation": 284.6854403639979
    }
  ]
}