{
  "image_filename": "CLEVR_new_000421.png",
  "directions": {
    "above": [
      0.0,
      0.0,
      1.0
    ],
    "behind": [
      -0.754490315914154,
      0.6563112735748291,
      0.0
    ],
    "left": [
      -0.6563112735748291,
      -0.7544902563095093,
      0.0
    ],
    "below": [
      -0.0,
      -0.0,
      -1.0
    ],
    "right": [
      0.6563112735748291,
      0.7544902563095093,
      -0.0
    ],
    "front": [
      0.754490315914154,
      -0.6563112735748291,
      -0.0
    ]
  },
  "relationships": {
    "left": [
      [],
      [
        0,
        6,
        7
      ],
      [
        0,
        1,
        4,
        6,
        7
      ],
      [
        0,
        1,
        2,
        4,
        5,
        6,
        7,
        8,
        9
      ],
      [
        0,
        1,
        6,
        7
      ],
      [
        0,
        1,
        2,
        4,
        6,
        7
      ],
      [
        0
      ],
      [
        0,
        6
      ],
      [
        0,
        1,
        2,
        4,
        5,
        6,
        7
      ],
      [
        0,
        1,
        2,
        4,
        5,
        6,
        7,
        8
      ]
    ],
    "front": [
      [
        1,
        3,
        4,
        6,
        8
      ],
      [
        4,
        8
      ],
      [
        0,
        1,
        3,
        4,
        6,
        8
      ],
      [
        1,
        4,
        6,
        8
      ],
      [],
      [
        0,
        1,
        2,
        3,
        4,
        6,
        7,
        8,
        9
      ],
      [
        1,
        4,
        8
      ],
      [
        0,
        1,
        2,
        3,
        4,
        6,
        8,
        9
      ],
      [
        4
      ],
      [
        0,
        1,
        2,
        3,
        4,
        6,
        8
      ]
    ],
    "right": [
      [
        1,
        2,
        3,
        4,
        5,
        6,
        7,
        8,
        9
      ],
      [
        2,
        3,
        4,
        5,
        8,
        9
      ],
      [
        3,
        5,
        8,
        9
      ],
      [],
      [
        2,
        3,
        5,
        8,
        9
      ],
      [
        3,
        8,
        9
      ],
      [
        1,
        2,
        3,
        4,
        5,
        7,
        8,
        9
      ],
      [
        1,
        2,
        3,
        4,
        5,
        8,
        9
      ],
      [
        3,
        9
      ],
      [
        3
      ]
    ],
    "behind": [
      [
        2,
        5,
        7,
        9
      ],
      [
        0,
        2,
        3,
        5,
        6,
        7,
        9
      ],
      [
        5,
        7,
        9
      ],
      [
        0,
        2,
        5,
        7,
        9
      ],
      [
        0,
        1,
        2,
        3,
        5,
        6,
        7,
        8,
        9
      ],
      [],
      [
        0,
        2,
        3,
        5,
        7,
        9
      ],
      [
        5
      ],
      [
        0,
        1,
        2,
        3,
        5,
        6,
        7,
        9
      ],
      [
        5,
        7
      ]
    ]
  },
  "split": "new",
  "image_index": 421,
  "objects": [
    {
      "3d_coords": [
        -2.3598623275756836,
        -2.466341733932495,
        0.699999988079071
      ],
      "x": 25,
      "pixel_coords": [
        52,
        98,
        11.072535514831543
      ],
      "material": "metal",
      "size": "large",
      "width": 52,
      "height": 59,
      "color": "cyan",
      "y": 69,
      "shape": "cylinder",
      "rotation": 205.08971278321107
    },
    {
      "3d_coords": [
        0.5935849547386169,
        -1.9665225744247437,
        0.3499999940395355
      ],
      "x": 104,
      "pixel_coords": [
        120,
        141,
        9.602327346801758
      ],
      "material": "metal",
      "size": "small",
      "width": 31,
      "height": 35,
      "color": "blue",
      "y": 124,
      "shape": "cube",
      "rotation": 51.01930733583457
    },
    {
      "3d_coords": [
        -0.5004616379737854,
        1.0446295738220215,
        0.699999988079071
      ],
      "x": 146,
      "pixel_coords": [
        174,
        86,
        11.834205627441406
      ],
      "material": "metal",
      "size": "large",
      "width": 56,
      "height": 59,
      "color": "blue",
      "y": 58,
      "shape": "cube",
      "rotation": 259.3715416224438
    },
    {
      "3d_coords": [
        2.9686577320098877,
        2.6422781944274902,
        0.699999988079071
      ],
      "x": 264,
      "pixel_coords": [
        292,
        109,
        10.467754364013672
      ],
      "material": "metal",
      "size": "large",
      "width": 56,
      "height": 63,
      "color": "gray",
      "y": 78,
      "shape": "cylinder",
      "rotation": 21.707310172035655
    },
    {
      "3d_coords": [
        2.6175968647003174,
        -2.5452136993408203,
        0.699999988079071
      ],
      "x": 117,
      "pixel_coords": [
        150,
        176,
        7.777444839477539
      ],
      "material": "rubber",
      "size": "large",
      "width": 66,
      "height": 89,
      "color": "brown",
      "y": 133,
      "shape": "cylinder",
      "rotation": 54.80145882702615
    },
    {
      "3d_coords": [
        -1.6551353931427002,
        2.912869930267334,
        0.699999988079071
      ],
      "x": 171,
      "pixel_coords": [
        189,
        63,
        13.63977336883545
      ],
      "material": "rubber",
      "size": "large",
      "width": 37,
      "height": 47,
      "color": "gray",
      "y": 41,
      "shape": "cylinder",
      "rotation": 327.18783039840605
    },
    {
      "3d_coords": [
        -0.6870381236076355,
        -2.7827820777893066,
        0.3499999940395355
      ],
      "x": 56,
      "pixel_coords": [
        70,
        132,
        9.979281425476074
      ],
      "material": "metal",
      "size": "small",
      "width": 28,
      "height": 33,
      "color": "green",
      "y": 116,
      "shape": "cylinder",
      "rotation": 110.52420579028897
    },
    {
      "3d_coords": [
        -2.8291633129119873,
        -0.10148584097623825,
        0.699999988079071
      ],
      "x": 87,
      "pixel_coords": [
        107,
        74,
        12.709997177124023
      ],
      "material": "metal",
      "size": "large",
      "width": 39,
      "height": 39,
      "color": "brown",
      "y": 55,
      "shape": "sphere",
      "rotation": 243.18374512858318
    },
    {
      "3d_coords": [
        2.7292449474334717,
        -0.30785414576530457,
        0.3499999940395355
      ],
      "x": 206,
      "pixel_coords": [
        219,
        152,
        9.14107894897461
      ],
      "material": "rubber",
      "size": "small",
      "width": 27,
      "height": 27,
      "color": "blue",
      "y": 139,
      "shape": "sphere",
      "rotation": 197.25929637795423
    },
    {
      "3d_coords": [
        0.1754968911409378,
        2.478893518447876,
        0.3499999940395355
      ],
      "x": 206,
      "pixel_coords": [
        216,
        90,
        12.377306938171387
      ],
      "material": "metal",
      "size": "small",
      "width": 21,
      "height": 26,
      "color": "gray",
      "y": 77,
      "shape": "cylinder",
      "rotation": 101.70277329288169
    }
  ]
}