{
  "image_filename": "CLEVR_new_000584.png",
  "directions": {
    "above": [
      0.0,
      0.0,
      1.0
    ],
    "behind": [
      -0.754490315914154,
      0.6563112735748291,
      0.0
    ],
    "left": [
      -0.6563112735748291,
      -0.7544902563095093,
      0.0
    ],
    "below": [
      -0.0,
      -0.0,
      -1.0
    ],
    "right": [
      0.6563112735748291,
      0.7544902563095093,
      -0.0
    ],
    "front": [
      0.754490315914154,
      -0.6563112735748291,
      -0.0
    ]
  },
  "relationships": {
    "left": [
      [
        1,
        2,
        3,
        4,
        5,
        6
      ],
      [
        2,
        3,
        4,
        5,
        6
      ],
      [
        6
      ],
      [
        2,
        4,
        5,
        6
      ],
      [
        2,
        5,
        6
      ],
      [
        2,
        6
      ],
      []
    ],
    "front": [
      [
        1,
        2,
        4
      ],
      [
        4
      ],
      [
        1,
        4
      ],
      [
        0,
        1,
        2,
        4
      ],
      [],
      [
        0,
        1,
        2,
        3,
        4,
        6
      ],
      [
        0,
        1,
        2,
        3,
        4
      ]
    ],
    "right": [
      [],
      [
        0
      ],
      [
        0,
        1,
        3,
        4,
        5
      ],
      [
        0,
        1
      ],
      [
        0,
        1,
        3
      ],
      [
        0,
        1,
        3,
        4
      ],
      [
        0,
        1,
        2,
        3,
        4,
        5
      ]
    ],
    "behind": [
      [
        3,
        5,
        6
      ],
      [
        0,
        2,
        3,
        5,
        6
      ],
      [
        0,
        3,
        5,
        6
      ],
      [
        5,
        6
      ],
      [
        0,
        1,
        2,
        3,
        5,
        6
      ],
      [],
      [
        5
      ]
    ]
  },
  "split": "new",
  "image_index": 584,
  "objects": [
    {
      "3d_coords": [
        1.8262953758239746,
        1.8333717584609985,
        0.699999988079071
      ],
      "x": 217,
      "pixel_coords": [
        241,
        103,
        11.230185508728027
      ],
      "material": "metal",
      "size": "large",
      "width": 49,
      "height": 58,
      "color": "yellow",
      "y": 75,
      "shape": "cylinder",
      "rotation": 321.5505688110984
    },
    {
      "3d_coords": [
        2.350278377532959,
        -0.6817125082015991,
        0.699999988079071
      ],
      "x": 173,
      "pixel_coords": [
        199,
        137,
        9.421923637390137
      ],
      "material": "metal",
      "size": "large",
      "width": 55,
      "height": 71,
      "color": "red",
      "y": 103,
      "shape": "cylinder",
      "rotation": 20.77648773626975
    },
    {
      "3d_coords": [
        -0.6889121532440186,
        -2.483733654022217,
        0.3499999940395355
      ],
      "x": 69,
      "pixel_coords": [
        83,
        128,
        10.51737117767334
      ],
      "material": "rubber",
      "size": "small",
      "width": 27,
      "height": 31,
      "color": "green",
      "y": 113,
      "shape": "cube",
      "rotation": 307.2459077340032
    },
    {
      "3d_coords": [
        -0.1467333734035492,
        0.3280109167098999,
        0.3499999940395355
      ],
      "x": 154,
      "pixel_coords": [
        164,
        106,
        11.805312156677246
      ],
      "material": "rubber",
      "size": "small",
      "width": 21,
      "height": 21,
      "color": "cyan",
      "y": 96,
      "shape": "sphere",
      "rotation": 71.54677741987116
    },
    {
      "3d_coords": [
        2.1622958183288574,
        -2.836751937866211,
        0.3499999940395355
      ],
      "x": 112,
      "pixel_coords": [
        132,
        178,
        8.457019805908203
      ],
      "material": "metal",
      "size": "small",
      "width": 40,
      "height": 45,
      "color": "brown",
      "y": 156,
      "shape": "cube",
      "rotation": 245.27733807738264
    },
    {
      "3d_coords": [
        -2.8179874420166016,
        0.841594934463501,
        0.3499999940395355
      ],
      "x": 117,
      "pixel_coords": [
        128,
        80,
        13.842309951782227
      ],
      "material": "rubber",
      "size": "small",
      "width": 22,
      "height": 24,
      "color": "blue",
      "y": 68,
      "shape": "cube",
      "rotation": 12.241312385657078
    },
    {
      "3d_coords": [
        -2.7332358360290527,
        -1.9368979930877686,
        0.3499999940395355
      ],
      "x": 54,
      "pixel_coords": [
        66,
        101,
        12.166025161743164
      ],
      "material": "metal",
      "size": "small",
      "width": 23,
      "height": 27,
      "color": "red",
      "y": 88,
      "shape": "cylinder",
      "rotation": 229.3569649195095
    }
  ]
}