{
  "image_filename": "CLEVR_new_000271.png",
  "directions": {
    "above": [
      0.0,
      0.0,
      1.0
    ],
    "behind": [
      -0.754490315914154,
      0.6563112735748291,
      0.0
    ],
    "left": [
      -0.6563112735748291,
      -0.7544902563095093,
      0.0
    ],
    "below": [
      -0.0,
      -0.0,
      -1.0
    ],
    "right": [
      0.6563112735748291,
      0.7544902563095093,
      -0.0
    ],
    "front": [
      0.754490315914154,
      -0.6563112735748291,
      -0.0
    ]
  },
  "relationships": {
    "left": [
      [
        2
      ],
      [
        0,
        2,
        5
      ],
      [],
      [
        0,
        1,
        2,
        4,
        5,
        6,
        7
      ],
      [
        0,
        1,
        2,
        5,
        6,
        7
      ],
      [
        0,
        2
      ],
      [
        0,
        1,
        2,
        5,
        7
      ],
      [
        0,
        1,
        2,
        5
      ]
    ],
    "front": [
      [
        1,
        2,
        3,
        4,
        5,
        6
      ],
      [
        4,
        5
      ],
      [
        1,
        4,
        5
      ],
      [
        1,
        2,
        4,
        5
      ],
      [
        5
      ],
      [],
      [
        1,
        2,
        3,
        4,
        5
      ],
      [
        0,
        1,
        2,
        3,
        4,
        5,
        6
      ]
    ],
    "right": [
      [
        1,
        3,
        4,
        5,
        6,
        7
      ],
      [
        3,
        4,
        6,
        7
      ],
      [
        0,
        1,
        3,
        4,
        5,
        6,
        7
      ],
      [],
      [
        3
      ],
      [
        1,
        3,
        4,
        6,
        7
      ],
      [
        3,
        4
      ],
      [
        3,
        4,
        6
      ]
    ],
    "behind": [
      [
        7
      ],
      [
        0,
        2,
        3,
        6,
        7
      ],
      [
        0,
        3,
        6,
        7
      ],
      [
        0,
        6,
        7
      ],
      [
        0,
        1,
        2,
        3,
        6,
        7
      ],
      [
        0,
        1,
        2,
        3,
        4,
        6,
        7
      ],
      [
        0,
        7
      ],
      []
    ]
  },
  "split": "new",
  "image_index": 271,
  "objects": [
    {
      "3d_coords": [
        -2.9693095684051514,
        -0.16312989592552185,
        0.699999988079071
      ],
      "x": 77,
      "pixel_coords": [
        104,
        78,
        13.15916919708252
      ],
      "material": "rubber",
      "size": "large",
      "width": 52,
      "height": 50,
      "color": "cyan",
      "y": 54,
      "shape": "cube",
      "rotation": 265.79824215562894
    },
    {
      "3d_coords": [
        0.09677167981863022,
        -0.9758518934249878,
        0.699999988079071
      ],
      "x": 115,
      "pixel_coords": [
        138,
        111,
        10.661321640014648
      ],
      "material": "metal",
      "size": "large",
      "width": 46,
      "height": 46,
      "color": "cyan",
      "y": 88,
      "shape": "sphere",
      "rotation": 35.107208650098976
    },
    {
      "3d_coords": [
        -2.1096882820129395,
        -2.8896095752716064,
        0.3499999940395355
      ],
      "x": 35,
      "pixel_coords": [
        48,
        116,
        11.127754211425781
      ],
      "material": "metal",
      "size": "small",
      "width": 26,
      "height": 29,
      "color": "cyan",
      "y": 101,
      "shape": "cylinder",
      "rotation": 39.42333213522268
    },
    {
      "3d_coords": [
        1.3017045259475708,
        2.699998140335083,
        0.699999988079071
      ],
      "x": 218,
      "pixel_coords": [
        243,
        91,
        12.066055297851562
      ],
      "material": "rubber",
      "size": "large",
      "width": 51,
      "height": 55,
      "color": "yellow",
      "y": 64,
      "shape": "cube",
      "rotation": 336.5739564400447
    },
    {
      "3d_coords": [
        2.5051567554473877,
        0.2355499267578125,
        0.3499999940395355
      ],
      "x": 208,
      "pixel_coords": [
        225,
        137,
        9.965479850769043
      ],
      "material": "rubber",
      "size": "small",
      "width": 35,
      "height": 36,
      "color": "gray",
      "y": 119,
      "shape": "cube",
      "rotation": 20.359303010073194
    },
    {
      "3d_coords": [
        1.206966757774353,
        -2.6270031929016113,
        0.699999988079071
      ],
      "x": 88,
      "pixel_coords": [
        116,
        144,
        8.946417808532715
      ],
      "material": "rubber",
      "size": "large",
      "width": 55,
      "height": 55,
      "color": "yellow",
      "y": 116,
      "shape": "sphere",
      "rotation": 53.101440100460906
    },
    {
      "3d_coords": [
        -0.33095890283584595,
        1.8394508361816406,
        0.699999988079071
      ],
      "x": 172,
      "pixel_coords": [
        192,
        84,
        12.623641967773438
      ],
      "material": "rubber",
      "size": "large",
      "width": 40,
      "height": 50,
      "color": "purple",
      "y": 59,
      "shape": "cylinder",
      "rotation": 20.665624228971524
    },
    {
      "3d_coords": [
        -2.2346913814544678,
        2.960968494415283,
        0.699999988079071
      ],
      "x": 160,
      "pixel_coords": [
        177,
        65,
        14.543030738830566
      ],
      "material": "rubber",
      "size": "large",
      "width": 34,
      "height": 43,
      "color": "cyan",
      "y": 44,
      "shape": "cylinder",
      "rotation": 343.21916694380184
    }
  ]
}