{
  "image_filename": "CLEVR_new_000348.png",
  "directions": {
    "above": [
      0.0,
      0.0,
      1.0
    ],
    "behind": [
      -0.754490315914154,
      0.6563112735748291,
      0.0
    ],
    "left": [
      -0.6563112735748291,
      -0.7544902563095093,
      0.0
    ],
    "below": [
      -0.0,
      -0.0,
      -1.0
    ],
    "right": [
      0.6563112735748291,
      0.7544902563095093,
      -0.0
    ],
    "front": [
      0.754490315914154,
      -0.6563112735748291,
      -0.0
    ]
  },
  "relationships": {
    "left": [
      [
        2
      ],
      [
        0,
        2,
        3
      ],
      [],
      [
        0,
        2
      ]
    ],
    "front": [
      [
        1,
        2,
        3
      ],
      [
        2,
        3
      ],
      [
        3
      ],
      []
    ],
    "right": [
      [
        1,
        3
      ],
      [],
      [
        0,
        1,
        3
      ],
      [
        1
      ]
    ],
    "behind": [
      [],
      [
        0
      ],
      [
        0,
        1
      ],
      [
        0,
        1,
        2
      ]
    ]
  },
  "split": "new",
  "image_index": 348,
  "objects": [
    {
      "3d_coords": [
        -1.540846586227417,
        0.11465504765510559,
        0.3499999940395355
      ],
      "x": 122,
      "pixel_coords": [
        133,
        93,
        11.860783576965332
      ],
      "material": "rubber",
      "size": "small",
      "width": 21,
      "height": 27,
      "color": "yellow",
      "y": 80,
      "shape": "cylinder",
      "rotation": 39.875848225377894
    },
    {
      "3d_coords": [
        1.5562543869018555,
        2.583127975463867,
        0.3499999940395355
      ],
      "x": 242,
      "pixel_coords": [
        253,
        103,
        11.206643104553223
      ],
      "material": "metal",
      "size": "small",
      "width": 23,
      "height": 22,
      "color": "yellow",
      "y": 92,
      "shape": "sphere",
      "rotation": 52.23707889231157
    },
    {
      "3d_coords": [
        -1.506731390953064,
        -2.0973918437957764,
        0.3499999940395355
      ],
      "x": 59,
      "pixel_coords": [
        75,
        113,
        10.574572563171387
      ],
      "material": "rubber",
      "size": "small",
      "width": 30,
      "height": 30,
      "color": "purple",
      "y": 98,
      "shape": "cube",
      "rotation": 247.43947084132492
    },
    {
      "3d_coords": [
        0.8868703842163086,
        -0.33888524770736694,
        0.699999988079071
      ],
      "x": 139,
      "pixel_coords": [
        171,
        113,
        9.816060066223145
      ],
      "material": "rubber",
      "size": "large",
      "width": 63,
      "height": 70,
      "color": "brown",
      "y": 80,
      "shape": "cube",
      "rotation": 0.4721870321668087
    }
  ]
}