{
  "image_filename": "CLEVR_new_000369.png",
  "directions": {
    "above": [
      0.0,
      0.0,
      1.0
    ],
    "behind": [
      -0.754490315914154,
      0.6563112735748291,
      0.0
    ],
    "left": [
      -0.6563112735748291,
      -0.7544902563095093,
      0.0
    ],
    "below": [
      -0.0,
      -0.0,
      -1.0
    ],
    "right": [
      0.6563112735748291,
      0.7544902563095093,
      -0.0
    ],
    "front": [
      0.754490315914154,
      -0.6563112735748291,
      -0.0
    ]
  },
  "relationships": {
    "left": [
      [
        3
      ],
      [
        0,
        2,
        3
      ],
      [
        0,
        3
      ],
      []
    ],
    "front": [
      [
        1,
        2,
        3
      ],
      [
        2
      ],
      [],
      [
        1,
        2
      ]
    ],
    "right": [
      [
        1,
        2
      ],
      [],
      [
        1
      ],
      [
        0,
        1,
        2
      ]
    ],
    "behind": [
      [],
      [
        0,
        3
      ],
      [
        0,
        1,
        3
      ],
      [
        0
      ]
    ]
  },
  "split": "new",
  "image_index": 369,
  "objects": [
    {
      "3d_coords": [
        -2.6631555557250977,
        0.6790647506713867,
        0.3499999940395355
      ],
      "x": 117,
      "pixel_coords": [
        127,
        79,
        13.231675148010254
      ],
      "material": "metal",
      "size": "small",
      "width": 19,
      "height": 24,
      "color": "green",
      "y": 67,
      "shape": "cylinder",
      "rotation": 274.353912632276
    },
    {
      "3d_coords": [
        1.4376165866851807,
        1.5502071380615234,
        0.699999988079071
      ],
      "x": 205,
      "pixel_coords": [
        228,
        102,
        10.888992309570312
      ],
      "material": "metal",
      "size": "large",
      "width": 46,
      "height": 45,
      "color": "blue",
      "y": 79,
      "shape": "sphere",
      "rotation": 191.10338488577338
    },
    {
      "3d_coords": [
        0.7051413655281067,
        -1.0942504405975342,
        0.699999988079071
      ],
      "x": 122,
      "pixel_coords": [
        147,
        121,
        9.863188743591309
      ],
      "material": "metal",
      "size": "large",
      "width": 50,
      "height": 50,
      "color": "yellow",
      "y": 96,
      "shape": "sphere",
      "rotation": 178.57591428847078
    },
    {
      "3d_coords": [
        -2.77443265914917,
        -2.136889696121216,
        0.3499999940395355
      ],
      "x": 46,
      "pixel_coords": [
        57,
        101,
        11.705657958984375
      ],
      "material": "rubber",
      "size": "small",
      "width": 22,
      "height": 21,
      "color": "brown",
      "y": 90,
      "shape": "sphere",
      "rotation": 187.96027677202432
    }
  ]
}