{
  "image_filename": "CLEVR_new_000160.png",
  "directions": {
    "above": [
      0.0,
      0.0,
      1.0
    ],
    "behind": [
      -0.754490315914154,
      0.6563112735748291,
      0.0
    ],
    "left": [
      -0.6563112735748291,
      -0.7544902563095093,
      0.0
    ],
    "below": [
      -0.0,
      -0.0,
      -1.0
    ],
    "right": [
      0.6563112735748291,
      0.7544902563095093,
      -0.0
    ],
    "front": [
      0.754490315914154,
      -0.6563112735748291,
      -0.0
    ]
  },
  "relationships": {
    "left": [
      [
        1,
        4
      ],
      [],
      [
        0,
        1,
        4
      ],
      [
        0,
        1,
        2,
        4,
        5
      ],
      [
        1
      ],
      [
        0,
        1,
        2,
        4
      ]
    ],
    "front": [
      [
        1,
        2,
        3,
        4,
        5
      ],
      [
        2,
        3,
        4,
        5
      ],
      [],
      [
        2,
        4
      ],
      [
        2
      ],
      [
        2,
        3,
        4
      ]
    ],
    "right": [
      [
        2,
        3,
        5
      ],
      [
        0,
        2,
        3,
        4,
        5
      ],
      [
        3,
        5
      ],
      [],
      [
        0,
        2,
        3,
        5
      ],
      [
        3
      ]
    ],
    "behind": [
      [],
      [
        0
      ],
      [
        0,
        1,
        3,
        4,
        5
      ],
      [
        0,
        1,
        5
      ],
      [
        0,
        1,
        3,
        5
      ],
      [
        0,
        1
      ]
    ]
  },
  "split": "new",
  "image_index": 160,
  "objects": [
    {
      "3d_coords": [
        -2.19284987449646,
        1.418953537940979,
        0.699999988079071
      ],
      "x": 131,
      "pixel_coords": [
        150,
        74,
        13.561433792114258
      ],
      "material": "metal",
      "size": "large",
      "width": 37,
      "height": 46,
      "color": "yellow",
      "y": 52,
      "shape": "cylinder",
      "rotation": 193.92451828962774
    },
    {
      "3d_coords": [
        -2.5613951683044434,
        -0.060239531099796295,
        0.3499999940395355
      ],
      "x": 104,
      "pixel_coords": [
        113,
        89,
        13.08398151397705
      ],
      "material": "rubber",
      "size": "small",
      "width": 19,
      "height": 19,
      "color": "cyan",
      "y": 80,
      "shape": "sphere",
      "rotation": 79.564161071454
    },
    {
      "3d_coords": [
        2.164846658706665,
        -1.6310746669769287,
        0.3499999940395355
      ],
      "x": 155,
      "pixel_coords": [
        168,
        154,
        8.979804992675781
      ],
      "material": "metal",
      "size": "small",
      "width": 28,
      "height": 37,
      "color": "cyan",
      "y": 136,
      "shape": "cylinder",
      "rotation": 10.73209204451949
    },
    {
      "3d_coords": [
        2.9885094165802,
        2.7385265827178955,
        0.3499999940395355
      ],
      "x": 272,
      "pixel_coords": [
        288,
        116,
        11.026208877563477
      ],
      "material": "rubber",
      "size": "small",
      "width": 34,
      "height": 30,
      "color": "purple",
      "y": 101,
      "shape": "cube",
      "rotation": 276.0003929201266
    },
    {
      "3d_coords": [
        0.1942845731973648,
        -1.5716787576675415,
        0.3499999940395355
      ],
      "x": 112,
      "pixel_coords": [
        125,
        127,
        10.336796760559082
      ],
      "material": "rubber",
      "size": "small",
      "width": 25,
      "height": 32,
      "color": "yellow",
      "y": 112,
      "shape": "cylinder",
      "rotation": 236.5086005105447
    },
    {
      "3d_coords": [
        0.19505515694618225,
        1.3905037641525269,
        0.699999988079071
      ],
      "x": 174,
      "pixel_coords": [
        194,
        92,
        11.942933082580566
      ],
      "material": "metal",
      "size": "large",
      "width": 41,
      "height": 41,
      "color": "yellow",
      "y": 71,
      "shape": "sphere",
      "rotation": 22.777145001930958
    }
  ]
}