{
  "image_filename": "CLEVR_new_000228.png",
  "directions": {
    "above": [
      0.0,
      0.0,
      1.0
    ],
    "behind": [
      -0.754490315914154,
      0.6563112735748291,
      0.0
    ],
    "left": [
      -0.6563112735748291,
      -0.7544902563095093,
      0.0
    ],
    "below": [
      -0.0,
      -0.0,
      -1.0
    ],
    "right": [
      0.6563112735748291,
      0.7544902563095093,
      -0.0
    ],
    "front": [
      0.754490315914154,
      -0.6563112735748291,
      -0.0
    ]
  },
  "relationships": {
    "left": [
      [
        1,
        2,
        3,
        4,
        5,
        6,
        7,
        8
      ],
      [
        2,
        3,
        4,
        5
      ],
      [
        5
      ],
      [
        2,
        5
      ],
      [
        2,
        3,
        5
      ],
      [],
      [
        1,
        2,
        3,
        4,
        5,
        7,
        8
      ],
      [
        1,
        2,
        3,
        4,
        5
      ],
      [
        1,
        2,
        3,
        4,
        5,
        7
      ]
    ],
    "front": [
      [
        1,
        4,
        8
      ],
      [
        4,
        8
      ],
      [
        0,
        1,
        4,
        5,
        6,
        8
      ],
      [
        0,
        1,
        2,
        4,
        5,
        6,
        8
      ],
      [],
      [
        0,
        1,
        4,
        6,
        8
      ],
      [
        0,
        1,
        4,
        8
      ],
      [
        0,
        1,
        2,
        3,
        4,
        5,
        6,
        8
      ],
      [
        4
      ]
    ],
    "right": [
      [],
      [
        0,
        6,
        7,
        8
      ],
      [
        0,
        1,
        3,
        4,
        6,
        7,
        8
      ],
      [
        0,
        1,
        4,
        6,
        7,
        8
      ],
      [
        0,
        1,
        6,
        7,
        8
      ],
      [
        0,
        1,
        2,
        3,
        4,
        6,
        7,
        8
      ],
      [
        0
      ],
      [
        0,
        6,
        8
      ],
      [
        0,
        6
      ]
    ],
    "behind": [
      [
        2,
        3,
        5,
        6,
        7
      ],
      [
        0,
        2,
        3,
        5,
        6,
        7
      ],
      [
        3,
        7
      ],
      [
        7
      ],
      [
        0,
        1,
        2,
        3,
        5,
        6,
        7,
        8
      ],
      [
        2,
        3,
        7
      ],
      [
        2,
        3,
        5,
        7
      ],
      [],
      [
        0,
        1,
        2,
        3,
        5,
        6,
        7
      ]
    ]
  },
  "split": "new",
  "image_index": 228,
  "objects": [
    {
      "3d_coords": [
        2.6161818504333496,
        2.0469515323638916,
        0.3499999940395355
      ],
      "x": 258,
      "pixel_coords": [
        272,
        121,
        10.15694808959961
      ],
      "material": "rubber",
      "size": "small",
      "width": 29,
      "height": 33,
      "color": "red",
      "y": 105,
      "shape": "cube",
      "rotation": 303.7983193044784
    },
    {
      "3d_coords": [
        0.8740459680557251,
        -1.0737121105194092,
        0.699999988079071
      ],
      "x": 124,
      "pixel_coords": [
        150,
        122,
        9.389406204223633
      ],
      "material": "rubber",
      "size": "large",
      "width": 52,
      "height": 52,
      "color": "brown",
      "y": 96,
      "shape": "sphere",
      "rotation": 146.58830801514924
    },
    {
      "3d_coords": [
        -2.9432427883148193,
        -1.313269019126892,
        0.3499999940395355
      ],
      "x": 65,
      "pixel_coords": [
        75,
        91,
        11.969193458557129
      ],
      "material": "rubber",
      "size": "small",
      "width": 21,
      "height": 21,
      "color": "cyan",
      "y": 81,
      "shape": "sphere",
      "rotation": 248.61040175121113
    },
    {
      "3d_coords": [
        -2.957379102706909,
        0.09531327337026596,
        0.3499999940395355
      ],
      "x": 100,
      "pixel_coords": [
        110,
        81,
        12.771831512451172
      ],
      "material": "metal",
      "size": "small",
      "width": 19,
      "height": 19,
      "color": "blue",
      "y": 71,
      "shape": "sphere",
      "rotation": 62.58502554975253
    },
    {
      "3d_coords": [
        1.7586090564727783,
        -2.6083219051361084,
        0.699999988079071
      ],
      "x": 91,
      "pixel_coords": [
        122,
        158,
        7.935793876647949
      ],
      "material": "metal",
      "size": "large",
      "width": 62,
      "height": 62,
      "color": "cyan",
      "y": 127,
      "shape": "sphere",
      "rotation": 36.27986460727376
    },
    {
      "3d_coords": [
        -2.8834586143493652,
        -2.846046209335327,
        0.699999988079071
      ],
      "x": 2,
      "pixel_coords": [
        30,
        95,
        10.8951416015625
      ],
      "material": "rubber",
      "size": "large",
      "width": 55,
      "height": 59,
      "color": "gray",
      "y": 66,
      "shape": "cylinder",
      "rotation": 64.96318765615858
    },
    {
      "3d_coords": [
        1.236416220664978,
        1.2585909366607666,
        0.699999988079071
      ],
      "x": 190,
      "pixel_coords": [
        219,
        102,
        10.461337089538574
      ],
      "material": "metal",
      "size": "large",
      "width": 58,
      "height": 65,
      "color": "red",
      "y": 70,
      "shape": "cube",
      "rotation": 201.5566925825546
    },
    {
      "3d_coords": [
        -2.3376474380493164,
        2.3364617824554443,
        0.699999988079071
      ],
      "x": 148,
      "pixel_coords": [
        167,
        62,
        13.44987964630127
      ],
      "material": "rubber",
      "size": "large",
      "width": 39,
      "height": 45,
      "color": "red",
      "y": 40,
      "shape": "cube",
      "rotation": 200.35542233569564
    },
    {
      "3d_coords": [
        2.62276554107666,
        -0.5283569097518921,
        0.3499999940395355
      ],
      "x": 196,
      "pixel_coords": [
        212,
        154,
        8.702322006225586
      ],
      "material": "metal",
      "size": "small",
      "width": 33,
      "height": 37,
      "color": "yellow",
      "y": 135,
      "shape": "cube",
      "rotation": 139.09667006278872
    }
  ]
}