{
  "image_filename": "CLEVR_new_000601.png",
  "directions": {
    "above": [
      0.0,
      0.0,
      1.0
    ],
    "behind": [
      -0.754490315914154,
      0.6563112735748291,
      0.0
    ],
    "left": [
      -0.6563112735748291,
      -0.7544902563095093,
      0.0
    ],
    "below": [
      -0.0,
      -0.0,
      -1.0
    ],
    "right": [
      0.6563112735748291,
      0.7544902563095093,
      -0.0
    ],
    "front": [
      0.754490315914154,
      -0.6563112735748291,
      -0.0
    ]
  },
  "relationships": {
    "left": [
      [],
      [
        0,
        2
      ],
      [
        0
      ]
    ],
    "front": [
      [],
      [
        0,
        2
      ],
      [
        0
      ]
    ],
    "right": [
      [
        1,
        2
      ],
      [],
      [
        1
      ]
    ],
    "behind": [
      [
        1,
        2
      ],
      [],
      [
        1
      ]
    ]
  },
  "split": "new",
  "image_index": 601,
  "objects": [
    {
      "3d_coords": [
        -0.8383184671401978,
        -2.4182112216949463,
        0.699999988079071
      ],
      "x": 53,
      "pixel_coords": [
        78,
        115,
        10.043392181396484
      ],
      "material": "metal",
      "size": "large",
      "width": 50,
      "height": 49,
      "color": "purple",
      "y": 91,
      "shape": "sphere",
      "rotation": 237.0561481077724
    },
    {
      "3d_coords": [
        -1.356400966644287,
        2.5513176918029785,
        0.699999988079071
      ],
      "x": 167,
      "pixel_coords": [
        185,
        70,
        13.343684196472168
      ],
      "material": "metal",
      "size": "large",
      "width": 37,
      "height": 37,
      "color": "gray",
      "y": 51,
      "shape": "sphere",
      "rotation": 9.73257322116682
    },
    {
      "3d_coords": [
        0.48787471652030945,
        -0.1955297291278839,
        0.699999988079071
      ],
      "x": 138,
      "pixel_coords": [
        166,
        107,
        10.509991645812988
      ],
      "material": "rubber",
      "size": "large",
      "width": 55,
      "height": 63,
      "color": "brown",
      "y": 77,
      "shape": "cube",
      "rotation": 347.7468515171415
    }
  ]
}