{
  "image_filename": "CLEVR_new_000182.png",
  "directions": {
    "above": [
      0.0,
      0.0,
      1.0
    ],
    "behind": [
      -0.754490315914154,
      0.6563112735748291,
      0.0
    ],
    "left": [
      -0.6563112735748291,
      -0.7544902563095093,
      0.0
    ],
    "below": [
      -0.0,
      -0.0,
      -1.0
    ],
    "right": [
      0.6563112735748291,
      0.7544902563095093,
      -0.0
    ],
    "front": [
      0.754490315914154,
      -0.6563112735748291,
      -0.0
    ]
  },
  "relationships": {
    "left": [
      [
        1,
        2,
        5,
        6
      ],
      [
        5,
        6
      ],
      [
        1,
        5,
        6
      ],
      [
        0,
        1,
        2,
        5,
        6
      ],
      [
        0,
        1,
        2,
        3,
        5,
        6
      ],
      [
        6
      ],
      []
    ],
    "front": [
      [
        1,
        4,
        6
      ],
      [],
      [
        0,
        1,
        3,
        4,
        5,
        6
      ],
      [
        0,
        1,
        4,
        5,
        6
      ],
      [
        1,
        6
      ],
      [
        0,
        1,
        4,
        6
      ],
      [
        1
      ]
    ],
    "right": [
      [
        3,
        4
      ],
      [
        0,
        2,
        3,
        4
      ],
      [
        0,
        3,
        4
      ],
      [
        4
      ],
      [],
      [
        0,
        1,
        2,
        3,
        4
      ],
      [
        0,
        1,
        2,
        3,
        4,
        5
      ]
    ],
    "behind": [
      [
        2,
        3,
        5
      ],
      [
        0,
        2,
        3,
        4,
        5,
        6
      ],
      [],
      [
        2
      ],
      [
        0,
        2,
        3,
        5
      ],
      [
        2,
        3
      ],
      [
        0,
        2,
        3,
        4,
        5
      ]
    ]
  },
  "split": "new",
  "image_index": 182,
  "objects": [
    {
      "3d_coords": [
        -0.6044833660125732,
        1.187882423400879,
        0.3499999940395355
      ],
      "x": 164,
      "pixel_coords": [
        174,
        96,
        12.23835277557373
      ],
      "material": "rubber",
      "size": "small",
      "width": 20,
      "height": 20,
      "color": "cyan",
      "y": 86,
      "shape": "sphere",
      "rotation": 151.13041225208667
    },
    {
      "3d_coords": [
        0.2403809279203415,
        -1.7971631288528442,
        0.3499999940395355
      ],
      "x": 103,
      "pixel_coords": [
        118,
        130,
        9.882562637329102
      ],
      "material": "metal",
      "size": "small",
      "width": 31,
      "height": 34,
      "color": "red",
      "y": 113,
      "shape": "cube",
      "rotation": 359.3612545962208
    },
    {
      "3d_coords": [
        -2.6081366539001465,
        1.6980987787246704,
        0.3499999940395355
      ],
      "x": 137,
      "pixel_coords": [
        149,
        79,
        13.899170875549316
      ],
      "material": "metal",
      "size": "small",
      "width": 24,
      "height": 23,
      "color": "gray",
      "y": 67,
      "shape": "cube",
      "rotation": 304.95984429121006
    },
    {
      "3d_coords": [
        -0.9998157620429993,
        2.4849166870117188,
        0.699999988079071
      ],
      "x": 172,
      "pixel_coords": [
        192,
        76,
        13.130585670471191
      ],
      "material": "metal",
      "size": "large",
      "width": 40,
      "height": 46,
      "color": "red",
      "y": 53,
      "shape": "cube",
      "rotation": 313.3515070418204
    },
    {
      "3d_coords": [
        1.5820896625518799,
        2.460127830505371,
        0.699999988079071
      ],
      "x": 226,
      "pixel_coords": [
        249,
        95,
        11.368586540222168
      ],
      "material": "metal",
      "size": "large",
      "width": 49,
      "height": 55,
      "color": "cyan",
      "y": 68,
      "shape": "cylinder",
      "rotation": 87.44389555112662
    },
    {
      "3d_coords": [
        -2.9589169025421143,
        -0.4019307494163513,
        0.3499999940395355
      ],
      "x": 88,
      "pixel_coords": [
        99,
        89,
        12.881423950195312
      ],
      "material": "metal",
      "size": "small",
      "width": 21,
      "height": 24,
      "color": "gray",
      "y": 77,
      "shape": "cylinder",
      "rotation": 10.006092842656887
    },
    {
      "3d_coords": [
        -1.346588134765625,
        -2.7543282508850098,
        0.699999988079071
      ],
      "x": 23,
      "pixel_coords": [
        59,
        110,
        10.233916282653809
      ],
      "material": "metal",
      "size": "large",
      "width": 70,
      "height": 67,
      "color": "blue",
      "y": 79,
      "shape": "cube",
      "rotation": 320.5949848282107
    }
  ]
}