{
  "image_filename": "CLEVR_new_000494.png",
  "directions": {
    "above": [
      0.0,
      0.0,
      1.0
    ],
    "behind": [
      -0.754490315914154,
      0.6563112735748291,
      0.0
    ],
    "left": [
      -0.6563112735748291,
      -0.7544902563095093,
      0.0
    ],
    "below": [
      -0.0,
      -0.0,
      -1.0
    ],
    "right": [
      0.6563112735748291,
      0.7544902563095093,
      -0.0
    ],
    "front": [
      0.754490315914154,
      -0.6563112735748291,
      -0.0
    ]
  },
  "relationships": {
    "left": [
      [
        2
      ],
      [
        0,
        2,
        3,
        4
      ],
      [],
      [
        0,
        2,
        4
      ],
      [
        0,
        2
      ]
    ],
    "front": [
      [],
      [
        0,
        2,
        4
      ],
      [
        0,
        4
      ],
      [
        0,
        1,
        2,
        4
      ],
      [
        0
      ]
    ],
    "right": [
      [
        1,
        3,
        4
      ],
      [],
      [
        0,
        1,
        3,
        4
      ],
      [
        1
      ],
      [
        1,
        3
      ]
    ],
    "behind": [
      [
        1,
        2,
        3,
        4
      ],
      [
        3
      ],
      [
        1,
        3
      ],
      [],
      [
        1,
        2,
        3
      ]
    ]
  },
  "split": "new",
  "image_index": 494,
  "objects": [
    {
      "3d_coords": [
        1.2392094135284424,
        -2.2003414630889893,
        0.699999988079071
      ],
      "x": 89,
      "pixel_coords": [
        126,
        140,
        9.344167709350586
      ],
      "material": "metal",
      "size": "large",
      "width": 72,
      "height": 79,
      "color": "red",
      "y": 103,
      "shape": "cube",
      "rotation": 191.6970716260573
    },
    {
      "3d_coords": [
        0.32507896423339844,
        2.0790271759033203,
        0.699999988079071
      ],
      "x": 189,
      "pixel_coords": [
        211,
        88,
        12.332676887512207
      ],
      "material": "rubber",
      "size": "large",
      "width": 48,
      "height": 51,
      "color": "blue",
      "y": 63,
      "shape": "cube",
      "rotation": 92.03951751510378
    },
    {
      "3d_coords": [
        -1.2918869256973267,
        -1.6232818365097046,
        0.699999988079071
      ],
      "x": 72,
      "pixel_coords": [
        96,
        102,
        11.36976432800293
      ],
      "material": "metal",
      "size": "large",
      "width": 47,
      "height": 57,
      "color": "purple",
      "y": 74,
      "shape": "cylinder",
      "rotation": 69.60679070036008
    },
    {
      "3d_coords": [
        -2.2570202350616455,
        2.3326690196990967,
        0.699999988079071
      ],
      "x": 152,
      "pixel_coords": [
        169,
        66,
        14.213340759277344
      ],
      "material": "metal",
      "size": "large",
      "width": 34,
      "height": 35,
      "color": "green",
      "y": 49,
      "shape": "sphere",
      "rotation": 317.8558910952346
    },
    {
      "3d_coords": [
        0.44253507256507874,
        -0.595794141292572,
        0.699999988079071
      ],
      "x": 131,
      "pixel_coords": [
        154,
        112,
        10.770600318908691
      ],
      "material": "metal",
      "size": "large",
      "width": 47,
      "height": 61,
      "color": "yellow",
      "y": 82,
      "shape": "cylinder",
      "rotation": 201.51236198275208
    }
  ]
}