{
  "image_filename": "CLEVR_new_000554.png",
  "directions": {
    "above": [
      0.0,
      0.0,
      1.0
    ],
    "behind": [
      -0.754490315914154,
      0.6563112735748291,
      0.0
    ],
    "left": [
      -0.6563112735748291,
      -0.7544902563095093,
      0.0
    ],
    "below": [
      -0.0,
      -0.0,
      -1.0
    ],
    "right": [
      0.6563112735748291,
      0.7544902563095093,
      -0.0
    ],
    "front": [
      0.754490315914154,
      -0.6563112735748291,
      -0.0
    ]
  },
  "relationships": {
    "left": [
      [
        1,
        2,
        3,
        4,
        5
      ],
      [
        2,
        5
      ],
      [],
      [
        1,
        2,
        5
      ],
      [
        1,
        2,
        3,
        5
      ],
      [
        2
      ],
      [
        0,
        1,
        2,
        3,
        4,
        5
      ]
    ],
    "front": [
      [
        4,
        6
      ],
      [
        0,
        2,
        4,
        5,
        6
      ],
      [
        0,
        4,
        6
      ],
      [
        0,
        1,
        2,
        4,
        5,
        6
      ],
      [],
      [
        0,
        2,
        4,
        6
      ],
      [
        4
      ]
    ],
    "right": [
      [
        6
      ],
      [
        0,
        3,
        4,
        6
      ],
      [
        0,
        1,
        3,
        4,
        5,
        6
      ],
      [
        0,
        4,
        6
      ],
      [
        0,
        6
      ],
      [
        0,
        1,
        3,
        4,
        6
      ],
      []
    ],
    "behind": [
      [
        1,
        2,
        3,
        5
      ],
      [
        3
      ],
      [
        1,
        3,
        5
      ],
      [],
      [
        0,
        1,
        2,
        3,
        5,
        6
      ],
      [
        1,
        3
      ],
      [
        0,
        1,
        2,
        3,
        5
      ]
    ]
  },
  "split": "new",
  "image_index": 554,
  "objects": [
    {
      "3d_coords": [
        1.4188902378082275,
        0.501867413520813,
        0.699999988079071
      ],
      "x": 179,
      "pixel_coords": [
        203,
        113,
        10.41188907623291
      ],
      "material": "metal",
      "size": "large",
      "width": 50,
      "height": 63,
      "color": "blue",
      "y": 82,
      "shape": "cylinder",
      "rotation": 277.05661884891987
    },
    {
      "3d_coords": [
        -2.335111379623413,
        0.250313401222229,
        0.3499999940395355
      ],
      "x": 113,
      "pixel_coords": [
        125,
        85,
        12.953737258911133
      ],
      "material": "metal",
      "size": "small",
      "width": 24,
      "height": 26,
      "color": "cyan",
      "y": 73,
      "shape": "cube",
      "rotation": 53.13582883453054
    },
    {
      "3d_coords": [
        -2.512967586517334,
        -2.8787105083465576,
        0.3499999940395355
      ],
      "x": 27,
      "pixel_coords": [
        42,
        109,
        11.341816902160645
      ],
      "material": "rubber",
      "size": "small",
      "width": 30,
      "height": 28,
      "color": "green",
      "y": 95,
      "shape": "cube",
      "rotation": 326.01924072950607
    },
    {
      "3d_coords": [
        -2.5480010509490967,
        2.540408134460449,
        0.3499999940395355
      ],
      "x": 158,
      "pixel_coords": [
        168,
        69,
        14.362548828125
      ],
      "material": "rubber",
      "size": "small",
      "width": 20,
      "height": 23,
      "color": "green",
      "y": 58,
      "shape": "cube",
      "rotation": 355.62147368731354
    },
    {
      "3d_coords": [
        2.856984853744507,
        -1.5158122777938843,
        0.3499999940395355
      ],
      "x": 173,
      "pixel_coords": [
        187,
        172,
        8.510043144226074
      ],
      "material": "rubber",
      "size": "small",
      "width": 29,
      "height": 29,
      "color": "purple",
      "y": 158,
      "shape": "sphere",
      "rotation": 92.0272787026692
    },
    {
      "3d_coords": [
        -2.222759246826172,
        -1.1789664030075073,
        0.3499999940395355
      ],
      "x": 78,
      "pixel_coords": [
        93,
        97,
        12.088176727294922
      ],
      "material": "rubber",
      "size": "small",
      "width": 28,
      "height": 28,
      "color": "blue",
      "y": 84,
      "shape": "cube",
      "rotation": 225.202599036412
    },
    {
      "3d_coords": [
        2.7469663619995117,
        0.5537264943122864,
        0.3499999940395355
      ],
      "x": 226,
      "pixel_coords": [
        238,
        141,
        9.728175163269043
      ],
      "material": "rubber",
      "size": "small",
      "width": 26,
      "height": 25,
      "color": "purple",
      "y": 128,
      "shape": "sphere",
      "rotation": 100.42283693275823
    }
  ]
}