{
  "image_filename": "CLEVR_new_000453.png",
  "directions": {
    "above": [
      0.0,
      0.0,
      1.0
    ],
    "behind": [
      -0.754490315914154,
      0.6563112735748291,
      0.0
    ],
    "left": [
      -0.6563112735748291,
      -0.7544902563095093,
      0.0
    ],
    "below": [
      -0.0,
      -0.0,
      -1.0
    ],
    "right": [
      0.6563112735748291,
      0.7544902563095093,
      -0.0
    ],
    "front": [
      0.754490315914154,
      -0.6563112735748291,
      -0.0
    ]
  },
  "relationships": {
    "left": [
      [],
      [
        0,
        2
      ],
      [
        0
      ]
    ],
    "front": [
      [],
      [
        0
      ],
      [
        0,
        1
      ]
    ],
    "right": [
      [
        1,
        2
      ],
      [],
      [
        1
      ]
    ],
    "behind": [
      [
        1,
        2
      ],
      [
        2
      ],
      []
    ]
  },
  "split": "new",
  "image_index": 453,
  "objects": [
    {
      "3d_coords": [
        -1.636071801185608,
        -1.9846254587173462,
        0.699999988079071
      ],
      "x": 55,
      "pixel_coords": [
        78,
        103,
        10.989904403686523
      ],
      "material": "metal",
      "size": "large",
      "width": 46,
      "height": 45,
      "color": "brown",
      "y": 81,
      "shape": "sphere",
      "rotation": 180.16545994969158
    },
    {
      "3d_coords": [
        -0.7354787588119507,
        0.9231440424919128,
        0.699999988079071
      ],
      "x": 145,
      "pixel_coords": [
        165,
        86,
        12.137619018554688
      ],
      "material": "rubber",
      "size": "large",
      "width": 40,
      "height": 41,
      "color": "red",
      "y": 65,
      "shape": "sphere",
      "rotation": 236.55990550551047
    },
    {
      "3d_coords": [
        -2.970168352127075,
        0.2551376223564148,
        0.3499999940395355
      ],
      "x": 102,
      "pixel_coords": [
        112,
        82,
        13.340173721313477
      ],
      "material": "metal",
      "size": "small",
      "width": 20,
      "height": 24,
      "color": "green",
      "y": 70,
      "shape": "cylinder",
      "rotation": 142.9727233337073
    }
  ]
}