{
  "image_filename": "CLEVR_new_000555.png",
  "directions": {
    "above": [
      0.0,
      0.0,
      1.0
    ],
    "behind": [
      -0.754490315914154,
      0.6563112735748291,
      0.0
    ],
    "left": [
      -0.6563112735748291,
      -0.7544902563095093,
      0.0
    ],
    "below": [
      -0.0,
      -0.0,
      -1.0
    ],
    "right": [
      0.6563112735748291,
      0.7544902563095093,
      -0.0
    ],
    "front": [
      0.754490315914154,
      -0.6563112735748291,
      -0.0
    ]
  },
  "relationships": {
    "left": [
      [],
      [
        0,
        2
      ],
      [
        0
      ]
    ],
    "front": [
      [
        1,
        2
      ],
      [
        2
      ],
      []
    ],
    "right": [
      [
        1,
        2
      ],
      [],
      [
        1
      ]
    ],
    "behind": [
      [],
      [
        0
      ],
      [
        0,
        1
      ]
    ]
  },
  "split": "new",
  "image_index": 555,
  "objects": [
    {
      "3d_coords": [
        -2.4641788005828857,
        -0.2012028843164444,
        0.3499999940395355
      ],
      "x": 96,
      "pixel_coords": [
        109,
        89,
        12.31993579864502
      ],
      "material": "rubber",
      "size": "small",
      "width": 26,
      "height": 27,
      "color": "yellow",
      "y": 76,
      "shape": "cube",
      "rotation": 185.1847586691114
    },
    {
      "3d_coords": [
        0.0786600261926651,
        -0.09184173494577408,
        0.3499999940395355
      ],
      "x": 148,
      "pixel_coords": [
        159,
        112,
        10.706496238708496
      ],
      "material": "rubber",
      "size": "small",
      "width": 23,
      "height": 30,
      "color": "gray",
      "y": 97,
      "shape": "cylinder",
      "rotation": 109.72775765261123
    },
    {
      "3d_coords": [
        0.6358194351196289,
        -1.4581990242004395,
        0.699999988079071
      ],
      "x": 107,
      "pixel_coords": [
        135,
        122,
        9.366291999816895
      ],
      "material": "rubber",
      "size": "large",
      "width": 54,
      "height": 70,
      "color": "cyan",
      "y": 88,
      "shape": "cylinder",
      "rotation": 347.4802079715407
    }
  ]
}