{
  "image_filename": "CLEVR_new_000685.png",
  "directions": {
    "above": [
      0.0,
      0.0,
      1.0
    ],
    "behind": [
      -0.754490315914154,
      0.6563112735748291,
      0.0
    ],
    "left": [
      -0.6563112735748291,
      -0.7544902563095093,
      0.0
    ],
    "below": [
      -0.0,
      -0.0,
      -1.0
    ],
    "right": [
      0.6563112735748291,
      0.7544902563095093,
      -0.0
    ],
    "front": [
      0.754490315914154,
      -0.6563112735748291,
      -0.0
    ]
  },
  "relationships": {
    "left": [
      [
        1,
        2,
        4,
        5
      ],
      [
        2,
        5
      ],
      [],
      [
        0,
        1,
        2,
        4,
        5
      ],
      [
        1,
        2,
        5
      ],
      [
        2
      ]
    ],
    "front": [
      [],
      [
        0,
        2,
        3
      ],
      [
        0
      ],
      [
        0,
        2
      ],
      [
        0,
        1,
        2,
        3,
        5
      ],
      [
        0,
        1,
        2,
        3
      ]
    ],
    "right": [
      [
        3
      ],
      [
        0,
        3,
        4
      ],
      [
        0,
        1,
        3,
        4,
        5
      ],
      [],
      [
        0,
        3
      ],
      [
        0,
        1,
        3,
        4
      ]
    ],
    "behind": [
      [
        1,
        2,
        3,
        4,
        5
      ],
      [
        4,
        5
      ],
      [
        1,
        3,
        4,
        5
      ],
      [
        1,
        4,
        5
      ],
      [],
      [
        4
      ]
    ]
  },
  "split": "new",
  "image_index": 685,
  "objects": [
    {
      "3d_coords": [
        2.043691635131836,
        -1.1646971702575684,
        0.699999988079071
      ],
      "x": 152,
      "pixel_coords": [
        179,
        140,
        9.145560264587402
      ],
      "material": "metal",
      "size": "large",
      "width": 56,
      "height": 73,
      "color": "red",
      "y": 104,
      "shape": "cylinder",
      "rotation": 289.6451954584038
    },
    {
      "3d_coords": [
        -0.9968223571777344,
        0.20955738425254822,
        0.699999988079071
      ],
      "x": 123,
      "pixel_coords": [
        145,
        89,
        11.915209770202637
      ],
      "material": "rubber",
      "size": "large",
      "width": 42,
      "height": 54,
      "color": "cyan",
      "y": 63,
      "shape": "cylinder",
      "rotation": 117.70520419727774
    },
    {
      "3d_coords": [
        -2.468122720718384,
        -2.9477972984313965,
        0.699999988079071
      ],
      "x": 5,
      "pixel_coords": [
        38,
        103,
        11.032773971557617
      ],
      "material": "rubber",
      "size": "large",
      "width": 65,
      "height": 64,
      "color": "red",
      "y": 72,
      "shape": "cube",
      "rotation": 290.56771282688123
    },
    {
      "3d_coords": [
        1.3692060708999634,
        2.2009470462799072,
        0.699999988079071
      ],
      "x": 214,
      "pixel_coords": [
        237,
        95,
        11.53978157043457
      ],
      "material": "metal",
      "size": "large",
      "width": 48,
      "height": 56,
      "color": "cyan",
      "y": 67,
      "shape": "cylinder",
      "rotation": 345.04012150044025
    },
    {
      "3d_coords": [
        -2.158073902130127,
        1.8423771858215332,
        0.699999988079071
      ],
      "x": 134,
      "pixel_coords": [
        158,
        68,
        13.617278099060059
      ],
      "material": "metal",
      "size": "large",
      "width": 47,
      "height": 49,
      "color": "purple",
      "y": 45,
      "shape": "cube",
      "rotation": 220.29910112183885
    },
    {
      "3d_coords": [
        -2.8957486152648926,
        -1.1092705726623535,
        0.699999988079071
      ],
      "x": 53,
      "pixel_coords": [
        82,
        83,
        12.37900161743164
      ],
      "material": "metal",
      "size": "large",
      "width": 55,
      "height": 53,
      "color": "blue",
      "y": 57,
      "shape": "cube",
      "rotation": 266.0655675337644
    }
  ]
}