{
  "image_filename": "CLEVR_new_000188.png",
  "directions": {
    "above": [
      0.0,
      0.0,
      1.0
    ],
    "behind": [
      -0.754490315914154,
      0.6563112735748291,
      0.0
    ],
    "left": [
      -0.6563112735748291,
      -0.7544902563095093,
      0.0
    ],
    "below": [
      -0.0,
      -0.0,
      -1.0
    ],
    "right": [
      0.6563112735748291,
      0.7544902563095093,
      -0.0
    ],
    "front": [
      0.754490315914154,
      -0.6563112735748291,
      -0.0
    ]
  },
  "relationships": {
    "left": [
      [
        1,
        3,
        5
      ],
      [
        5
      ],
      [
        0,
        1,
        3,
        4,
        5
      ],
      [
        1,
        5
      ],
      [
        0,
        1,
        3,
        5
      ],
      []
    ],
    "front": [
      [
        1,
        2,
        3
      ],
      [
        3
      ],
      [
        1,
        3
      ],
      [],
      [
        0,
        1,
        2,
        3,
        5
      ],
      [
        0,
        1,
        2,
        3
      ]
    ],
    "right": [
      [
        2,
        4
      ],
      [
        0,
        2,
        3,
        4
      ],
      [],
      [
        0,
        2,
        4
      ],
      [
        2
      ],
      [
        0,
        1,
        2,
        3,
        4
      ]
    ],
    "behind": [
      [
        4,
        5
      ],
      [
        0,
        2,
        4,
        5
      ],
      [
        0,
        4,
        5
      ],
      [
        0,
        1,
        2,
        4,
        5
      ],
      [],
      [
        4
      ]
    ]
  },
  "split": "new",
  "image_index": 188,
  "objects": [
    {
      "3d_coords": [
        0.3143678605556488,
        0.20352448523044586,
        0.3499999940395355
      ],
      "x": 160,
      "pixel_coords": [
        171,
        112,
        11.324882507324219
      ],
      "material": "rubber",
      "size": "small",
      "width": 22,
      "height": 29,
      "color": "red",
      "y": 98,
      "shape": "cylinder",
      "rotation": 157.30272812694284
    },
    {
      "3d_coords": [
        0.2834756076335907,
        -1.9700368642807007,
        0.699999988079071
      ],
      "x": 90,
      "pixel_coords": [
        116,
        125,
        9.883407592773438
      ],
      "material": "rubber",
      "size": "large",
      "width": 50,
      "height": 50,
      "color": "red",
      "y": 100,
      "shape": "sphere",
      "rotation": 357.95795056284396
    },
    {
      "3d_coords": [
        1.8494232892990112,
        1.297152042388916,
        0.699999988079071
      ],
      "x": 206,
      "pixel_coords": [
        231,
        108,
        10.822025299072266
      ],
      "material": "metal",
      "size": "large",
      "width": 52,
      "height": 61,
      "color": "yellow",
      "y": 78,
      "shape": "cube",
      "rotation": 347.746369861596
    },
    {
      "3d_coords": [
        2.6791274547576904,
        -2.5281736850738525,
        0.699999988079071
      ],
      "x": 127,
      "pixel_coords": [
        159,
        172,
        8.022466659545898
      ],
      "material": "rubber",
      "size": "large",
      "width": 64,
      "height": 86,
      "color": "brown",
      "y": 131,
      "shape": "cylinder",
      "rotation": 178.3823440354905
    },
    {
      "3d_coords": [
        -1.191484808921814,
        2.0573723316192627,
        0.699999988079071
      ],
      "x": 160,
      "pixel_coords": [
        178,
        74,
        13.2149076461792
      ],
      "material": "rubber",
      "size": "large",
      "width": 38,
      "height": 48,
      "color": "red",
      "y": 51,
      "shape": "cylinder",
      "rotation": 196.73549389510805
    },
    {
      "3d_coords": [
        -2.1855034828186035,
        -1.9703850746154785,
        0.699999988079071
      ],
      "x": 48,
      "pixel_coords": [
        70,
        97,
        11.459798812866211
      ],
      "material": "metal",
      "size": "large",
      "width": 44,
      "height": 43,
      "color": "purple",
      "y": 76,
      "shape": "sphere",
      "rotation": 0.794848877975638
    }
  ]
}