{
  "image_filename": "CLEVR_new_000396.png",
  "directions": {
    "above": [
      0.0,
      0.0,
      1.0
    ],
    "behind": [
      -0.754490315914154,
      0.6563112735748291,
      0.0
    ],
    "left": [
      -0.6563112735748291,
      -0.7544902563095093,
      0.0
    ],
    "below": [
      -0.0,
      -0.0,
      -1.0
    ],
    "right": [
      0.6563112735748291,
      0.7544902563095093,
      -0.0
    ],
    "front": [
      0.754490315914154,
      -0.6563112735748291,
      -0.0
    ]
  },
  "relationships": {
    "left": [
      [
        3,
        4,
        5,
        6,
        7,
        8
      ],
      [
        0,
        3,
        4,
        5,
        6,
        7,
        8
      ],
      [
        0,
        1,
        3,
        4,
        5,
        6,
        7,
        8,
        9
      ],
      [
        6,
        7,
        8
      ],
      [
        3,
        5,
        6,
        7,
        8
      ],
      [
        3,
        6,
        7,
        8
      ],
      [
        7,
        8
      ],
      [
        8
      ],
      [],
      [
        0,
        1,
        3,
        4,
        5,
        6,
        7,
        8
      ]
    ],
    "front": [
      [
        4,
        6
      ],
      [
        0,
        2,
        3,
        4,
        6,
        7
      ],
      [
        0,
        4,
        6
      ],
      [
        0,
        2,
        4,
        6,
        7
      ],
      [],
      [
        0,
        1,
        2,
        3,
        4,
        6,
        7,
        8
      ],
      [
        4
      ],
      [
        0,
        2,
        4,
        6
      ],
      [
        0,
        1,
        2,
        3,
        4,
        6,
        7
      ],
      [
        0,
        1,
        2,
        3,
        4,
        5,
        6,
        7,
        8
      ]
    ],
    "right": [
      [
        1,
        2,
        9
      ],
      [
        2,
        9
      ],
      [],
      [
        0,
        1,
        2,
        4,
        5,
        9
      ],
      [
        0,
        1,
        2,
        9
      ],
      [
        0,
        1,
        2,
        4,
        9
      ],
      [
        0,
        1,
        2,
        3,
        4,
        5,
        9
      ],
      [
        0,
        1,
        2,
        3,
        4,
        5,
        6,
        9
      ],
      [
        0,
        1,
        2,
        3,
        4,
        5,
        6,
        7,
        9
      ],
      [
        2
      ]
    ],
    "behind": [
      [
        1,
        2,
        3,
        5,
        7,
        8,
        9
      ],
      [
        5,
        8,
        9
      ],
      [
        1,
        3,
        5,
        7,
        8,
        9
      ],
      [
        1,
        5,
        8,
        9
      ],
      [
        0,
        1,
        2,
        3,
        5,
        6,
        7,
        8,
        9
      ],
      [
        9
      ],
      [
        0,
        1,
        2,
        3,
        5,
        7,
        8,
        9
      ],
      [
        1,
        3,
        5,
        8,
        9
      ],
      [
        5,
        9
      ],
      []
    ]
  },
  "split": "new",
  "image_index": 396,
  "objects": [
    {
      "3d_coords": [
        1.6005886793136597,
        -0.5662463307380676,
        0.3499999940395355
      ],
      "x": 169,
      "pixel_coords": [
        182,
        136,
        9.396223068237305
      ],
      "material": "rubber",
      "size": "small",
      "width": 26,
      "height": 26,
      "color": "blue",
      "y": 123,
      "shape": "sphere",
      "rotation": 200.0037931208465
    },
    {
      "3d_coords": [
        0.6489331126213074,
        1.261627435684204,
        0.699999988079071
      ],
      "x": 181,
      "pixel_coords": [
        204,
        95,
        10.917296409606934
      ],
      "material": "metal",
      "size": "large",
      "width": 48,
      "height": 59,
      "color": "blue",
      "y": 67,
      "shape": "cylinder",
      "rotation": 185.39527178683477
    },
    {
      "3d_coords": [
        2.3256003856658936,
        0.9597772359848022,
        0.699999988079071
      ],
      "x": 214,
      "pixel_coords": [
        241,
        117,
        9.609907150268555
      ],
      "material": "metal",
      "size": "large",
      "width": 57,
      "height": 68,
      "color": "blue",
      "y": 84,
      "shape": "cylinder",
      "rotation": 178.50894095534642
    },
    {
      "3d_coords": [
        -0.6658765077590942,
        -0.9413080811500549,
        0.699999988079071
      ],
      "x": 98,
      "pixel_coords": [
        122,
        101,
        10.55478572845459
      ],
      "material": "metal",
      "size": "large",
      "width": 47,
      "height": 47,
      "color": "purple",
      "y": 78,
      "shape": "sphere",
      "rotation": 331.6544035897749
    },
    {
      "3d_coords": [
        2.9630086421966553,
        -2.7758989334106445,
        0.699999988079071
      ],
      "x": 102,
      "pixel_coords": [
        149,
        183,
        7.053195476531982
      ],
      "material": "metal",
      "size": "large",
      "width": 89,
      "height": 103,
      "color": "gray",
      "y": 134,
      "shape": "cube",
      "rotation": 46.11606036325915
    },
    {
      "3d_coords": [
        -1.5220197439193726,
        0.48329901695251465,
        0.3499999940395355
      ],
      "x": 129,
      "pixel_coords": [
        142,
        91,
        12.108330726623535
      ],
      "material": "metal",
      "size": "small",
      "width": 27,
      "height": 28,
      "color": "brown",
      "y": 78,
      "shape": "cube",
      "rotation": 228.14748296111387
    },
    {
      "3d_coords": [
        0.19621025025844574,
        -2.9095070362091064,
        0.3499999940395355
      ],
      "x": 58,
      "pixel_coords": [
        78,
        145,
        9.01456069946289
      ],
      "material": "rubber",
      "size": "small",
      "width": 39,
      "height": 40,
      "color": "gray",
      "y": 125,
      "shape": "cube",
      "rotation": 312.7097958420512
    },
    {
      "3d_coords": [
        -1.2915371656417847,
        -2.5122287273406982,
        0.3499999940395355
      ],
      "x": 52,
      "pixel_coords": [
        66,
        119,
        10.248268127441406
      ],
      "material": "rubber",
      "size": "small",
      "width": 27,
      "height": 32,
      "color": "red",
      "y": 104,
      "shape": "cylinder",
      "rotation": 278.774226305579
    },
    {
      "3d_coords": [
        -2.9705164432525635,
        -1.9894826412200928,
        0.699999988079071
      ],
      "x": 33,
      "pixel_coords": [
        56,
        87,
        11.519598007202148
      ],
      "material": "rubber",
      "size": "large",
      "width": 44,
      "height": 43,
      "color": "brown",
      "y": 66,
      "shape": "sphere",
      "rotation": 150.52208796764003
    },
    {
      "3d_coords": [
        -0.38725531101226807,
        2.7056963443756104,
        0.699999988079071
      ],
      "x": 190,
      "pixel_coords": [
        211,
        76,
        12.440587043762207
      ],
      "material": "rubber",
      "size": "large",
      "width": 46,
      "height": 49,
      "color": "brown",
      "y": 52,
      "shape": "cube",
      "rotation": 81.00148053814823
    }
  ]
}