{
  "image_filename": "CLEVR_new_000585.png",
  "directions": {
    "above": [
      0.0,
      0.0,
      1.0
    ],
    "behind": [
      -0.754490315914154,
      0.6563112735748291,
      0.0
    ],
    "left": [
      -0.6563112735748291,
      -0.7544902563095093,
      0.0
    ],
    "below": [
      -0.0,
      -0.0,
      -1.0
    ],
    "right": [
      0.6563112735748291,
      0.7544902563095093,
      -0.0
    ],
    "front": [
      0.754490315914154,
      -0.6563112735748291,
      -0.0
    ]
  },
  "relationships": {
    "left": [
      [
        1,
        3
      ],
      [],
      [
        0,
        1,
        3,
        4,
        5,
        6
      ],
      [
        1
      ],
      [
        0,
        1,
        3
      ],
      [
        0,
        1,
        3,
        4,
        6
      ],
      [
        0,
        1,
        3,
        4
      ]
    ],
    "front": [
      [
        1,
        2,
        3,
        5,
        6
      ],
      [
        3,
        5
      ],
      [
        1,
        3,
        5
      ],
      [],
      [
        0,
        1,
        2,
        3,
        5,
        6
      ],
      [
        3
      ],
      [
        1,
        2,
        3,
        5
      ]
    ],
    "right": [
      [
        2,
        4,
        5,
        6
      ],
      [
        0,
        2,
        3,
        4,
        5,
        6
      ],
      [],
      [
        0,
        2,
        4,
        5,
        6
      ],
      [
        2,
        5,
        6
      ],
      [
        2
      ],
      [
        2,
        5
      ]
    ],
    "behind": [
      [
        4
      ],
      [
        0,
        2,
        4,
        6
      ],
      [
        0,
        4,
        6
      ],
      [
        0,
        1,
        2,
        4,
        5,
        6
      ],
      [],
      [
        0,
        1,
        2,
        4,
        6
      ],
      [
        0,
        4
      ]
    ]
  },
  "split": "new",
  "image_index": 585,
  "objects": [
    {
      "3d_coords": [
        -1.3501144647598267,
        0.8017966747283936,
        0.3499999940395355
      ],
      "x": 144,
      "pixel_coords": [
        154,
        92,
        12.628982543945312
      ],
      "material": "rubber",
      "size": "small",
      "width": 20,
      "height": 25,
      "color": "red",
      "y": 80,
      "shape": "cylinder",
      "rotation": 244.4954579710836
    },
    {
      "3d_coords": [
        -1.3070685863494873,
        -2.638261318206787,
        0.699999988079071
      ],
      "x": 40,
      "pixel_coords": [
        64,
        109,
        10.518379211425781
      ],
      "material": "metal",
      "size": "large",
      "width": 48,
      "height": 47,
      "color": "blue",
      "y": 85,
      "shape": "sphere",
      "rotation": 99.39639207787022
    },
    {
      "3d_coords": [
        2.0513975620269775,
        2.958510160446167,
        0.699999988079071
      ],
      "x": 247,
      "pixel_coords": [
        271,
        97,
        11.30704402923584
      ],
      "material": "rubber",
      "size": "large",
      "width": 51,
      "height": 56,
      "color": "cyan",
      "y": 70,
      "shape": "cylinder",
      "rotation": 114.40403326530827
    },
    {
      "3d_coords": [
        1.0736808776855469,
        -2.4420788288116455,
        0.3499999940395355
      ],
      "x": 96,
      "pixel_coords": [
        113,
        149,
        9.12600040435791
      ],
      "material": "metal",
      "size": "small",
      "width": 33,
      "height": 36,
      "color": "cyan",
      "y": 131,
      "shape": "cube",
      "rotation": 338.4975825348208
    },
    {
      "3d_coords": [
        -1.8929072618484497,
        2.8500077724456787,
        0.3499999940395355
      ],
      "x": 177,
      "pixel_coords": [
        186,
        76,
        14.15248966217041
      ],
      "material": "metal",
      "size": "small",
      "width": 17,
      "height": 17,
      "color": "gray",
      "y": 67,
      "shape": "sphere",
      "rotation": 211.87283476628593
    },
    {
      "3d_coords": [
        2.321847677230835,
        0.5958155393600464,
        0.699999988079071
      ],
      "x": 203,
      "pixel_coords": [
        229,
        121,
        9.797507286071777
      ],
      "material": "rubber",
      "size": "large",
      "width": 51,
      "height": 50,
      "color": "blue",
      "y": 96,
      "shape": "sphere",
      "rotation": 240.08198764963848
    },
    {
      "3d_coords": [
        0.15041303634643555,
        1.6665204763412476,
        0.3499999940395355
      ],
      "x": 190,
      "pixel_coords": [
        200,
        99,
        12.066697120666504
      ],
      "material": "metal",
      "size": "small",
      "width": 20,
      "height": 20,
      "color": "yellow",
      "y": 89,
      "shape": "sphere",
      "rotation": 149.06699577302058
    }
  ]
}