{
  "image_filename": "CLEVR_new_000427.png",
  "directions": {
    "above": [
      0.0,
      0.0,
      1.0
    ],
    "behind": [
      -0.754490315914154,
      0.6563112735748291,
      0.0
    ],
    "left": [
      -0.6563112735748291,
      -0.7544902563095093,
      0.0
    ],
    "below": [
      -0.0,
      -0.0,
      -1.0
    ],
    "right": [
      0.6563112735748291,
      0.7544902563095093,
      -0.0
    ],
    "front": [
      0.754490315914154,
      -0.6563112735748291,
      -0.0
    ]
  },
  "relationships": {
    "left": [
      [
        2,
        3
      ],
      [
        0,
        2,
        3,
        4
      ],
      [],
      [
        2
      ],
      [
        0,
        2,
        3
      ]
    ],
    "front": [
      [
        1,
        2,
        3,
        4
      ],
      [
        3
      ],
      [
        1,
        3
      ],
      [],
      [
        1,
        2,
        3
      ]
    ],
    "right": [
      [
        1,
        4
      ],
      [],
      [
        0,
        1,
        3,
        4
      ],
      [
        0,
        1,
        4
      ],
      [
        1
      ]
    ],
    "behind": [
      [],
      [
        0,
        2,
        4
      ],
      [
        0,
        4
      ],
      [
        0,
        1,
        2,
        4
      ],
      [
        0
      ]
    ]
  },
  "split": "new",
  "image_index": 427,
  "objects": [
    {
      "3d_coords": [
        -1.8300365209579468,
        1.1048164367675781,
        0.3499999940395355
      ],
      "x": 141,
      "pixel_coords": [
        151,
        85,
        13.218122482299805
      ],
      "material": "rubber",
      "size": "small",
      "width": 20,
      "height": 24,
      "color": "cyan",
      "y": 74,
      "shape": "cube",
      "rotation": 219.16046537585348
    },
    {
      "3d_coords": [
        2.7768325805664062,
        0.5406895875930786,
        0.699999988079071
      ],
      "x": 213,
      "pixel_coords": [
        240,
        128,
        9.630355834960938
      ],
      "material": "metal",
      "size": "large",
      "width": 57,
      "height": 68,
      "color": "yellow",
      "y": 95,
      "shape": "cylinder",
      "rotation": 51.313641605583854
    },
    {
      "3d_coords": [
        -2.482703447341919,
        -2.981099843978882,
        0.3499999940395355
      ],
      "x": 29,
      "pixel_coords": [
        40,
        111,
        11.333388328552246
      ],
      "material": "metal",
      "size": "small",
      "width": 23,
      "height": 22,
      "color": "red",
      "y": 100,
      "shape": "sphere",
      "rotation": 97.69032943252084
    },
    {
      "3d_coords": [
        0.6089215278625488,
        -2.6241183280944824,
        0.3499999940395355
      ],
      "x": 86,
      "pixel_coords": [
        100,
        146,
        9.455039024353027
      ],
      "material": "rubber",
      "size": "small",
      "width": 28,
      "height": 35,
      "color": "green",
      "y": 129,
      "shape": "cylinder",
      "rotation": 143.08119813233648
    },
    {
      "3d_coords": [
        0.04636073857545853,
        0.9730769395828247,
        0.3499999940395355
      ],
      "x": 170,
      "pixel_coords": [
        183,
        103,
        11.879920959472656
      ],
      "material": "rubber",
      "size": "small",
      "width": 26,
      "height": 28,
      "color": "brown",
      "y": 89,
      "shape": "cube",
      "rotation": 101.67491062704418
    }
  ]
}