{
  "image_filename": "CLEVR_new_000576.png",
  "directions": {
    "above": [
      0.0,
      0.0,
      1.0
    ],
    "behind": [
      -0.754490315914154,
      0.6563112735748291,
      0.0
    ],
    "left": [
      -0.6563112735748291,
      -0.7544902563095093,
      0.0
    ],
    "below": [
      -0.0,
      -0.0,
      -1.0
    ],
    "right": [
      0.6563112735748291,
      0.7544902563095093,
      -0.0
    ],
    "front": [
      0.754490315914154,
      -0.6563112735748291,
      -0.0
    ]
  },
  "relationships": {
    "left": [
      [
        1,
        3,
        4,
        5
      ],
      [
        3,
        4,
        5
      ],
      [
        0,
        1,
        3,
        4,
        5
      ],
      [],
      [
        3,
        5
      ],
      [
        3
      ]
    ],
    "front": [
      [
        1,
        2,
        3,
        4,
        5
      ],
      [
        3,
        4
      ],
      [
        1,
        3,
        4
      ],
      [
        4
      ],
      [],
      [
        1,
        2,
        3,
        4
      ]
    ],
    "right": [
      [
        2
      ],
      [
        0,
        2
      ],
      [],
      [
        0,
        1,
        2,
        4,
        5
      ],
      [
        0,
        1,
        2
      ],
      [
        0,
        1,
        2,
        4
      ]
    ],
    "behind": [
      [],
      [
        0,
        2,
        5
      ],
      [
        0,
        5
      ],
      [
        0,
        1,
        2,
        5
      ],
      [
        0,
        1,
        2,
        3,
        5
      ],
      [
        0
      ]
    ]
  },
  "split": "new",
  "image_index": 576,
  "objects": [
    {
      "3d_coords": [
        -1.8164410591125488,
        2.5854640007019043,
        0.699999988079071
      ],
      "x": 166,
      "pixel_coords": [
        185,
        68,
        13.512208938598633
      ],
      "material": "rubber",
      "size": "large",
      "width": 37,
      "height": 46,
      "color": "blue",
      "y": 45,
      "shape": "cylinder",
      "rotation": 148.77556964170176
    },
    {
      "3d_coords": [
        -0.10510534793138504,
        -0.6216905117034912,
        0.699999988079071
      ],
      "x": 117,
      "pixel_coords": [
        142,
        104,
        10.579827308654785
      ],
      "material": "rubber",
      "size": "large",
      "width": 48,
      "height": 61,
      "color": "blue",
      "y": 74,
      "shape": "cylinder",
      "rotation": 10.305113518989092
    },
    {
      "3d_coords": [
        0.12331526726484299,
        1.682976245880127,
        0.3499999940395355
      ],
      "x": 188,
      "pixel_coords": [
        202,
        98,
        11.821916580200195
      ],
      "material": "metal",
      "size": "small",
      "width": 28,
      "height": 28,
      "color": "gray",
      "y": 84,
      "shape": "cube",
      "rotation": 268.3126394174217
    },
    {
      "3d_coords": [
        -0.6200761198997498,
        -2.967024803161621,
        0.699999988079071
      ],
      "x": 30,
      "pixel_coords": [
        61,
        119,
        9.679553985595703
      ],
      "material": "metal",
      "size": "large",
      "width": 59,
      "height": 67,
      "color": "brown",
      "y": 87,
      "shape": "cylinder",
      "rotation": 259.9049340027278
    },
    {
      "3d_coords": [
        1.6649247407913208,
        -2.743008852005005,
        0.699999988079071
      ],
      "x": 76,
      "pixel_coords": [
        110,
        153,
        8.190834045410156
      ],
      "material": "rubber",
      "size": "large",
      "width": 64,
      "height": 82,
      "color": "yellow",
      "y": 113,
      "shape": "cylinder",
      "rotation": 75.05776731690156
    },
    {
      "3d_coords": [
        -2.4717161655426025,
        0.21324601769447327,
        0.699999988079071
      ],
      "x": 98,
      "pixel_coords": [
        123,
        76,
        12.696276664733887
      ],
      "material": "rubber",
      "size": "large",
      "width": 50,
      "height": 52,
      "color": "cyan",
      "y": 51,
      "shape": "cube",
      "rotation": 350.1283025552987
    }
  ]
}