{
  "image_filename": "CLEVR_new_000659.png",
  "directions": {
    "above": [
      0.0,
      0.0,
      1.0
    ],
    "behind": [
      -0.754490315914154,
      0.6563112735748291,
      0.0
    ],
    "left": [
      -0.6563112735748291,
      -0.7544902563095093,
      0.0
    ],
    "below": [
      -0.0,
      -0.0,
      -1.0
    ],
    "right": [
      0.6563112735748291,
      0.7544902563095093,
      -0.0
    ],
    "front": [
      0.754490315914154,
      -0.6563112735748291,
      -0.0
    ]
  },
  "relationships": {
    "left": [
      [
        1,
        2
      ],
      [],
      [
        1
      ]
    ],
    "front": [
      [],
      [
        0
      ],
      [
        0,
        1
      ]
    ],
    "right": [
      [],
      [
        0,
        2
      ],
      [
        0
      ]
    ],
    "behind": [
      [
        1,
        2
      ],
      [
        2
      ],
      []
    ]
  },
  "split": "new",
  "image_index": 659,
  "objects": [
    {
      "3d_coords": [
        2.711311101913452,
        -0.2712216079235077,
        0.3499999940395355
      ],
      "x": 200,
      "pixel_coords": [
        217,
        146,
        9.782882690429688
      ],
      "material": "metal",
      "size": "small",
      "width": 35,
      "height": 37,
      "color": "green",
      "y": 127,
      "shape": "cube",
      "rotation": 7.826606009612682
    },
    {
      "3d_coords": [
        -1.3997732400894165,
        -0.3037911057472229,
        0.3499999940395355
      ],
      "x": 118,
      "pixel_coords": [
        128,
        100,
        12.479283332824707
      ],
      "material": "rubber",
      "size": "small",
      "width": 20,
      "height": 20,
      "color": "yellow",
      "y": 90,
      "shape": "sphere",
      "rotation": 260.1423629414571
    },
    {
      "3d_coords": [
        -1.5800528526306152,
        2.64001202583313,
        0.699999988079071
      ],
      "x": 164,
      "pixel_coords": [
        183,
        71,
        14.168911933898926
      ],
      "material": "rubber",
      "size": "large",
      "width": 40,
      "height": 44,
      "color": "blue",
      "y": 49,
      "shape": "cube",
      "rotation": 24.51758070357377
    }
  ]
}